{"type":"FeatureCollection","features":[{"type":"Feature","geometry":{"type":"Polygon","coordinates":[[[-97.84917799999653,29.916000000274604],[-97.84902999985852,29.916079999710497],[-97.84852600006836,29.916337000334686],[-97.84715899956454,29.917014999885765],[-97.84650699963639,29.917339999672414],[-97.84632000003863,29.91743300004628],[-97.84478299965548,29.91819999988399],[-97.84327200010995,29.918953000064683],[-97.84264600012105,29.91926500031658],[-97.84170799996262,29.91973300002912],[-97.84009000028695,29.920539000216625],[-97.8397849997901,29.9206920000389],[-97.83933500042663,29.920916000199313],[-97.83919099958827,29.920986000243403],[-97.83865400018615,29.921252000273526],[-97.8378979996026,29.92162699972631],[-97.83771100000484,29.92171999998863],[-97.83750299959239,29.92177599988701],[-97.83695000029675,29.922085999700123],[-97.8368210004253,29.922157999855084],[-97.83671000009723,29.922222000122122],[-97.8366099996398,29.92228200004323],[-97.83616299975107,29.92257100024635],[-97.83602100035915,29.922662000260512],[-97.83574900037259,29.922837999615595],[-97.8353789995784,29.923077000254494],[-97.83460500034984,29.923647999829097],[-97.83381500032942,29.924259999615835],[-97.83251200029801,29.925256999826935],[-97.832252000007,29.92545700033234],[-97.83088799987624,29.9264949996848],[-97.83052999967595,29.92677300016074],[-97.83046600010184,29.92682399978845],[-97.83032899983448,29.926931000281208],[-97.82989100016657,29.927272999673065],[-97.82877700028105,29.928096999859907],[-97.82834600028583,29.928409000258938],[-97.8273589997236,29.929085000103665],[-97.82696799991135,29.92931799972321],[-97.82662899997763,29.92951700023935],[-97.82622399992168,29.92975399963075],[-97.82532000009844,29.93025999971419],[-97.82467499984298,29.930621000370646],[-97.82291300022726,29.931627999746503],[-97.82233300026914,29.931958999967044],[-97.82192099964216,29.932184999638075],[-97.82150200024083,29.932413999886872],[-97.82125100017065,29.932565000194355],[-97.82119699974398,29.932595000156002],[-97.82042599999012,29.933019000099677],[-97.82041400029456,29.933026000267194],[-97.81982099991764,29.933352999870078],[-97.81940499999102,29.93358599961719],[-97.81895399990432,29.933832000248156],[-97.81889199998004,29.933870000285083],[-97.8178390001939,29.934427000082728],[-97.81735799996996,29.934682000145983],[-97.81652399956859,29.93507599977693],[-97.8151019997115,29.935747999720622],[-97.81475899957982,29.93591000014018],[-97.81363600037179,29.936428000047982],[-97.81308499982765,29.93668799970052],[-97.81278799972674,29.936829999990362],[-97.81270999990893,29.936865999801388],[-97.81227899991372,29.937071000358312],[-97.81210099963847,29.9371490001327],[-97.81144500041067,29.937458000015198],[-97.81002699985322,29.938125999771447],[-97.80989299995892,29.938184999918967],[-97.80971300003387,29.938270000175425],[-97.80942400032885,29.93840699980406],[-97.80877599970034,29.938713999849394],[-97.80857700040704,29.938808000013562],[-97.80745400030068,29.939341999658435],[-97.8072450000633,29.939440999916183],[-97.80695899983304,29.939567000172385],[-97.80625800039938,29.939903999844965],[-97.80597600036708,29.94004000005014],[-97.80554700002169,29.940234000272856],[-97.80535100020312,29.940330000347497],[-97.80472199984116,29.940638999691107],[-97.80412099996664,29.94090899968458],[-97.80399299992011,29.940973000348244],[-97.80345200032005,29.941240999663705],[-97.80333500014416,29.941079999638717],[-97.80322899983896,29.94106000033298],[-97.80312900027985,29.94108399996642],[-97.80288599970729,29.941184000322885],[-97.80260299985007,29.94128600034937],[-97.80219899961904,29.94147199985367],[-97.80200000032572,29.941550000069633],[-97.80091800022726,29.941951000064577],[-97.80088600044019,29.94196300016378],[-97.80013499987952,29.942247000272076],[-97.79980299961849,29.942374000351343],[-97.79954300022581,29.942465999645584],[-97.79913899999475,29.942616000004637],[-97.79871899987022,29.94276300013701],[-97.79807899963761,29.943002999886286],[-97.79737599965583,29.94325700028752],[-97.79693499961486,29.943435000310817],[-97.79646799963461,29.943601000115564],[-97.79632399969458,29.94364699998425],[-97.79592000036186,29.943800000088377],[-97.7955079997349,29.9439420003458],[-97.79513299981616,29.944083999622084],[-97.7947400003541,29.94422399976262],[-97.79454600018535,29.944293999758965],[-97.79435000036675,29.944369000145215],[-97.79429400029026,29.944389999807346],[-97.79421800012229,29.94442000009532],[-97.7932270002604,29.94477399985249],[-97.79307400009952,29.94483299994898],[-97.7927910002423,29.94495999984006],[-97.79259299987558,29.945057000260515],[-97.79250900021,29.94512499997727],[-97.79243499969185,29.94517699977509],[-97.79239500040718,29.945259999815214],[-97.79234400035355,29.945305000239387],[-97.79204700025265,29.94566600001675],[-97.79179399963432,29.945960999838686],[-97.79146300009654,29.94636799973713],[-97.79033400014241,29.947845000340127],[-97.7900749996763,29.948621999761208],[-97.78987499965979,29.94946400017965],[-97.78982899962902,29.949858999829047],[-97.78980699988772,29.950225999750437],[-97.78981399956041,29.950369000356236],[-97.78975300035935,29.95061600013993],[-97.78966899979545,29.950867000022708],[-97.78940299965669,29.95153500001623],[-97.78931099959517,29.95178300018584],[-97.78908999966222,29.952349000001178],[-97.78862400040522,29.953576999825835],[-97.78854099966624,29.953750000090785],[-97.78826600020494,29.95416699991501],[-97.7881440000062,29.954321999687515],[-97.7877709997373,29.954845000134362],[-97.78737400007725,29.955357000259603],[-97.78706899958041,29.955766000096276],[-97.78684799964749,29.95603600027291],[-97.78662099986677,29.956281999864608],[-97.7865320001783,29.956379000137414],[-97.78628299975797,29.956649000205847],[-97.78607799971856,29.95689200026308],[-97.78593799997645,29.957047999794586],[-97.78580999992994,29.957197999951408],[-97.78564300042369,29.957338999643376],[-97.78545199972966,29.957477999690504],[-97.78531500036063,29.95756700024568],[-97.78517800009328,29.957665000152726],[-97.7850190000846,29.957779000145365],[-97.78468099997579,29.95802299988143],[-97.7842159996454,29.9583380001287],[-97.78410900041358,29.958419999977412],[-97.78384199955158,29.95858500035076],[-97.78380800011472,29.958608000324464],[-97.78358600035685,29.95876200007886],[-97.7833560002031,29.95892100008033],[-97.78313899956979,29.959070999745755],[-97.7814410004265,29.96024399989264],[-97.78109300027195,29.9604850003385],[-97.7805690003903,29.96084700033959],[-97.77893900012074,29.961991000181435],[-97.77794400006091,29.962640999850173],[-97.7772670000184,29.96308499967303],[-97.77691600038911,29.963475000205406],[-97.77571600028986,29.965083999657793],[-97.7756610000383,29.96515699985824],[-97.77499599969134,29.966049000044915],[-97.77463900021428,29.966516999927787],[-97.77456600041936,29.966728000175117],[-97.77461499992482,29.9670440000875],[-97.77458899998557,29.967238999780786],[-97.77459499983335,29.967268000165458],[-97.77467799967401,29.96738500007489],[-97.77473999959831,29.967493999760116],[-97.77468100004707,29.967565999736546],[-97.77460099968113,29.96766399990164],[-97.77442599977894,29.967879000076106],[-97.77377899987366,29.96867400010135],[-97.7725009999566,29.97025999981468],[-97.77130099985736,29.97174300012043],[-97.77016600005545,29.973161999943972],[-97.76989300024397,29.9735039998959],[-97.76971699961857,29.973726000299372],[-97.7691929997369,29.97437400036431],[-97.76899899956815,29.974602999955245],[-97.7687480003963,29.974914999978957],[-97.76616700044784,29.97812400005368],[-97.76562500012454,29.978797999881603],[-97.76559400016241,29.978836999750147],[-97.76550499957563,29.978946999995166],[-97.76517099966479,29.979363000032446],[-97.76478800024846,29.9798390000999],[-97.76469000033917,29.980447000091846],[-97.76455800009468,29.980677000344464],[-97.76361699956321,29.98256800013944],[-97.76313500041267,29.983539000202757],[-97.76133199989076,29.987318999887307],[-97.76086499991054,29.987914999992537],[-97.76070500007695,29.98811899973937],[-97.76028300030256,29.9884110002037],[-97.75957199992486,29.988904000107155],[-97.75954400033577,29.988923000106542],[-97.75941200009129,29.989175000286618],[-97.75907200033265,29.989358000285115],[-97.75902799995173,29.989381999928238],[-97.75875900033822,29.9895269997885],[-97.75738000013884,29.99026899998177],[-97.75698799960335,29.990480000350477],[-97.75608200013028,29.991370000019874],[-97.75581000014373,29.991636999843085],[-97.75556599974625,29.9918769998406],[-97.75555200040087,29.99197100030392],[-97.755435000225,29.992048999793138],[-97.755034000367,29.99231500036324],[-97.75440400018016,29.992854999743706],[-97.7541820004223,29.993066999815547],[-97.75384500013841,29.993391000298352],[-97.75320499990583,29.994021000370903],[-97.75182099968356,29.99469199967554],[-97.75027900017585,29.99543900036712],[-97.7495920000876,29.99575200000841],[-97.74923200023748,29.995916000117326],[-97.74920100027535,29.995930000152047],[-97.74900200008372,29.9958170000935],[-97.74880999956478,29.995769000022776],[-97.74814500011615,29.995829999638566],[-97.74744899980706,29.995862000187287],[-97.74714400020852,29.995862000187287],[-97.74696900030635,29.99584699963964],[-97.74681299977242,29.995797999857555],[-97.74664399971802,29.995941999957953],[-97.7462129997228,29.99624100035813],[-97.74598099991921,29.996409000094058],[-97.74474599965986,29.99729999999752],[-97.74373800007956,29.998027999923632],[-97.74352100034457,29.998184999915182],[-97.74338800027519,29.998281000030495],[-97.74207400037312,29.999228999780676],[-97.7406709998843,30.000235000007855],[-97.74017799996479,30.00058900009966],[-97.73902800009425,30.001418000115848],[-97.73830400019607,30.00194000036391],[-97.7366720002767,30.003104999631656],[-97.73623799990843,30.003415000264553],[-97.73485100021142,30.004408000088194],[-97.73431100043625,30.00480000022129],[-97.73428700014681,30.00482100033753],[-97.73316599969029,30.005620000309786],[-97.73267699996875,30.00598100033574],[-97.73196700031426,30.006504000312454],[-97.73135300002093,30.006946999696375],[-97.72956499956763,30.008237000009252],[-97.72903099964026,30.008622999880377],[-97.72882499977594,30.00876900000848],[-97.72831900033594,30.009128999875063],[-97.72702200015232,30.010079000165067],[-97.7256410003031,30.011083000147142],[-97.72424399966205,30.01209900026534],[-97.7222479996946,30.01354300008116],[-97.7214869999865,30.014097999974187],[-97.72013000042674,30.015089000370633],[-97.7192619996902,30.015723000022124],[-97.71910000020681,30.0158420002239],[-97.71902400003881,30.015897999994916],[-97.71866300036379,30.01616100030227],[-97.71830699981332,30.016420000284132],[-97.71779200015251,30.016793999809213],[-97.71729500003505,30.017155999907068],[-97.71660899977171,30.0176550002803],[-97.71602899981357,30.018077000006443],[-97.71592599988142,30.018151999919084],[-97.71580600023081,30.018237000218278],[-97.71554000009203,30.01842699989147],[-97.71520299980814,30.01867200024277],[-97.71460699995646,30.01910599964587],[-97.71329800007727,30.020048000305934],[-97.71254800023983,30.02061299977821],[-97.71164100004356,30.021298000045043],[-97.71036099957836,30.02226400034992],[-97.70992200008553,30.022595999919265],[-97.70878999975834,30.02345099999651],[-97.70954999964154,30.023966000210116],[-97.7102149999885,30.02449900005462],[-97.71914000038977,30.03100599968011],[-97.7193549995766,30.031163999731714],[-97.72473800030478,30.035088000357565],[-97.7253090000421,30.035505000020752],[-97.72975700008658,30.03874799994938],[-97.73088100001783,30.039561999686907],[-97.73479799960965,30.042399000133898],[-97.73659500028378,30.043690000374987],[-97.74409100025699,30.049076000063483],[-97.74440199970327,30.049300000060068],[-97.74456699955972,30.049420000349706],[-97.74480199973637,30.049589000161145],[-97.74603500034588,30.05047300003803],[-97.7476620002424,30.05163599993665],[-97.75043599963638,30.053618999830462],[-97.7514790002751,30.0543540001194],[-97.75520800044428,30.057006999976423],[-97.75907700035553,30.059761000033813],[-97.76323999999467,30.062714999819864],[-97.76664399957549,30.065147000317186],[-97.76749899989325,30.065758999820464],[-97.78136899955815,30.075670000237753],[-97.78446300041591,30.07790700010087],[-97.78452000031733,30.07794799999017],[-97.78691899979259,30.07968199998163],[-97.78915400013464,30.0812980003598],[-97.78923199995245,30.08135399966871],[-97.7958109996836,30.086113000346334],[-97.80264200020814,30.091053999793395],[-97.80446800029625,30.09237400008456],[-97.8075050003543,30.094561999969617],[-97.80764199972336,30.094661000062995],[-97.81095800033896,30.097099000260084],[-97.8117500000092,30.09768099971262],[-97.81274699971884,30.09841400022092],[-97.8130179998805,30.098612999831058],[-97.81304100034504,30.098619999978016],[-97.81316199982057,30.098659000121394],[-97.8132360003387,30.098676000358402],[-97.81325499970696,30.098679999773715],[-97.8132840000193,30.098685999673577],[-97.81337799973062,30.098721999842216],[-97.81341600026377,30.09873600012011],[-97.81346999979212,30.098782000353147],[-97.81343999965489,30.09878899971092],[-97.81351499999796,30.098842000050517],[-97.81354599996011,30.09886299966396],[-97.81356100002873,30.098873999977823],[-97.8136439998694,30.09893099967699],[-97.81372599988516,30.098988000120496],[-97.81394199979523,30.099149999892557],[-97.81551599998829,30.10033699972653],[-97.81586599979266,30.10061300021904],[-97.81807400037053,30.10216499969708],[-97.81969000039638,30.103317000007223],[-97.82072999976376,30.104036999793436],[-97.82077199959654,30.10410100015954],[-97.82095099969668,30.104144999852945],[-97.83112399987779,30.111455999908568],[-97.83299199979872,30.112798999679967],[-97.83430599970079,30.11374299973137],[-97.83575299967224,30.114775000127704],[-97.84673400031541,30.12265699980898],[-97.84748300032794,30.123194999727932],[-97.85463799981926,30.128331999663743],[-97.85785499980237,30.13064100005903],[-97.85793599999322,30.130698000077246],[-97.86135499964269,30.133143999780067],[-97.8624119996268,30.13390200002794],[-97.86356900006832,30.13473199963713],[-97.86574400013593,30.136292000355205],[-97.86646800003412,30.13681200003553],[-97.86655599989766,30.136875000285848],[-97.86673900019576,30.13700699979201],[-97.86858399965216,30.138332999726643],[-97.8687970000875,30.13848399967077],[-97.86884099957012,30.138515000124652],[-97.87424799968942,30.142396999740665],[-97.87718699983816,30.144505999959122],[-97.87712999993676,30.144512999961048],[-97.87728100044781,30.144572999846098],[-97.87753599981761,30.14475799971508],[-97.8778229998728,30.14496600024942],[-97.87783499956836,30.144974999765935],[-97.8779500000944,30.145049000075097],[-97.87817100002735,30.145216999836137],[-97.87852599985459,30.14546200017244],[-97.88073199988432,30.147067000358742],[-97.88225699967357,30.14816199970934],[-97.88352200007013,30.149066999919743],[-97.8889319996642,30.15296699984266],[-97.89044599958278,30.154071999645332],[-97.89380999987898,30.15649100014058],[-97.8952540003757,30.1575199997855],[-97.89628100022259,30.15827100016315],[-97.89714400003794,30.158883000155942],[-97.89852200041241,30.159894000280087],[-97.89893999998885,30.16018300024357],[-97.90289900031179,30.163032000374795],[-97.90465500007973,30.164297000153976],[-97.90651700015286,30.165631999821162],[-97.90851399994523,30.1670820003459],[-97.91156400042206,30.169271999873494],[-97.91303599960955,30.170343000376846],[-97.91607199984269,30.172526000107826],[-97.91718900010126,30.173324999761824],[-97.9186229996539,30.174351000013278],[-97.91945799988018,30.17494900002222],[-97.9195709998581,30.17503899962885],[-97.92319500044526,30.177659999913782],[-97.92361499967151,30.1779669998228],[-97.9249009999845,30.17889200007179],[-97.9288080004289,30.18170300015877],[-97.9296460001299,30.182304000325757],[-97.94481600035148,30.19314999998129],[-97.94813100024386,30.19553099966172],[-97.9509010003382,30.19750700004625],[-97.95936200023398,30.203540000128502],[-97.96933700004837,30.21067199999462],[-97.98259099977012,30.220149000105792],[-97.99989900024937,30.232507999800205],[-98.00954099997783,30.239419999786442],[-98.01083099959044,30.24033900015962],[-98.01285300039548,30.241773999757815],[-98.02670799999176,30.251685999641325],[-98.03067200033757,30.25451399988208],[-98.03377299996971,30.256728000343337],[-98.03810499966323,30.25982500037721],[-98.044846999601,30.264653999907846],[-98.0480130004288,30.26692099987181],[-98.05006700012255,30.268392000184512],[-98.05314900038644,30.27059900008369],[-98.05366499987215,30.27096899999794],[-98.05396100014816,30.27118100023456],[-98.05412000015683,30.271294999747965],[-98.05473399955184,30.271735999783626],[-98.05645199968494,30.272965999615582],[-98.05661599971648,30.27308200020845],[-98.0573990000642,30.27364299998387],[-98.0577089996856,30.27386500004257],[-98.05792100029602,30.274016000106627],[-98.05811399974156,30.274154999775266],[-98.05826500025262,30.27426399965122],[-98.05852200017056,30.274445000202707],[-98.05909700010582,30.274861999898707],[-98.05995099970035,30.275473000385418],[-98.0604889998257,30.275855999723674],[-98.06070999975863,30.276014999785726],[-98.06095099978305,30.27618700027518],[-98.06138199977828,30.276495999937175],[-98.0617850001844,30.276784999667004],[-98.06211300024748,30.277019000191142],[-98.062157999555,30.277050999688985],[-98.06262799990827,30.277388999954194],[-98.06337199989794,30.27792099988187],[-98.06380399971809,30.278230000290534],[-98.0643410000185,30.278622000219773],[-98.06603200038744,30.279819999730123],[-98.06739899999295,30.28083700006482],[-98.06779200035334,30.281123000370687],[-98.06961699971825,30.282467000198043],[-98.06992200021509,30.282705000066965],[-98.07030399980651,30.28297400010389],[-98.07061900034908,30.28320300022604],[-98.07200900041913,30.284232000113153],[-98.07280600011224,30.284817999715152],[-98.07378100008059,30.28553600024075],[-98.07488900011833,30.286351000342773],[-98.07490300036204,30.286361000011727],[-98.07541899984776,30.2867399999766],[-98.07739200024898,30.288195999959648],[-98.07921300031425,30.289538000143242],[-98.08043900035277,30.290441000173313],[-98.08074099957824,30.290664000082785],[-98.08075300017212,30.29067300024241],[-98.0812789997036,30.29106000011948],[-98.08157900017757,30.29128099971913],[-98.08222600008284,30.291758000162073],[-98.08266799994873,30.292083999884895],[-98.08443200011259,30.293384000304716],[-98.08472599984046,30.293598999653298],[-98.08495500016933,30.29376700031346],[-98.08973999959937,30.297287999668228],[-98.09150600031136,30.29853599995108],[-98.09279299955094,30.299445999968228],[-98.09440100007917,30.300582999681154],[-98.09460399957047,30.30072699998109],[-98.09532300034408,30.301236000380445],[-98.09616500024305,30.301830999907978],[-98.10303199985428,30.30668799975364],[-98.10466200012382,30.30784800018526],[-98.105822999865,30.308661000124445],[-98.10729099975288,30.309698999657826],[-98.10964300027078,30.311357000024852],[-98.10980999977704,30.31147599987608],[-98.11070699992759,30.312114999936124],[-98.11876299976743,30.317822999822376],[-98.12106500005663,30.319439999763006],[-98.12120700034684,30.319541000209867],[-98.12239400002728,30.320381000130062],[-98.1234640004302,30.321137000181444],[-98.12408700004603,30.321550999731407],[-98.12529200016816,30.322352999804625],[-98.12588499964677,30.322774000146687],[-98.12799799979008,30.324275999675606],[-98.12808099963077,30.32433400027561],[-98.13030599992706,30.325914999659517],[-98.13212100014455,30.32720500023035],[-98.13218200024393,30.32724800003434],[-98.13360199955288,30.328256000254694],[-98.1336790004441,30.328311000113633],[-98.13387600008758,30.32844900013121],[-98.1340190002027,30.32854999981858],[-98.13545000028064,30.329566000061536],[-98.13730099958482,30.330880999681035],[-98.13884800001371,30.331997000361316],[-98.14036699995518,30.333093000072452],[-98.1403950004426,30.333112999953247],[-98.14046900006242,30.33316599981134],[-98.1406359995687,30.333285000309832],[-98.14073600002612,30.333356000310356],[-98.140917999601,30.3334860002761],[-98.1410020001649,30.3335459996653],[-98.14122100044801,30.333702000231256],[-98.14143999983281,30.333857999773272],[-98.14334999958655,30.33521700025503],[-98.14432799992794,30.335913999698278],[-98.14453299996735,30.3360590001848],[-98.14466699986166,30.336154999768503],[-98.14470700004462,30.336183999656484],[-98.14475100042556,30.33621499984815],[-98.14475999974808,30.336221000009175],[-98.1452190002307,30.33654800008722],[-98.14523900032219,30.336561999897803],[-98.14627700003973,30.337300999741316],[-98.14639199966744,30.337382999966646],[-98.15683699983512,30.3448200002673],[-98.15956500009668,30.34676300025006],[-98.15957699979224,30.346771999909244],[-98.16443599974045,30.35023000014329],[-98.16446900025073,30.350253999674432],[-98.16941199986454,30.353773000262933],[-98.16980900042289,30.354056000230045],[-98.17001299973907,30.35420100019731],[-98.17297700000218,30.356312000347422],[-98.17302499968275,30.35624399979861],[-98.17480599956504,30.351777000099116],[-98.17736099957425,30.345387000065873],[-98.17781500003399,30.34391400020735],[-98.17784900036918,30.343812000009102],[-98.17794700027848,30.343491999958907],[-98.17848399968058,30.342703999823403],[-98.17864100003942,30.342335000106527],[-98.17886299979727,30.341712999630776],[-98.17991499975851,30.338771000261577],[-98.18192300031984,30.334113999815177],[-98.18199899958952,30.333926999774754],[-98.18207899995546,30.33374199973988],[-98.18266700030952,30.332379999910184],[-98.182827999968,30.332013999868956],[-98.18283600036392,30.33199200014068],[-98.18284399986152,30.331951999917145],[-98.18286099957996,30.331932999999115],[-98.18287300017383,30.331915999701998],[-98.18293000007525,30.33178000032052],[-98.18340999957596,30.330558000141522],[-98.18341799997188,30.33053700030025],[-98.18342600036779,30.3305150002401],[-98.18503099962469,30.32640699981138],[-98.18663900015292,30.322308999879944],[-98.18665099984851,30.322277999938777],[-98.18695700017025,30.32140300010447],[-98.18730500032478,30.320558999928725],[-98.18733200008897,30.32049100013098],[-98.18764199971037,30.319713000362615],[-98.1876579996039,30.319672000227396],[-98.18932999970625,30.315353000149887],[-98.18954099959343,30.314815000155214],[-98.18956900008085,30.31474100032274],[-98.19019500006975,30.313064000118356],[-98.19226100035739,30.307412999984056],[-98.19417699995891,30.302694999946812],[-98.19420999957086,30.30261199965606],[-98.19840900009332,30.292101999942687],[-98.19936399997017,30.28975200031093],[-98.19946699990233,30.28949699979683],[-98.19952100032901,30.289362000351318],[-98.20045199991642,30.287073999918977],[-98.20049100027448,30.28696700007518],[-98.20358199986089,30.279242000227807],[-98.20358600005885,30.279232999795255],[-98.20362600024183,30.27912899982253],[-98.20390499990107,30.278428999973343],[-98.204237999987,30.277478999727624],[-98.20424499965969,30.277450000309614],[-98.20425499970544,30.277430999910454],[-98.20448800023225,30.276777999758767],[-98.20456199985212,30.2765779998423],[-98.20465700028667,30.276321000014573],[-98.20482999964071,30.275854999727347],[-98.20521299995535,30.274856999866323],[-98.20592599998288,30.273012000014173],[-98.20625400004593,30.27213600032262],[-98.2065319998803,30.27132400020879],[-98.20681899993546,30.270558999631994],[-98.20751400041965,30.268624999699927],[-98.20770900041332,30.268082999837755],[-98.2078149998202,30.26781799964194],[-98.211671000211,30.2582559996587],[-98.21485800005686,30.250202000259492],[-98.21762099958019,30.24345899975315],[-98.21796600025999,30.2425990002219],[-98.21810299962904,30.24221400009112],[-98.22008000022824,30.236640000101776],[-98.22022900019115,30.23624200014907],[-98.22157499988026,30.23246100017244],[-98.22164000017759,30.232279000196222],[-98.22197300026352,30.231344000324988],[-98.22414400013315,30.22579100002934],[-98.2250060001236,30.223581999903455],[-98.2252310002545,30.22300599961208],[-98.2258010001669,30.221546000310482],[-98.22662499962418,30.219432000247735],[-98.22681999961786,30.21893500021427],[-98.22682899983869,30.2188760003793],[-98.22686700037184,30.218823999890294],[-98.22775799977627,30.216537999711043],[-98.22815100013668,30.21553100032217],[-98.22907900024936,30.21317700005904],[-98.22938300002298,30.212418999923248],[-98.22940399993936,30.21235599982019],[-98.22944599977217,30.212233999739965],[-98.22952899961282,30.212019999882944],[-98.22959599955998,30.211848000385963],[-98.23491599964065,30.19826200009776],[-98.23492200038676,30.198248999972115],[-98.23539500021475,30.19700000007762],[-98.23549899997184,30.196723999713903],[-98.23676000017046,30.19350099998642],[-98.23692400020197,30.193066000212628],[-98.2386089998248,30.188719999709356],[-98.24017799999498,30.18471500030201],[-98.24467399972006,30.17324899995102],[-98.24513700040065,30.172052999747507],[-98.24515999996686,30.171993999771562],[-98.24633900014972,30.168984999984772],[-98.24796900041926,30.164814999866874],[-98.24797799974179,30.164792000376664],[-98.24979200013436,30.160152000384794],[-98.2500209995649,30.159591999679282],[-98.25005599972499,30.15950300035197],[-98.25028300040404,30.158934999680767],[-98.25176999966013,30.15518400029388],[-98.25176800001032,30.15516699968607],[-98.25232700005206,30.153801000168198],[-98.25242699961117,30.153559999870055],[-98.25243099980914,30.15355100036003],[-98.25389399967412,30.14990399976755],[-98.25484000022847,30.147558000303597],[-98.25580199977801,30.145155999794166],[-98.25583299974016,30.145077999698213],[-98.25818100006012,30.139199000318218],[-98.25924100041728,30.13654199961716],[-98.25966499984149,30.13547899999922],[-98.25973500016168,30.135304000095964],[-98.2597510000552,30.135263999785945],[-98.25984599959146,30.13502499979052],[-98.26108500004877,30.13192199964135],[-98.26272399964083,30.127910999786245],[-98.26273600023472,30.12788099983352],[-98.26275399977807,30.127833000045534],[-98.262798000159,30.127731999881313],[-98.2634459998892,30.12614100018547],[-98.26384400027246,30.125167999726],[-98.26604500027932,30.119114000307565],[-98.26835800043918,30.113148999692687],[-98.2690360003066,30.111392999757435],[-98.2690560003981,30.111339999932206],[-98.27084300012817,30.10673700006545],[-98.27090599987736,30.10658099971603],[-98.27125800022986,30.10566400037504],[-98.27130599991044,30.105542000332346],[-98.27489199996448,30.096302999659272],[-98.2751749998217,30.095574999633747],[-98.27695300022926,30.091072000103164],[-98.27695900007704,30.091055999655268],[-98.27924899977236,30.085141999744042],[-98.27946499968242,30.084582999854018],[-98.2794699997053,30.084570000288988],[-98.28055900037478,30.081660000301948],[-98.28212799964665,30.077755000381973],[-98.28224999984539,30.0774460002898],[-98.28234000025708,30.07722000009175],[-98.28276100020655,30.076120000038916],[-98.28333899961655,30.074650999763513],[-98.28341300013471,30.07446300004739],[-98.28706500031099,30.06507300001413],[-98.28721300044899,30.064693000359828],[-98.28783000021706,30.063105999697978],[-98.2883900000837,30.061666999671566],[-98.29097600005502,30.05503799974961],[-98.29098199990283,30.055020999787597],[-98.291417000096,30.053902000262813],[-98.29142999961647,30.053861999660104],[-98.2915509999903,30.053490999811636],[-98.29231000004857,30.051578000257237],[-98.29238299984351,30.051403000294762],[-98.29242499967631,30.051302999733075],[-98.29244800014084,30.051250000358607],[-98.29407400021245,30.047050999966306],[-98.29411699987016,30.046941999784874],[-98.29416399972581,30.046826000337514],[-98.29417399977157,30.046800999828758],[-98.29627900041726,30.041381000146234],[-98.2962960001357,30.041337999796546],[-98.29733700022628,30.03865300019005],[-98.29735200029491,30.0386139997222],[-98.29736099961742,30.038590000323996],[-98.29754399991552,30.03812900015915],[-98.29758200044867,30.038041999651302],[-98.29759999999203,30.037993999794327],[-98.29755200031144,30.037960000237945],[-98.29747500031854,30.037905999866407],[-98.29741699969392,30.03786499972312],[-98.29141899974583,30.033621999755056],[-98.29140700005024,30.033614000331],[-98.29103799997931,30.03336800022732],[-98.28959100000786,30.032348999867207],[-98.27301200034799,30.02067799991023],[-98.26125900012603,30.01240300033592],[-98.2566520000729,30.009145000340123],[-98.25501699978048,30.00798899996465],[-98.25495099965822,30.00794199993963],[-98.25452200021115,30.007634999824386],[-98.25438400011889,30.007537000208348],[-98.25389799987208,30.007114999977972],[-98.25287799969789,30.006345999860457],[-98.25280599972787,30.00630000023301],[-98.25133299981714,30.005359000095694],[-98.24630499981453,30.001773999986636],[-98.24600299969073,30.001557999614256],[-98.24555400015215,30.001234000118977],[-98.24407000037078,30.000196999668034],[-98.23674199972879,29.994969000354537],[-98.23673099985812,29.99495800016534],[-98.23614099985426,29.994539999853597],[-98.23567800007197,29.994209000260124],[-98.234840000371,29.993609000047236],[-98.23432399998696,29.993241000321525],[-98.2332999996148,29.992494000205266],[-98.2332710002008,29.992472999814584],[-98.2322569998744,29.991749999992013],[-98.22646300014078,29.987621000009185],[-98.22426100030903,29.986049000363785],[-98.22274700039043,29.98496900010105],[-98.22105099999861,29.983757999645334],[-98.21739499962437,29.981147000320917],[-98.21568800026026,29.979928000081678],[-98.21011100026162,29.9759449996894],[-98.20325799999578,29.971072999792856],[-98.20314099981992,29.970990000291405],[-98.19903199970915,29.96806599964685],[-98.19895300006644,29.967995000038563],[-98.19870199999627,29.967771000042973],[-98.1986269996532,29.967704000258895],[-98.19857899997264,29.96766099987421],[-98.19853700013984,29.96762300029697],[-98.19848100006332,29.967588999966605],[-98.1984700001927,29.967581999897167],[-98.19839499984961,29.967524000080925],[-98.19828699989458,29.967457000130253],[-98.1980349999995,29.967263000099766],[-98.19789799973215,29.967187999862073],[-98.19776800003581,29.967087999975885],[-98.19760800020224,29.96699400008453],[-98.19751699996566,29.966941000007285],[-98.19735700013207,29.966821000300467],[-98.19732199997198,29.966795999856945],[-98.19725599984973,29.966748999784294],[-98.19715100026774,29.96667399993691],[-98.19696299994676,29.966550999846717],[-98.19688000010609,29.96649700029051],[-98.19673799981587,29.966404999883732],[-98.19663200040898,29.96631400019274],[-98.19660800011953,29.9663100001018],[-98.19495299973562,29.9651640000985],[-98.1949440004131,29.965157999892593],[-98.19489900020726,29.965127000379336],[-98.19487800029087,29.96511299989305],[-98.194352999686,29.964749999826388],[-98.19337600006781,29.964058999645495],[-98.19335199977837,29.964041999650327],[-98.19323899980049,29.96396099981649],[-98.19316299963249,29.96390699963119],[-98.19242200001587,29.96337899990505],[-98.19179699985189,29.962944000349115],[-98.19172300023205,29.962890999668407],[-98.19163700001832,29.962830000054044],[-98.19121000022106,29.96252599992493],[-98.18814399985071,29.960341000190787],[-98.18706500012527,29.959571999680715],[-98.1798160000243,29.95441400038222],[-98.17957300035006,29.954240999715985],[-98.17952899996912,29.954209999911274],[-98.1773370001831,29.952651999960278],[-98.17142999957329,29.94845400014834],[-98.16871399990562,29.946517000216787],[-98.16850600039147,29.946368999960512],[-98.16792399988519,29.945953999802896],[-98.16504599983581,29.943904000263856],[-98.16173699979122,29.94154700003247],[-98.16020399960604,29.940454999973323],[-98.16018299968964,29.940439999621773],[-98.15644900039592,29.937781000161404],[-98.15160799999106,29.934332999671682],[-98.15158700007464,29.934317999954004],[-98.15099899972058,29.933897999934228],[-98.14976299963632,29.933002000246844],[-98.14974400026809,29.932987999907947],[-98.14955400029727,29.932852999764034],[-98.14953099983275,29.932835999882904],[-98.14944100031937,29.932772000212616],[-98.14607200000032,29.930371999991124],[-98.14315399976795,29.928291000013388],[-98.14235899972466,29.927725000321715],[-98.14082999973745,29.92663600008482],[-98.13654700044773,29.92358399970026],[-98.13569499960472,29.92297700038604],[-98.13518400014186,29.92261300020331],[-98.12607299996776,29.91611999979367],[-98.12551800012396,29.91572500011749],[-98.12539799957506,29.915640000071036],[-98.12527899974937,29.915554999952015],[-98.12130500025611,29.91286799968253],[-98.12127000009602,29.912844000252367],[-98.1181219997099,29.91059199995665],[-98.11037600038978,29.905127999664497],[-98.10586200022307,29.90194400004982],[-98.09745300020585,29.896011999749682],[-98.09551900016265,29.89464800009719],[-98.09308800000203,29.892932999775482],[-98.09011000039354,29.890832000051862],[-98.08410900007239,29.886600000363515],[-98.08099400019654,29.884403000179095],[-98.07834100027807,29.882532000363295],[-98.07356699982034,29.87916500017879],[-98.07253199957755,29.87843499973658],[-98.07153099966993,29.877729000286532],[-98.07144899965417,29.877671000283872],[-98.07114700042868,29.877458000199585],[-98.06797099955516,29.875217999723553],[-98.06705400021146,29.87460300038311],[-98.06656600031481,29.87425499985907],[-98.05880000000491,29.868712999677935],[-98.05755899989778,29.86782799964725],[-98.04475299988968,29.858709999785198],[-98.03857699966633,29.85431400011999],[-98.0319979999352,29.849591999759312],[-98.03189400017814,29.849516999689207],[-98.03067700036044,29.848649000284993],[-98.03065700026896,29.848634999780373],[-98.03064300002526,29.848625000197877],[-98.03052300037466,29.84853900016292],[-98.03041700006945,29.848215000090676],[-98.02988999981476,29.846600999881883],[-98.0294980001776,29.845390000102036],[-98.02693999979536,29.83755999976237],[-98.02550299986964,29.833156000160912],[-98.02155799979042,29.821065999763487],[-98.02008499987969,29.816550000184165],[-98.0198959997338,29.815974000034018],[-98.01873099979466,29.812403000175248],[-98.01868200028917,29.812253000258558],[-98.01865700017481,29.812175000181753],[-98.01826100033969,29.81100000018731],[-98.01824700009598,29.810960000034065],[-98.01815199966143,29.81067099983485],[-98.01793699957628,29.810015999878797],[-98.01759400034291,29.808972999816763],[-98.01758599994699,29.808947000244252],[-98.01757900027431,29.80892700014872],[-98.01757500007633,29.808914000357362],[-98.01757199970329,29.808903999917085],[-98.01756800040364,29.808894000255226],[-98.0175650000306,29.80888399981295],[-98.01684399960715,29.806620000215347],[-98.01651899991714,29.8056240003197],[-98.01519699961916,29.80153700017484],[-98.01517999990072,29.80148500027514],[-98.01512800002219,29.801321000234545],[-98.0151220001744,29.80130200029321],[-98.01510899975561,29.801263000279352],[-98.01509299986208,29.80121100023729],[-98.01505000020438,29.80107500005924],[-98.0150440003566,29.80105700019382],[-98.0150309999378,29.80101400037214],[-98.01500099980056,29.80091800021425],[-98.01496999983843,29.80081900036898],[-98.01495300012,29.800763999719738],[-98.01295299995459,29.794765999702573],[-98.01294399973376,29.794753999815473],[-98.01294299990883,29.794735000186254],[-98.01292899966515,29.794626000150874],[-98.01081800006996,29.788159999755216],[-98.01046999991541,29.787093000202802],[-98.01005200033899,29.78581300033743],[-98.00993099996516,29.78544300007393],[-98.00911300035567,29.78293299985624],[-98.00891400016403,29.782324000183984],[-98.00877299969872,29.781860999932377],[-98.00876100000313,29.781822000138348],[-98.00865700024607,29.781482999669976],[-98.00857699988012,29.78124000002857],[-98.0085259998265,29.781083000251417],[-98.00825399983994,29.780292999921244],[-98.00815900030369,29.78001600011584],[-98.00769899999617,29.778605999636973],[-98.00768999977534,29.778578000055678],[-98.00768200027773,29.778552999949525],[-98.00766999968383,29.778516999910455],[-98.00744499955294,29.77782799961382],[-98.00730700035899,29.77740499995286],[-98.00717400028961,29.77699599968927],[-98.00716599989369,29.776970999967876],[-98.00716199969573,29.77695900028652],[-98.0070679999844,29.77667400002413],[-98.00655199960036,29.775091999986564],[-98.00654300027786,29.775064999804975],[-98.00650800011773,29.774958000169033],[-98.00620699981887,29.774024999948672],[-98.0061950001233,29.773988000227966],[-98.00618900027551,29.773970000169157],[-98.00618199970451,29.773946999699504],[-98.00575499990725,29.772623999865043],[-98.00574599968641,29.772594999763697],[-98.00452700021891,29.76886200015287],[-98.00179899995737,29.760511999928482],[-98.0017100002689,29.760222000125445],[-98.00028300038893,29.755585999848716],[-98.0001390004489,29.755146999908312],[-98.00012799967992,29.755112999639053],[-98.00007699962627,29.754945999869452],[-98.0000070002044,29.754729000201422],[-97.99927099971235,29.752443999835453],[-97.99921600035907,29.752484999805386],[-97.9980139997117,29.75365599962791],[-97.99734300041528,29.7543080001021],[-97.99716400031514,29.75448200037049],[-97.99698500021498,29.754657000143034],[-97.99492200030038,29.756663999747612],[-97.99473999982717,29.756840999958268],[-97.9918190001201,29.75968199995001],[-97.99155399980624,29.759939999850996],[-97.98587300005053,29.76546200015895],[-97.98330100032291,29.767967000142153],[-97.98316800025353,29.768096999707886],[-97.98303600000905,29.76822699988464],[-97.98251600032536,29.768734000131687],[-97.9814769998846,29.76979700021384],[-97.97774000021784,29.773401000153104],[-97.9776470003314,29.7734899997481],[-97.974986000017,29.776091000027627],[-97.97365899969616,29.777377000035738],[-97.97211100034067,29.778878999627377],[-97.97155800014671,29.779417000123026],[-97.96982199957195,29.781102999675536],[-97.96902499987884,29.78187499965477],[-97.96894700006104,29.78194999980509],[-97.96886900024323,29.78202499989929],[-97.96854100018017,29.782342999830345],[-97.9679379997575,29.782927000372965],[-97.96747199960218,29.7833859999558],[-97.96714000023945,29.783707999866248],[-97.96652000009836,29.784311000295208],[-97.96618000033975,29.784711000070615],[-97.96598600017097,29.784912999926725],[-97.9650019999818,29.78589299968782],[-97.96493199966159,29.785963000138985],[-97.96469099963716,29.786195000148187],[-97.96448800014589,29.786391000072918],[-97.9642839999314,29.786586999613938],[-97.96333200042757,29.787504000276105],[-97.96264100014135,29.788205999616817],[-97.96257800039217,29.788276000009663],[-97.96254900007985,29.788305000247185],[-97.96181400031102,29.78902700038687],[-97.96174599964064,29.78909300001675],[-97.96073399986236,29.7900870003059],[-97.96066799974012,29.790151999784836],[-97.95896399985072,29.79185600015091],[-97.95891299979709,29.79190700016352],[-97.95762499983431,29.793160000074966],[-97.95570800040788,29.79502499983805],[-97.95412199962095,29.79656800032299],[-97.9517459997119,29.798901999783],[-97.95152999980183,29.79911200019683],[-97.95070600034454,29.799911999888007],[-97.944571999954,29.805869000146323],[-97.94426499980734,29.806187999994766],[-97.9441989996851,29.80625600013882],[-97.9437130003366,29.806760000131895],[-97.9435640003737,29.806913999969684],[-97.94204000040934,29.808037000034467],[-97.94191499983756,29.80812099975313],[-97.94164600022404,29.808312000131465],[-97.93970499960986,29.809760999723366],[-97.93778200033567,29.81119999993419],[-97.9375310002655,29.811382999734054],[-97.93751899967161,29.811407000194084],[-97.93718399993587,29.81165499993371],[-97.93709600007232,29.81172100022591],[-97.93569299958347,29.812759999664287],[-97.93291599981643,29.814819999940845],[-97.93050899994525,29.81660399997941],[-97.9292660001883,29.81752599966116],[-97.92811600031777,29.81840300015596],[-97.92796099960876,29.818526000051857],[-97.92783099991242,29.81862900008276],[-97.92628400038184,29.819804000051885],[-97.92473699995296,29.820978000315144],[-97.92423800018568,29.82135700015064],[-97.92391299959736,29.82160400023234],[-97.9237390004184,29.821736000107805],[-97.92359299993024,29.82184899987452],[-97.9192550003889,29.825138000024772],[-97.9166929998087,29.827069999848995],[-97.90807100025445,29.83357299988819],[-97.90529699996215,29.835572999955588],[-97.90517300011358,29.835663999907922],[-97.90415100028956,29.836437000167827],[-97.90404599980927,29.83651700032894],[-97.90394000040237,29.836596999646797],[-97.90165099963366,29.838327999849337],[-97.90147599973146,29.838460000231525],[-97.9013019996542,29.838591999659965],[-97.89871400003305,29.840548999801822],[-97.89061200016246,29.846677999916256],[-97.88817000013117,29.848508000177404],[-97.88807100039696,29.848581000152972],[-97.88593399996421,29.85018799976798],[-97.8832169995733,29.85223100022328],[-97.87570899990456,29.857880999817937],[-97.87533200033603,29.858155000320835],[-97.87525899964278,29.858207999893427],[-97.8753370003589,29.858377999714282],[-97.8754140003518,29.858544999824648],[-97.87541099997873,29.858707000369122],[-97.87533399998584,29.858839999845305],[-97.87520699976425,29.858991000265885],[-97.87479800040865,29.85929899999756],[-97.87472899991334,29.85935800009317],[-97.87467000036212,29.859407999631934],[-97.87455999985896,29.859499999995403],[-97.87454800016339,29.859636999676706],[-97.8745640000569,29.85970899976929],[-97.87458800034636,29.85976599977332],[-97.87460400023988,29.85981799973491],[-97.87463000017915,29.859902000334806],[-97.87481900032503,29.860076000072638],[-97.87528100028238,29.860293000332433],[-97.87601400040141,29.860554999888087],[-97.87625700007565,29.860569000279124],[-97.87629300006067,29.860571000112255],[-97.87713199958658,29.86062200012794],[-97.87907599967548,29.86073799966933],[-97.87910499998782,29.86074000027813],[-97.88053600006575,29.860740999803433],[-97.88093000025104,29.860820999970333],[-97.8809829999545,29.860832000192772],[-97.88108199968867,29.86088400037801],[-97.88125400011613,29.860976000159972],[-97.88183900009716,29.86128599981691],[-97.88274899976817,29.861768999675466],[-97.88374999967579,29.862300000160996],[-97.88384599993525,29.862335999642696],[-97.88434800007559,29.862460999776406],[-97.88586500036725,29.862297000073763],[-97.88594200036013,29.86228799981152],[-97.88601900035302,29.862279999837405],[-97.88603500024655,29.862265999686414],[-97.88608399975203,29.862094999965066],[-97.88619900027808,29.861970999665004],[-97.88635800028673,29.86180000021721],[-97.88653099964078,29.861613999938495],[-97.88689300003904,29.861061000086355],[-97.88705700007057,29.860812000354052],[-97.88710399992623,29.860684999882178],[-97.88718500011709,29.860462999718088],[-97.88724200001849,29.860308000289848],[-97.88725200006424,29.86020599991153],[-97.88728300002637,29.8598770003028],[-97.88728800004924,29.859837000238507],[-97.88729499972193,29.85978700013564],[-97.88740000020223,29.858658000025393],[-97.88750599960912,29.858473999998495],[-97.88776900027317,29.85801600027913],[-97.88787399985516,29.85776399973801],[-97.887987999658,29.857607000121043],[-97.88819000022266,29.857328999875904],[-97.8885169995625,29.85704400036222],[-97.88882100023442,29.856778999906517],[-97.88890700044814,29.85672600035423],[-97.88930599975801,29.856552999797],[-97.889566000049,29.85643300023413],[-97.88961000042994,29.856411999945177],[-97.88969900011838,29.85639900009801],[-97.88973699975323,29.856384999901127],[-97.88981899976899,29.856368999785],[-97.88993000009707,29.85636400038118],[-97.89007300021221,29.856332000139627],[-97.8902149996041,29.856321000200307],[-97.89139799998492,29.856487000288986],[-97.89172100002511,29.856507999783044],[-97.89179100034531,29.856509999697533],[-97.8918399998508,29.856511000044293],[-97.89223300021119,29.85651800013418],[-97.8928180001922,29.85652799970521],[-97.8941849997977,29.857009999655123],[-97.89560500000496,29.857330999773946],[-97.8963670004363,29.857240000087824],[-97.89650800000331,29.857188000341196],[-97.89661699978325,29.857147999978366],[-97.89667299985975,29.857115999988164],[-97.8967680002943,29.857078000278563],[-97.89681000012709,29.857114000085797],[-97.89691600043231,29.857206999787334],[-97.89694599967122,29.857233000048588],[-97.89703699990783,29.857298999842417],[-97.89705199997644,29.85730999967394],[-97.89715200043385,29.857349999971913],[-97.8972610002138,29.857367999828096],[-97.89735099972717,29.857367999828096],[-97.89780900038488,29.857259999863317],[-97.89866800000227,29.857105999696937],[-97.8987819998051,29.857119000231133],[-97.89889099958505,29.85715399968321],[-97.89900199991312,29.85721799962901],[-97.89913199960947,29.85736599993078],[-97.89919600008189,29.857480000245268],[-97.8992889999683,29.857810999853182],[-97.89929099961812,29.858004000193628],[-97.8992749997246,29.858150000227397],[-97.8989729996008,29.858989999943923],[-97.8973730003668,29.863342999834444],[-97.897247999795,29.86374299972565],[-97.897071000243,29.86436899963239],[-97.89692700030295,29.86504099985056],[-97.89643100001042,29.868970000165614],[-97.89633899994888,29.869560000017355],[-97.89625799975803,29.870035000201327],[-97.89619400018395,29.870363999814728],[-97.89618499996311,29.87041299986324],[-97.8961559996508,29.870591000011675],[-97.8961480001532,29.87064800003153],[-97.89610899979513,29.87092199975406],[-97.896049000419,29.87134299990825],[-97.89599800036537,29.871682999686932],[-97.89595700035748,29.87195200028071],[-97.89589000041035,29.87234299979815],[-97.89586600012089,29.87247999976256],[-97.89575200031807,29.87308599966243],[-97.89567500032518,29.87358300016546],[-97.89558699956332,29.87418900037477],[-97.89557599969265,29.87426499998955],[-97.89555399995136,29.874768000274376],[-97.89552600036227,29.875785999750875],[-97.89552299998921,29.875911000170134],[-97.89549200002706,29.876417000385004],[-97.89547899960827,29.876514999963675],[-97.89545400039223,29.876703000014377],[-97.8953549997597,29.87756800038406],[-97.89523299956099,29.87822500011346],[-97.89514399987252,29.878596999922582],[-97.89512600032918,29.8786779999169],[-97.89490500039624,29.879864000358214],[-97.89458400000588,29.88131900019096],[-97.89453100030242,29.881587999720637],[-97.89453899980002,29.881918000263262],[-97.89468299974008,29.882024999928632],[-97.89463699970933,29.882142999688444],[-97.89461400014311,29.882202000294917],[-97.89456200026456,29.88233300020965],[-97.8944660000051,29.8826089999365],[-97.89438099961629,29.882959000291894],[-97.89414399978983,29.883339000199122],[-97.89389600009271,29.883733999766566],[-97.89321400002731,29.8841980002293],[-97.89313799985932,29.884255000261458],[-97.89270500021429,29.884539999933335],[-97.89164700040527,29.885271000136065],[-97.8913689996726,29.885469999877877],[-97.89114600008985,29.885630000208042],[-97.89093699985247,29.88577899969563],[-97.89064800014746,29.88599099986858],[-97.89025099958911,29.886266000325108],[-97.89016000025084,29.886324000001657],[-97.8900179999606,29.886414999641],[-97.88896799964921,29.887226000135833],[-97.88704700002481,29.888752000152614],[-97.88690399990968,29.888864999627597],[-97.88601500015506,29.889568999640506],[-97.88579000002416,29.889748999894415],[-97.8853139998231,29.89013199965169],[-97.88509899973795,29.890302000367708],[-97.88445199983265,29.890813000000158],[-97.88413999966313,29.89104100038101],[-97.88334299997001,29.891682000215088],[-97.88320300022792,29.891789000304694],[-97.88272399965382,29.89215700017281],[-97.88241499985732,29.892387999776826],[-97.8819269999607,29.892796999856202],[-97.88186500003641,29.892843999820677],[-97.88112000022183,29.89341399986219],[-97.88069900027236,29.893744000199845],[-97.88018000041357,29.89412400027347],[-97.87964099956501,29.89453200027264],[-97.87806700027026,29.8956930001845],[-97.87779799975844,29.895918999623046],[-97.87765100034368,29.896026999787093],[-97.87729300014337,29.896288999713157],[-97.87612099963322,29.897128999890697],[-97.87586899973815,29.89733299978867],[-97.87524399957417,29.897757000378252],[-97.87463100000406,29.89820800035514],[-97.87436599969018,29.898395999996556],[-97.8737959997778,29.898776000243316],[-97.87328699996478,29.89915399998151],[-97.87189900044285,29.900126999864295],[-97.87152000032619,29.90038199978696],[-97.87083400006283,29.90087199963874],[-97.87033199992248,29.90124999999163],[-97.86965800025303,29.90172500029094],[-97.86959399978062,29.90177100004552],[-97.86891900028624,29.90224700008528],[-97.86801100026503,29.902869000174796],[-97.86748200036052,29.903269000389233],[-97.8672270000924,29.90345099979169],[-97.86657699981406,29.90388299979756],[-97.86610599963586,29.90423599981403],[-97.86553300024873,29.904635999990898],[-97.86546999960123,29.9046839996862],[-97.8653340000571,29.904788000244416],[-97.863904999629,29.90579300035195],[-97.86383799968185,29.905837999933617],[-97.86363199981751,29.90598200032733],[-97.86339499999104,29.90614699967901],[-97.86329500043195,29.90621899967852],[-97.86319699962435,29.906289999778554],[-97.86283000010155,29.90655699997581],[-97.8617360003075,29.90732299964403],[-97.86140800024444,29.907559999698144],[-97.85997700016652,29.90855999996985],[-97.85942499979747,29.90895900009426],[-97.85911500017606,29.90916799978114],[-97.85818899971322,29.909836999999225],[-97.857949000412,29.91000000035272],[-97.85772900030399,29.910149000003027],[-97.85752300043966,29.91029900001638],[-97.85734199979137,29.910427999987327],[-97.85721700011791,29.91051699980954],[-97.85704899988842,29.910636999706366],[-97.85691800036719,29.910730999913856],[-97.85640600018111,29.91107299967187],[-97.85605200017876,29.91133399994698],[-97.85595799956913,29.911405000294295],[-97.854836000186,29.912193000070957],[-97.85442299973413,29.912489000024355],[-97.85415599977043,29.912676000185915],[-97.85403199992187,29.912762999991546],[-97.85363899956147,29.91305700024896],[-97.85314399999216,29.913405000019885],[-97.8527730002714,29.91365499978943],[-97.85263699982895,29.913746999939065],[-97.85236700039053,29.913951000069243],[-97.85213100038898,29.914127999797813],[-97.85205199984794,29.91418700015651],[-97.85173700020367,29.914391999930203],[-97.8516679997084,29.914437000298804],[-97.85116499974316,29.914790000287425],[-97.85113700015405,29.91480899966018],[-97.8507320000981,29.915083000251816],[-97.85054700015017,29.915207999666034],[-97.85021900008711,29.91541499996417],[-97.84917799999653,29.916000000274604]]]},"properties":{"GEOID":"48209","BASENAME":"Hays","STATE":"48","COUNTY":"209","AREALAND":"1753067066","NAME":"Hays"}},{"type":"Feature","geometry":{"type":"Polygon","coordinates":[[[-97.49111500028319,30.212372000010376],[-97.49125400020037,30.21210999977067],[-97.49131000027687,30.21200500028179],[-97.4913499995615,30.21192999991283],[-97.49138899991958,30.211863999882443],[-97.49144300034625,30.21177200002501],[-97.49149000020192,30.21169299998596],[-97.49248199988871,30.210011000239007],[-97.49267900043051,30.209946000365008],[-97.49284900030983,30.209781000372647],[-97.49375200030815,30.20890499974604],[-97.4945020001456,30.208178000368793],[-97.49577800041284,30.20705100035898],[-97.49917899962064,30.20399899981824],[-97.49974199986032,30.20343100020733],[-97.5002749999628,30.20289400004455],[-97.50557099975403,30.198260000078566],[-97.5057809998163,30.198064000326585],[-97.51089500003265,30.193266000061694],[-97.5109259999948,30.1932450003451],[-97.51510700007557,30.189476999780883],[-97.51530899974195,30.189274999799625],[-97.5158200001031,30.18876399972715],[-97.51592300003527,30.18866099961939],[-97.51604299968587,30.188540999893245],[-97.51605100008179,30.188532999802774],[-97.51625299974815,30.18833100021477],[-97.51633099956595,30.18825300010925],[-97.51660099990269,30.188011000065597],[-97.5167850000257,30.18784599980087],[-97.51685000032303,30.187788000079752],[-97.51692899996576,30.187717999701512],[-97.51719099990657,30.187484000072647],[-97.51751800014472,30.18719199981584],[-97.51752700036555,30.187183000270153],[-97.517692000222,30.18702500026111],[-97.51784000036,30.186882000324317],[-97.51792200037575,30.186802999721813],[-97.51793300024642,30.186787000034347],[-97.51794300029215,30.186770000218],[-97.51796599985838,30.18676199998369],[-97.51804399967618,30.186686999793615],[-97.5180510002472,30.186679999679765],[-97.51806399976768,30.186667000354497],[-97.5180860004073,30.1866460000072],[-97.5181430003087,30.18659099996393],[-97.51839900040173,30.186343999842652],[-97.51857699977866,30.18617299987373],[-97.51887899990244,30.185881999748158],[-97.51890599966663,30.18586100001001],[-97.51966300007508,30.1852119999798],[-97.52110800039672,30.183973000119412],[-97.5212690000552,30.183829000254793],[-97.52146999989664,30.183650000091813],[-97.5221279996726,30.18306300033788],[-97.5246199999326,30.180838000237497],[-97.52614100042221,30.179481000229192],[-97.52646799976203,30.179189000322335],[-97.529076000373,30.176676999697104],[-97.52910999980988,30.17664299967846],[-97.52922799981066,30.17652499975117],[-97.52936199970496,30.176416999667552],[-97.52945899978931,30.17633900022383],[-97.52974199964655,30.176113000292286],[-97.53061500040597,30.17541700003019],[-97.53065999971348,30.17538099986957],[-97.53340800006652,30.172876999827356],[-97.53455100026437,30.17183600025429],[-97.53486599990862,30.171549000065493],[-97.53635999973574,30.170187999873438],[-97.53640499994158,30.17014700021062],[-97.53650700004883,30.170055000204187],[-97.53652499959219,30.170037999830658],[-97.53745600007792,30.16918999976863],[-97.53755900001008,30.16909599981084],[-97.53839000003839,30.16833900001383],[-97.53850300001629,30.16823600029793],[-97.55145499961426,30.156434999920492],[-97.55155300042186,30.156346000074016],[-97.5517259997759,30.15618899999196],[-97.55593899964374,30.15235000037308],[-97.55609299962954,30.15220999971065],[-97.55614200003335,30.152164999982627],[-97.55648000014214,30.151857000015656],[-97.56009200013544,30.148566000015467],[-97.56048899979548,30.14820399971056],[-97.56070499970555,30.148007000067924],[-97.56072599962194,30.147988000290642],[-97.56073499984278,30.14798000001534],[-97.56074700043665,30.14797000025286],[-97.56237000013519,30.146490999912587],[-97.56594000029571,30.143238000187246],[-97.56604800025073,30.14314400034809],[-97.56654899966784,30.1427089996869],[-97.56786000009518,30.14157000031642],[-97.56799800018744,30.141457999993012],[-97.56810899961721,30.141354000355733],[-97.56823500001391,30.14123600014148],[-97.57026000029367,30.139334000092713],[-97.57039199963984,30.13921199968885],[-97.5732260002066,30.136587000256135],[-97.57632000016604,30.1337119997909],[-97.57936600044492,30.131124000070635],[-97.57938399998827,30.131108999806678],[-97.57939999988179,30.13109600014575],[-97.5794149999504,30.131082999706233],[-97.57942900019412,30.131070999956382],[-97.57948100007265,30.131026999825245],[-97.57972299992197,30.130803999900863],[-97.57986799968693,30.130669000112967],[-97.5818510001339,30.12882899999343],[-97.58207200006686,30.128624000227855],[-97.58248799999346,30.128242000161933],[-97.58268600036017,30.128064000025088],[-97.58274099971344,30.128013999658275],[-97.5827519995841,30.128004000203443],[-97.5831049997615,30.127685999918405],[-97.58364100023704,30.127204000133272],[-97.58444499960285,30.126480999928386],[-97.58453099981656,30.126402999834873],[-97.5846170000303,30.1263249996798],[-97.5861729997817,30.124920000360124],[-97.58622700020835,30.124870999932416],[-97.58636799977536,30.12474099969454],[-97.58637899964602,30.124730999908273],[-97.58639500043785,30.124716000226908],[-97.58652099993623,30.12460000028305],[-97.58716299981864,30.12401000021461],[-97.5876449998675,30.123568999972225],[-97.59008199987592,30.121331999884426],[-97.59226100014148,30.11933100001576],[-97.59289800000103,30.118745999744892],[-97.59348700017999,30.11821299990039],[-97.59354999992918,30.118155999668073],[-97.59412700041257,30.117633000253846],[-97.59666300015519,30.115315999690466],[-97.59690500000454,30.115095000181093],[-97.5970089997616,30.114999999884922],[-97.59701999963225,30.11498999988934],[-97.597029999678,30.114980999970125],[-97.59704599957153,30.114966000362013],[-97.59867500001617,30.113477000315275],[-97.59896600026931,30.113213999691762],[-97.5991760003316,30.113022999955323],[-97.59928000008867,30.112927999997734],[-97.60084500006089,30.111501000324978],[-97.60180199958758,30.110626999812343],[-97.60380000010318,30.108805000234792],[-97.60416300032634,30.10847799978649],[-97.6065330003876,30.106339999907664],[-97.60946400014042,30.103696999727728],[-97.60974899964746,30.10344699968748],[-97.6098990003336,30.103343999841254],[-97.61044999997942,30.102984999832607],[-97.61051399955353,30.102939000001353],[-97.61057100035326,30.102898999792778],[-97.6107439997073,30.10277499982048],[-97.61077899986739,30.102750000233357],[-97.61094200007402,30.102632999936848],[-97.6110819998161,30.102519000112537],[-97.612517000092,30.101591000372547],[-97.61422699982917,30.100460000201746],[-97.62040100040268,30.094949000336197],[-97.62078899984188,30.094602999949675],[-97.62308699993312,30.09255200002248],[-97.62504899956538,30.09080100023172],[-97.62591599957871,30.090220000244244],[-97.62613200038709,30.09004099966455],[-97.63365400029953,30.08306000026036],[-97.63375399985864,30.082973999987992],[-97.63912800036599,30.078358000280545],[-97.6392079998336,30.078290000111046],[-97.64053000013158,30.076907000364805],[-97.64489299978726,30.072341000330923],[-97.64527199990394,30.071969000032976],[-97.64622199975793,30.071033999888392],[-97.64937000014405,30.06794399985633],[-97.64923899972447,30.067827000357347],[-97.64897299958571,30.067621000205573],[-97.64874400015515,30.067460999655978],[-97.64831399998484,30.067084999756382],[-97.64809700024988,30.06689000037691],[-97.6476059999802,30.066449000255684],[-97.64758599988869,30.06643299971192],[-97.64737199962846,30.066256999779316],[-97.64673499976892,30.0657599996184],[-97.64631299999452,30.065385000055386],[-97.6454590004,30.064662000065926],[-97.64404699969033,30.063490000063467],[-97.64386299956732,30.063337999967334],[-97.64360099962651,30.063071000384266],[-97.643403999983,30.06281399991314],[-97.6433470000816,30.062724999660965],[-97.64327599993648,30.062641000031014],[-97.64319399992073,30.062564999748993],[-97.64310199985921,30.06249999988096],[-97.64256999958165,30.06206799970932],[-97.64218299996736,30.06175399964327],[-97.6417980000029,30.06139600010086],[-97.64178299993428,30.06138399966378],[-97.64151099994773,30.061164999789295],[-97.64144400000058,30.061110999628667],[-97.64078500039972,30.060564999632284],[-97.64060700012449,30.060423999635212],[-97.63873199963254,30.058935999814526],[-97.63791099964999,30.058284999614873],[-97.63779600002225,30.058194000207443],[-97.63777699975566,30.057894000133068],[-97.63726999959248,30.057467000263294],[-97.63662600006023,30.05692200027263],[-97.63287500014975,30.053755999734122],[-97.6326319995772,30.05355099976817],[-97.63236299996368,30.053324000285425],[-97.63077100022727,30.051979999884093],[-97.63045900005774,30.05172500004892],[-97.62765200015346,30.049434999792492],[-97.62626299990832,30.048301999716593],[-97.62533300014583,30.047544000030644],[-97.6237330000135,30.04623200035481],[-97.62365400037078,30.046174999839245],[-97.62275600039533,30.04552399972815],[-97.62273100028098,30.045503999680847],[-97.62115000041521,30.0440269998048],[-97.62104499993492,30.04392900038649],[-97.61524600017844,30.039174999650097],[-97.61491700029049,30.038905000031395],[-97.60325199993208,30.028921000383967],[-97.602964000052,30.02875399988009],[-97.60270799995895,30.02849699979849],[-97.60244000017035,30.02830000030169],[-97.60227600013883,30.0279930002066],[-97.6015560004386,30.027657000091995],[-97.6005639998535,30.026728999747725],[-97.5997320000003,30.026056999921895],[-97.59939800008945,30.025755000111445],[-97.59934700003582,30.025420999821456],[-97.5967760001331,30.023216999955],[-97.5949450000221,30.021646999984977],[-97.59354800027936,30.02045999974202],[-97.59349999970046,30.020407999681016],[-97.59324699998048,30.020190999954945],[-97.59319799957667,30.020149000003265],[-97.593078999751,30.020044000046294],[-97.58835299987216,30.016148000309368],[-97.58663999976193,30.01473300005079],[-97.58644999979111,30.01459700017684],[-97.58607200039766,30.014275000338078],[-97.58456500015177,30.01296400003634],[-97.58329399990738,30.01186899969514],[-97.58125799975697,30.0100929997574],[-97.58109100025071,30.009935000354034],[-97.58069899971524,30.009590000329094],[-97.57774200002315,30.006988999793435],[-97.57475500019382,30.004345999881657],[-97.57397799969388,30.003661999648923],[-97.5731209997263,30.00290899991119],[-97.57214800030609,30.002096999612252],[-97.57141099998911,30.001481999933297],[-97.5699520003221,30.00042799974855],[-97.56966100006896,30.00021799998047],[-97.5694879998166,30.000090000229804],[-97.56819099963298,29.999127999786932],[-97.563369000393,29.995046000088543],[-97.55416000030958,29.98724999965844],[-97.55300100021823,29.986269000317186],[-97.54888200006172,29.982782000104372],[-97.54843199979992,29.982401000184595],[-97.5479010002456,29.982193999995193],[-97.5478600002377,29.982089000331854],[-97.54784799964384,29.982056000147963],[-97.545762000163,29.980283999989435],[-97.54560999982702,29.980153999668346],[-97.54552399961331,29.980112999771183],[-97.54532000029714,29.98001600009897],[-97.54526400022061,29.97988000011019],[-97.54323899994087,29.97815500018077],[-97.54304899997005,29.978046999646036],[-97.54292900031946,29.977943000172935],[-97.54207499982662,29.977252999833333],[-97.54101199999472,29.976377000149757],[-97.54038000015805,29.975835000010623],[-97.54034499999796,29.975791000104998],[-97.54019199983708,29.97564399978379],[-97.54002000030795,29.975513999614886],[-97.53947799998464,29.975046000088415],[-97.53772300004162,29.973579999984697],[-97.53753999974352,29.9734269997978],[-97.53752700022302,29.973407999946357],[-97.53750899978138,29.97336299979214],[-97.53750999960627,29.9733139998086],[-97.53752600039813,29.973170000352198],[-97.52762600002849,29.964788999762042],[-97.52594600042853,29.963367000055545],[-97.52420700037904,29.961895000004205],[-97.52389600003441,29.96167799997527],[-97.52364599978915,29.96142099971557],[-97.52094400036519,29.95913400030049],[-97.5132220004362,29.952731000129198],[-97.5043659996319,29.94510000030431],[-97.50383500007756,29.9446499996675],[-97.50289199989628,29.9438519998005],[-97.50273600026065,29.943770999862835],[-97.50262999995546,29.943629999612185],[-97.50207000008879,29.943156999679854],[-97.50108000005184,29.942318000367],[-97.50078600032397,29.94206899967956],[-97.50027300031297,29.941634999786224],[-97.49599900034576,29.93824099989458],[-97.49594200044437,29.93819600016685],[-97.495332000349,29.93767999996567],[-97.49480799956905,29.93723800019974],[-97.4943180000226,29.936828000130248],[-97.49394300010385,29.936513999792666],[-97.49390700011884,29.936484000234163],[-97.49190399958039,29.93479400011677],[-97.49030500017128,29.933444999721782],[-97.48712800037116,29.930764000356923],[-97.48611499986966,29.929909999690768],[-97.48050199988604,29.925174000227102],[-97.48004999997443,29.924792999815978],[-97.47459199980149,29.92018799978169],[-97.47149899966696,29.917577999760912],[-97.46446399982624,29.911709999949405],[-97.46401399956444,29.911334999743833],[-97.46365600026246,29.911036000075743],[-97.4635819997443,29.910970999825977],[-97.46332400000145,29.910746000071367],[-97.46311499976409,29.910563999981004],[-97.4629199997704,29.91039299976427],[-97.46279799957166,29.910286999992454],[-97.45993200011617,29.907783999809254],[-97.45479299978547,29.9034309999335],[-97.44101900038002,29.89180700017747],[-97.43794700016188,29.88921499982848],[-97.4354409996582,29.8870999998407],[-97.43505499986881,29.886774000266723],[-97.43234000002606,29.884586999896637],[-97.43198500019882,29.88428900025144],[-97.4290279996084,29.88180800020373],[-97.42826400042557,29.88116699997081],[-97.42739999988697,29.880441999919103],[-97.4265499995921,29.879727999745548],[-97.42594100021996,29.879217000155776],[-97.42491600002289,29.878358000055947],[-97.4240990002383,29.87767199963961],[-97.42369300035743,29.877244999660387],[-97.42250400012885,29.8762740002628],[-97.42121899964079,29.87522399989983],[-97.42068300006359,29.874759999743002],[-97.41507099990486,29.869896000348774],[-97.41136799967495,29.866779999673714],[-97.40640199959661,29.862617000041478],[-97.40633299999965,29.862558999821573],[-97.40410299968046,29.86068900032274],[-97.39918199980798,29.85656300014363],[-97.39811099958015,29.855655999845894],[-97.39570399970896,29.853617000086107],[-97.39038500035153,29.849111000253753],[-97.38930800027593,29.848208999848584],[-97.38902799989343,29.847973999821612],[-97.38884700014349,29.847822000222486],[-97.38867899991399,29.847680999726233],[-97.38820100006308,29.847221999914577],[-97.38805499957492,29.84708199979142],[-97.38792700042671,29.846958999983244],[-97.38770300012074,29.84674900034058],[-97.38734599974535,29.84642700003073],[-97.3871099997438,29.84621799971915],[-97.38653800018157,29.845800000121237],[-97.38579699966664,29.845237999686194],[-97.38564299968085,29.84512100037216],[-97.38543900036467,29.84496599971789],[-97.3854000000066,29.84493300003518],[-97.3851530001344,29.84472599986401],[-97.37527000038153,29.836434000082576],[-97.36687600043291,29.82943000021404],[-97.3650169998345,29.82792599994814],[-97.36460000008297,29.827609999665537],[-97.36409100026994,29.827224000356747],[-97.36363400033547,29.826835999827548],[-97.36293999967617,29.8262469998429],[-97.35966699961658,29.82346799970604],[-97.35769900013655,29.821796999625338],[-97.35690400009325,29.821122000080543],[-97.35673800041191,29.820981000085087],[-97.35622200002786,29.82056899966613],[-97.35330499962043,29.818237999848854],[-97.3530069996946,29.818000000380998],[-97.35265900043838,29.81772199978081],[-97.35167100005124,29.8169320003317],[-97.35165199978465,29.816916000130348],[-97.34481699996046,29.81092900007964],[-97.34470200033275,29.81082799996039],[-97.34464799990607,29.810781000340814],[-97.3384409997206,29.805544000373605],[-97.33747699962291,29.804742999646148],[-97.33500000032983,29.802687000341827],[-97.33452199958063,29.802284000367926],[-97.33379199983467,29.80166900003869],[-97.33376500007049,29.801645999696955],[-97.32963099984535,29.79816500001749],[-97.32897999974212,29.79761600033741],[-97.32660899985595,29.795627999909883],[-97.32511900022679,29.79437800028601],[-97.32163199990696,29.7914380000465],[-97.3213900000576,29.79123399966371],[-97.318994999882,29.78921499985586],[-97.31809500025672,29.78845699992977],[-97.31582300010476,29.786540999788],[-97.30873600038548,29.79299500021769],[-97.30778999983113,29.79385599989486],[-97.30250699956039,29.79866699994808],[-97.30234500007701,29.798810999882583],[-97.29964600012775,29.801207999874226],[-97.29937999998899,29.801448999908956],[-97.29376899965517,29.806539000218713],[-97.29250400015692,29.807685000334615],[-97.2900810003922,29.809883000083683],[-97.2894689997487,29.81043799964596],[-97.28696800016618,29.812707000137266],[-97.28469799966402,29.81476599996147],[-97.28234199984645,29.81689300017747],[-97.28152800043492,29.817628999942904],[-97.28054199969759,29.818518999637327],[-97.2800060001204,29.819002999756513],[-97.27998000018113,29.819023000174745],[-97.27995699971659,29.81904800030227],[-97.27783799972549,29.820961000058546],[-97.27766700002127,29.821115999769766],[-97.2764719999449,29.82219500012449],[-97.27635700031716,29.822299000181797],[-97.2756340002439,29.822952000136873],[-97.27532899974705,29.82322699973889],[-97.27510299979126,29.823432000239354],[-97.27025300006385,29.827814999748163],[-97.26990599973423,29.828128999679038],[-97.26971199956547,29.82830400008343],[-97.26968200032655,29.828325000048988],[-97.26951499992197,29.82847199968458],[-97.2694959996554,29.82850000011021],[-97.26829200025651,29.829589000167367],[-97.26353500041553,29.833893999765305],[-97.26075399955224,29.836410999945773],[-97.25839299971179,29.838547999869835],[-97.25823700007618,29.83868900001431],[-97.2557740001285,29.840911000234854],[-97.25079299998154,29.84540499996136],[-97.25026699955177,29.845879999795713],[-97.24620400037008,29.849591000122324],[-97.24349899967474,29.85206199967422],[-97.24171699996754,29.853688999846668],[-97.24132500033038,29.85404700024387],[-97.24103499990214,29.8543120001615],[-97.24083700043374,29.85449899961241],[-97.23919999959318,29.85604799968876],[-97.23899899975173,29.856230999942934],[-97.23197200030691,29.862620999625555],[-97.2308860000105,29.863609000275687],[-97.22669599970887,29.867418999973534],[-97.22183699976067,29.871836999947686],[-97.21804800021535,29.87522500005899],[-97.21560199998609,29.877426999849526],[-97.21421799976383,29.878670999823832],[-97.20670000004935,29.885429999949906],[-97.2044649997073,29.887439999641682],[-97.20444700016395,29.887456000226802],[-97.1988459998759,29.892600999898097],[-97.19423499962478,29.89677599961524],[-97.18887899955911,29.901624000111898],[-97.18778999978794,29.902610000071014],[-97.18538499956658,29.90478700038185],[-97.18445700035223,29.905627999635215],[-97.18434699984905,29.90572699994229],[-97.17352799958758,29.915564999832377],[-97.17081000027008,29.918035999985907],[-97.16823000014654,29.920365999808652],[-97.16534600024937,29.92297300010891],[-97.16415899967059,29.924045999779793],[-97.15771499965867,29.929871999698683],[-97.15610500037891,29.931327999921965],[-97.15522900014477,29.93211999996091],[-97.15179899972634,29.935221000259993],[-97.14402999994168,29.942244999742417],[-97.14345199963337,29.942767999878246],[-97.14320399993626,29.94299099991254],[-97.14316899977617,29.94302300035817],[-97.14274600017684,29.943371999927948],[-97.13813699957558,29.947534999819528],[-97.1361239998897,29.949352000379825],[-97.1349980003086,29.950369000356236],[-97.1336469996983,29.95158799974664],[-97.13091199976405,29.954059999915998],[-97.13001899981147,29.95495400034092],[-97.12949699957966,29.955475999666287],[-97.1289300000403,29.9560430003773],[-97.12850099969491,29.956472999950414],[-97.12454700029315,29.959638000187653],[-97.12446199990434,29.959710999718492],[-97.12113399959316,29.962585000383687],[-97.12107800041498,29.96263600032987],[-97.11963499974318,29.963943999804552],[-97.11819199996967,29.965251999964146],[-97.11670399999035,29.966600000052694],[-97.1152150001861,29.967948999761],[-97.11250500036621,29.970405000357562],[-97.10717900043775,29.97523200024403],[-97.10710999994247,29.975293999959135],[-97.10703600032264,29.975362000003802],[-97.10696099997955,29.97543000000192],[-97.10685600039757,29.975523999693817],[-97.10675199974219,29.97561900000394],[-97.10502399956333,29.97718500030501],[-97.10239599975921,29.97960800035211],[-97.09903700038421,29.982704000337847],[-97.0956780001109,29.985798999683595],[-97.09510800019851,29.98632499966163],[-97.09453800028611,29.986850000149502],[-97.09219800036207,29.989006999978294],[-97.08985900026295,29.991162999855092],[-97.08871100004224,29.992221000225648],[-97.08756299982153,29.993279000212656],[-97.08685900001483,29.99392800003753],[-97.08645800015684,29.99429799981039],[-97.086160000231,29.994572000040193],[-97.08603800003227,29.994684999960135],[-97.08571400016716,29.99498599972498],[-97.08538899957884,29.995287999864136],[-97.08007500024428,30.000220999802476],[-97.07635799977066,30.003683999652484],[-97.07569599979676,30.004291999870937],[-97.07338600000996,30.006411000007937],[-97.07168899979325,30.007979000043907],[-97.06338799973103,30.015645999998497],[-97.06279000022955,30.016197999674393],[-97.06195800037635,30.01697900001785],[-97.06114400006648,30.0177439998024],[-97.05959599981269,30.01916799996109],[-97.05831799989564,30.020341999893446],[-97.05614299982803,30.0223550000965],[-97.05328400004522,30.025000999880888],[-97.0523529995595,30.025853999815855],[-97.05133499993345,30.026785999783776],[-97.04438799995626,30.03314399998115],[-97.04436500039004,30.033151000093717],[-97.04433500025281,30.033191999854306],[-97.04426599975753,30.03325500004142],[-97.04412799966526,30.033381999642597],[-97.04400100034198,30.03349800005472],[-97.04237799974511,30.03498400000037],[-97.04190800029015,30.035413999902623],[-97.03927600028807,30.037823000260506],[-97.03880199973683,30.038256999811015],[-97.03430299963871,30.0423879997614],[-97.03168300023052,30.04479700008142],[-97.03113800043246,30.045297999736672],[-97.03077199983628,30.045633999915907],[-97.02630899972317,30.0497359997948],[-97.02446099989373,30.051435000017772],[-97.02477700026121,30.052581999832622],[-97.02510500032427,30.053769000237274],[-97.02549600013654,30.055191000053526],[-97.02583500007024,30.056419999655677],[-97.02649899969396,30.058827000274142],[-97.0270929998958,30.060981000272903],[-97.02722199976724,30.06143599999236],[-97.02857699967718,30.066360999954007],[-97.02875999997529,30.06702699979769],[-97.02945700010929,30.06955799964129],[-97.03001699997596,30.071594999635938],[-97.03070200041437,30.07408899974852],[-97.0307119995618,30.074158000186472],[-97.03072699963042,30.07417900037777],[-97.03129700044114,30.076256000204857],[-97.0313660000381,30.0765070002832],[-97.03149200043481,30.07696499997422],[-97.03246499985501,30.080506000186826],[-97.03246700040314,30.08053200038349],[-97.0324780002738,30.080553999647634],[-97.03330900030211,30.08357800033729],[-97.03404499989587,30.086256000232385],[-97.0370419997709,30.09716699993226],[-97.0372309999168,30.097853000248943],[-97.0402720001728,30.1089259999956],[-97.04036000003636,30.10924500020904],[-97.04063600022087,30.110249999918825],[-97.04092199955282,30.111290999760556],[-97.04102200001026,30.111655999789235],[-97.042855999596,30.11832800030994],[-97.04287900006054,30.118412000044707],[-97.04378100023395,30.12169700010721],[-97.04404099962662,30.1226439998122],[-97.04422800012269,30.123322999684305],[-97.04471900039236,30.125145000315406],[-97.04531699989386,30.127336000140716],[-97.04568199976684,30.128650000198963],[-97.04626300044822,30.130737999906746],[-97.04661599972731,30.13201699997442],[-97.04821000001185,30.137946999786426],[-97.05048999966145,30.146278999667746],[-97.05094800031917,30.147952000211852],[-97.05261799987338,30.154054999622655],[-97.0529090001265,30.15511600017546],[-97.05382200017058,30.158453999923207],[-97.0541900004166,30.159800000001926],[-97.05638800005043,30.16783100025844],[-97.05728600002587,30.171110000061987],[-97.05764599987597,30.172426999642326],[-97.05918800028199,30.17806399972928],[-97.059300000435,30.178472000283726],[-97.0594130004129,30.178883999974243],[-97.05968299985132,30.17987099992517],[-97.0598710001723,30.180554999845207],[-97.06022000015174,30.18196399961576],[-97.06039199968087,30.182660999614257],[-97.0604000000768,30.182693999718097],[-97.06045699997821,30.182923999969965],[-97.06056300028342,30.183206999769233],[-97.06062699985753,30.183377000067274],[-97.06076599977469,30.183865999814078],[-97.06082600004915,30.184078000001307],[-97.06087999957752,30.184248999724588],[-97.0610679998985,30.18484299964479],[-97.06130399990005,30.18558799990097],[-97.06133800023522,30.185693999751624],[-97.06142400044895,30.18603199974413],[-97.06145000038823,30.186130999740566],[-97.06147499960427,30.186229999637515],[-97.06147399977937,30.18626300009871],[-97.06152400000808,30.18642400016666],[-97.06205100026276,30.18793600005015],[-97.06209899994334,30.18812399964985],[-97.06298400039832,30.191570000354126],[-97.06336099996686,30.19294300022793],[-97.06345200020345,30.19327800000863],[-97.06346800009699,30.193334000259465],[-97.06576100016535,30.201655999804192],[-97.06786400026293,30.20904200012714],[-97.06790699992062,30.209192999674585],[-97.06793600023295,30.209298999732557],[-97.06801700042381,30.209593000204126],[-97.0687210002305,30.21213899984638],[-97.0694250000372,30.214685000372217],[-97.0696159998329,30.21537600029026],[-97.06980599980369,30.216066000183933],[-97.07166600022703,30.222798000014627],[-97.07352699957696,30.22953000013207],[-97.07430699955162,30.232355000235756],[-97.07437900041998,30.232615999668997],[-97.07446300008556,30.232917000236643],[-97.07451699961392,30.233112999641623],[-97.07454799957605,30.23322499979136],[-97.07461100022356,30.233454000296437],[-97.07464300001061,30.233568000135467],[-97.0760790001114,30.23876600026739],[-97.0771210000269,30.242639999979666],[-97.07836799998182,30.247280000246757],[-97.07843400010407,30.247495999997046],[-97.0785010000512,30.2477109997655],[-97.07927600000303,30.25021299998863],[-97.07953799994384,30.251114999967566],[-97.0799360003271,30.25248399979903],[-97.08006699984836,30.25293499970986],[-97.08013100032076,30.25315400012584],[-97.08017599962831,30.25334300027306],[-97.08020800031365,30.253475999928735],[-97.08023900027581,30.253606999734476],[-97.08028899960621,30.253819000210946],[-97.0803449996827,30.25402300003255],[-97.08054800007228,30.25475099980677],[-97.08071899977652,30.255364000158433],[-97.08183400038526,30.25935699982338],[-97.09081599978963,30.265327999873424],[-97.09141300036453,30.265724999844068],[-97.09246199995272,30.266422000017403],[-97.0940520000393,30.267478999698362],[-97.09557500017873,30.268456000139768],[-97.09559199989717,30.26846800022373],[-97.09715400039468,30.26951799995041],[-97.09844700038032,30.27038800019383],[-97.10007799957648,30.271485999976715],[-97.10010100004102,30.271500999812393],[-97.10246799972923,30.273076000060748],[-97.10249899969136,30.27308200020845],[-97.10251200011017,30.273104999995358],[-97.10262900028603,30.273183000311988],[-97.10333599956746,30.273653000172086],[-97.10507399979205,30.27484299977432],[-97.10515099978494,30.27489600011204],[-97.10577799959874,30.275325000240755],[-97.10596300044499,30.275449000377158],[-97.10859299989893,30.277209000159836],[-97.11203699966275,30.279513000367363],[-97.11240300025898,30.279758000115617],[-97.1130119996311,30.28016600016276],[-97.11405799974456,30.28086200025228],[-97.11450499963331,30.281158999851062],[-97.12178600041963,30.286005000000536],[-97.12273200007566,30.28663399965498],[-97.12474300011174,30.287971999996483],[-97.12512600042638,30.288226999820804],[-97.12542199980406,30.288421999923596],[-97.12571899990499,30.288618000280785],[-97.12819899957113,30.290273000021458],[-97.13067900013556,30.29192900037072],[-97.13112299965124,30.292224999990818],[-97.13258700023944,30.29320199996462],[-97.13405099992936,30.294177999704214],[-97.1351680001879,30.294922000261234],[-97.13628399972325,30.295666999622227],[-97.13722500025473,30.296293999793697],[-97.14699900022765,30.30281200001305],[-97.1470229996188,30.302818999614807],[-97.1470369998625,30.30283700002895],[-97.14890599960833,30.30408300006758],[-97.15182399984067,30.306029000009485],[-97.1576610001303,30.309926999772845],[-97.15881100000082,30.310695000176466],[-97.1634349997724,30.313784999725826],[-97.16658200033363,30.31588600002523],[-97.1697280001716,30.317987999820353],[-97.17166899988746,30.319283999743522],[-97.17247200032668,30.319820999691082],[-97.17312699972958,30.320257999736103],[-97.17361399980129,30.320584000070586],[-97.17602300022062,30.322193000124795],[-97.17613600019853,30.32226900035425],[-97.176373000025,30.3224270000916],[-97.17779999990496,30.32338000002809],[-97.18718700026359,30.329650999680368],[-97.18863099986199,30.330616000122937],[-97.19168399981356,30.332619999957277],[-97.19669500009775,30.335908000293752],[-97.19855299997293,30.337197000113207],[-97.19891399964796,30.337448000011328],[-97.19912200006041,30.337569000241963],[-97.19957800017,30.33783300022615],[-97.20381899962692,30.339901000281273],[-97.2077319999191,30.34173999999895],[-97.20855100025186,30.342127999902164],[-97.21028299973035,30.342947999720938],[-97.21032700011128,30.342969000001393],[-97.21058300020431,30.34309199978176],[-97.21172200020419,30.343635999994664],[-97.21200599988632,30.343771999963092],[-97.21228899974354,30.343906999665123],[-97.21401600009746,30.344731999655437],[-97.21574299955309,30.345557999729575],[-97.21815299979731,30.346710000000613],[-97.21989799969461,30.347543999983667],[-97.22405299983613,30.349530000246435],[-97.22770699966223,30.351276000280745],[-97.22774699984521,30.35130200033443],[-97.22778299983021,30.351312000353225],[-97.2278029999217,30.35132200037101],[-97.22838200005492,30.351598999682256],[-97.23215899990468,30.353406000382204],[-97.23864200027467,30.35652499969728],[-97.23887599972807,30.35663800001937],[-97.24072799975549,30.3575300001884],[-97.24929800032952,30.361653999771057],[-97.25026999992483,30.362121999642493],[-97.25080999969998,30.362393999936703],[-97.25170699985054,30.36284800021878],[-97.2519500004231,30.36297099981465],[-97.25435300009633,30.364102999947875],[-97.25458999992279,30.364215000171743],[-97.25461800041019,30.364234000024],[-97.25465199984706,30.364244000271068],[-97.25564100005911,30.364709999645743],[-97.25872699962264,30.3661909999128],[-97.26300700033595,30.368245999706897],[-97.26305599984143,30.36827000024369],[-97.26365300041631,30.36855700019933],[-97.26616400004458,30.369744999643082],[-97.26639599984817,30.369854999980973],[-97.26776400017692,30.37050099980605],[-97.26863100019023,30.370910999873256],[-97.26913199960734,30.371143999840946],[-97.26943600027927,30.371290999648025],[-97.26951699957179,30.37133000027149],[-97.2696150003794,30.3713760002317],[-97.27009700042827,30.37164399963699],[-97.2704880002405,30.37186200020778],[-97.2708749998548,30.37205699970563],[-97.27111400022939,30.372176999978336],[-97.27130900022306,30.372195999833618],[-97.27167599974587,30.372362000207062],[-97.27189300037917,30.3724600001738],[-97.27192799964095,30.372492000284012],[-97.27193900040992,30.372507999947697],[-97.27196899964882,30.372519999693722],[-97.27199299993826,30.3725299998685],[-97.27200800000689,30.372536000127866],[-97.27278600033175,30.372858000073112],[-97.27337100031275,30.3731610000688],[-97.27343999990971,30.373199999946312],[-97.27384400014077,30.373433999659703],[-97.27392899963127,30.37357200038067],[-97.27503099982123,30.374048000272136],[-97.27598200039844,30.374458000189854],[-97.27616700034638,30.374556000380526],[-97.27630899973828,30.374630999716775],[-97.27766000034858,30.375208000239585],[-97.27995800043982,30.376314999907613],[-97.28092300036244,30.376857000348583],[-97.282433999908,30.377705999682753],[-97.28369000008372,30.3782999998711],[-97.28557499972308,30.379198999644025],[-97.2865120000566,30.379655000370423],[-97.28679599973874,30.379693000270372],[-97.28687199990671,30.379721999653803],[-97.28718900009912,30.37999399981219],[-97.28749700007069,30.38004999975081],[-97.28784100002729,30.380242999777817],[-97.28802199977724,30.38023499980439],[-97.2882300001897,30.38033499981317],[-97.2885320003135,30.380478999863126],[-97.28959900034337,30.380988000346647],[-97.28981100005548,30.381089000057337],[-97.29093699963656,30.38162700005683],[-97.29096000010108,30.381642999775277],[-97.29155599995275,30.382061999896166],[-97.29157799969406,30.3820780003183],[-97.29159899961044,30.382093000275752],[-97.29164999966409,30.382128000167576],[-97.29169499986993,30.38216000021266],[-97.29243700020977,30.382516000298327],[-97.29255400038562,30.382572000341728],[-97.2931369998185,30.38285200007769],[-97.29498299999811,30.383738999909244],[-97.29604900020306,30.384274000274733],[-97.29608600001299,30.384274000274733],[-97.29613100021884,30.384297999976212],[-97.29796399997967,30.385180999684714],[-97.29821199967678,30.38530100011922],[-97.2987899999851,30.385578999707242],[-97.30139400039809,30.386833999793904],[-97.30151200039889,30.386891000100558],[-97.30153099976712,30.38690100035485],[-97.30166300001162,30.38696499963336],[-97.30313199972437,30.38767299984881],[-97.305049999874,30.388597000004623],[-97.30752200004252,30.38978899996785],[-97.30782699964107,30.389935999630083],[-97.30850200003374,30.39026000035027],[-97.30872999963938,30.39037000007298],[-97.3089709996638,30.390486000379102],[-97.31281199998598,30.39233700025575],[-97.31356900039444,30.392701999763776],[-97.31441999961591,30.393111999686493],[-97.3154759997751,30.393621000227725],[-97.31610500013704,30.393924000165807],[-97.3169889998688,30.394350000345796],[-97.31709299962587,30.394361999734652],[-97.31847100000034,30.39499899965715],[-97.31873999961385,30.395123999749142],[-97.31939900011302,30.395450000185008],[-97.31940699961064,30.39551599993637],[-97.31974700026758,30.395680000346513],[-97.31980400016897,30.395706999763966],[-97.31989399968235,30.395749999681787],[-97.32117400014754,30.396366999733203],[-97.32381799984519,30.397641000265615],[-97.3248959997457,30.398160000327437],[-97.3250919995643,30.398254999878873],[-97.32646200044115,30.398914000161188],[-97.32660999968084,30.39896099982449],[-97.32665599971159,30.398990999976906],[-97.32702700033069,30.399232999888135],[-97.33203000021895,30.401672999918684],[-97.33215300024258,30.401733000097668],[-97.3321749999839,30.401743999868252],[-97.3344630000294,30.402842999858795],[-97.33521299986685,30.403202999940433],[-97.34166899957435,30.406297999871782],[-97.34176800020687,30.40634499985497],[-97.34181900026049,30.406353000014704],[-97.34186799976598,30.40636699990531],[-97.34305699999457,30.406928999720655],[-97.34427100033753,30.407529000094073],[-97.34452099968445,30.40764900019117],[-97.34569900004239,30.40821100037424],[-97.34617299969533,30.408444999915613],[-97.34903499985117,30.409821999949187],[-97.35157200031703,30.411065999721632],[-97.3516969999905,30.411127999880918],[-97.35565299994039,30.413008000105254],[-97.35572900010835,30.413047999716607],[-97.355816000147,30.413094000179115],[-97.35592599975185,30.413150999879974],[-97.35610200037726,30.41323400017322],[-97.35654500006805,30.41344200028068],[-97.35662999955856,30.413481000348362],[-97.35686399991027,30.413586000333815],[-97.35721000041501,30.413759999662616],[-97.357603999702,30.41395899975255],[-97.35780600026666,30.41406100036928],[-97.35783700022881,30.414077000198155],[-97.35900200016795,30.414595999663568],[-97.35922599957563,30.414704999736454],[-97.36066800042252,30.415407000331435],[-97.36113299985462,30.41563300026733],[-97.36317800022587,30.416617999721424],[-97.36356099964219,30.4168049996786],[-97.36388799988036,30.416964000217824],[-97.36497199962865,30.417470000078456],[-97.36558599992196,30.41775700038424],[-97.36578599993851,30.417852000234745],[-97.3662350003754,30.41806400017107],[-97.3662560002918,30.418074000332098],[-97.36699400043366,30.418429000348983],[-97.36925499981669,30.419530000135342],[-97.36949099981824,30.41964200035257],[-97.36953900039711,30.419562999624777],[-97.37020800004372,30.418463000300353],[-97.3712130001493,30.416842999845656],[-97.37148699978569,30.416374000071198],[-97.37256200021146,30.414541000291294],[-97.3727270000679,30.414253999824375],[-97.37342599985175,30.413041000250647],[-97.37411700013796,30.41192500005904],[-97.37470299994388,30.411055000226572],[-97.37486600015048,30.410805999774293],[-97.37503299965675,30.410547000079834],[-97.37507299983973,30.410479000073078],[-97.37511499967252,30.410405999933328],[-97.37518199961967,30.41029000004476],[-97.37519099984048,30.410281000034267],[-97.37520300043438,30.410269999676007],[-97.37523500022142,30.41024700033153],[-97.37527399968118,30.41022000028571],[-97.37538400018434,30.4100470002454],[-97.37620000014402,30.408769999854535],[-97.37722699999092,30.40708599966582],[-97.3780770002858,30.405619000062742],[-97.37855000011382,30.404802999826558],[-97.37867999981015,30.404579000072765],[-97.37872699966583,30.40449799985886],[-97.3787529996051,30.404453000227516],[-97.37877500024472,30.404416000119078],[-97.37878399956723,30.404400000256324],[-97.3788510004127,30.404284999664377],[-97.37943200019575,30.40328300020879],[-97.38075399959541,30.40100200031229],[-97.38225699964335,30.398408999713965],[-97.38318399993113,30.396835000009666],[-97.38607299985118,30.391927000179795],[-97.38669899984005,30.39086400001996],[-97.38712999983528,30.390129999884277],[-97.38736099981396,30.389737999780298],[-97.38833900015537,30.38807800027573],[-97.39083999973788,30.38379799981078],[-97.39085900000447,30.38376600030205],[-97.39087400007305,30.383740000354464],[-97.39090800040826,30.383680999642955],[-97.39099899974654,30.383524999717896],[-97.3911949995651,30.383190000378434],[-97.39120399978594,30.383174000138354],[-97.39121200018185,30.383160999699168],[-97.3915800004279,30.38253199987118],[-97.39340599961773,30.379405999681687],[-97.39506100000163,30.37659499974426],[-97.39587899961116,30.375206999707082],[-97.39642199975937,30.374267999666767],[-97.39694399999118,30.373364999613667],[-97.39900299970782,30.369739999800892],[-97.40008900000426,30.36790599999562],[-97.40013699968482,30.367823999769755],[-97.40216600016255,30.364395999715654],[-97.40220799999534,30.364324999754636],[-97.4022330001097,30.364282999829836],[-97.40230799955447,30.36415600007669],[-97.40259600033286,30.363668999903513],[-97.40307400018376,30.36286200014281],[-97.40347800041481,30.362180000298732],[-97.40369500014978,30.361812000282786],[-97.403725000287,30.361761000223986],[-97.404118999574,30.36109600033662],[-97.40431199991785,30.36077000001898],[-97.4043379998571,30.36072600030658],[-97.40463800033108,30.360220000253783],[-97.40485800043909,30.359848000181408],[-97.40493399970876,30.359718000347634],[-97.40496700021905,30.35966400022278],[-97.4049980001812,30.35961199990213],[-97.40705799972275,30.35612999984406],[-97.40712999969276,30.356007000172443],[-97.40792899993403,30.354644000102592],[-97.40924200001118,30.352407000105604],[-97.40927299997331,30.352353999812223],[-97.40932700039997,30.35226199980518],[-97.4093929996239,30.352149999848425],[-97.40945700009632,30.352039999752165],[-97.40949899992911,30.3519690001248],[-97.40980400042595,30.35144999973322],[-97.40983700003791,30.35139399969371],[-97.40984899973348,30.35137299967065],[-97.4098629999772,30.351348999638738],[-97.40987499967274,30.351329000382833],[-97.41047999974525,30.35029700020859],[-97.41054500004257,30.35018600034152],[-97.41055000006544,30.350178000234507],[-97.41068999980754,30.34991800027624],[-97.41085200018922,30.349662999720657],[-97.41244300010074,30.346950999850247],[-97.41246800021509,30.346908000171464],[-97.41247400006287,30.346897999702612],[-97.41250599984993,30.34684200015903],[-97.41321499967948,30.345633999656446],[-97.41392299968416,30.3444269998208],[-97.4139620000422,30.344360999685787],[-97.41399399982927,30.344306999612638],[-97.41549000020451,30.34177200008112],[-97.41565900025891,30.3414859999447],[-97.41577700025968,30.341286000225633],[-97.41582199956723,30.34121000002372],[-97.41584400020683,30.341171999900613],[-97.4158550000775,30.341153000221162],[-97.415975999553,30.34094800005846],[-97.41660400009003,30.339883999817076],[-97.41663500005217,30.339830999719094],[-97.41665900034162,30.33979100037217],[-97.41670299982424,30.339717000025452],[-97.41673200013656,30.339668000320337],[-97.4167420001823,30.33965099981567],[-97.41674700020518,30.339642000277017],[-97.41678300019018,30.33957999972832],[-97.41680999995437,30.339534999668093],[-97.41684599993938,30.33947399994971],[-97.41709199998667,30.339056999802036],[-97.41758300025634,30.338224999876047],[-97.4176150000434,30.338171000294405],[-97.41762599991405,30.33815200003251],[-97.41764900037859,30.338113000136207],[-97.4176640004472,30.338087999816867],[-97.41768700001342,30.338050000032435],[-97.417734999694,30.33796800036583],[-97.41779400014354,30.33786799967721],[-97.41803299961983,30.337462999836585],[-97.418403000414,30.336837000368494],[-97.41937300035946,30.335193000137995],[-97.41963799977503,30.33474400032073],[-97.4197700000195,30.334519999726645],[-97.4198129996772,30.334447000221925],[-97.41981799970009,30.334439000379074],[-97.41983199994377,30.334413999896867],[-97.41989100039333,30.334314000230226],[-97.42309300030782,30.3288850002239],[-97.42311699969895,30.32884400005069],[-97.42358799987713,30.328049999986916],[-97.42465499990699,30.32617400030595],[-97.4251699995678,30.32529600035179],[-97.4254800000875,30.324759999672594],[-97.42555299988246,30.324643000219353],[-97.42556700012615,30.32462000011157],[-97.42569699982249,30.32439800017583],[-97.42673999956291,30.322621000117454],[-97.42779400007227,30.320824999870247],[-97.42828600016686,30.319986999747893],[-97.42833899987032,30.319897000209775],[-97.43112599968309,30.31514899985666],[-97.43125799992757,30.314923999827716],[-97.43126399977537,30.31491300037136],[-97.43162699999853,30.3142950001698],[-97.43350199959215,30.311101000220145],[-97.43366399997386,30.310824999972397],[-97.43382399980742,30.310552000201817],[-97.43386599964022,30.310480000314605],[-97.43390900019624,30.310406999954814],[-97.43449099980421,30.30941600020931],[-97.43584099969127,30.30721299970732],[-97.43584800026228,30.307200999708723],[-97.43607099984503,30.30681600007393],[-97.43660700032056,30.305893000365185],[-97.43668299959023,30.305761000073794],[-97.43686599988834,30.30544399964094],[-97.43688400033,30.305412999793177],[-97.43695799994985,30.30528400027116],[-97.43696700017067,30.305269000171425],[-97.43697800004132,30.305249999731643],[-97.43712000033156,30.3050040003579],[-97.43716100033943,30.304933999672965],[-97.43728299963986,30.304722000240698],[-97.4372990004317,30.304694999749653],[-97.4373980001659,30.304524999790328],[-97.43740300018878,30.304516999830625],[-97.43786599997105,30.30371800027338],[-97.4389890000774,30.30178100013229],[-97.43934599955445,30.30116500036907],[-97.44099000006771,30.298369000247053],[-97.44109299999988,30.298193999782967],[-97.44110999971832,30.298163999738534],[-97.4411159995661,30.29815500026633],[-97.44112099958896,30.29814699978685],[-97.44112899998488,30.298132999915673],[-97.44531400026364,30.291015000266356],[-97.44533199980697,30.290983999734966],[-97.44615000031482,30.289593000013426],[-97.44635600017912,30.289243000031064],[-97.4471639997429,30.287868999852087],[-97.44719999972791,30.287806999893824],[-97.44723499988801,30.287746999646636],[-97.44724900013172,30.28772400018855],[-97.44726699967507,30.287694000044173],[-97.44733699999526,30.28757500002751],[-97.4473460002161,30.287558999668754],[-97.44743999992743,30.287397999937753],[-97.44761099963165,30.287107999779703],[-97.4477410002263,30.286887000086683],[-97.44780099960245,30.286786000124447],[-97.44804900019787,30.286363999679473],[-97.44808299963475,30.28630599988084],[-97.44831399961345,30.28591299972657],[-97.44848400039106,30.285619000245745],[-97.44849100006375,30.285606999931613],[-97.4485010001095,30.285594999616016],[-97.44850699995729,30.285584999869034],[-97.44856200020887,30.285491000180635],[-97.44867900038473,30.285292000081164],[-97.4487060001489,30.285246000008517],[-97.4487689998981,30.285138999722363],[-97.44883300037053,30.28503100019242],[-97.44884400024118,30.285011999709763],[-97.44885500011182,30.284993999902344],[-97.44888299970091,30.28494499997889],[-97.44895100037131,30.28482900022093],[-97.44901199957235,30.284725999879555],[-97.44902400016623,30.28470600020743],[-97.44906900037206,30.28462899964744],[-97.44908100006764,30.28460899995554],[-97.44911500040281,30.284550999895032],[-97.44912100025061,30.284541000041656],[-97.44919400004555,30.28441599984889],[-97.44929199995482,30.284249000149593],[-97.44931500041938,30.284209999742238],[-97.44932100026715,30.284199999854106],[-97.44932899976475,30.28418700023067],[-97.4493460003815,30.284157999692123],[-97.44937700034365,30.28410499970221],[-97.44939900008495,30.28406799983866],[-97.44940499993272,30.284057999936046],[-97.44941499997849,30.28403999995361],[-97.44944099991774,30.283995999896426],[-97.44951000041304,30.28387899987757],[-97.45039800034274,30.282368000199877],[-97.45042599993184,30.282321000377383],[-97.45251700033386,30.2787640002471],[-97.45386700022091,30.276468000218774],[-97.45472699966324,30.274991999875137],[-97.45488200037225,30.274726999711028],[-97.45514299958984,30.2742789998382],[-97.45690900030185,30.271249000096347],[-97.45730299958882,30.270573000335027],[-97.45732699987826,30.270531999822186],[-97.46044500012715,30.265179999950497],[-97.46087399957423,30.264445999992656],[-97.4615969996475,30.26314100038565],[-97.4618000000371,30.26241500021827],[-97.4618900004488,30.2621150001337],[-97.4619120001901,30.262043000380483],[-97.461981999612,30.261807000345097],[-97.46200000005364,30.261746999719666],[-97.46264399958588,30.260757999775194],[-97.46369499972221,30.259079000285574],[-97.46407499966381,30.258451000342045],[-97.46471999991928,30.25743100030267],[-97.46516799963294,30.256703999632297],[-97.46547099958164,30.25624300032241],[-97.46592800041444,30.25544499966311],[-97.46651300039545,30.25455200023592],[-97.46704300012486,30.253637999657006],[-97.46742300006646,30.252981999634795],[-97.4674950000365,30.252864999895557],[-97.46781100040398,30.252348999880745],[-97.46825400009476,30.25167800002894],[-97.4687849996491,30.250886000259996],[-97.4690440001152,30.250456000180247],[-97.4693119999038,30.250012000017808],[-97.46933600019325,30.249971999715854],[-97.46940200031548,30.249864000293755],[-97.46958300006546,30.24956500016055],[-97.46958899991323,30.24951699988831],[-97.4695920002863,30.249498999780165],[-97.4697560003178,30.24927399970219],[-97.46987799961822,30.249042000327243],[-97.46995200013639,30.24890199975709],[-97.47003400015215,30.24874799983068],[-97.47011199996996,30.248599000256654],[-97.4701560003509,30.24851599998973],[-97.47159999994929,30.24592700023502],[-97.47198900011172,30.245249999685097],[-97.47277099973623,30.243892999924125],[-97.47287600021652,30.243711999708545],[-97.4732269998458,30.24309999993178],[-97.47362199985602,30.242414000155787],[-97.47432400001288,30.24119399987147],[-97.47444000036384,30.240993999652265],[-97.47504500043635,30.239945000334924],[-97.47547300005853,30.23920299976509],[-97.47575900028878,30.238704999939667],[-97.47595400028244,30.238368000385826],[-97.47598100004662,30.23832099967915],[-97.47602999955213,30.238236999664732],[-97.47614400025324,30.23803899962389],[-97.47630400008681,30.237761000296633],[-97.4763240001783,30.237726000035245],[-97.47645300004973,30.237499999777096],[-97.47734799965214,30.235946999760472],[-97.47766300019472,30.235401999963248],[-97.47775199988318,30.235245999792546],[-97.47851500013944,30.233920999636016],[-97.4789150001725,30.23322699987605],[-97.48041999987028,30.230614999760853],[-97.48090899959183,30.229766000084442],[-97.48126900034023,30.229140999704402],[-97.481343999785,30.22900900018525],[-97.48205900036065,30.227768000293203],[-97.48247699993709,30.227043000027354],[-97.4826600002352,30.226725000203878],[-97.48268399962635,30.226686000235222],[-97.48384199989279,30.224792000142408],[-97.48391600041093,30.22467099970174],[-97.48400799957412,30.22452100036648],[-97.484012999597,30.22451300009539],[-97.4840190003431,30.224503000337744],[-97.4840620000008,30.22443299967716],[-97.48407000039673,30.224419000160054],[-97.48407600024451,30.22440899961662],[-97.48408799994007,30.22438999982326],[-97.48412099955205,30.22433599965519],[-97.48413999981862,30.22430499980404],[-97.48415800026028,30.224273999943126],[-97.48497500004488,30.222863999695715],[-97.48631200041146,30.220557000156983],[-97.48632900012991,30.22052800023394],[-97.48770699960606,30.218129000119635],[-97.48866200038125,30.216552000349868],[-97.4890670004372,30.21585299995344],[-97.49013799976672,30.21406499965825],[-97.49026800036137,30.213848000348413],[-97.49080700031162,30.21294900032707],[-97.49098399986363,30.2126180001811],[-97.49111500028319,30.212372000010376]]]},"properties":{"GEOID":"48021","BASENAME":"Bastrop","STATE":"48","COUNTY":"021","AREALAND":"2300496000","NAME":"Bastrop"}},{"type":"Feature","geometry":{"type":"Polygon","coordinates":[[[-97.82233300026914,29.931958999967044],[-97.82291300022726,29.931627999746503],[-97.82467499984298,29.930621000370646],[-97.82532000009844,29.93025999971419],[-97.82622399992168,29.92975399963075],[-97.82662899997763,29.92951700023935],[-97.82696799991135,29.92931799972321],[-97.8273589997236,29.929085000103665],[-97.82834600028583,29.928409000258938],[-97.82877700028105,29.928096999859907],[-97.82989100016657,29.927272999673065],[-97.83032899983448,29.926931000281208],[-97.83046600010184,29.92682399978845],[-97.83052999967595,29.92677300016074],[-97.83088799987624,29.9264949996848],[-97.832252000007,29.92545700033234],[-97.83251200029801,29.925256999826935],[-97.83381500032942,29.924259999615835],[-97.83460500034984,29.923647999829097],[-97.8353789995784,29.923077000254494],[-97.83574900037259,29.922837999615595],[-97.83602100035915,29.922662000260512],[-97.83616299975107,29.92257100024635],[-97.8366099996398,29.92228200004323],[-97.83671000009723,29.922222000122122],[-97.8368210004253,29.922157999855084],[-97.83695000029675,29.922085999700123],[-97.83750299959239,29.92177599988701],[-97.83771100000484,29.92171999998863],[-97.8378979996026,29.92162699972631],[-97.83865400018615,29.921252000273526],[-97.83919099958827,29.920986000243403],[-97.83933500042663,29.920916000199313],[-97.8397849997901,29.9206920000389],[-97.84009000028695,29.920539000216625],[-97.84170799996262,29.91973300002912],[-97.84264600012105,29.91926500031658],[-97.84327200010995,29.918953000064683],[-97.84478299965548,29.91819999988399],[-97.84632000003863,29.91743300004628],[-97.84650699963639,29.917339999672414],[-97.84715899956454,29.917014999885765],[-97.84852600006836,29.916337000334686],[-97.84902999985852,29.916079999710497],[-97.84917799999653,29.916000000274604],[-97.85021900008711,29.91541499996417],[-97.85054700015017,29.915207999666034],[-97.8507320000981,29.915083000251816],[-97.85113700015405,29.91480899966018],[-97.85116499974316,29.914790000287425],[-97.8516679997084,29.914437000298804],[-97.85173700020367,29.914391999930203],[-97.85205199984794,29.91418700015651],[-97.85213100038898,29.914127999797813],[-97.85236700039053,29.913951000069243],[-97.85263699982895,29.913746999939065],[-97.8527730002714,29.91365499978943],[-97.85314399999216,29.913405000019885],[-97.85363899956147,29.91305700024896],[-97.85403199992187,29.912762999991546],[-97.85415599977043,29.912676000185915],[-97.85442299973413,29.912489000024355],[-97.854836000186,29.912193000070957],[-97.85595799956913,29.911405000294295],[-97.85605200017876,29.91133399994698],[-97.85640600018111,29.91107299967187],[-97.85691800036719,29.910730999913856],[-97.85704899988842,29.910636999706366],[-97.85721700011791,29.91051699980954],[-97.85734199979137,29.910427999987327],[-97.85752300043966,29.91029900001638],[-97.85772900030399,29.910149000003027],[-97.857949000412,29.91000000035272],[-97.85818899971322,29.909836999999225],[-97.85911500017606,29.90916799978114],[-97.85942499979747,29.90895900009426],[-97.85997700016652,29.90855999996985],[-97.86140800024444,29.907559999698144],[-97.8617360003075,29.90732299964403],[-97.86283000010155,29.90655699997581],[-97.86319699962435,29.906289999778554],[-97.86329500043195,29.90621899967852],[-97.86339499999104,29.90614699967901],[-97.86363199981751,29.90598200032733],[-97.86383799968185,29.905837999933617],[-97.863904999629,29.90579300035195],[-97.8653340000571,29.904788000244416],[-97.86546999960123,29.9046839996862],[-97.86553300024873,29.904635999990898],[-97.86610599963586,29.90423599981403],[-97.86657699981406,29.90388299979756],[-97.8672270000924,29.90345099979169],[-97.86748200036052,29.903269000389233],[-97.86801100026503,29.902869000174796],[-97.86891900028624,29.90224700008528],[-97.86959399978062,29.90177100004552],[-97.86965800025303,29.90172500029094],[-97.87033199992248,29.90124999999163],[-97.87083400006283,29.90087199963874],[-97.87152000032619,29.90038199978696],[-97.87189900044285,29.900126999864295],[-97.87328699996478,29.89915399998151],[-97.8737959997778,29.898776000243316],[-97.87436599969018,29.898395999996556],[-97.87463100000406,29.89820800035514],[-97.87524399957417,29.897757000378252],[-97.87586899973815,29.89733299978867],[-97.87612099963322,29.897128999890697],[-97.87729300014337,29.896288999713157],[-97.87765100034368,29.896026999787093],[-97.87779799975844,29.895918999623046],[-97.87806700027026,29.8956930001845],[-97.87964099956501,29.89453200027264],[-97.88018000041357,29.89412400027347],[-97.88069900027236,29.893744000199845],[-97.88112000022183,29.89341399986219],[-97.88186500003641,29.892843999820677],[-97.8819269999607,29.892796999856202],[-97.88241499985732,29.892387999776826],[-97.88272399965382,29.89215700017281],[-97.88320300022792,29.891789000304694],[-97.88334299997001,29.891682000215088],[-97.88413999966313,29.89104100038101],[-97.88445199983265,29.890813000000158],[-97.88509899973795,29.890302000367708],[-97.8853139998231,29.89013199965169],[-97.88579000002416,29.889748999894415],[-97.88601500015506,29.889568999640506],[-97.88690399990968,29.888864999627597],[-97.88704700002481,29.888752000152614],[-97.88896799964921,29.887226000135833],[-97.8900179999606,29.886414999641],[-97.89016000025084,29.886324000001657],[-97.89025099958911,29.886266000325108],[-97.89064800014746,29.88599099986858],[-97.89093699985247,29.88577899969563],[-97.89114600008985,29.885630000208042],[-97.8913689996726,29.885469999877877],[-97.89164700040527,29.885271000136065],[-97.89270500021429,29.884539999933335],[-97.89313799985932,29.884255000261458],[-97.89321400002731,29.8841980002293],[-97.89389600009271,29.883733999766566],[-97.89414399978983,29.883339000199122],[-97.89438099961629,29.882959000291894],[-97.8944660000051,29.8826089999365],[-97.89456200026456,29.88233300020965],[-97.89461400014311,29.882202000294917],[-97.89463699970933,29.882142999688444],[-97.89468299974008,29.882024999928632],[-97.89453899980002,29.881918000263262],[-97.89453100030242,29.881587999720637],[-97.89458400000588,29.88131900019096],[-97.89490500039624,29.879864000358214],[-97.89512600032918,29.8786779999169],[-97.89514399987252,29.878596999922582],[-97.89523299956099,29.87822500011346],[-97.8953549997597,29.87756800038406],[-97.89545400039223,29.876703000014377],[-97.89547899960827,29.876514999963675],[-97.89549200002706,29.876417000385004],[-97.89552299998921,29.875911000170134],[-97.89552600036227,29.875785999750875],[-97.89555399995136,29.874768000274376],[-97.89557599969265,29.87426499998955],[-97.89558699956332,29.87418900037477],[-97.89567500032518,29.87358300016546],[-97.89575200031807,29.87308599966243],[-97.89586600012089,29.87247999976256],[-97.89589000041035,29.87234299979815],[-97.89595700035748,29.87195200028071],[-97.89599800036537,29.871682999686932],[-97.896049000419,29.87134299990825],[-97.89610899979513,29.87092199975406],[-97.8961480001532,29.87064800003153],[-97.8961559996508,29.870591000011675],[-97.89618499996311,29.87041299986324],[-97.89619400018395,29.870363999814728],[-97.89625799975803,29.870035000201327],[-97.89633899994888,29.869560000017355],[-97.89643100001042,29.868970000165614],[-97.89692700030295,29.86504099985056],[-97.897071000243,29.86436899963239],[-97.897247999795,29.86374299972565],[-97.8973730003668,29.863342999834444],[-97.8989729996008,29.858989999943923],[-97.8992749997246,29.858150000227397],[-97.89929099961812,29.858004000193628],[-97.8992889999683,29.857810999853182],[-97.89919600008189,29.857480000245268],[-97.89913199960947,29.85736599993078],[-97.89900199991312,29.85721799962901],[-97.89889099958505,29.85715399968321],[-97.8987819998051,29.857119000231133],[-97.89866800000227,29.857105999696937],[-97.89780900038488,29.857259999863317],[-97.89735099972717,29.857367999828096],[-97.8972610002138,29.857367999828096],[-97.89715200043385,29.857349999971913],[-97.89705199997644,29.85730999967394],[-97.89703699990783,29.857298999842417],[-97.89694599967122,29.857233000048588],[-97.89691600043231,29.857206999787334],[-97.89681000012709,29.857114000085797],[-97.8967680002943,29.857078000278563],[-97.89667299985975,29.857115999988164],[-97.89661699978325,29.857147999978366],[-97.89650800000331,29.857188000341196],[-97.8963670004363,29.857240000087824],[-97.89560500000496,29.857330999773946],[-97.8941849997977,29.857009999655123],[-97.8928180001922,29.85652799970521],[-97.89223300021119,29.85651800013418],[-97.8918399998508,29.856511000044293],[-97.89179100034531,29.856509999697533],[-97.89172100002511,29.856507999783044],[-97.89139799998492,29.856487000288986],[-97.8902149996041,29.856321000200307],[-97.89007300021221,29.856332000139627],[-97.88993000009707,29.85636400038118],[-97.88981899976899,29.856368999785],[-97.88973699975323,29.856384999901127],[-97.88969900011838,29.85639900009801],[-97.88961000042994,29.856411999945177],[-97.889566000049,29.85643300023413],[-97.88930599975801,29.856552999797],[-97.88890700044814,29.85672600035423],[-97.88882100023442,29.856778999906517],[-97.8885169995625,29.85704400036222],[-97.88819000022266,29.857328999875904],[-97.887987999658,29.857607000121043],[-97.88787399985516,29.85776399973801],[-97.88776900027317,29.85801600027913],[-97.88750599960912,29.858473999998495],[-97.88740000020223,29.858658000025393],[-97.88729499972193,29.85978700013564],[-97.88728800004924,29.859837000238507],[-97.88728300002637,29.8598770003028],[-97.88725200006424,29.86020599991153],[-97.88724200001849,29.860308000289848],[-97.88718500011709,29.860462999718088],[-97.88710399992623,29.860684999882178],[-97.88705700007057,29.860812000354052],[-97.88689300003904,29.861061000086355],[-97.88653099964078,29.861613999938495],[-97.88635800028673,29.86180000021721],[-97.88619900027808,29.861970999665004],[-97.88608399975203,29.862094999965066],[-97.88603500024655,29.862265999686414],[-97.88601900035302,29.862279999837405],[-97.88594200036013,29.86228799981152],[-97.88586500036725,29.862297000073763],[-97.88434800007559,29.862460999776406],[-97.88384599993525,29.862335999642696],[-97.88374999967579,29.862300000160996],[-97.88274899976817,29.861768999675466],[-97.88183900009716,29.86128599981691],[-97.88125400011613,29.860976000159972],[-97.88108199968867,29.86088400037801],[-97.8809829999545,29.860832000192772],[-97.88093000025104,29.860820999970333],[-97.88053600006575,29.860740999803433],[-97.87910499998782,29.86074000027813],[-97.87907599967548,29.86073799966933],[-97.87713199958658,29.86062200012794],[-97.87629300006067,29.860571000112255],[-97.87625700007565,29.860569000279124],[-97.87601400040141,29.860554999888087],[-97.87528100028238,29.860293000332433],[-97.87481900032503,29.860076000072638],[-97.87463000017915,29.859902000334806],[-97.87460400023988,29.85981799973491],[-97.87458800034636,29.85976599977332],[-97.8745640000569,29.85970899976929],[-97.87454800016339,29.859636999676706],[-97.87455999985896,29.859499999995403],[-97.87467000036212,29.859407999631934],[-97.87472899991334,29.85935800009317],[-97.87479800040865,29.85929899999756],[-97.87520699976425,29.858991000265885],[-97.87533399998584,29.858839999845305],[-97.87541099997873,29.858707000369122],[-97.8754140003518,29.858544999824648],[-97.8753370003589,29.858377999714282],[-97.87525899964278,29.858207999893427],[-97.87522799968062,29.85813600027612],[-97.87510999967986,29.857856999612952],[-97.87500500009789,29.85772400038506],[-97.87497699961047,29.857688000018758],[-97.87490299999061,29.857593000093598],[-97.87461400028562,29.857351000310253],[-97.87395300013662,29.85679399961301],[-97.87381800041743,29.856707000037485],[-97.87372399980777,29.856647000366692],[-97.87365600003572,29.856602999961847],[-97.87344199977547,29.85637000013316],[-97.87304400029052,29.855939000280497],[-97.87288600010677,29.855611000206657],[-97.87260099970143,29.854650000367368],[-97.87259499985363,29.85463000006893],[-97.87254600034815,29.85446400000844],[-97.87251000036314,29.854165999967567],[-97.87249600011944,29.854051999763715],[-97.8724729996549,29.853859000352053],[-97.87254700017306,29.853705999988115],[-97.87255300002084,29.853694000163557],[-97.8726629996257,29.853464999728622],[-97.87268199989228,29.853180000090067],[-97.87234999963125,29.85272899980866],[-97.87234200013366,29.85271000028937],[-97.87219599964547,29.852518999835844],[-97.87201800026855,29.85240100009505],[-97.87190199991761,29.85232300018984],[-97.87156700018183,29.85217900020469],[-97.87132600015742,29.852155000186936],[-97.87126099986008,29.852149000181633],[-97.8709300003223,29.852115999756275],[-97.87075500042013,29.852051000043517],[-97.87045300029631,29.85193899976784],[-97.87038799999898,29.851914999692443],[-97.86996899969934,29.85175899984074],[-97.86939299993917,29.851545999754467],[-97.86908599979249,29.851431999675267],[-97.86888499995105,29.85135700020822],[-97.86863800007883,29.851335999630564],[-97.86854299964428,29.851328000336895],[-97.86848900011593,29.851343999702742],[-97.8681150000221,29.85145399985102],[-97.8678399996625,29.851612999808648],[-97.8677979998297,29.851626000279104],[-97.86768800022483,29.851661000098918],[-97.86762499957733,29.851681000213066],[-97.86759899963808,29.851689000257586],[-97.86749300023118,29.851722999660538],[-97.86733099984946,29.8519269997309],[-97.8673479995679,29.85217199981053],[-97.86755400033054,29.852357000156008],[-97.86757400042204,29.85237500013342],[-97.867643000019,29.852486000311945],[-97.86775000014913,29.852659000126515],[-97.86776600004265,29.852724999828187],[-97.86783600036284,29.853009999986572],[-97.86771599981394,29.853497000110146],[-97.86768900004977,29.853605999847623],[-97.86753900026191,29.85377500012019],[-97.86716699981794,29.854535000349703],[-97.86700699998437,29.854697999976477],[-97.86649200032355,29.85505599987156],[-97.8646310000753,29.85611200034371],[-97.86438500002804,29.856129999644047],[-97.86412499973703,29.85621299988171],[-97.86405500031515,29.85623499978298],[-97.86392300007067,29.856276999651765],[-97.86371800003124,29.856279000349996],[-97.86335999983096,29.85619400024642],[-97.86326899959435,29.85606500020756],[-97.86318800030182,29.855948999909533],[-97.86291899978998,29.855729000048516],[-97.86285000019302,29.85556599976802],[-97.86284099997218,29.8555439997193],[-97.8627980003145,29.85549700009481],[-97.86254800006924,29.855228000326413],[-97.86240199958105,29.85513799986265],[-97.86236599959604,29.855115999719654],[-97.86227699990758,29.85505999975864],[-97.86200099972307,29.85502299962807],[-97.86197399995888,29.855025000351436],[-97.86185099993523,29.85503399971049],[-97.86182300034615,29.85503599965447],[-97.8617570002239,29.855040999903892],[-97.86168100005591,29.85503800037757],[-97.86156300005516,29.85503399971049],[-97.86144199968132,29.855003000183544],[-97.86135700019082,29.854977000120478],[-97.86131799983275,29.85493999995913],[-97.86129899956617,29.85492199966511],[-97.86129000024367,29.854913999879663],[-97.86128299967265,29.85490600009358],[-97.86126000010644,29.854799999750924],[-97.86124199966478,29.85471499994614],[-97.86123300034227,29.854669999882695],[-97.86119700035725,29.854460999685667],[-97.86113100023502,29.854357000386337],[-97.86108000018139,29.85427499975368],[-97.86098800011989,29.854129999876246],[-97.86097300005127,29.85409799969764],[-97.8609760004243,29.854022000303566],[-97.86097700024924,29.85400700018052],[-97.86097899989905,29.853986999753243],[-97.86098499974682,29.85397199962498],[-97.86098499974682,29.85389400016813],[-97.86099399996766,29.8538340003646],[-97.86095999963248,29.85375999996001],[-97.86093899971607,29.85371900018601],[-97.86089699988328,29.853675999644853],[-97.8608700001191,29.85364800004348],[-97.86057600039122,29.853349000304696],[-97.86051399956864,29.853266000022966],[-97.86050699989595,29.85325600012515],[-97.86031000025245,29.852990000138675],[-97.86021300016807,29.852901999981274],[-97.8601310001523,29.85282700006035],[-97.86007699972564,29.852777999946532],[-97.85920200021471,29.851809000069505],[-97.85902999978725,29.851628000291416],[-97.85841800004208,29.850983999715833],[-97.85833299965326,29.850894999724527],[-97.85825099963749,29.850844999817163],[-97.85798700004685,29.85068400016354],[-97.85785999982525,29.850605999695944],[-97.85780499957366,29.850571999912596],[-97.85777899963439,29.85055700005032],[-97.85776799976374,29.85055000032158],[-97.85772000008315,29.85052100021583],[-97.85769900016675,29.85050499993896],[-97.8574060002638,29.850271000271277],[-97.85721600029301,29.849960999906997],[-97.85688200038217,29.849597000281424],[-97.85683800000123,29.849563999791695],[-97.85682700013056,29.84955400030222],[-97.85672199965028,29.849460000065726],[-97.85645899988454,29.849224999866586],[-97.85637299967081,29.849111000253753],[-97.8562029997915,29.84888400028157],[-97.85614300041536,29.84868700008656],[-97.8561259997986,29.8486270002703],[-97.85606300004942,29.848404000130735],[-97.855934000178,29.847946999832867],[-97.85591599973633,29.8475199996455],[-97.85592800033021,29.847409999837932],[-97.85595000007152,29.847196000162533],[-97.8558789999264,29.846989000007444],[-97.85587499972844,29.84697700015467],[-97.8558360002687,29.846863000312712],[-97.85580600013148,29.84677700031844],[-97.85580299975842,29.846768000215075],[-97.8558010001086,29.846752999781316],[-97.85572199956758,29.846231000112905],[-97.85575400025293,29.845841000030603],[-97.8557600001007,29.8457710001942],[-97.85577599999425,29.845571999957237],[-97.85580000028368,29.845249000067483],[-97.85580500030656,29.84517899981611],[-97.85581199997927,29.845092000247938],[-97.85581399962908,29.84506500025905],[-97.8558499996141,29.844578000302903],[-97.85579699991064,29.844276999734415],[-97.8557869998649,29.84422000023645],[-97.85553300032001,29.843912999647074],[-97.85505899976876,29.843646000006707],[-97.85439400032013,29.843382000308363],[-97.85370100038408,29.8431189996139],[-97.85350700021532,29.84310999996005],[-97.85331600041961,29.843094999756012],[-97.85327700006155,29.843109000258227],[-97.85290600034078,29.843185000167296],[-97.85274099958602,29.84321900012841],[-97.85216599965075,29.843312000306714],[-97.85187699994576,29.84330500007009],[-97.85125000013196,29.843183999687017],[-97.85100099971162,29.84313599999674],[-97.85096599955152,29.843128999747776],[-97.85079200037255,29.8431460001289],[-97.85051299981498,29.843172999857412],[-97.85046699978423,29.84319000023107],[-97.85013200004848,29.843310999827718],[-97.85009000021569,29.843320000242585],[-97.84929699982222,29.843481000082235],[-97.84899499969842,29.843473999857444],[-97.8486349998483,29.843347999623557],[-97.84733600001486,29.84244900005093],[-97.84664499972864,29.84167100020308],[-97.84658299980435,29.841495999836063],[-97.84630800034307,29.840713999894977],[-97.8462339998249,29.840519999908345],[-97.84611599982414,29.83996199986254],[-97.84611099980125,29.839935999778813],[-97.84610400012856,29.839903999726385],[-97.84599699999845,29.839796000350443],[-97.84598100010491,29.83977999991347],[-97.84596400038647,29.839762000003283],[-97.84578100008838,29.839696000304716],[-97.84576699984467,29.839679999851718],[-97.84575199977606,29.839673999875966],[-97.84572500001187,29.83967499961224],[-97.84542899973586,29.839566999988698],[-97.8453740003826,29.839546999785824],[-97.84529200036684,29.839516999863708],[-97.84520399960498,29.839448000008506],[-97.84489999983136,29.839211999883823],[-97.8448399995569,29.83911100029074],[-97.84475900026436,29.83875099983794],[-97.84465100030933,29.838267000292706],[-97.8446410002636,29.838130000117896],[-97.84461199995127,29.83772599987352],[-97.84445499959244,29.837134000120738],[-97.8444520001177,29.83712299962483],[-97.84443899969891,29.837072999834973],[-97.84425299992607,29.83644400010656],[-97.84412400005463,29.83539200036056],[-97.84406799997814,29.83494199978707],[-97.84405499955935,29.834832999937156],[-97.84405100025971,29.834819999618297],[-97.84400799970369,29.834688999667154],[-97.84401299972654,29.834500999954685],[-97.8440150002747,29.834418000371098],[-97.84401600009961,29.83440100006296],[-97.84406399978018,29.83422600020644],[-97.84411800020686,29.834031000294658],[-97.84391300016745,29.833234000231037],[-97.84390099957356,29.832924999775877],[-97.84389800009883,29.83284099985769],[-97.84385899974077,29.832795000262163],[-97.84384100019741,29.832773999677457],[-97.8438260001288,29.832756000063377],[-97.84372599967138,29.832639999961522],[-97.84359599997504,29.832558000197945],[-97.84341900042304,29.832513000280017],[-97.84325200001845,29.83246900015027],[-97.84319599994195,29.832454999715264],[-97.84318400024638,29.832452000289724],[-97.8431070002535,29.83243200022091],[-97.84264799977086,29.832314000123155],[-97.84245000030246,29.832190000240015],[-97.84243600005875,29.832183999814443],[-97.84234900002012,29.832130999676007],[-97.8423189998829,29.832112000134124],[-97.84228299989789,29.832090000373],[-97.84227000037741,29.832082000317],[-97.84207899968338,29.83196499961926],[-97.84201299956115,29.83194699985936],[-97.84198800034511,29.83194900026579],[-97.84167700000047,29.83189600000274],[-97.84154899995397,29.83190499988765],[-97.84145400041771,29.831911000329978],[-97.84137800024973,29.83191600017878],[-97.84130999957937,29.83192000021354],[-97.841292000036,29.831921000027407],[-97.84121699969295,29.831816000037588],[-97.84121099984516,29.831807999959594],[-97.84111799995874,29.831677999771824],[-97.84112700017957,29.831072999999563],[-97.84097700039173,29.83048099978705],[-97.84074399986493,29.829982999917114],[-97.84047100005345,29.82957900023655],[-97.8403270001134,29.829363999923864],[-97.83997999978378,29.829113000169734],[-97.83994100032402,29.829085999758114],[-97.83991700003459,29.82908300023143],[-97.83960599968997,29.82893500009239],[-97.83933399970338,29.828806999753194],[-97.83873200000394,29.828672000325884],[-97.83814399964989,29.8285410001069],[-97.83787199966332,29.828521999882458],[-97.83770699980688,29.828510000148952],[-97.83761399992046,29.828496999786623],[-97.83748099985108,29.828377000019017],[-97.8374609997596,29.82835799976339],[-97.8373639996752,29.82825600025685],[-97.83732199984242,29.828226000061267],[-97.83731099997176,29.828215000143167],[-97.83704400000808,29.827803999784823],[-97.83698799993158,29.827716000034506],[-97.83691500013663,29.827569999923487],[-97.83688199962637,29.827503000105406],[-97.83671000009723,29.82715800016816],[-97.83669099983065,29.82690999992024],[-97.8367569999529,29.826775000268157],[-97.83675500030309,29.82675700035274],[-97.83687199958062,29.826474999695705],[-97.83684700036459,29.826337999716614],[-97.8368359995956,29.826325999720915],[-97.83678000041743,29.826093000167536],[-97.83675500030309,29.825624999677586],[-97.83674000023446,29.825347999900416],[-97.83677200002151,29.825270999789414],[-97.83678000041743,29.825251999722536],[-97.83680999965634,29.825181000384077],[-97.83683099957273,29.825139999788156],[-97.83693400040322,29.825047999720315],[-97.83705700042687,29.82500899961519],[-97.83711299960504,29.824992000044194],[-97.83714100009246,29.82498400019922],[-97.83717700007746,29.824992000044194],[-97.83736600022334,29.825032999921483],[-97.83753699992758,29.825070000252495],[-97.83783300020359,29.8251669997073],[-97.83784499989915,29.825171000012165],[-97.83788099988416,29.825183000146612],[-97.83834200001661,29.825417000141773],[-97.83854200003314,29.82545299967277],[-97.83877300001183,29.825383000356325],[-97.83918499974047,29.82515100004473],[-97.83979700038398,29.824941999638778],[-97.8405730001607,29.824867999647623],[-97.84154899995397,29.824940999755146],[-97.84204600007143,29.8246959998987],[-97.84254999986159,29.82422400031762],[-97.84270399984736,29.824015000311224],[-97.84275400007607,29.823058999893398],[-97.84265299979374,29.822785999639645],[-97.84264699994594,29.82277799961816],[-97.84261799963365,29.82274199990301],[-97.84255400005955,29.82266199962362],[-97.84254300018888,29.82264900005923],[-97.84247399969361,29.822563000260804],[-97.84241799961711,29.822492999699655],[-97.84235700041606,29.822358000316047],[-97.84234200034743,29.822326000089042],[-97.84228700009585,29.822062000163378],[-97.8422069997299,29.82168199996725],[-97.84220199970702,29.821655999802612],[-97.84212100041448,29.821493999943215],[-97.84201699975911,29.82140999976837],[-97.84188200003989,29.821300000045117],[-97.84167500035066,29.821186999657773],[-97.84166000028205,29.821179000287618],[-97.84160300038063,29.821148000384134],[-97.84111100028606,29.820880999912458],[-97.8409749998436,29.820857000167877],[-97.84095200027738,29.820851999765747],[-97.84051000041151,29.820932999858847],[-97.8403050003721,29.8209239997651],[-97.8402130003106,29.820889000085778],[-97.84017399995253,29.820873999662783],[-97.8400800002412,29.820838000041277],[-97.83983599984373,29.82063999994266],[-97.83974700015527,29.82040199995845],[-97.83978099959214,29.82015300016092],[-97.83992500043051,29.81974300009752],[-97.84017099957947,29.81861200020601],[-97.84019999989181,29.818515999793554],[-97.84029100012839,29.8182150002001],[-97.84056300011497,29.817308000039038],[-97.84060400012284,29.817170999965345],[-97.84061199962044,29.817146000147783],[-97.84062300038941,29.817109000001103],[-97.84064000010785,29.817051999811518],[-97.84065299962833,29.817026999964252],[-97.84067299971981,29.81694399989646],[-97.84064099993277,29.816601000078123],[-97.84062699968906,29.816460999909534],[-97.8406219996662,29.816408999975117],[-97.84061199962044,29.816308999905345],[-97.84060400012284,29.81620099996708],[-97.840707000055,29.815876000257248],[-97.84071000042806,29.815865999733806],[-97.84074999971271,29.815758000096405],[-97.84082500005579,29.815664999990393],[-97.8408619998657,29.815623000190705],[-97.84094300005655,29.81552999995912],[-97.84101900022453,29.81544200031399],[-97.84165100006122,29.81444000027479],[-97.84177099971181,29.814154999967222],[-97.84199199964475,29.813632999889933],[-97.84222400034665,29.813255999611467],[-97.84223900041528,29.81323200037469],[-97.84228299989789,29.813160000291443],[-97.84290800006187,29.812493000173124],[-97.84326399971401,29.812197999661123],[-97.84382000028101,29.811894999724707],[-97.8443039999797,29.811821000207793],[-97.84451700041502,29.811717000162208],[-97.84504200012158,29.811267999788218],[-97.8450649996878,29.811248000156866],[-97.84522100022173,29.811114999661967],[-97.84544800000243,29.8108609999951],[-97.84559799979027,29.810574000344015],[-97.84562999957733,29.810512000186232],[-97.84563799997325,29.810457000190137],[-97.84564700019409,29.810397000018188],[-97.84567499978317,29.81021199991083],[-97.84569400004973,29.810087999887504],[-97.84576699984467,29.809911000260342],[-97.8457750002406,29.80989299964659],[-97.84577900043855,29.809884000117925],[-97.84578199991329,29.809874999809058],[-97.84579000030921,29.809854999899102],[-97.84580600020274,29.80984200022838],[-97.84582700011914,29.809767999971708],[-97.8459879997776,29.80937900023941],[-97.84608700041014,29.809206000301177],[-97.84614900033439,29.809096999663748],[-97.84635000017585,29.808964000205314],[-97.84639899968136,29.808931000324034],[-97.84638500033597,29.808821000121483],[-97.84636199987142,29.808647999997444],[-97.84628700042667,29.80854000035849],[-97.84621499955834,29.80843499996982],[-97.84614400031154,29.80833200034992],[-97.84612400022004,29.808302999681104],[-97.84603100033364,29.808045999729334],[-97.84598899960251,29.80792699962804],[-97.8459380004472,29.807787999841363],[-97.84583100031709,29.807490000085025],[-97.84568200035417,29.807370000042262],[-97.8455290001933,29.807329999995996],[-97.84541299984234,29.80735499992934],[-97.84529599966648,29.807455000379736],[-97.8450649996878,29.80774499979533],[-97.84512099976429,29.808035999981676],[-97.84512699961208,29.808066000000995],[-97.84512499996224,29.80808400016411],[-97.84514000003087,29.808131000271686],[-97.84514599987864,29.8081630003655],[-97.84512699961208,29.808268000260284],[-97.84507999975641,29.808314000231434],[-97.84501100015945,29.80838299975877],[-97.84499299971777,29.808400999864844],[-97.84484200010503,29.808455000163697],[-97.84435800040637,29.808393000251147],[-97.84408200022185,29.808302999681104],[-97.84405299990952,29.808294000009365],[-97.84395800037329,29.808235000149327],[-97.8437199998236,29.80808700032094],[-97.84366899976996,29.808088999645932],[-97.84358500010438,29.808091999802542],[-97.84351899998215,29.80807999995493],[-97.84341199985202,29.80805999968607],[-97.84330800009494,29.808135999751165],[-97.84325299984337,29.80817600025455],[-97.84322400042936,29.808196999771916],[-97.8431359996675,29.80835800008239],[-97.84281099997749,29.808385999906562],[-97.84241400031746,29.808302999681104],[-97.84228700009585,29.808128000116263],[-97.84234900002012,29.807964000054596],[-97.84232599955558,29.807824000264443],[-97.84228899974566,29.80777900012328],[-97.84227899969993,29.807767000238098],[-97.84224699991287,29.8077289996828],[-97.84218300033878,29.807652000031304],[-97.8421149996684,29.807621999887857],[-97.8419659997055,29.807556000008187],[-97.84191300000202,29.80745999989299],[-97.84209999959978,29.807242000149703],[-97.84209799994996,29.806816999952712],[-97.8420440004216,29.80665600027943],[-97.84201099991134,29.80655699987717],[-97.84194999981196,29.80637399982052],[-97.84200699971336,29.806241999929547],[-97.84218400016368,29.80496699988064],[-97.84231700023308,29.804414999845278],[-97.84235200039318,29.804266999820673],[-97.84238699965495,29.803658999886817],[-97.84237300030956,29.803616999721605],[-97.84234300017235,29.803528999726524],[-97.84230399981429,29.8034160003014],[-97.84228700009585,29.803045999641743],[-97.84225399958558,29.802311000223458],[-97.8423409996242,29.802104999957425],[-97.84245199995229,29.80184099964717],[-97.84257199960288,29.801738000252477],[-97.84262900040261,29.801689000026453],[-97.84318099987334,29.80121600006258],[-97.84322500025428,29.8008250003388],[-97.84314499988832,29.800583000232542],[-97.84310399988046,29.800488999917498],[-97.84309300000979,29.800462999698652],[-97.84301699984181,29.80029100005951],[-97.84296599978818,29.80017400034895],[-97.84296199959022,29.80016499994585],[-97.84295300026771,29.80014300016957],[-97.84294099967383,29.800115999728842],[-97.84291399990965,29.800054000104016],[-97.84282900041916,29.79985899978865],[-97.84281400035054,29.79982499988667],[-97.84280699977953,29.799809000066332],[-97.84275999992387,29.799700000101726],[-97.8427349998095,29.799643000123],[-97.84253999981583,29.799429999627876],[-97.84235099966993,29.799223999665625],[-97.84212100041448,29.799140999632776],[-97.84207700003356,29.799124999703107],[-97.84200300041371,29.79909899990932],[-97.84199300036798,29.79909500012029],[-97.84195099963686,29.79908000032554],[-97.84178300030568,29.79902000034445],[-97.8415799999161,29.798853999871532],[-97.84156599967241,29.798841999695206],[-97.84127299976944,29.79860199976363],[-97.84011200002826,29.797920000031205],[-97.83980800025465,29.79780799988223],[-97.83956100038243,29.797847999838485],[-97.83950799978068,29.797856000295525],[-97.8392850001979,29.797891999615956],[-97.83916399982407,29.79787500011175],[-97.83877899985961,29.797760000225477],[-97.83850400039832,29.797606000326635],[-97.83806599983208,29.79708999981882],[-97.83790400034869,29.7967229996466],[-97.83787900023434,29.796619000272795],[-97.83784499989915,29.79647800002712],[-97.83791100002139,29.7962549996642],[-97.83791299967122,29.796245999688058],[-97.83793000028797,29.796190000251432],[-97.83795600022722,29.796100999787658],[-97.83796000042518,29.796086000323626],[-97.83796500044807,29.796069999905356],[-97.83799700023512,29.795960000371167],[-97.83790900037157,29.795789000181923],[-97.83782900000563,29.79571199991469],[-97.83768800043862,29.79557499987989],[-97.83712400037402,29.795278999960917],[-97.83701399987083,29.7952370001754],[-97.83698000043397,29.795224000163923],[-97.83685999988506,29.795178999811455],[-97.83651400027865,29.795118999829754],[-97.8359340003205,29.795018000117107],[-97.83515699982055,29.794775999997132],[-97.83500500038292,29.794728999851202],[-97.83466899992395,29.79468400005571],[-97.8343929997394,29.79464800036066],[-97.83414699969212,29.79465399992093],[-97.83385499961406,29.794748999667192],[-97.83352400007628,29.795009000029708],[-97.83347700022061,29.79504800014276],[-97.8334200003192,29.795053000276045],[-97.8332930000976,29.795062999762397],[-97.8331390001118,29.795075999794726],[-97.83241500021362,29.795136999983956],[-97.83196699960165,29.7952250003448],[-97.83194700040848,29.795224000163923],[-97.83179599989742,29.795258000070334],[-97.83177499998104,29.795262000012695],[-97.83121599993929,29.79552400017754],[-97.83096300021928,29.79564200004553],[-97.8307239998447,29.795754000280407],[-97.83061400023986,29.795759000378474],[-97.83051899980528,29.79576399969671],[-97.83026500026038,29.79553300021862],[-97.82992899980141,29.794921000258487],[-97.82988899961843,29.794791999842737],[-97.82954899985981,29.79371099964945],[-97.82951700007277,29.79360700026343],[-97.82950000035433,29.79355200032703],[-97.8294910001335,29.79352300005074],[-97.82948399956248,29.793501999791644],[-97.82948399956248,29.79348999975297],[-97.82949600015637,29.79314799999534],[-97.8296030002865,29.792975000051154],[-97.82971100024152,29.792801999807846],[-97.82975499972413,29.79251199995042],[-97.82972200011217,29.791868999820327],[-97.83004299960422,29.790796999702835],[-97.82997499983215,29.790480999798298],[-97.83004299960422,29.78998300027218],[-97.83037300021543,29.789346000143773],[-97.83038699956082,29.789340000265288],[-97.83069999955526,29.788717000267415],[-97.83075300015702,29.788615000083507],[-97.83101799957257,29.788252999707787],[-97.83134900000867,29.78791599969531],[-97.83160699975153,29.78765299962599],[-97.83174400001889,29.78743200038518],[-97.83184100010328,29.787085999927058],[-97.83194999988322,29.786701000379683],[-97.83196999997469,29.785394999943744],[-97.83197499999757,29.78506000022965],[-97.83205899966316,29.784938000004047],[-97.8321959999305,29.784859000174897],[-97.83232999982481,29.784584999830404],[-97.83237400020575,29.784495999961194],[-97.83230300006063,29.784220000380444],[-97.83223399956533,29.78414700017482],[-97.83212800015845,29.78403399991171],[-97.83207399973178,29.78397700036541],[-97.83196499995184,29.783860999806944],[-97.83194599968526,29.78384100015412],[-97.83175499988954,29.783638999694148],[-97.83158199963718,29.78332900004048],[-97.83141500013093,29.783029000115604],[-97.83139800041248,29.78301299994884],[-97.83139300038961,29.78298899969387],[-97.8313430001609,29.7828980001367],[-97.83126899964273,29.782569999675662],[-97.83120400024372,29.78247899973764],[-97.83109999958835,29.782400999836337],[-97.83103900038728,29.782357000265026],[-97.8309849999606,29.78231700035442],[-97.83082500012705,29.782251999685993],[-97.83064799967671,29.782179999915854],[-97.83056300018622,29.78210300009352],[-97.83053499969881,29.781993000021906],[-97.83050100026195,29.781859000083205],[-97.83052499965308,29.781763999796937],[-97.83057099968383,29.78158199993233],[-97.83055800016334,29.78152299991379],[-97.8305270002012,29.781384000089407],[-97.83051700015547,29.781338000211573],[-97.83036099962153,29.781086999980666],[-97.83021099983372,29.78095300038872],[-97.83018999991732,29.78093399969895],[-97.83014600043471,29.78087399975395],[-97.8299489998929,29.78060200007214],[-97.82990200003722,29.780514999656774],[-97.82985699983138,29.780431000151893],[-97.82959900008852,29.77995599962072],[-97.82925900032988,29.779597000130416],[-97.82923800041351,29.779583000089485],[-97.82921800032202,29.779569000046543],[-97.82919099965953,29.779551000211264],[-97.82887400036543,29.779335000376257],[-97.8285050002945,29.779181999756332],[-97.82826400027007,29.779135000084583],[-97.82818599955394,29.779119999637263],[-97.82810899956105,29.77910499996741],[-97.82801400002481,29.77910800021344],[-97.82793799985683,29.779110000117512],[-97.82791899959025,29.779110999679695],[-97.82783699957449,29.779113999925563],[-97.82765300034978,29.779247000078843],[-97.82767599991601,29.779507999725396],[-97.8276769997409,29.77951999988097],[-97.8276900001597,29.77965899995405],[-97.82769099998463,29.779667999862426],[-97.82772000029694,29.779991999922075],[-97.82789400037422,29.7801880002963],[-97.82837499969983,29.780270000124197],[-97.82857399989146,29.780348999676153],[-97.82863699964066,29.780374999663152],[-97.8287100003339,29.780403999850538],[-97.82872799987726,29.780417000227576],[-97.82890199995454,29.78053800017724],[-97.82898899999316,29.780775000350893],[-97.82896499970373,29.780950000197965],[-97.82853500043173,29.78142600023057],[-97.82819499977478,29.781549999913377],[-97.82768199976378,29.781544000347232],[-97.82762099966442,29.781543000029643],[-97.82761099961868,29.781536999683446],[-97.82697499958404,29.781170000173226],[-97.82683900003993,29.781090999709683],[-97.82634799977025,29.781054999803494],[-97.82620499965512,29.78107300014802],[-97.82604700036967,29.78109300035383],[-97.82573900039809,29.781131999652125],[-97.82555799974982,29.781097000082674],[-97.82530900022779,29.781047999885196],[-97.8251269997546,29.781011999963486],[-97.82510199964024,29.781006999908367],[-97.8250690000283,29.781018999884292],[-97.82504599956374,29.781027000127356],[-97.82496799974595,29.781054999803494],[-97.8249519998524,29.78106100017857],[-97.82463800003306,29.78112600006093],[-97.82454299959849,29.781148999661355],[-97.82444200021448,29.781173999899],[-97.82440899970419,29.781216000128257],[-97.82437500026732,29.781253999837794],[-97.82434699977992,29.781294999713495],[-97.82428599968055,29.781340999611018],[-97.82417000022791,29.781428999627384],[-97.82409599970975,29.78155600025878],[-97.824085999664,29.78166200032481],[-97.8241409999156,29.781758000243613],[-97.8242329999771,29.78182700015277],[-97.82442100029807,29.78187499965477],[-97.82446800015376,29.78208199977734],[-97.82464100040612,29.782277999958417],[-97.82477399957718,29.78234400013989],[-97.82481700013321,29.782364999621493],[-97.82489199957797,29.78237200022738],[-97.82514500019626,29.782394000012154],[-97.82528900013631,29.782448999842746],[-97.82530800040288,29.78245599966314],[-97.82539299989338,29.78248800017214],[-97.82544200029719,29.78251100023934],[-97.82564099959049,29.782656000337873],[-97.82573600002506,29.782727999765648],[-97.82578600025377,29.782765000155333],[-97.82603099957784,29.783039000023624],[-97.82604800019459,29.783058000313904],[-97.82616100017249,29.783184000137094],[-97.82631699980811,29.78335899967168],[-97.82647099979388,29.78368999999541],[-97.82648199966454,29.784046000304492],[-97.82641300006757,29.784287999861927],[-97.82623300014252,29.784527000310057],[-97.82605900006524,29.78462200031336],[-97.82585599967564,29.784643000096807],[-97.82557700001638,29.784589999706828],[-97.82536799977903,29.784481999825594],[-97.82527700044074,29.784494999673107],[-97.82520799994545,29.784503999926354],[-97.82512900030274,29.78454399974279],[-97.824422000123,29.784900000133497],[-97.82439700000864,29.784920999858617],[-97.82417400042587,29.785104000172268],[-97.8241209998241,29.78514800009551],[-97.82374199970742,29.785458999852306],[-97.82355400028477,29.785523999997775],[-97.82338900042832,29.785527000051463],[-97.82329900001663,29.78549400023573],[-97.82328399994802,29.785494999734183],[-97.82327399990228,29.78549199967953],[-97.82312499993937,29.78536999998049],[-97.82311200041889,29.785351000129022],[-97.82268800009636,29.784766000187595],[-97.82265399976119,29.78462899998182],[-97.82296099990783,29.7840839997196],[-97.82314000000798,29.7840090003883],[-97.82317000014521,29.783995999698018],[-97.82320199993225,29.78398299978571],[-97.82322700004661,29.783972999972026],[-97.82326700022958,29.783955999662656],[-97.82335599991805,29.783918000198963],[-97.8233669997887,29.78391399980321],[-97.82339000025324,29.78390399998258],[-97.82362299988174,29.78380599997236],[-97.82374400025557,29.783754999730192],[-97.82382899974607,29.7837200002981],[-97.8238460003628,29.783712999786474],[-97.82387899997478,29.783699000321032],[-97.82394000007415,29.78365100013427],[-97.82400100017352,29.783602999924497],[-97.82399699997555,29.783536999793363],[-97.82397199986119,29.783507999733796],[-97.82394500009701,29.783476000330456],[-97.82380199998187,29.783309999801638],[-97.82357199982812,29.783159999923125],[-97.8234439997816,29.783076000298365],[-97.82337000016174,29.783076000298365],[-97.82331499991017,29.783076000298365],[-97.82307899990862,29.78307699982098],[-97.82276900028722,29.783004000341148],[-97.82256099987475,29.782891999871662],[-97.82254599980614,29.782875999683014],[-97.82247800003407,29.78280100022639],[-97.82240799971387,29.782724000102018],[-97.82227600036772,29.782663000143735],[-97.82219900037481,29.7826270000231],[-97.82211800018396,29.78258900005496],[-97.82204700003886,29.78262300035539],[-97.82183699997657,29.782720999964326],[-97.82172499982357,29.782947999732293],[-97.82172800019663,29.782991999823533],[-97.82173200039459,29.78303599989537],[-97.82173599969424,29.783089000328456],[-97.82170999975496,29.78314600038036],[-97.82166799992218,29.783236000191103],[-97.82165799987642,29.783257999786063],[-97.82162400043956,29.783306000161264],[-97.82147799995137,29.783643999617823],[-97.82130800007207,29.784011000194457],[-97.82145700003498,29.78429200024273],[-97.82148499962408,29.784445000070555],[-97.8215089999135,29.784573999789497],[-97.82149800004287,29.784892000199978],[-97.82148999964693,29.785107000238487],[-97.82137900021718,29.785671999679746],[-97.82120699978971,29.786072999746608],[-97.82102000019196,29.78630800031074],[-97.82080099990887,29.787075000161042],[-97.82076599974874,29.78719800038204],[-97.82065799979372,29.787423999874378],[-97.82056099970934,29.787626999969934],[-97.81991100032933,29.788740999928642],[-97.8195659996495,29.789429999964394],[-97.81947699996105,29.789558000038127],[-97.81929200001312,29.789824999939174],[-97.81907199990509,29.789982000038915],[-97.8179310002554,29.79046099990889],[-97.81760900004012,29.790489000064735],[-97.81728699982484,29.79044200024415],[-97.81713799986193,29.790382999990324],[-97.81679599955517,29.790131999829743],[-97.81667599990456,29.789946999665634],[-97.81660999978233,29.789721999869013],[-97.81652500029183,29.78943100020318],[-97.81636999958282,29.789313000027885],[-97.81623999988648,29.789166999975272],[-97.81539299996464,29.78820800011878],[-97.81512099997808,29.787498999765592],[-97.81492500015949,29.786807999940756],[-97.81481999967919,29.786241000133124],[-97.81479600028807,29.786110999951536],[-97.81472400031804,29.785542000318447],[-97.81463599955617,29.785287999651853],[-97.8145810002029,29.78513099998569],[-97.81444399993558,29.784912999926725],[-97.81434100000341,29.784747000221476],[-97.8143259999348,29.78472300038223],[-97.81426200036069,29.78465599992334],[-97.81403700022979,29.784421000158893],[-97.81391599985595,29.784357000366306],[-97.8137290002582,29.784247999943204],[-97.8137080003418,29.784249000233757],[-97.81347399999008,29.78412600028734],[-97.81315299959972,29.78406700020875],[-97.81282600025989,29.78391500009706],[-97.81249800019683,29.78391300028898],[-97.81243000042477,29.78393799983642],[-97.81235400025679,29.783966999771412],[-97.81233599981512,29.783974000265278],[-97.81224799995157,29.784006000289118],[-97.8121580004382,29.784040000108305],[-97.81200299972919,29.78399899979749],[-97.81188300007858,29.78390599979085],[-97.81183899969764,29.783694999916538],[-97.81185399976627,29.783665000386037],[-97.81187300003285,29.78362800032897],[-97.81195300039879,29.783468999801755],[-97.81198799966056,29.783439999722496],[-97.81209099959273,29.783353999733773],[-97.81210999985932,29.783337999618954],[-97.81223000040822,29.783236999712088],[-97.8122780000888,29.7831970001531],[-97.8125450000525,29.783112000257542],[-97.81289999987973,29.78286700006307],[-97.81295799960606,29.782789999989458],[-97.81298100007058,29.782758999882383],[-97.81298899956819,29.782748999946385],[-97.81325800008001,29.78266800011615],[-97.81342799995933,29.782567999840712],[-97.81387300019826,29.78214999993136],[-97.81405800014619,29.781755999612763],[-97.81415299968242,29.78133100031308],[-97.81416399955307,29.781284999631268],[-97.81417799979678,29.781265000243497],[-97.81427999990403,29.78115199984614],[-97.81429800034569,29.781146000256143],[-97.81430300036857,29.78112900024642],[-97.8143209999119,29.781110999911895],[-97.81433500015562,29.781097000082674],[-97.81434600002626,29.781085000116096],[-97.81437399961536,29.78105699966866],[-97.81438100018637,29.781049999750515],[-97.814468000225,29.780962000180722],[-97.81449199961614,29.780936999890127],[-97.81459700009644,29.78097200029521],[-97.81469900020369,29.781006000365103],[-97.81475899957982,29.781025999804665],[-97.81498000041107,29.780943999816238],[-97.8151019997115,29.780725999995788],[-97.81501600039608,29.780491000362368],[-97.81480499961059,29.78019000017879],[-97.81463100043163,29.780105000069298],[-97.8140249996359,29.779523999672598],[-97.8140160003134,29.779512999855374],[-97.81393000009966,29.779410000090227],[-97.81391000000818,29.7793859997512],[-97.81381499957362,29.779272000011705],[-97.81375299964934,29.779197999755635],[-97.81369499992303,29.779128000032063],[-97.81367499983153,29.77910399962551],[-97.8136659996107,29.77909299976209],[-97.81351599982287,29.778912999628364],[-97.81338799977637,29.778808999680802],[-97.81318500028509,29.77864499990391],[-97.81314500010212,29.778592999804484],[-97.81293099984187,29.778319000243883],[-97.81286499971962,29.778290999802618],[-97.81248899997598,29.778132000155985],[-97.81242299985375,29.778137999926575],[-97.81230400002808,29.778148000323117],[-97.81212800030099,29.778163999707996],[-97.8120529999579,29.778234000105474],[-97.8118839999035,29.77839099967177],[-97.81170499980335,29.77854900011907],[-97.81164200005416,29.778576000140934],[-97.81162299978759,29.778581999884924],[-97.81155599984044,29.77860399972279],[-97.81153800029709,29.778610000244804],[-97.81151999985542,29.77861599998676],[-97.8115109996346,29.778624999988818],[-97.81142199994615,29.778709999795318],[-97.81140900042566,29.778722000046592],[-97.81135400017408,29.77877400007902],[-97.8111730004241,29.77885100012244],[-97.81104500037759,29.77899099990798],[-97.81090399991227,29.779247000078843],[-97.8109199998058,29.779420999918774],[-97.81098699975296,29.779510999959356],[-97.81127700018118,29.779519000322864],[-97.8114329998168,29.779475000264714],[-97.81155199964248,29.77949500001003],[-97.81161600011491,29.779549999873826],[-97.81184200007071,29.77974600033358],[-97.81186999965979,29.779839999861004],[-97.81186999965979,29.77987400031531],[-97.81189999979702,29.779941999629926],[-97.81166999964326,29.780136999770402],[-97.8113709998925,29.780294999801637],[-97.81112999986809,29.78031599971297],[-97.81102699993592,29.78029900034199],[-97.81085899970643,29.78027099967475],[-97.8105740001994,29.780223000183515],[-97.81014700040214,29.780044000074643],[-97.81013200033352,29.780028000210528],[-97.80986899966948,29.77981199984508],[-97.80975200039192,29.779780000040112],[-97.80926199994717,29.77973699965254],[-97.80877700042358,29.779811000289946],[-97.80845299966016,29.779774999923468],[-97.80821400018387,29.779639000241495],[-97.8078989996413,29.77933999973518],[-97.80785500015867,29.779298999838623],[-97.8078280003945,29.779273999912494],[-97.80781499997569,29.779261999727428],[-97.80778999986136,29.779238000132622],[-97.80777599961765,29.779215000093284],[-97.80774700020365,29.779197999755635],[-97.80763300040083,29.7790900002953],[-97.80742900018632,29.778849999777997],[-97.80720599970525,29.77858799962857],[-97.80708000020688,29.778439000041285],[-97.80695200016035,29.77828899988221],[-97.80691199997737,29.7782749996584],[-97.80685099987802,29.778252999748208],[-97.80662900012015,29.778185000066248],[-97.80648299963198,29.77808899984038],[-97.80632899964618,29.77789300003563],[-97.80627799959257,29.77781699961029],[-97.80625300037653,29.777746000125134],[-97.8062719997448,29.77768000003149],[-97.80631199992776,29.77756799984398],[-97.806229999912,29.777378999974374],[-97.80605900020777,29.777263999928653],[-97.80574399966518,29.777086999932482],[-97.80564999995386,29.777058000343768],[-97.80563499988523,29.777010999675067],[-97.8056180001668,29.776954000029004],[-97.80560599957292,29.77684799965698],[-97.8056259996644,29.776798000134033],[-97.80571600007609,29.776579000276225],[-97.80581200033556,29.776494000220204],[-97.80584499994752,29.77646400009149],[-97.80588199975743,29.77643099962762],[-97.80590799969671,29.7764079997232],[-97.80605900020777,29.776272999736943],[-97.80615999959178,29.776117999932545],[-97.8062220004144,29.775958000360703],[-97.8062309997369,29.775935000347648],[-97.80646199971558,29.77533800009266],[-97.80631600012572,29.77470900031121],[-97.80611100008629,29.774285000340498],[-97.80580999978743,29.774047999620706],[-97.80549699979298,29.77397400018252],[-97.8053579998758,29.773895999893632],[-97.80523200037742,29.773758000013466],[-97.80520999973781,29.773684999977352],[-97.80520100041528,29.77365499978683],[-97.80522999982928,29.773470000362924],[-97.80523400002724,29.77344400014255],[-97.80554199999884,29.773157999611996],[-97.80557299996096,29.77315000029973],[-97.80561499979376,29.773138999782283],[-97.8056950001597,29.77311799992526],[-97.80589199980318,29.77306600007472],[-97.80590500022198,29.773070999746622],[-97.80594100020699,29.773084000295956],[-97.80620800017068,29.773183000285265],[-97.80626800044514,29.773204999749797],[-97.80640099961622,29.773253999886567],[-97.80684699968006,29.77355299985168],[-97.80687599999237,29.773593000144437],[-97.80713600028336,29.77394400007856],[-97.8071959996595,29.774024999948672],[-97.80723199964451,29.774091000112055],[-97.80726099995682,29.7741139997689],[-97.80740200042214,29.77430399995275],[-97.80771100021863,29.774535999688474],[-97.80796899996149,29.77464200016856],[-97.8087780002485,29.774545000057277],[-97.80902299957255,29.774553000037866],[-97.80944199987222,29.77442999987591],[-97.80958499998735,29.774389000308215],[-97.80963699986589,29.774373999929683],[-97.8096870000946,29.77435900032858],[-97.8098779998903,29.7743099999527],[-97.81057500002431,29.77435199994219],[-97.8106029996134,29.77435399994123],[-97.81069200020016,29.774359999938202],[-97.8107159995913,29.774369000322768],[-97.81087899979794,29.774431000264567],[-97.8108980000645,29.774449000240466],[-97.81096500001165,29.774509999744833],[-97.81117099987598,29.77450100015267],[-97.81125500043989,29.774383000313],[-97.81125500043989,29.774335000338407],[-97.81125600026479,29.774243000322915],[-97.81102299973797,29.773990999847573],[-97.81100600001952,29.77397299978931],[-97.81092300017886,29.773883999843765],[-97.81088100034606,29.773772999704526],[-97.81076599982003,29.773472999998063],[-97.81074800027666,29.77342599998597],[-97.81067600030666,29.77323799971723],[-97.81064699999432,29.773194999639394],[-97.8104469999778,29.772900000221185],[-97.81004100009692,29.772602999900048],[-97.80988499956301,29.772562000364157],[-97.80983400040769,29.772562999991706],[-97.809820000164,29.772562999991706],[-97.80975900006463,29.772565000026482],[-97.8097220002547,29.772565999654006],[-97.80964000023891,29.772567999688718],[-97.8095819996143,29.772548000119375],[-97.80954700035252,29.77253599990805],[-97.80945199991795,29.77250299970925],[-97.80902000009782,29.772118000225852],[-97.80884000017276,29.77188400029873],[-97.8087999999898,29.77183199980751],[-97.80871499960098,29.771722000148895],[-97.8086090001941,29.771583999612428],[-97.80844799963728,29.771217000272213],[-97.808497999866,29.770901999808554],[-97.80845699985812,29.7708059996188],[-97.8084340002919,29.770754999772986],[-97.8084119996523,29.770703000255093],[-97.8083709996444,29.77066499966066],[-97.80835599957577,29.770650999930496],[-97.80828100013102,29.77058099969077],[-97.80815100043468,29.77045899975758],[-97.80805000015235,29.77036500000173],[-97.80769899962473,29.76994100035504],[-97.80762099980696,29.76984599967863],[-97.80728299969815,29.76933199964403],[-97.80707799965872,29.769020999701652],[-97.80705599991742,29.768987000241093],[-97.8067320000523,29.768739000019828],[-97.8067019999151,29.768715999908494],[-97.80647199976131,29.768538999620578],[-97.80641200038518,29.768493000080483],[-97.80622099969116,29.768422999892195],[-97.80595999957525,29.76832699966592],[-97.80594700005479,29.76831899996781],[-97.805933999636,29.768311000269016],[-97.80583499990178,29.76825000010831],[-97.80581900000826,29.76824000028291],[-97.80578600039628,29.768219999849446],[-97.80572699994674,29.76818399999481],[-97.8056259996644,29.767991000098725],[-97.80562300018967,29.76785700013799],[-97.80562099964153,29.7677700003468],[-97.80561999981661,29.767705000372864],[-97.80561899999172,29.76767000000953],[-97.80541700032535,29.76744799987091],[-97.80531699986793,29.767408000243197],[-97.8052230001566,29.767369999958284],[-97.80489799956825,29.767238000087808],[-97.80364800013861,29.76688799973098],[-97.80316600008977,29.766753000168904],[-97.8030000004084,29.766706000122703],[-97.80293900030905,29.76668900000101],[-97.80291900021757,29.76669499967733],[-97.80211499995343,29.766584000148743],[-97.80195099992191,29.766581000307315],[-97.8019009996932,29.766604999816103],[-97.801801999959,29.7666540000625],[-97.8017180002934,29.766741999728684],[-97.80149099961436,29.766980999947307],[-97.80121399960494,29.76702500003633],[-97.80091900005215,29.766897999691352],[-97.80072900008136,29.76676099999206],[-97.80071400001275,29.76674300019413],[-97.80065600028641,29.76667199987642],[-97.80040699986607,29.766364999790806],[-97.80027899981955,29.766206999616266],[-97.80019400032907,29.765932000006337],[-97.80016400019183,29.76583400034287],[-97.80006999958219,29.765519999804752],[-97.80012999985665,29.765319999996972],[-97.80017900026046,29.765163000215107],[-97.80018500010823,29.76514399964868],[-97.80022899959086,29.764998999926977],[-97.80024200000965,29.764957999617994],[-97.80025899972807,29.764903000318416],[-97.80025999955299,29.76484600001992],[-97.80026200010111,29.764655999830534],[-97.80021400042055,29.764503000179484],[-97.80018799958296,29.764418000012448],[-97.8001419995522,29.76434700038652],[-97.8001199998109,29.764313000119447],[-97.79998000006881,29.764097000171645],[-97.7999290000152,29.76401899998942],[-97.79992300016741,29.763991999942217],[-97.79974499989218,29.763215999691663],[-97.79978199970209,29.76312400038096],[-97.79979799959563,29.763085000308557],[-97.79987999961138,29.762880999862638],[-97.80001500022891,29.7625459996933],[-97.80005799988662,29.762231000037083],[-97.80024500038269,29.760870999982167],[-97.80049399990473,29.759964000170736],[-97.80066399978404,29.759604000230073],[-97.80067999967756,29.75957099967037],[-97.80087200019648,29.75916700025608],[-97.80114500000796,29.758993000323073],[-97.80142100019249,29.75894499999258],[-97.80143799991093,29.758931999947883],[-97.80147600044407,29.758905000089552],[-97.80152400012466,29.758871000315352],[-97.80153699964512,29.758863999626467],[-97.80158799969875,29.758825000235554],[-97.80162899970664,29.75879600003878],[-97.80163700010256,29.758789999889437],[-97.80165299999608,29.75879299996414],[-97.80191400011199,29.758849000042503],[-97.80203200011277,29.758875000151775],[-97.80219100012143,29.758908999924575],[-97.8023519997799,29.75888400036801],[-97.80252500003228,29.758789000124438],[-97.80284499969942,29.758733000012565],[-97.8029779997688,29.758650999708728],[-97.80299100018757,29.75864099970511],[-97.80299799986028,29.758625000321135],[-97.80308700044706,29.758512999882793],[-97.80319200002904,29.758381000041044],[-97.8032170001434,29.758348999627852],[-97.80323300003693,29.758329000339188],[-97.80381999966775,29.757432000260824],[-97.80385900002581,29.75725699987466],[-97.80378299985783,29.757055000385854],[-97.80369400016937,29.756981999875926],[-97.80328900011342,29.75696099975143],[-97.80322100034137,29.75693499992537],[-97.80317699996044,29.756917999705564],[-97.80312300043208,29.756897000347532],[-97.80310300034057,29.7568889997368],[-97.8030339998453,29.756721999806988],[-97.80303100037055,29.756640000197223],[-97.80301999960159,29.75636599985438],[-97.80302700017259,29.756354999833473],[-97.80304499971595,29.756327000271174],[-97.80319399967887,29.75610199980016],[-97.80321999961812,29.756062000322096],[-97.80324300008266,29.756028000363244],[-97.80329199958815,29.755988000075806],[-97.80341299996196,29.755887999677217],[-97.8035629997498,29.75576599978888],[-97.80374900042095,29.755612999821356],[-97.8039639996078,29.755266000369925],[-97.8039789996764,29.75491399991916],[-97.8038289998886,29.754653000138322],[-97.80381999966775,29.754637000117675],[-97.8037440003981,29.754504999850028],[-97.80371900028372,29.754147000198778],[-97.8036680002301,29.75408699980531],[-97.80364499976558,29.754060000201473],[-97.80369499999429,29.753890999829572],[-97.803597000085,29.75373099985171],[-97.80341600033503,29.753650999766997],[-97.80317399958737,29.75362899990797],[-97.80290300032404,29.753712000237055],[-97.8027669998816,29.753794999717503],[-97.80271800037613,29.75382499961615],[-97.80263899983508,29.75387300005929],[-97.8024010001837,29.75401800028334],[-97.80202999956461,29.754172999968137],[-97.80172400014118,29.754231999719764],[-97.8015919998967,29.754258000247027],[-97.80136099991803,29.754193999896923],[-97.80124999958994,29.754098999886853],[-97.80112499991648,29.75399099988097],[-97.80111499987075,29.75397799997355],[-97.80110700037312,29.75396800028355],[-97.8010350004031,29.75387700009513],[-97.80107300003796,29.753722999768083],[-97.80118400036602,29.753582999761765],[-97.80124200009234,29.75345700013474],[-97.80123500041964,29.753344000340775],[-97.80112200044174,29.753179000385135],[-97.80102899965702,29.753116999769134],[-97.80096300043309,29.75307199998989],[-97.80084799990705,29.75293000020727],[-97.80080799972407,29.75291700016226],[-97.80077699976195,29.7529070003664],[-97.8006470000656,29.752864000141034],[-97.80050499977536,29.752816999819192],[-97.80046799996545,29.75280500036405],[-97.80029300006325,29.75269400026645],[-97.80026999959873,29.75267899975904],[-97.80006799993237,29.752548999686866],[-97.79997000002307,29.75248700024099],[-97.79994800028176,29.752473000310463],[-97.79993400003805,29.752464000298403],[-97.79967799994502,29.752301000113377],[-97.79939599991272,29.75226000006824],[-97.79929899982834,29.752266999658612],[-97.79886500035839,29.75229799984434],[-97.79846199995225,29.75222800004033],[-97.79804900039869,29.75222099966726],[-97.79781900024493,29.752145999873434],[-97.79761599985534,29.75216599961599],[-97.7975289998167,29.752182000031013],[-97.7974729997402,29.75218000036925],[-97.79592500038473,29.752333000118007],[-97.79533399965761,29.75247800023019],[-97.79441899996372,29.752788000223553],[-97.79421800012229,29.752772999730215],[-97.79406999998426,29.752874999765123],[-97.79397100025008,29.752943000250667],[-97.79389400025717,29.753070000345822],[-97.793643000187,29.75325300036573],[-97.79356399964598,29.75333600022632],[-97.79340800001037,29.753499000288006],[-97.7931710001839,29.753746000201684],[-97.7931429996965,29.75378000015477],[-97.79314100004667,29.753798999756512],[-97.79308800034322,29.753890999829572],[-97.79307300027462,29.75391699966538],[-97.79300299995441,29.75404000005692],[-97.79291599991576,29.75419200027529],[-97.79296500031957,29.75479599962434],[-97.79290599987003,29.75590000032302],[-97.79292799961135,29.756397000332047],[-97.79314600006954,29.757173000360623],[-97.79315600011529,29.757209000272397],[-97.79320100032115,29.757368000377816],[-97.79327099974302,29.757861000248905],[-97.79307599974935,29.758803999717397],[-97.79307400009952,29.75881299994001],[-97.79289800037242,29.75911299987892],[-97.79281399980852,29.759256999780142],[-97.79268300028728,29.759392999843477],[-97.79265700034802,29.75940599982835],[-97.79253900034722,29.759463999860536],[-97.79226599963744,29.75953300031218],[-97.79148900003582,29.759509999647012],[-97.79092099977323,29.75958999973402],[-97.79021399959349,29.75985099991489],[-97.79012400008011,29.75988400038232],[-97.78994499997997,29.759983000159817],[-97.78988700025366,29.760015000051208],[-97.7897070003286,29.760115000230897],[-97.78938099991537,29.76024600037766],[-97.78895800031607,29.760415999919896],[-97.78841500016786,29.760580999658487],[-97.7874250001309,29.76080199967202],[-97.78733999974207,29.760821000282036],[-97.787095000418,29.760923999668275],[-97.78705500023504,29.760940999988357],[-97.78704099999133,29.76094700000889],[-97.7866650002477,29.76099200015142],[-97.78637999984234,29.7609590000489],[-97.78591799988497,29.760807999700884],[-97.78459800013513,29.760524000020563],[-97.78341499975433,29.760103999841707],[-97.78161600032868,29.759719000275897],[-97.78152000006921,29.75966999975708],[-97.78140899974113,29.75961400013753],[-97.78115600002114,29.75948500024034],[-97.78091699964654,29.75925800032032],[-97.78076699985871,29.759115999943955],[-97.78058500028384,29.758876999679977],[-97.78046200026017,29.758484000375564],[-97.78049400004724,29.758295000369625],[-97.78050300026807,29.758245000164028],[-97.7805409999029,29.75820599975236],[-97.78067999982007,29.758089999757985],[-97.78087999983661,29.758074000286044],[-97.78108900007398,29.75816199968963],[-97.78112300040917,29.7581760003852],[-97.78113400027983,29.758181000020368],[-97.78116299969383,29.758192999611794],[-97.78120799989968,29.758211999936652],[-97.781525999917,29.758272000200176],[-97.78170900021509,29.758144999677963],[-97.78174699984994,29.758009000260472],[-97.78172400028372,29.757830999998603],[-97.7815760001457,29.757577999792115],[-97.78126700034923,29.757301000334742],[-97.78038299971915,29.756794999726477],[-97.78037600004646,29.756787999672394],[-97.78035199975702,29.756750999824124],[-97.78024299997708,29.756578999949507],[-97.7802310002815,29.756560000094872],[-97.78021899968762,29.756541000236627],[-97.78021600021289,29.75653100002251],[-97.78014400024287,29.756265999832944],[-97.78015099991558,29.756107000318686],[-97.78015400028862,29.756074999959257],[-97.78015599993843,29.756055000216854],[-97.7801890004487,29.756043000369434],[-97.78020199996918,29.756022999840773],[-97.78031499994708,29.75594499961247],[-97.78071499998018,29.75587999976581],[-97.78078899960002,29.75572200021466],[-97.7807719998816,29.75561599999117],[-97.78052099981142,29.755288999669492],[-97.78049400004724,29.75519200031574],[-97.78045800006223,29.755064999789823],[-97.7804129998564,29.754909000121003],[-97.78030999992423,29.754798999818608],[-97.78026800009144,29.754778999821582],[-97.78022799990846,29.75475899982051],[-97.78023200010642,29.754742000011493],[-97.78023899977912,29.75471200038725],[-97.78024299997708,29.754696000376082],[-97.78024700017504,29.754677999970475],[-97.7802880001829,29.75451500026635],[-97.78031300029727,29.75441899997206],[-97.7803369996884,29.754323000365726],[-97.78040700000861,29.75404400008616],[-97.78041899970417,29.753957999812634],[-97.78043200012296,29.75387300005929],[-97.78043700014582,29.753853999691657],[-97.78053199968207,29.753747000016972],[-97.78066300010165,29.753599999767367],[-97.78098799979166,29.75323499970099],[-97.78116600006689,29.75295099961665],[-97.78123700021199,29.75270899999176],[-97.78114400032557,29.75254100028881],[-97.78109499992178,29.752451000192885],[-97.78111699966308,29.75220099993567],[-97.78105899993677,29.751595000093918],[-97.78084600039975,29.750940000380414],[-97.7807230003761,29.75080100023127],[-97.78071300033037,29.75079000037959],[-97.7805550001466,29.750610999928824],[-97.78049599969705,29.750544000048237],[-97.78037600004646,29.75044700000213],[-97.78033500003859,29.75043600011155],[-97.78016000013639,29.750386999733646],[-97.7801459998927,29.750379000163065],[-97.78012999999918,29.750357000365835],[-97.78012400015137,29.750348000163793],[-97.78002600024209,29.750198000057008],[-97.77998299968608,29.74944600033965],[-97.77997099999051,29.749425000196084],[-97.77996799961747,29.74937699996276],[-97.77978000019479,29.74909899981673],[-97.77965200014827,29.74901200011765],[-97.77958699985093,29.74896799991837],[-97.77957500015539,29.748948000317718],[-97.77957000013251,29.748938999989182],[-97.77953499997241,29.74888199996944],[-97.77951900007889,29.748854999743504],[-97.77951099968297,29.74884199994988],[-97.77948899994166,29.748713000226626],[-97.77948300009388,29.74868099984635],[-97.77943899971295,29.7484219999511],[-97.7794639998273,29.74820899968038],[-97.77980199993611,29.7477679996587],[-97.77999100008199,29.747704999720128],[-97.78023499958114,29.747696999935535],[-97.78024700017504,29.747696999935535],[-97.78027399993921,29.747696000059875],[-97.78044800001649,29.747786999620022],[-97.78048800019945,29.747839000111533],[-97.78060700002513,29.747994999864346],[-97.78072699967575,29.748097000081472],[-97.78083999965365,29.748194000061655],[-97.78090800032402,29.74831499993757],[-97.78095099998173,29.748391999995253],[-97.78098100011896,29.748445000041134],[-97.7810189997538,29.748512999632194],[-97.78112699970882,29.748619000347894],[-97.78148900010707,29.74865099996802],[-97.78190900023165,29.748514000279567],[-97.782110999898,29.74833800005216],[-97.78222899989878,29.74807300003969],[-97.78219000043903,29.7478649999572],[-97.7820399997529,29.74769899968672],[-97.78190199966063,29.747623999629415],[-97.78177199996429,29.747589999928163],[-97.78172599993354,29.74757799984729],[-97.78167800025297,29.74756499988808],[-97.78166400000924,29.747553999681337],[-97.7816039997348,29.7475450000076],[-97.78155900042727,29.747532999921336],[-97.78066300010165,29.747296999753498],[-97.78005100035645,29.747303999690477],[-97.77903500038022,29.74720900017006],[-97.77879500018071,29.747258999641534],[-97.77867999965467,29.747224999816446],[-97.77855199960815,29.74718699967719],[-97.77846899976747,29.74716200031656],[-97.77802100005381,29.74721400035235],[-97.77771999975492,29.747112000016816],[-97.77711200020771,29.746687000361614],[-97.77691100036625,29.746401999776424],[-97.77677900012178,29.74621500016731],[-97.77659699964858,29.745957000034018],[-97.77658800032606,29.745943999864622],[-97.77629600024801,29.745530000368095],[-97.77598900010135,29.74530000034248],[-97.77562900025124,29.745132999823756],[-97.77558200039557,29.745065000280075],[-97.77557399999965,29.74504599980292],[-97.77552399977094,29.744980999908396],[-97.77548199993815,29.744920000365045],[-97.77525000013455,29.74458400031008],[-97.7752259998451,29.744548999670908],[-97.77514899985222,29.74443699988324],[-97.7751339997836,29.74441600025036],[-97.77512299991294,29.744400000155707],[-97.77494999966058,29.744306000133058],[-97.77490899965271,29.74429700016777],[-97.77488500026156,29.744290999930474],[-97.77457300009203,29.744219000174635],[-97.77455999967324,29.74421000020148],[-97.77436999970246,29.744171999699493],[-97.77432000037206,29.744159999989485],[-97.7742750001662,29.744150000100092],[-97.77400200035473,29.74393800002629],[-97.77392199998877,29.74373500030077],[-97.77388699982868,29.743636999990343],[-97.7738809999809,29.743618000022558],[-97.77387799960785,29.743579000159432],[-97.77387299958498,29.74351200025924],[-97.77384900019385,29.74320700004293],[-97.77388299963073,29.74311999991095],[-97.7740080002025,29.742802000265492],[-97.77402499992094,29.742772000188022],[-97.77414399974664,29.742555999833236],[-97.774168999861,29.742510000065884],[-97.77436399985466,29.742157000131776],[-97.77436999970246,29.74194399981125],[-97.77427400034131,29.741750000143615],[-97.77406199973088,29.741584999825402],[-97.773944999555,29.741552000353156],[-97.77355000044312,29.741643000029658],[-97.77336399977195,29.741827999717398],[-97.77334000038083,29.74185199969403],[-97.77328900032721,29.741902000276884],[-97.77327000006062,29.741920999789876],[-97.77314399966393,29.74204599994427],[-97.7728590001569,29.742238999889206],[-97.77271199984379,29.742179000168427],[-97.77259800004097,29.74205899983912],[-97.77252900044401,29.74198600010802],[-97.77244999990297,29.74198500017542],[-97.77235399964351,29.74198400024282],[-97.77230000011515,29.74198400024282],[-97.77206999996137,29.741980999665014],[-97.77202099955757,29.741979999732425],[-97.77200300001422,29.741979999732425],[-97.7716490000119,29.74205999977091],[-97.77162200024773,29.74205899983912],[-97.77148499998037,29.74205600004348],[-97.77113000015312,29.741976000001817],[-97.77098600021309,29.741807000318108],[-97.77094199983216,29.74175499981815],[-97.7708179999836,29.741747000338798],[-97.77066700037086,29.74176200014202],[-97.77064499973123,29.741764000011575],[-97.77062700018789,29.741765999881167],[-97.7705719999363,29.741771000334836],[-97.77054199979906,29.741791999741643],[-97.7703810001406,29.741905000077054],[-97.77013799956804,29.741939000146143],[-97.76960399964065,29.741909999743854],[-97.76953500004366,29.741897999763168],[-97.76888099956739,29.7417889999381],[-97.76886999969672,29.74178400026526],[-97.76876400028983,29.741729999883162],[-97.76866499965732,29.741680999930118],[-97.76856400027329,29.741630000080942],[-97.7682489997307,29.74125200011485],[-97.76823399966209,29.741080000166193],[-97.76854599983163,29.740797999856973],[-97.7686200003498,29.74073200038369],[-97.76869499979453,29.740664000195526],[-97.76997600008464,29.739508000081557],[-97.77019600019267,29.739248999891405],[-97.7703400001327,29.738990999774778],[-97.77035600002624,29.738937000228773],[-97.7703669998969,29.738922000003033],[-97.77043700021709,29.738675000227293],[-97.77069400013504,29.73783599985091],[-97.77069900015792,29.737819000292316],[-97.77073799961767,29.7367829999122],[-97.77066900002069,29.736321999781207],[-97.77047700040005,29.735812000171062],[-97.77029900012482,29.735488999986813],[-97.7702120000862,29.73517700032814],[-97.77017600010119,29.734819000304256],[-97.77020399969027,29.734570999778242],[-97.77037100009484,29.73422100001185],[-97.77042899982116,29.73410100030115],[-97.7705009997912,29.73395000005822],[-97.7705009997912,29.733929999802335],[-97.77049999996628,29.73389800016474],[-97.77049900014137,29.733806999701205],[-97.77044499971471,29.733715999935185],[-97.77049900014137,29.73346999983732],[-97.77055600004277,29.733412000366947],[-97.77084599957269,29.733119000108722],[-97.77085399996862,29.733110999940582],[-97.77095100005297,29.733013000169244],[-97.77127400009319,29.732839000084642],[-97.77131500010105,29.732873000106963],[-97.7714449997974,29.73301500021332],[-97.77140299996461,29.73307800002032],[-97.77136100013182,29.73314199980852],[-97.77138600024617,29.733520999935752],[-97.77142399988101,29.733642000356078],[-97.77145499984313,29.73370799981465],[-97.77192799967116,29.734186999666424],[-97.77202200028081,29.73419799977945],[-97.77211099996927,29.734181999614623],[-97.77219899983282,29.734149000046692],[-97.77225599973421,29.73410500034582],[-97.77230599996294,29.734039000368394],[-97.77232500022951,29.733973000347476],[-97.77232500022951,29.733878999911912],[-97.77228699969636,29.73379700033954],[-97.77218600031233,29.733652999748813],[-97.77216600022085,29.733634000229635],[-97.77174299972323,29.733247000372046],[-97.77167599977608,29.733185999931795],[-97.77158200006475,29.733031999806038],[-97.7715080004449,29.73295100034411],[-97.77141200018545,29.73280900014714],[-97.77128699961365,29.732626000256122],[-97.77096000027382,29.732305000011806],[-97.76890700040497,29.73101700029626],[-97.76879400042706,29.730945999634244],[-97.76770300010776,29.73018300008232],[-97.76688600032315,29.72969300000827],[-97.76636999993912,29.729473000119942],[-97.76562599994946,29.72902900020929],[-97.76541300041244,29.728813999964608],[-97.7653480001151,29.728658000017486],[-97.76530000043454,29.728543000226225],[-97.76527500032017,29.728482000046064],[-97.76515899996922,29.728432999861642],[-97.76501400020426,29.72837199961455],[-97.76413100029741,29.728001000113778],[-97.76373899976194,29.72789899973934],[-97.7633630000183,29.72790600025022],[-97.76299999979516,29.727912999980457],[-97.76295299993949,29.7279280002923],[-97.76290899955853,29.72794199974927],[-97.76286300042611,29.727955999984317],[-97.76276600034174,29.72798599981285],[-97.76257800002075,29.72804400007993],[-97.76238600040014,29.72810300038448],[-97.7622650000263,29.72813999988346],[-97.7620740002306,29.728260999773166],[-97.76205499996404,29.72826500005069],[-97.76204900011624,29.72827700010225],[-97.76202800019985,29.728290000221484],[-97.76192899956733,29.728352999875305],[-97.76188699973454,29.728380000160595],[-97.76187300038914,29.72838899999407],[-97.76179499967303,29.72838899999407],[-97.76158700015888,29.72838899999407],[-97.76128000001222,29.728299000062975],[-97.7611229996534,29.728182999790107],[-97.76103800016287,29.72812000002948],[-97.76090400026858,29.728020999991497],[-97.76069099983326,29.727762999858914],[-97.76058500042636,29.727083000032046],[-97.76066300024416,29.72705400001495],[-97.76075500030566,29.726812000298906],[-97.76077899969681,29.726748000373142],[-97.7607850004429,29.726731999800236],[-97.76079799996339,29.72669800003709],[-97.76081999970468,29.726639999772008],[-97.76088300035218,29.72647200007936],[-97.76105400005642,29.726102999976],[-97.76111699980561,29.725911000279783],[-97.7611229996534,29.725805999839547],[-97.76111099995782,29.725706999858723],[-97.76110000008717,29.725679000319197],[-97.7610959998892,29.725666999956946],[-97.76109000004142,29.725649999896348],[-97.76107900017077,29.725619000053804],[-97.76104200036083,29.72555299995446],[-97.76097899971333,29.72549299961374],[-97.76080800000912,29.72540499962115],[-97.76070099987899,29.725382999805955],[-97.76048099977096,29.72538800029629],[-97.7602659996858,29.725453999724053],[-97.7602079999595,29.72549100019983],[-97.7601660001267,29.725452999626647],[-97.76007099969213,29.72523299980287],[-97.7599829998286,29.725128000213434],[-97.75982499964483,29.72504599972946],[-97.75961100028292,29.72504599972946],[-97.75947300019065,29.7251060003375],[-97.75934000012128,29.72523299980287],[-97.75927099962597,29.725365000379096],[-97.75926399995329,29.7255019997061],[-97.75929599974035,29.725612000163554],[-97.75930400013627,29.725630000326166],[-97.75934000012128,29.72571100023803],[-97.7593209998547,29.725820999686256],[-97.75926399995329,29.725848999966228],[-97.75922499959522,29.72593600025697],[-97.75903299997461,29.725875000052067],[-97.7586959996907,29.725518999791774],[-97.75860000032955,29.725207999650536],[-97.75860100015447,29.725046999830912],[-97.758765000186,29.724612000010076],[-97.7588070000188,29.724500999909807],[-97.75885300004956,29.72437900005858],[-97.75893099986735,29.724170999983066],[-97.75903200014969,29.723990000162853],[-97.75905700026404,29.723945999907283],[-97.75921899974745,29.723838000190955],[-97.759342999596,29.723823000047833],[-97.75935900038785,29.723820999820504],[-97.75940100022063,29.723816000032222],[-97.75947900003844,29.723806999788657],[-97.75949499993197,29.723805000341148],[-97.76019100024105,29.72371999999244],[-97.76048800034197,29.723608999685716],[-97.76050099986246,29.723609999801425],[-97.76056799980961,29.723579000108824],[-97.76091400031432,29.723328000307063],[-97.76114199991996,29.72323999997619],[-97.76115600016367,29.723225999863228],[-97.76157799993805,29.72304800026299],[-97.76204200044356,29.722644000349394],[-97.76269199982357,29.722204999734995],[-97.76353600027068,29.721766000320834],[-97.76421699961283,29.7216270003033],[-97.76470799988252,29.72160800006704],[-97.76472499960094,29.721606999931364],[-97.76491499957174,29.721600999896992],[-97.76510299989272,29.721593999726462],[-97.76513100038012,29.72159300037075],[-97.76519800032729,29.72158999996309],[-97.7661420003335,29.721654000057995],[-97.76634900002273,29.721729000031857],[-97.76636800028929,29.72172699976286],[-97.76646600019859,29.721759000161754],[-97.76652599957474,29.721721999870258],[-97.76663400042807,29.7216550001932],[-97.76665600016939,29.721640999859172],[-97.76673300016228,29.72159300037075],[-97.76702299969219,29.721163999681377],[-97.7676360001606,29.720704999842866],[-97.7683330002946,29.72026700025771],[-97.76847499968652,29.720051999963243],[-97.76855199967942,29.71973700020596],[-97.76853999998384,29.719416000075267],[-97.7685159996944,29.719322000044386],[-97.76851099967152,29.71930400031063],[-97.76845899979298,29.719103000203656],[-97.76837099992943,29.718962000074743],[-97.76832200042396,29.71888299972228],[-97.76786100029149,29.718427000096735],[-97.76764500038144,29.71834199987417],[-97.76741400040275,29.718251000125175],[-97.7668689997064,29.717821999974372],[-97.76612100041709,29.717534000323006],[-97.76578099976015,29.71723400003501],[-97.76566100010956,29.717127999698153],[-97.76558800031462,29.717002999701652],[-97.76551200014664,29.716872000012625],[-97.76524900038089,29.716422000177687],[-97.76519099975627,29.716322000113745],[-97.76517700041089,29.716298000270818],[-97.76512999965689,29.716216999783416],[-97.76480900016485,29.71566799961143],[-97.76470500040779,29.715477999850137],[-97.76463099988962,29.715224999675513],[-97.76462800041487,29.715181999678016],[-97.76461099979812,29.71515099972288],[-97.76459200042986,29.715064000225357],[-97.76457900001108,29.715052000154266],[-97.76449699999533,29.714943000027695],[-97.76413799997012,29.714467000213936],[-97.76388299970198,29.713674000001674],[-97.7637429999599,29.7134159996555],[-97.76370500032507,29.713379000189583],[-97.76348299966891,29.713158999646467],[-97.76336399984324,29.71304200037761],[-97.76308199981091,29.712946000175545],[-97.76285900022815,29.712869999657908],[-97.76279399993082,29.71284800021592],[-97.76265400018875,29.712954999832654],[-97.76263900012012,29.71296700015447],[-97.7625389996627,29.71304299981846],[-97.76251299972343,29.713063000336447],[-97.76225499998057,29.713259999959224],[-97.76223800026212,29.713272999683078],[-97.76221499979759,29.713279999653768],[-97.76146599978505,29.713719000293484],[-97.76059200009905,29.71396599987179],[-97.76057899968026,29.71397999971597],[-97.7605319998246,29.71399400033841],[-97.76050400023551,29.71400199969007],[-97.76038600023472,29.714037000064543],[-97.7602930003483,29.714064000300457],[-97.76026700040904,29.714064000300457],[-97.76025200034043,29.714076999920266],[-97.7599829998286,29.714156000154123],[-97.75904200019544,29.71459200024752],[-97.758869999768,29.714736000105717],[-97.75868900001802,29.714889000021337],[-97.7586739999494,29.714984999925843],[-97.75866399990366,29.715045000307136],[-97.75862899974355,29.715270000052296],[-97.75864200016234,29.715481999857023],[-97.75862700009372,29.715735000164145],[-97.75850099969703,29.716023000295852],[-97.75812499995341,29.716434000085016],[-97.75798900040928,29.71659199990165],[-97.7578089995859,29.716733000239042],[-97.75760600009464,29.716852000253493],[-97.7573149998415,29.716998000353914],[-97.75727999968139,29.71706899996258],[-97.75727300000871,29.717083000154208],[-97.75721799975712,29.717197999815387],[-97.75716300040385,29.71730800001253],[-97.75715699965775,29.717319999814],[-97.75704299985493,29.717553999946205],[-97.75697900028084,29.7176149997477],[-97.75683399961757,29.717752999686184],[-97.75682100009708,29.717765000214573],[-97.7565480002856,29.717824999714434],[-97.75634499989602,29.717802999797982],[-97.75565500033302,29.71772800001101],[-97.75486600013751,29.71745300005277],[-97.75477499990092,29.717420999841305],[-97.75474099956574,29.717409000051912],[-97.75327500022603,29.71677199961684],[-97.75293999959196,29.716625999967953],[-97.75250399957386,29.716305000030573],[-97.75218899992959,29.71607299970903],[-97.75209400039334,29.716003000367614],[-97.7519789998673,29.715918999845176],[-97.75195200010313,29.715898999896176],[-97.7519000002246,29.715860000179205],[-97.75151400043522,29.715573999971593],[-97.75139700025935,29.71548700006047],[-97.75138399984057,29.71547699965333],[-97.7510850000898,29.71525699980682],[-97.750450999705,29.714895999879346],[-97.7501829999164,29.714744000178506],[-97.75001700023505,29.71464999967346],[-97.74998399972476,29.71463099967688],[-97.7495150000947,29.714504000059076],[-97.74937500035261,29.714512000150286],[-97.74902499964995,29.714532999801655],[-97.74836299967603,29.714464000373525],[-97.74771999996871,29.714397999960237],[-97.74754099986856,29.71432899965906],[-97.74746300005076,29.714298999648992],[-97.74742500041593,29.714283999640674],[-97.74740699997426,29.714276999739997],[-97.74738500023295,29.714268000201393],[-97.74731800028582,29.71420999977455],[-97.74709399997982,29.714016999740583],[-97.74697199978107,29.713832000261284],[-97.74696400028348,29.71370899971028],[-97.74652599971725,29.71343700031631],[-97.74640699989158,29.713013999645476],[-97.74664999956582,29.71255600021493],[-97.7468810004428,29.71243200021416],[-97.7471059996754,29.712336000208985],[-97.74723899974478,29.712214999844207],[-97.7472399995697,29.7121339999634],[-97.7472399995697,29.712118000181533],[-97.74750700043171,29.712265999822307],[-97.74758299970135,29.712274000091874],[-97.74769900005231,29.712274000091874],[-97.74781700005309,29.712245999925777],[-97.74797000021398,29.712203999661927],[-97.74822399975888,29.71214699983311],[-97.74849699957035,29.71210500030808],[-97.74889800032666,29.712074000183012],[-97.74930699968226,29.71204499973013],[-97.74955600010259,29.712028999934027],[-97.74974500024848,29.71193799992373],[-97.74985499985334,29.711811000020173],[-97.74982399989119,29.711563000365807],[-97.74965400001189,29.711421999788985],[-97.74943700027691,29.71128900014238],[-97.74922499966648,29.711168000076242],[-97.74898799984003,29.711103000077216],[-97.74851699966183,29.71107199964272],[-97.74810499993318,29.71107199964272],[-97.74773800041037,29.711091999773114],[-97.74728099957757,29.71113200002195],[-97.74692099972746,29.71109599995475],[-97.74663899969515,29.711140999841675],[-97.74650700034898,29.711189999886297],[-97.74635800038607,29.711246000019514],[-97.74625999957847,29.71125499982901],[-97.74615499999649,29.71127799985864],[-97.74610200029304,29.711303000359845],[-97.74609100042238,29.711297999948005],[-97.74604000036875,29.71133399994279],[-97.74600900040662,29.711368000229392],[-97.74598000009429,29.711374000095223],[-97.7459299998656,29.711412999994412],[-97.74591599962189,29.711433000056882],[-97.74589899990345,29.711450000184882],[-97.74586200009354,29.711514999959284],[-97.74580799966684,29.7115599996584],[-97.74575800033645,29.711610999969178],[-97.74570399990978,29.71164500016198],[-97.74564799983327,29.71168399995597],[-97.74557099984038,29.711743999969475],[-97.74548700017479,29.711889999696474],[-97.74545000036488,29.71200000024838],[-97.74541299965664,29.712060000072988],[-97.7454100001819,29.71226299991607],[-97.74529600037908,29.712346000148784],[-97.74525000034834,29.712395999832847],[-97.74516499995953,29.712515000307143],[-97.74509800001238,29.712605000349217],[-97.74501299962355,29.71266199991807],[-97.74493300015592,29.712689999968152],[-97.74456800028294,29.71256600013281],[-97.74428000040287,29.712312000193357],[-97.74410799997541,29.711886999779054],[-97.74401799956371,29.71187299964296],[-97.74393800009611,29.71185999973782],[-97.74387199997386,29.711889999696474],[-97.74380800039977,29.711919999646163],[-97.74337800022943,29.711949000135142],[-97.74307799975546,29.711970000322598],[-97.74264000008756,29.71222499979604],[-97.74254399982809,29.71224400024797],[-97.74243000002527,29.712267000051057],[-97.74183900019649,29.712385999898036],[-97.74149199986685,29.712533999923963],[-97.74146400027776,29.712546000296047],[-97.74136399982032,29.712587999636604],[-97.74111899959794,29.712590000087715],[-97.7408059996035,29.712546999741832],[-97.7405579999064,29.712511999628124],[-97.74054000036303,29.712509999955675],[-97.74047099986774,29.712501000258616],[-97.74021999979759,29.71246600012894],[-97.74018499963748,29.71246099977503],[-97.73977899975661,29.712518000205797],[-97.73963900001453,29.71259299998418],[-97.73942899995225,29.712705999658915],[-97.73939299996725,29.71271999967879],[-97.73901300002564,29.712866999769776],[-97.73870099985612,29.712988000128995],[-97.73862399986321,29.7129920002351],[-97.73853799964948,29.712996999782337],[-97.73842600039481,29.712956000054596],[-97.73839299988452,29.712925999634315],[-97.7383689995951,29.712904999646813],[-97.73835199987664,29.71285200032765],[-97.73833599998312,29.712804999980527],[-97.73832000008959,29.712754999719994],[-97.73830800039403,29.712744000377107],[-97.73831000004385,29.712726000243972],[-97.73823800007384,29.712508000283137],[-97.73823300005097,29.712491999780596],[-97.73804899992794,29.712114000040568],[-97.73796400043744,29.71193799992373],[-97.73794599999577,29.71190099991315],[-97.73782499962196,29.711835000155556],[-97.7371860001126,29.711484999888583],[-97.73709499987599,29.711388999758157],[-97.73691300030112,29.711197000002212],[-97.73689499985944,29.71117800013232],[-97.73677000018598,29.71104599962328],[-97.73673400020097,29.71098499973134],[-97.73658299968992,29.710728999985346],[-97.7365679996213,29.710554000027212],[-97.73651499991786,29.709910999835618],[-97.73659399956058,29.70949099990324],[-97.73658699988788,29.70920400001835],[-97.73621299979405,29.707650000135878],[-97.73619900044866,29.70759000001675],[-97.73612099973255,29.707264000225177],[-97.73594199963242,29.705629000304114],[-97.73610700038716,29.704748999881325],[-97.7364689998871,29.70391600017891],[-97.7367080002617,29.70293100017261],[-97.73672099978216,29.702825000340876],[-97.73679699995016,29.70221900028842],[-97.73690300025538,29.702025999834987],[-97.73699600014179,29.701954000181356],[-97.7373209998318,29.701804999834685],[-97.73761499955967,29.701670000047145],[-97.73816100008095,29.7014199996436],[-97.73854100002254,29.70120599990257],[-97.73929800043099,29.700652999769417],[-97.73982200031263,29.700370000205485],[-97.74016100024636,29.700240000232323],[-97.74047300041588,29.700193999793367],[-97.74113399966656,29.700097999793254],[-97.74199300018228,29.699751999828308],[-97.74231899969719,29.699533999793122],[-97.74284299957883,29.699082000346152],[-97.74334700026729,29.698840999885697],[-97.74350600027596,29.698516000152598],[-97.7436490003911,29.697637999803856],[-97.743642999645,29.697591000139422],[-97.74364099999518,29.697579000321177],[-97.7436290002996,29.697496000368595],[-97.74328600016794,29.69696699988694],[-97.74304299959537,29.69677499986982],[-97.74269799981388,29.696670000168606],[-97.74223000000875,29.696731000171873],[-97.74164400020281,29.696808999623233],[-97.7407550004482,29.696735999748398],[-97.74065900018871,29.69672799980162],[-97.74033899962328,29.696784000195848],[-97.7401019997968,29.696733999761747],[-97.73993199991749,29.69663400037956],[-97.73975500036548,29.6965480000509],[-97.73947300033319,29.69649899988519],[-97.73904999983556,29.696548999655903],[-97.73902899991917,29.696550999646245],[-97.7389960003072,29.696554999626716],[-97.7387000000312,29.696589999839535],[-97.73854900041846,29.696558000002202],[-97.73850500003752,29.696548999655903],[-97.73799200002655,29.69625400025879],[-97.73780399970556,29.69610399965112],[-97.73778799981204,29.69609199965527],[-97.73777600011648,29.696081999657647],[-97.73777000026868,29.69607399965881],[-97.73775400037516,29.69606500004951],[-97.73767499983413,29.69600199964065],[-97.7376589999406,29.69598900002204],[-97.73742899978684,29.695798000089372],[-97.73674800044468,29.695232999739783],[-97.73637099997781,29.694920000176964],[-97.73623299988556,29.694804999972995],[-97.73587100038561,29.69441499979386],[-97.73540900042826,29.69361800033447],[-97.73539000016169,29.69351299967493],[-97.73536599987223,29.693379000085926],[-97.73534800032888,29.69327899970548],[-97.73533300026028,29.693194999683595],[-97.73533999993298,29.693153999675268],[-97.73538199976576,29.69291600030522],[-97.73539199981151,29.692858999673998],[-97.7354060000552,29.692820000373526],[-97.73540299968215,29.692799000083607],[-97.7354200002989,29.692703000040137],[-97.7354269999716,29.69266399989874],[-97.73553499992664,29.69247299988806],[-97.73555199964507,29.692443000372254],[-97.73595599987611,29.69173400002627],[-97.73602500037141,29.691456000148765],[-97.73601500032566,29.6913959997206],[-97.73600500027992,29.69133600003696],[-97.73571999987456,29.691197999692225],[-97.73563500038406,29.691203999982584],[-97.7356100002697,29.691206000079305],[-97.73550899998737,29.6912130000273],[-97.73547800002524,29.691215000123844],[-97.73516199965772,29.691135000133464],[-97.73459199974535,29.691075000294035],[-97.73427000042838,29.69090500029419],[-97.73374499982351,29.690626999683925],[-97.73341500011063,29.69054099967623],[-97.73264799965644,29.690341999857193],[-97.73244500016514,29.690289000336993],[-97.73198499985762,29.690127000260784],[-97.73116800007301,29.689707000321143],[-97.73048799965744,29.689299000215044],[-97.73003300027109,29.689025000124495],[-97.7300190000274,29.689017000344165],[-97.72983099970641,29.68890399976983],[-97.72838799993292,29.688192000362392],[-97.72757600017118,29.687891999824963],[-97.72715199984866,29.68754899983017],[-97.72693199974064,29.68715900036369],[-97.7267459999678,29.686646000027537],[-97.72670099976195,29.68638100020493],[-97.72562500040958,29.685672000012463],[-97.72550900005862,29.685642000027155],[-97.7246060000603,29.685612000032975],[-97.72417000004221,29.685666999885424],[-97.72376199961322,29.685718000076484],[-97.72361000017555,29.685737000079794],[-97.72335300025762,29.685769000241617],[-97.72331200024972,29.685761999914437],[-97.72320099992164,29.68574500012121],[-97.72305399960854,29.685728000325117],[-97.72253399992488,29.685570000338195],[-97.7222629997632,29.685592000292022],[-97.72210399975457,29.68551999978682],[-97.72178499991233,29.685084999637102],[-97.72156300015449,29.68488800016272],[-97.72138099968129,29.684510000335695],[-97.72138099968129,29.684446999706026],[-97.72145000017657,29.68416300003166],[-97.72169100020099,29.68392300019797],[-97.72193499970017,29.68357300022617],[-97.72221699973245,29.683308000105786],[-97.72253899994774,29.682938000064834],[-97.72271399984993,29.68274599977684],[-97.7228519999422,29.682556999915583],[-97.72284400044458,29.682305999814837],[-97.72273899996426,29.68215099993708],[-97.72253599957469,29.682091999945996],[-97.72250799998561,29.682088000170197],[-97.72246299977976,29.682082000116026],[-97.72238699961177,29.682070999755588],[-97.72221699973245,29.68204800006237],[-97.72185199985948,29.682088000170197],[-97.72181500004956,29.682101000026194],[-97.72172999966074,29.682132000036315],[-97.72171100029249,29.682138999835853],[-97.7216979998737,29.682143000390024],[-97.72165299966785,29.68215900026391],[-97.7216209998808,29.682171000362693],[-97.7215000004053,29.682213999664427],[-97.72121400017502,29.682315999622528],[-97.72117800019002,29.68232900022949],[-97.72093700016558,29.6824150002403],[-97.7207489998446,29.68248200034293],[-97.72060200042984,29.68254799987616],[-97.72006000010651,29.682788999613063],[-97.71994799995353,29.68283899996214],[-97.7198480003944,29.682856999988065],[-97.71966699974615,29.682889000286334],[-97.71945599985895,29.683052000062332],[-97.71945099983608,29.68318000016553],[-97.71944900018626,29.683231000057607],[-97.71938999973672,29.68332500031119],[-97.7192409997738,29.683403000023148],[-97.71889799964212,29.683582999907806],[-97.71847900024078,29.68375100034179],[-97.71818799998765,29.683866999660033],[-97.71813799975892,29.683874999850286],[-97.7181150001927,29.683972999982974],[-97.71763999981656,29.68411499979859],[-97.71720499962336,29.684148999933555],[-97.71691699974328,29.68399600001618],[-97.71675899955954,29.68374199962888],[-97.71687599973541,29.683305000115137],[-97.7169469998805,29.683073999786803],[-97.71717200001142,29.682865000258708],[-97.71735000028664,29.682786000387374],[-97.71753400040966,29.682799999894875],[-97.71773699990094,29.68261400014651],[-97.71778700012966,29.682480999817525],[-97.71777100023611,29.682289000217555],[-97.71769199969508,29.682128000262107],[-97.71757000039467,29.68206900025752],[-97.7173610001573,29.681995999820327],[-97.71733199984499,29.68195599967582],[-97.71721499966911,29.681797000251535],[-97.71702600042154,29.681778000283852],[-97.7169820000406,29.681791000179935],[-97.71689900019993,29.681794000215774],[-97.71673699981822,29.681835999927426],[-97.71642100034906,29.681917000046496],[-97.7163760001432,29.68192799964333],[-97.71568499985699,29.682106000330617],[-97.71557400042722,29.68210499980147],[-97.71497600002742,29.682097000250813],[-97.71466999970566,29.68209299969481],[-97.71462700004797,29.682091999945996],[-97.71441000031298,29.68206900025752],[-97.71413800032641,29.682041000256444],[-97.71309100038805,29.681735000015166],[-97.71306799992351,29.681728000187498],[-97.71290800008994,29.68168199985832],[-97.71289499967114,29.6816780000662],[-97.71268899980684,29.681618000043976],[-97.71235800026902,29.6815209997112],[-97.71170499961767,29.68150000018198],[-97.71164299969337,29.68151699991269],[-97.71150899979907,29.681554999943106],[-97.71142099993553,29.681621999838477],[-97.7112939997139,29.681719000073855],[-97.71125000023129,29.681810000145166],[-97.71109000039773,29.682141999861308],[-97.7110250001004,29.68219900032756],[-97.71071700012881,29.682471999771305],[-97.70999400005554,29.682878999755207],[-97.70949500028827,29.683036000330592],[-97.70940800024962,29.683091000031773],[-97.70936100039397,29.68312099999796],[-97.70923400017234,29.68320199986203],[-97.70908600003436,29.683236000305747],[-97.70899800017081,29.683255999735096],[-97.70897999972914,29.68331000035965],[-97.70888299964477,29.683597999818595],[-97.7088500000328,29.683620999937613],[-97.70869299967397,29.68373199996305],[-97.70845099982462,29.683732999695557],[-97.70775600023876,29.683506000070285],[-97.70764300026086,29.68346899973212],[-97.70759700023011,29.683453000066805],[-97.70713000024988,29.683195000136458],[-97.7067510001332,29.682925000317073],[-97.70674100008746,29.682917999791822],[-97.70656199998731,29.68279099987726],[-97.70646800027598,29.68275100004912],[-97.70645099965922,29.6827440002922],[-97.7063779998643,29.68271199994776],[-97.70597199998343,29.68268300038286],[-97.70556500027764,29.682684999868712],[-97.70555100003395,29.682635999966898],[-97.7055059998281,29.682635999966898],[-97.70545499977447,29.682608000123754],[-97.7054070000939,29.68259600007713],[-97.70526900000164,29.682571000235438],[-97.70519299983364,29.68255399990257],[-97.70480100019648,29.68259600007713],[-97.70455799962393,29.682614999890138],[-97.7045269996618,29.682595000333325],[-97.70439500031564,29.682508999696047],[-97.70432900019338,29.68246599974005],[-97.70426200024623,29.68242200002012],[-97.70412599980381,29.682276000385816],[-97.70398000021395,29.68211799965532],[-97.70379899956565,29.681836999678787],[-97.7037249999458,29.681525000289962],[-97.70385499964215,29.68126700009395],[-97.70411699958296,29.68109600013453],[-97.70416699981168,29.681074999736065],[-97.70430999992682,29.68101400037486],[-97.70485200025013,29.680783000244958],[-97.70518600016096,29.680549000291865],[-97.70564100044562,29.68021799976485],[-97.70576299974606,29.679861999974047],[-97.7056609996388,29.67960199986516],[-97.70548900010965,29.679432999746048],[-97.70533400029896,29.679328999651567],[-97.7051619998715,29.679320000103615],[-97.70482600031085,29.679264000123254],[-97.70478399957973,29.679112000353765],[-97.70497899957341,29.67884099993281],[-97.70508999990147,29.67868699995851],[-97.70522799999377,29.678494000351918],[-97.70537299975872,29.678292999741043],[-97.70537600013176,29.677829000131652],[-97.70533400029896,29.6777289998883],[-97.70530800035971,29.677667000264975],[-97.70529699959073,29.677623000005546],[-97.70531400020748,29.677550000242274],[-97.70533199975083,29.677490000097755],[-97.7054000004212,29.677391999888787],[-97.70541799996455,29.677365999737685],[-97.70542600036046,29.677353999845774],[-97.70544700027686,29.67733300022662],[-97.70545700032262,29.67732799968485],[-97.70554699983599,29.677291999991276],[-97.70564200027053,29.67730300009409],[-97.70575100005047,29.67722399975436],[-97.70582499967033,29.677173999734457],[-97.70586200037857,29.677149999903374],[-97.7063360000315,29.677311000026286],[-97.70655799978935,29.677348000289566],[-97.70640600035169,29.677064999870268],[-97.70631500011511,29.676905999734732],[-97.70604899997632,29.676641999793777],[-97.70580499957885,29.676400000344632],[-97.70559200004182,29.67631300006487],[-97.70559600023978,29.676146000276937],[-97.70545499977447,29.67599399969601],[-97.7053789996065,29.675930999973247],[-97.70531699968221,29.67588900013614],[-97.70529999996377,29.67584400006823],[-97.70526300015386,29.675790000116223],[-97.7052099995521,29.675657999937997],[-97.7051810001381,29.675581000274335],[-97.70521499957496,29.675456999901453],[-97.70534000014675,29.675184000140224],[-97.70568300027843,29.67497300018005],[-97.70588699959461,29.67486699973331],[-97.70605099962613,29.67470899984674],[-97.70607499991559,29.674549999888132],[-97.70595000024213,29.674314999650814],[-97.70574100000474,29.67412399989365],[-97.7055190002469,29.674003000333794],[-97.70528200042042,29.674055999855735],[-97.7049989996649,29.674150999930358],[-97.70473400024933,29.674269999658954],[-97.70418199988029,29.674338000332625],[-97.70384899979436,29.674249000176207],[-97.7037020003796,29.673913999880835],[-97.70360100009724,29.67371599975695],[-97.70357900035594,29.673634000222247],[-97.70343100021793,29.67340800026368],[-97.70329899997346,29.673071999669624],[-97.70329099957753,29.672776000204596],[-97.70336000007283,29.672438000150766],[-97.70345999963193,29.672231999907147],[-97.70340600010358,29.671895000216658],[-97.70344000043877,29.671531000225013],[-97.70344200008859,29.671507999681648],[-97.70345100030943,29.671409000031613],[-97.70351099968556,29.670860000061793],[-97.70342100017218,29.67048199978639],[-97.70326999966113,29.670323000169056],[-97.70310900000267,29.670254999902536],[-97.70293400010047,29.67021499977017],[-97.70268600040336,29.67020199993837],[-97.70264600022038,29.670195999955382],[-97.7026040003876,29.670219999885173],[-97.70257500007527,29.670241000209266],[-97.70244899967858,29.670196999822476],[-97.70245200005164,29.670117000276292],[-97.70227999962418,29.670121999615635],[-97.7021969997835,29.67009900031108],[-97.7021680003695,29.669974000333713],[-97.70217000001932,29.669910999961594],[-97.70225200003509,29.66986299994891],[-97.7022810003474,29.66962300032234],[-97.7023659998379,29.669483000080536],[-97.70251700034896,29.669181000155408],[-97.7024429998308,29.668861999797578],[-97.70222899957055,29.66859199973426],[-97.70199099991916,29.668529000057514],[-97.70184100013135,29.66849899964002],[-97.70181199981903,29.668509000040334],[-97.70177800038216,29.66852000032351],[-97.70164299976463,29.668563999882785],[-97.7014290004027,29.66863500016004],[-97.70130700020397,29.668675000140237],[-97.70120699974655,29.668671999712952],[-97.70109299994373,29.668669000066146],[-97.70098199961564,29.66866700030155],[-97.70093800013302,29.668655000152093],[-97.70087600020874,29.66862599965496],[-97.70082500015512,29.668594000280905],[-97.70076200040593,29.668554000268482],[-97.70073800011649,29.668538999674308],[-97.70062599996348,29.668468999994186],[-97.7005359995518,29.66841300021496],[-97.70043900036573,29.668352000196936],[-97.70040400020564,29.668303000334856],[-97.70036900004554,29.668253999668334],[-97.70027100013625,29.6681170003065],[-97.70024500019699,29.66807999976884],[-97.7000350001347,29.667845000023448],[-97.69978099969148,29.66756100028593],[-97.69947699991788,29.66742399998017],[-97.69851100017034,29.66698799969099],[-97.69830500030602,29.666708000263167],[-97.6977970003179,29.666500000183646],[-97.69758800008054,29.666550000046914],[-97.69740700033057,29.666639999894198],[-97.69720999978877,29.66677599980563],[-97.69715299988735,29.666974000323545],[-97.69720800013893,29.667354000304577],[-97.69719300007033,29.667418999726227],[-97.69732500031479,29.667923000036353],[-97.69761400001981,29.667885000317835],[-97.69770600008133,29.66812199974524],[-97.69808699984783,29.668629999966235],[-97.69811600016013,29.668616000046764],[-97.69813500042672,29.668629999966235],[-97.69821700044248,29.668706000387107],[-97.69819399997793,29.668746000339087],[-97.69835600035965,29.66908500019088],[-97.69828400038963,29.669249000367575],[-97.69796299999926,29.669402000091434],[-97.69752100013339,29.66950100015602],[-97.69748299960024,29.669509999802255],[-97.69734899970594,29.66963500035629],[-97.69726500004035,29.669712999761582],[-97.69715299988735,29.669818000306446],[-97.69702599966575,29.66993599982905],[-97.69533099999718,29.671171999763967],[-97.69461899979456,29.671770999981494],[-97.69449599977092,29.672137000361147],[-97.69447599967943,29.672154999961627],[-97.69423600037824,29.67254400003587],[-97.69402799996578,29.672742000125876],[-97.69383100032228,29.672859000279576],[-97.69375699980411,29.672976000297215],[-97.69362999958251,29.673068000315492],[-97.6930379999288,29.67320300028333],[-97.69285499963071,29.673284000333137],[-97.69267399988074,29.67336500031767],[-97.69251099967411,29.673368999659974],[-97.69214900017418,29.673319000064673],[-97.69203299982324,29.673167999730893],[-97.6919459997846,29.67305400023334],[-97.69192800024125,29.67303000019939],[-97.6918040003927,29.673046999801215],[-97.69178099992816,29.672944999805427],[-97.69184399967735,29.67286599994427],[-97.6920160001048,29.67270700019352],[-97.69169399988952,29.6727660002285],[-97.69147200013167,29.672859000279576],[-97.69123199993214,29.672995000367273],[-97.69106600025081,29.673239999716753],[-97.69086500040933,29.673265000317645],[-97.6907199997461,29.673143999724207],[-97.69070100037783,29.673095999693537],[-97.69065500034708,29.672976000297215],[-97.69066500039281,29.672924000045988],[-97.69067399971533,29.672871999767914],[-97.69073700036283,29.672832999736872],[-97.69075499990619,29.672820000243494],[-97.69083899957177,29.672768999753107],[-97.69104500033441,29.672714999710795],[-97.69113900004574,29.672689999753633],[-97.69117000000787,29.672682000234374],[-97.69124600017587,29.67266200026259],[-97.6912629998943,29.67265800011164],[-97.69146399973575,29.672604999852876],[-97.6915580003454,29.67253599972445],[-97.69161699989662,29.672366000371223],[-97.69157000004095,29.672230000213403],[-97.69134300026025,29.67197700038891],[-97.69127399976495,29.671918999740953],[-97.69122299971133,29.671875999938766],[-97.69113800022082,29.671802999905744],[-97.69095699957255,29.671732000303923],[-97.6909330001814,29.671723000076007],[-97.69091399991484,29.67171600033181],[-97.69078599986833,29.671712999995258],[-97.69047200004897,29.671704999617734],[-97.68996200041103,29.671792999832935],[-97.68992899990076,29.671798999720657],[-97.68979099980848,29.671823000048338],[-97.68964600004352,29.672034000374072],[-97.68963900037085,29.672043999642355],[-97.68949799990553,29.672248999643866],[-97.68938099972966,29.672418999975417],[-97.68930799993474,29.67252499988061],[-97.68904000014611,29.67268099961144],[-97.6885170000894,29.672739999661736],[-97.68830100017934,29.672589000019585],[-97.68819499987411,29.672438000150766],[-97.68780999990966,29.671886000003322],[-97.6877289997188,29.671770999981494],[-97.68704199963055,29.670640999932903],[-97.68664999999338,29.67015200032951],[-97.68660599961244,29.670097999662495],[-97.68612799976155,29.66950299990403],[-97.68606400018746,29.669377999966432],[-97.68602200035467,29.669296000016704],[-97.68577299993431,29.66881099964167],[-97.68576600026162,29.66879699974739],[-97.68568000004791,29.668628000200865],[-97.68565099973559,29.66855799980213],[-97.6855820001386,29.668392000289685],[-97.68555799984917,29.668334999801488],[-97.6855539996512,29.668326000050122],[-97.68554799980342,29.668311000202486],[-97.68554399960546,29.668300999782474],[-97.6851879999533,29.667446000002013],[-97.68506599975456,29.666845999883474],[-97.68509000004403,29.666597000176676],[-97.68522700031137,29.666402000192267],[-97.68532600004556,29.66626100024424],[-97.68546599978765,29.666327000277768],[-97.68576200006366,29.666551999853596],[-97.68578299998006,29.666574000066106],[-97.68588799956206,29.66668400027595],[-97.68593199994298,29.666739000335756],[-97.68596399973002,29.66681100024089],[-97.68600100043827,29.666964999669815],[-97.68604599974579,29.667046999958856],[-97.68633500034912,29.66728399979975],[-97.68641099961876,29.667317000266824],[-97.68647400026627,29.667327999899715],[-97.68653700001546,29.667317000266824],[-97.68658700024417,29.66729500021683],[-97.68673799985692,29.667178999731615],[-97.6868140000249,29.667140999732],[-97.6868640002536,29.667091000162575],[-97.68695299994208,29.667036000295226],[-97.68722999995151,29.66667299979204],[-97.68722999995151,29.666529999636225],[-97.68725500006586,29.666430999769545],[-97.6872359997993,29.66636499980431],[-97.68718599957059,29.666310000320575],[-97.68709699988212,29.666238999963284],[-97.6870469996534,29.666178000187944],[-97.68680800017712,29.666024000334712],[-97.68664400014558,29.66597500011904],[-97.68649299963454,29.665898000066523],[-97.68604599974579,29.665755000370044],[-97.6859260000952,29.66569999977219],[-97.68581300011729,29.66566700033578],[-97.68569299956837,29.66566700033578],[-97.68552900043515,29.66569999977219],[-97.68521399989258,29.665820999955002],[-97.68517700008265,29.665909999764317],[-97.68514000027272,29.66599900027548],[-97.68491400031692,29.665925999879555],[-97.68486900011108,29.665912000364305],[-97.68441800002437,29.66593000029822],[-97.6838640000055,29.66605699965405],[-97.68374900037777,29.666137000087865],[-97.68361999960803,29.666227000304726],[-97.68357500030051,29.666257999744996],[-97.68354799963801,29.666286000238344],[-97.68341899976657,29.666423999657052],[-97.68338500032971,29.666526999925544],[-97.68338299978157,29.666633999698774],[-97.68339700002527,29.66666900018345],[-97.68341100026896,29.666704999777245],[-97.68343100036047,29.666757000121752],[-97.68345899994955,29.66682800011342],[-97.68359399966877,29.667169999876815],[-97.68355900040697,29.667272000265807],[-97.68345200027686,29.66731900005825],[-97.68333900029896,29.66728200000761],[-97.68308200038099,29.66698900037055],[-97.68303999964989,29.66694099974393],[-97.68221399964447,29.66641700032457],[-97.68201700000097,29.666152000259686],[-97.68201299980299,29.66610799964523],[-97.68200399958218,29.666053999929257],[-97.68200600013031,29.66604499997374],[-97.6820399995672,29.665978999755225],[-97.68207200025255,29.66591899973186],[-97.68209200034404,29.665906000125396],[-97.68223200008612,29.665810000157308],[-97.68227999976669,29.66577699997633],[-97.68235400028486,29.66572699972889],[-97.68267999979979,29.66550399969629],[-97.68268900002062,29.665498000213603],[-97.68274900029508,29.665456999836355],[-97.68281799989204,29.665409999954445],[-97.68340200004813,29.665282999781812],[-97.68341600029184,29.665271000009227],[-97.6835259998967,29.665244999846458],[-97.68359100019401,29.665155000312154],[-97.68376600009621,29.66491399967958],[-97.68381499960171,29.664815999704143],[-97.68393199977757,29.6645849998304],[-97.68395299969397,29.664445000382027],[-97.68384700028706,29.66430200018124],[-97.68382299999763,29.664269000286158],[-97.68375000020269,29.664265999727437],[-97.68350900017825,29.66425399983353],[-97.68317500026743,29.66423700030659],[-97.68285100040232,29.66419199970829],[-97.68278899957974,29.664198000049435],[-97.68275400031793,29.66420099982953],[-97.68272099980767,29.664204000390185],[-97.68236500015551,29.66423600038025],[-97.68202799987162,29.664222999775674],[-97.68197400034326,29.664220999922698],[-97.68187399988584,29.664217000216603],[-97.68164799993002,29.664102000012466],[-97.68098900032918,29.663766000332476],[-97.68085299988672,29.663697000384733],[-97.68071800016752,29.663668999951252],[-97.68070599957363,29.663666000155242],[-97.6804980000595,29.663622999947012],[-97.6803089999136,29.663691999945502],[-97.68020900035448,29.663766000332476],[-97.68019299956265,29.663778000284598],[-97.67997099980481,29.663941999747248],[-97.6799359996447,29.66396800024671],[-97.67988299994126,29.663989000315024],[-97.67979199970466,29.664026000015802],[-97.67922099996734,29.66412200012525],[-97.67920000005095,29.664124999907663],[-97.67901400027812,29.664155999995707],[-97.67900199968425,29.664157999849994],[-97.67878900014722,29.664192999635066],[-97.6786960002608,29.66424900020253],[-97.67868000036727,29.664259000244872],[-97.67858599975763,29.66431400006942],[-97.67853300005417,29.66439500025308],[-97.67851600033573,29.664419999930367],[-97.67848399965037,29.66446900012292],[-97.67841800042646,29.664890000044867],[-97.6783439999083,29.66535499994854],[-97.67833899988543,29.665370000237],[-97.67822599990751,29.66573200006694],[-97.67822000005974,29.66575000003313],[-97.67816399998324,29.66593000029822],[-97.67816300015834,29.666216999677456],[-97.67825400039492,29.666360000278228],[-97.67828500035705,29.66640900030635],[-97.67833399986256,29.666486999871683],[-97.67839900015987,29.666589000172763],[-97.67838999993904,29.66664099979666],[-97.67836800019774,29.666760999726844],[-97.67816999983101,29.666885999794562],[-97.6781260003484,29.66689600035527],[-97.67811299992961,29.66689900005496],[-97.67805799967803,29.66691200031368],[-97.67781500000378,29.666969999946392],[-97.67780300030822,29.666967000248825],[-97.6777880002396,29.666963999770584],[-97.67770700004874,29.666946999921045],[-97.6776049999415,29.66692599968975],[-97.67758900004797,29.666922999990874],[-97.67731899971123,29.666867000131475],[-97.67697499975465,29.666795000266426],[-97.67690699998258,29.666781000091543],[-97.67674299995105,29.666780000190478],[-97.67662599977518,29.666891000075005],[-97.67655299998026,29.666961000072828],[-97.67656700022395,29.667048999755668],[-97.67657200024684,29.667078999825097],[-97.67657499972155,29.66709900012655],[-97.67675499964662,29.667266000108064],[-97.67677399991321,29.66728399979975],[-97.67696999973177,29.667466000230494],[-97.67697700030278,29.667473000270544],[-97.67709899960322,29.667586999850005],[-97.67712399971757,29.66760999972899],[-97.67719099966472,29.66767299998137],[-97.67724099989343,29.667706000320816],[-97.67764900032245,29.66797599964034],[-97.67768799978218,29.667993999985526],[-97.6777449996836,29.668020000218217],[-97.67778499986656,29.66803799977496],[-97.6778230003997,29.668056000108987],[-97.67784000011812,29.668063999996225],[-97.67787899957789,29.668082000325672],[-97.67797300018754,29.668126000076608],[-97.67798499988308,29.668149999719756],[-97.6780200000432,29.668222000175927],[-97.67803699976164,29.668257000108092],[-97.67803199973876,29.668278000061495],[-97.67795200027113,29.6685909998512],[-97.67794300005029,29.66862599965496],[-97.67792299995881,29.668707000269038],[-97.6777880002396,29.66878499961344],[-97.67770200002587,29.66878100008884],[-97.67760900013947,29.66877599990235],[-97.67759200042103,29.668775000021107],[-97.67736200026725,29.66865400026967],[-97.67731399968837,29.668628000200865],[-97.6766969999203,29.66829299991404],[-97.67668400039982,29.668285999931125],[-97.67649100005598,29.668224999836063],[-97.67629900043535,29.668163999704085],[-97.67593299983915,29.668133999958272],[-97.6757810004015,29.668162999816776],[-97.67545599981318,29.668225999722765],[-97.6753739997974,29.668242000250178],[-97.67448000001991,29.668594000280905],[-97.67424300019346,29.668643999883763],[-97.67406099972025,29.66857500015988],[-97.67402399991033,29.668503999840336],[-97.67401100038984,29.668478999616937],[-97.67397299985672,29.668405000355435],[-97.67396399963589,29.668387999968942],[-97.67395299976522,29.66836600015315],[-97.67394500026762,29.668351000311546],[-97.67392600000103,29.668314999745736],[-97.67392000015326,29.668303000334856],[-97.67389599986382,29.66825600022171],[-97.67387800032047,29.668222000175927],[-97.67402300008543,29.667460999978637],[-97.67403800015404,29.66738400028303],[-97.67418700011696,29.667013000284985],[-97.67434100010274,29.666803000254003],[-97.67446800032435,29.666663999891963],[-97.67472600006721,29.666381999752215],[-97.67513500032112,29.666085000203417],[-97.6751830000017,29.665806999644552],[-97.67516000043548,29.66566499973092],[-97.67506099980297,29.66555100031484],[-97.67446099975334,29.665115999630306],[-97.67421499970604,29.6648269996106],[-97.6741910003149,29.66479399988774],[-97.67400200016903,29.664138999671618],[-97.6739939997731,29.664112999996938],[-97.67382700026683,29.663531999808782],[-97.67375699994665,29.663412999864057],[-97.67373400038043,29.663373000133127],[-97.6734659996935,29.663196999722878],[-97.67325200033157,29.66316999986773],[-97.67322899986704,29.66316600011992],[-97.67321700017148,29.66316400024591],[-97.67318299983629,29.663158999780144],[-97.67299200004058,29.663194999849495],[-97.6723810001203,29.66330799965822],[-97.67220100019524,29.66339099974082],[-97.67169499985694,29.66362399987946],[-97.67135300044849,29.6638780003505],[-97.67127999975526,29.66397299989168],[-97.67126700023478,29.66399000024382],[-97.67122500040198,29.664044000287202],[-97.6711700001504,29.664115999779614],[-97.67103000040831,29.66445000000328],[-97.67101199996665,29.664663000029556],[-97.67104700012675,29.66481699962472],[-97.67109800018038,29.665047999746317],[-97.67113400016538,29.66514299974369],[-97.67114199966299,29.665162999649574],[-97.67134400022768,29.665690999785053],[-97.67136299959594,29.665740000139067],[-97.67138500023555,29.66579699975616],[-97.67137900038777,29.665945999629706],[-97.67137299964168,29.666084000295445],[-97.67127800010543,29.6665320002239],[-97.67101000031684,29.666938999944982],[-97.67098400037756,29.666961000072828],[-97.67086399982864,29.66706299989325],[-97.6704599995976,29.66715599975412],[-97.67003500034849,29.66725299989511],[-97.66986999959371,29.667358999781243],[-97.66971499978303,29.667414000252524],[-97.66966000042976,29.66743299981231],[-97.66961299967578,29.66745000036021],[-97.66952700036038,29.667473000270544],[-97.66947799995657,29.66748700034911],[-97.6693120002752,29.667509000357096],[-97.66916199958906,29.66752999968616],[-97.66861699979101,29.667492999713087],[-97.66855999988964,29.667477999741244],[-97.6684879999196,29.66748399988639],[-97.66834599962937,29.667474000164713],[-97.6680290003353,29.66739599980355],[-97.66743500013345,29.66715599975412],[-97.667234000292,29.667105000294306],[-97.66696499978018,29.667037000193748],[-97.66619700039936,29.666910999633345],[-97.66593100026058,29.666905000234586],[-97.66591000034418,29.666905000234586],[-97.66556399983945,29.667012000386226],[-97.66528900037817,29.66727300016197],[-97.66523400012659,29.667424999874832],[-97.66522599973067,29.667446000002013],[-97.66514100024015,29.66768099989905],[-97.66520900001223,29.66804299999815],[-97.66521400003509,29.668068000329917],[-97.66529299967782,29.668307999764348],[-97.66531100011947,29.668362999716702],[-97.66531100011947,29.66838099999258],[-97.6652779996092,29.668550999837596],[-97.66523300030167,29.668757999697107],[-97.6651649996313,29.668770999715555],[-97.66500200032299,29.66880100005192],[-97.66486599988055,29.66874000026927],[-97.66476600032144,29.66869500012435],[-97.66474600022994,29.66868599962464],[-97.66441899999181,29.668419000304272],[-97.66395500038462,29.667651000009183],[-97.66393799976787,29.667636999953505],[-97.6637989998507,29.66741199968242],[-97.66342800012994,29.667045000162023],[-97.66336600020564,29.666983000195923],[-97.663243000182,29.66697999971818],[-97.66304399999038,29.66701500008247],[-97.66302700027194,29.667017999778608],[-97.66296100014969,29.667030000123354],[-97.66282899990522,29.667114000154932],[-97.66264700033035,29.667348000151733],[-97.66243600044314,29.667620000217717],[-97.66242300002436,29.667636000060956],[-97.6622239998327,29.66789200032865],[-97.66202299999127,29.668149999719756],[-97.66165399992033,29.66854599963967],[-97.66162200013328,29.668581000239584],[-97.6616100004377,29.668594000280905],[-97.66137500026107,29.66865099984182],[-97.66104499964987,29.668513000356334],[-97.6605819998676,29.668063999996225],[-97.6602360002612,29.66757600024542],[-97.65998600001595,29.667304999956304],[-97.65962199996787,29.666910999633345],[-97.65941199990559,29.666574000066106],[-97.65939000016427,29.666539000328886],[-97.65938400031649,29.666512999713422],[-97.65929899992769,29.66611700037564],[-97.65932999988983,29.665899999886168],[-97.6593369995625,29.66585400012154],[-97.65934499995844,29.66579699975616],[-97.65931800019426,29.665583999789312],[-97.65921000023921,29.66532699997657],[-97.65916300038356,29.665215000010644],[-97.65881699987882,29.664713000025365],[-97.65878099989382,29.664660000263186],[-97.65877300039621,29.664636999709717],[-97.6587010004262,29.664439999979987],[-97.65868200015963,29.664386000149133],[-97.65869300003027,29.66420700017015],[-97.65891200031339,29.663630000254486],[-97.6588989998946,29.663599000004346],[-97.6588219999017,29.663412999864057],[-97.65880199981021,29.663364999872748],[-97.65865000037257,29.663249000319617],[-97.65826200003505,29.663194999849495],[-97.65823299972273,29.663191000102614],[-97.65780400027565,29.663130999977522],[-97.65755499985531,29.663008999742836],[-97.65714200030175,29.66271400026603],[-97.65710200011878,29.662701000245367],[-97.65683400033016,29.662613999823662],[-97.65679300032228,29.662613999823662],[-97.65665600005494,29.662612999881187],[-97.65654999974973,29.662667999825096],[-97.65646199988619,29.662863000022565],[-97.65650399971898,29.662964000156407],[-97.65658800028288,29.66316600011992],[-97.65675499978914,29.663567999744664],[-97.65688600020871,29.663811000340758],[-97.65697800027023,29.663982999961398],[-97.65701599990506,29.664054000349925],[-97.65695499980568,29.664439999979987],[-97.65684900039878,29.664672000108737],[-97.65674999976626,29.664759000311758],[-97.65674200026866,29.664765999759602],[-97.65644500016775,29.665025999980585],[-97.65632999964171,29.665093999879524],[-97.65629000035705,29.665107000371517],[-97.65508400041001,29.665827000199002],[-97.65400499978628,29.6669910001685],[-97.65347599988176,29.667562000179245],[-97.6533150002233,29.667733999630567],[-97.65325400012392,29.66780000025866],[-97.65310199978795,29.667858000159896],[-97.6528730003574,29.667936000162708],[-97.6526120002415,29.667843000242467],[-97.65244300018709,29.667674999765723],[-97.65239600033144,29.667628000139622],[-97.6523519999505,29.66754100007634],[-97.65231299959244,29.667463999661422],[-97.65227900015556,29.667241000357524],[-97.65227599978252,29.667222999877573],[-97.65226599973678,29.667158000329323],[-97.65225999988898,29.667121000219474],[-97.65224999984325,29.667056999722988],[-97.65224900001834,29.667045000162023],[-97.65223599959955,29.666956999695167],[-97.65223399994973,29.666945000122215],[-97.65221600040638,29.666824999631032],[-97.65220499963742,29.666803000254003],[-97.65215399958377,29.66669400007616],[-97.65207699959089,29.6666579996979],[-97.6520490000018,29.666645000186943],[-97.6519019996887,29.666574999969203],[-97.65161100033389,29.66656500015716],[-97.65152000009728,29.666561999666936],[-97.65147200041672,29.66656099976371],[-97.6514499997771,29.666559999860446],[-97.65118899966119,29.666468000133293],[-97.65107499985835,29.666438999786077],[-97.65102700017779,29.666381999752215],[-97.65099600021564,29.666345000137426],[-97.65083399983394,29.666153000166997],[-97.65080500041994,29.666119000190918],[-97.65076000021409,29.666064999700275],[-97.65054099993098,29.66580499982306],[-97.65049900009818,29.665734999801348],[-97.65007300012584,29.665021000387956],[-97.64963499955961,29.66428499988182],[-97.64943299989324,29.663777000353686],[-97.64938400038774,29.66365500012189],[-97.64935000005256,29.663571000324147],[-97.6493459998546,29.663560000280402],[-97.64928800012828,29.663414999733103],[-97.64928399993033,29.663354999741607],[-97.64929399997607,29.663340999868545],[-97.64927300005968,29.66320499999654],[-97.64929599962589,29.663031999888],[-97.64929800017401,29.66301899990844],[-97.6493450000297,29.66270899977788],[-97.64934199965664,29.662682999733608],[-97.64934699967952,29.662642999712368],[-97.64935199970239,29.66260800016863],[-97.64934400020478,29.662587999754834],[-97.64923899972447,29.662304000006387],[-97.64914400018824,29.66223799967518],[-97.64898299963144,29.66222099980758],[-97.64835800036577,29.66227999974901],[-97.64833999992412,29.662281999640573],[-97.64803799980034,29.662309999679486],[-97.64800600001328,29.662313000296553],[-97.64788999966231,29.662277999857395],[-97.64778500008033,29.662127000120417],[-97.6477470004455,29.66187199996215],[-97.64772700035402,29.661732999811857],[-97.64772700035402,29.661669999742287],[-97.64769700021678,29.66153100009347],[-97.64768700017105,29.661463000127956],[-97.64768299997309,29.661433999899096],[-97.64768100032327,29.66142400035656],[-97.64765100018603,29.66122100006149],[-97.64762799972151,29.661065999687317],[-97.64763000026963,29.66083199990888],[-97.64763399956928,29.66021999977687],[-97.64763600011742,29.659914000266404],[-97.64764000031538,29.65934699967799],[-97.6477619996158,29.658796000266005],[-97.64781699986739,29.65854500018382],[-97.64782500026331,29.658510999978375],[-97.64792099962447,29.658079000041027],[-97.64797300040132,29.65784400035154],[-97.64799699979244,29.65773699981611],[-97.64803100012762,29.657670999611504],[-97.64810399992257,29.657526999937435],[-97.64816300037211,29.65741099989829],[-97.64816900021988,29.65739899996735],[-97.64817800044072,29.65738200006276],[-97.64819699980897,29.65734400026566],[-97.64822100009845,29.65729699971609],[-97.64831499980976,29.657112999628875],[-97.64853300026796,29.656960999947973],[-97.64867200018514,29.656963999943912],[-97.64897099993587,29.657086999699725],[-97.64929300015116,29.6572200000472],[-97.64938900041064,29.657278999798777],[-97.64964799997838,29.65743699974373],[-97.64966399987192,29.65749600014867],[-97.64967499974259,29.657534999881324],[-97.64969599965897,29.65760900011321],[-97.64966600042005,29.65767400036691],[-97.64962399968896,29.65776400034864],[-97.6496119999934,29.657790000102874],[-97.64960199994763,29.65781099989944],[-97.6495919999019,29.657831999691627],[-97.64952699960457,29.657972999744104],[-97.64937400034201,29.658301000153774],[-97.64922399965587,29.658826999654266],[-97.64922799985384,29.658848000014974],[-97.64910599965509,29.659302999990206],[-97.64915099986092,29.659649000244546],[-97.64975000008566,29.660369000104662],[-97.64982600025364,29.6605230000282],[-97.64983100027649,29.660531999697113],[-97.64984999964476,29.660779999624026],[-97.64993900023154,29.661056000108204],[-97.64999699995785,29.661132000006777],[-97.6501409998979,29.661323000237882],[-97.65023899980719,29.66139100029802],[-97.65036199983084,29.66147600030856],[-97.65038699994518,29.66148499989225],[-97.65041200005955,29.66149400025567],[-97.6507030003127,29.6615980000605],[-97.65104899991911,29.661684999799593],[-97.65187900012248,29.661893999637016],[-97.65212299962164,29.661876999711286],[-97.65214500026127,29.661864000363032],[-97.65215500030702,29.6618589998327],[-97.65222499972889,29.66182000021482],[-97.6524010003543,29.661536999812725],[-97.65291099999224,29.660910999854906],[-97.65292500023595,29.660893999763072],[-97.65294600015235,29.6608680000303],[-97.6534430002698,29.66036400028065],[-97.6535279997603,29.660203000348908],[-97.65362700039282,29.65989899994506],[-97.65353600015622,29.65945999990563],[-97.65350199982105,29.65933699992803],[-97.65342599965305,29.65919900015497],[-97.6534149997824,29.659178999844073],[-97.65334199998748,29.659046999722054],[-97.65331699987311,29.659000999946343],[-97.65321899996381,29.65882399971387],[-97.65322300016179,29.65880300012871],[-97.65325099975087,29.65864799993252],[-97.65357999963884,29.658384999667824],[-97.65391299972478,29.65839500029298],[-97.65394700005994,29.658396000277374],[-97.6541470000765,29.658355000128196],[-97.65417800003864,29.658320999858557],[-97.65419899995503,29.658298000197703],[-97.6543520001159,29.658131000160605],[-97.65434399971998,29.658034999798762],[-97.65423599976496,29.657855000239653],[-97.65408199977917,29.657596000213527],[-97.65400800015932,29.657279999794277],[-97.65400300013647,29.657257999891183],[-97.65389600000634,29.656797000034725],[-97.6538650000442,29.656741000003105],[-97.65355899972243,29.65618300032787],[-97.6532669996444,29.655892000390242],[-97.65320999974298,29.655834999845137],[-97.65295100017522,29.65567299968103],[-97.65284700041815,29.655607999696027],[-97.65266599976985,29.655526000231575],[-97.65236700001913,29.65545800011094],[-97.65235100012559,29.655454000056487],[-97.65225999988898,29.655433999781863],[-97.65224800019342,29.655430999740325],[-97.6521129995759,29.655400000086516],[-97.65189500001601,29.65524500011295],[-97.65185900003101,29.654965000008843],[-97.65187400009961,29.654854000237034],[-97.65189599984093,29.654696000139722],[-97.65192699980307,29.654466999716476],[-97.65188599979518,29.654285999994975],[-97.65186400005386,29.65418999986829],[-97.65175500027392,29.65402500009516],[-97.65165399999158,29.653964999968657],[-97.65148900013516,29.653965999997094],[-97.65138399965485,29.65401999995586],[-97.65113599995773,29.654254999988453],[-97.65109400012494,29.65438500010291],[-97.65108200042937,29.654422000212897],[-97.65096000023064,29.654804000025546],[-97.65085300010051,29.654954999823403],[-97.65035000013528,29.65526799969102],[-97.6502899998608,29.655279999876047],[-97.64999199993498,29.655337999969646],[-97.64987999978199,29.655329999851016],[-97.6497890004437,29.655323999761645],[-97.64958199985615,29.655210000337753],[-97.64896599991299,29.654538999817063],[-97.64888800009521,29.65445400019155],[-97.64883000036887,29.65439000022407],[-97.6487900001859,29.654346999954736],[-97.64860500023799,29.654272999666055],[-97.64819900035712,29.654206000286074],[-97.64808899985394,29.654202000181865],[-97.64770999973726,29.65418799981588],[-97.646986999664,29.65424499973252],[-97.64612999969641,29.654312999892134],[-97.64563799960185,29.65435200007779],[-97.64505599999387,29.654343999880794],[-97.64486900039611,29.654341999831438],[-97.64474399982434,29.65435700020053],[-97.64471500041034,29.654361000298596],[-97.6438540002448,29.65446499966956],[-97.64304900015577,29.654615999976077],[-97.64288500012424,29.654608999822084],[-97.64250000015976,29.654402999757252],[-97.64238800000678,29.65424599975817],[-97.6423620000675,29.654209000364137],[-97.64226599980805,29.654073999885718],[-97.64223900004386,29.654035000373018],[-97.64219800003598,29.653978000337425],[-97.64216000040115,29.653621999781823],[-97.64216399970078,29.653559000098383],[-97.64218700016532,29.653183999716862],[-97.64218799999024,29.65317300009883],[-97.64219800003598,29.653017999817905],[-97.64201899993584,29.652504000134453],[-97.64188599986643,29.65228699994935],[-97.64166099973554,29.652136000051716],[-97.64118700008261,29.65213399995854],[-97.6410869996252,29.65213399995854],[-97.64057199996438,29.651913000341814],[-97.64049199959842,29.651882999653473],[-97.64037199994785,29.651907000048723],[-97.64026700036585,29.65196399969593],[-97.64023200020576,29.651982999831358],[-97.64003499966395,29.652090000239554],[-97.63998500033355,29.652116999945168],[-97.6397080003241,29.65226699982602],[-97.63961100023973,29.652556000012204],[-97.6395800002776,29.652646999928738],[-97.63957500025472,29.652661999769858],[-97.63953599989667,29.65277799981856],[-97.6394680001246,29.652839999951283],[-97.63941799989588,29.652884000123017],[-97.63940399965219,29.652896999850736],[-97.63939399960645,29.652906000201714],[-97.63935199977365,29.65294400011337],[-97.63899699994641,29.65326500027355],[-97.63867700027929,29.653304000084653],[-97.63850700039997,29.653144999859247],[-97.63843500042994,29.65311200020815],[-97.63833300032267,29.65306500002404],[-97.63828999976666,29.653046000092818],[-97.63826399982739,29.65305699972472],[-97.63820199990312,29.65308099984001],[-97.63818400035977,29.6530890001374],[-97.63800100006166,29.65316299973538],[-97.6379399999623,29.65329099962884],[-97.63795500003091,29.65354699970813],[-97.63795599985582,29.653567000357782],[-97.63795900022888,29.65362900000444],[-97.63796000005378,29.65364199963594],[-97.63796099987869,29.653658000140858],[-97.63796199970359,29.65367499989386],[-97.63796599990155,29.65374899984165],[-97.63797099992443,29.65383500009235],[-97.63796199970359,29.653856999963104],[-97.6379750001224,29.653898000383684],[-97.63796900027461,29.65393599992072],[-97.63797699977222,29.654007000373262],[-97.63784500042605,29.654305999717074],[-97.637693999915,29.65448200006693],[-97.63762500031802,29.654563000359595],[-97.63744399966974,29.654673999671697],[-97.6373700000499,29.65467000036675],[-97.63730700030072,29.654721999905977],[-97.63711499978177,29.65478000032118],[-97.63697300038987,29.654918999928398],[-97.63694300025264,29.65494799969306],[-97.63687899978022,29.655010000050215],[-97.63670499970294,29.655177999818815],[-97.63650700023454,29.655315999641974],[-97.63640299957916,29.65534600008756],[-97.63631300006578,29.655371999685883],[-97.63602500018571,29.65536400035069],[-97.635862999804,29.655360000292493],[-97.63574599962813,29.655326999806377],[-97.63562699980244,29.65522899986035],[-97.63549399973304,29.654898000308897],[-97.63555800020546,29.654503999796265],[-97.6355680002512,29.654446000002658],[-97.6355609996802,29.654369999737987],[-97.63554099958871,29.654144000214202],[-97.6355330000911,29.654055000145],[-97.63543000015893,29.653823999764786],[-97.63526899960215,29.653716999638817],[-97.63470899973551,29.653890000150593],[-97.63461300037436,29.65392000024067],[-97.63449200000052,29.653936999949423],[-97.6343709996267,29.653954999683908],[-97.6329420000969,29.653842000300155],[-97.63261300020893,29.65381600030649],[-97.63197600034938,29.653765000329557],[-97.63185699962538,29.65377799994348],[-97.63140800008682,29.653827999884047],[-97.63128599988808,29.653810000126906],[-97.63115600019174,29.653725999916478],[-97.63108400022173,29.65359200038358],[-97.6310199997493,29.653472000359187],[-97.63105400008449,29.653367999962096],[-97.6310759998258,29.653302000014634],[-97.63114299977295,29.653098999727593],[-97.63117000043545,29.653017999817905],[-97.63121200026823,29.652890999616293],[-97.63121899994093,29.65284700022831],[-97.63126099977372,29.652573999993624],[-97.631294000284,29.652361000137017],[-97.63128300041335,29.652261000334704],[-97.63126199959864,29.652076999626914],[-97.63125099972798,29.652061999698674],[-97.6312449998802,29.6520530000529],[-97.6312170002911,29.652013999757017],[-97.63119499965148,29.651982999831358],[-97.63118299995591,29.65196499974423],[-97.63117200008527,29.651948999750793],[-97.63109699974218,29.651841999973378],[-97.63107099980293,29.65180599974543],[-97.63105599973431,29.651785000257124],[-97.6309849995892,29.651683999831423],[-97.63101100042678,29.65156299982177],[-97.63101599955134,29.651540000177725],[-97.63102999979505,29.651475999918485],[-97.63103700036605,29.65144399977363],[-97.63105099971143,29.651378000125852],[-97.63107800037393,29.651251000196797],[-97.63110500013812,29.651125000164228],[-97.63113600010026,29.650981999768838],[-97.63114399959787,29.65094399989711],[-97.63119200017675,29.650860999695933],[-97.63125400010102,29.65075300026293],[-97.63143200037626,29.65060599987249],[-97.63165099976106,29.65050800001347],[-97.63181300014277,29.650486000191293],[-97.63189699980835,29.650516999797393],[-97.63196200010569,29.650540999737668],[-97.63235200009302,29.650835999772447],[-97.63239499975073,29.650869000169806],[-97.63242499988796,29.65088300021679],[-97.63246099987296,29.6508990003797],[-97.63273399968445,29.651022999799256],[-97.63275799997389,29.651033999652203],[-97.63292700002829,29.651079999947047],[-97.63303199961028,29.651109000037245],[-97.6332020003879,29.651022999799256],[-97.63326299958895,29.65078499984676],[-97.63324500004562,29.65064599999468],[-97.63317600044863,29.65032600013356],[-97.6331680000527,29.65025400014171],[-97.63316899987763,29.650179999966323],[-97.63316999970255,29.650143999924616],[-97.63317100042576,29.65011500033702],[-97.63317600044863,29.64986299961194],[-97.63313399971753,29.64984199971825],[-97.63310500030352,29.64982800030711],[-97.6330969999076,29.649711999981204],[-97.63309199988473,29.649685999701326],[-97.63308000018917,29.649620999753076],[-97.6330690003185,29.649585000292152],[-97.63306099992258,29.649531000295898],[-97.63305599989972,29.649496000094913],[-97.63304800040211,29.64943999990414],[-97.63304300037926,29.649407999892688],[-97.6330390001813,29.649383999682208],[-97.63302900013552,29.649316000095766],[-97.63301999991471,29.649224000214826],[-97.63301099969388,29.64913200024978],[-97.63300900004405,29.649120000112394],[-97.63300400002119,29.649100000140407],[-97.6329849997546,29.649014999824878],[-97.63298200027988,29.6489990001432],[-97.63296499966313,29.64888399972155],[-97.6332020003879,29.648562999641506],[-97.63368500026166,29.648361000029524],[-97.63372500044463,29.648345000243893],[-97.63375800005659,29.648329999759437],[-97.63383099985153,29.648299000260554],[-97.63385799961571,29.64828800010866],[-97.63394700020248,29.648209999706964],[-97.63405900035548,29.648111999857196],[-97.63409399961726,29.64808200037809],[-97.63409399961726,29.647909000032303],[-97.63409399961726,29.647715999922944],[-97.63401300032473,29.647636999767457],[-97.63399200040834,29.647609999640764],[-97.63387900043043,29.647507000305513],[-97.6337449996378,29.647449000383258],[-97.63372500044463,29.647449000383258],[-97.6332790003808,29.647280000109827],[-97.63316399985474,29.64723699992568],[-97.63304199965602,29.647192000312472],[-97.6327300003848,29.647072999780953],[-97.63256899982801,29.646932000071303],[-97.63244099978148,29.646821000028076],[-97.63214000038091,29.64669600001575],[-97.63206599986275,29.64666500001363],[-97.63201599963405,29.64664400023349],[-97.63198899986986,29.64663299990075],[-97.63197100032652,29.64662599997227],[-97.63194299983911,29.64661400031683],[-97.63184999995268,29.64661400031683],[-97.63183099968612,29.64661400031683],[-97.63170699983756,29.64661400031683],[-97.63116399968933,29.647143000294328],[-97.63102499977217,29.647279000014965],[-97.63097399971855,29.647279000014965],[-97.63093100006084,29.647279000014965],[-97.63089400025092,29.647279000014965],[-97.63088199965705,29.647279000014965],[-97.63082700030377,29.647279000014965],[-97.63078999959554,29.647279000014965],[-97.63068400018864,29.647279000014965],[-97.63064400000566,29.64722099996139],[-97.63036899964605,29.646819999928663],[-97.63036899964605,29.646316000086866],[-97.63041999969968,29.646247999989388],[-97.63047400012634,29.64617799963438],[-97.63081300006006,29.646118999620835],[-97.63085499989288,29.646111999656622],[-97.63086800031165,29.64611000022437],[-97.6309849995892,29.64608900032844],[-97.6311109999859,29.646086000008353],[-97.63114399959787,29.646052000278004],[-97.63115100016888,29.646045000309133],[-97.63119100035185,29.646009999676803],[-97.63123499983446,29.645972000270234],[-97.63123499983446,29.645892000198863],[-97.63123499983446,29.64584900020259],[-97.63123499983446,29.645765999703855],[-97.63113100007737,29.64560599995086],[-97.63093699990863,29.645526999700923],[-97.63076899967913,29.645457999738284],[-97.63066200044733,29.64541400022392],[-97.63057000038582,29.645375999811698],[-97.63046900010349,29.645333999709155],[-97.63037700004196,29.645293999818332],[-97.63028499998046,29.645253999911542],[-97.63024700034563,29.645206999961736],[-97.62997700000888,29.644871999767187],[-97.62996699996314,29.644694999668715],[-97.62995100006964,29.644412999636522],[-97.63016100013189,29.64377199973695],[-97.63017500037562,29.643479999697664],[-97.6301879998961,29.64329299971162],[-97.6301879998961,29.643223999779334],[-97.6301879998961,29.64319900030138],[-97.63018600024627,29.64318899972771],[-97.63014299969024,29.64294999985311],[-97.63011000007829,29.64276499994282],[-97.63008099976597,29.642605000105068],[-97.63003999975807,29.642380000073747],[-97.62961200013591,29.640013000258364],[-97.62952799957199,29.63990799984159],[-97.62950199963274,29.639874999754923],[-97.6294289998378,29.63978299983467],[-97.62937100011149,29.639773999871924],[-97.62932799955546,29.63976700024734],[-97.62931199966194,29.639763999738836],[-97.62921200010283,29.639746999978822],[-97.62920100023217,29.639744999639426],[-97.62910400014778,29.639729000046064],[-97.62900899971322,29.639713999839373],[-97.62884100038207,29.639757000113576],[-97.62880700004688,29.639766000077852],[-97.62875400034342,29.639780000107436],[-97.62873699972667,29.639784000003992],[-97.6285629996494,29.63982899980527],[-97.62817199983714,29.64000300014903],[-97.62767600044292,29.640225000312622],[-97.62763500043502,29.640268999752397],[-97.62760799977252,29.640281000164094],[-97.62750900003833,29.64034599989678],[-97.62743500041849,29.64041400007674],[-97.627407999756,29.64045099985684],[-97.62741199995396,29.64050500003911],[-97.627415000327,29.64054299994753],[-97.62743399969527,29.64079099994298],[-97.62750800021342,29.640846000101625],[-97.62769300016134,29.64098199974029],[-97.6278029997662,29.64106199980936],[-97.62786700023862,29.641107999976455],[-97.62788300013214,29.64112000028816],[-97.62793099981272,29.641155000278236],[-97.62801200000358,29.641216999762364],[-97.62807700030092,29.641266999696292],[-97.62809300019443,29.64127899998904],[-97.62809999986713,29.64129699964472],[-97.62819500030169,29.641547999799982],[-97.62817799968494,29.642033999787085],[-97.62817600003513,29.642096000291446],[-97.6281750002102,29.642123000335445],[-97.62816799963919,29.642304000067544],[-97.62801700002645,29.642522000054882],[-97.62801000035375,29.64253300005606],[-97.62792400014004,29.64258599976097],[-97.62783899975122,29.64263800007778],[-97.62781899965974,29.642650000207087],[-97.62774800041295,29.642693000008233],[-97.62738099999181,29.642739000210938],[-97.6271960000439,29.64271499997201],[-97.62681399955416,29.64266499997638],[-97.62667200016223,29.64264699978456],[-97.6262460001899,29.64275199968733],[-97.62604000032559,29.642802999779107],[-97.62572099958504,29.642881999824315],[-97.62540000009298,29.642960999807528],[-97.6252750004195,29.642992000169446],[-97.62505100011353,29.642993000306838],[-97.62493099956461,29.642993000306838],[-97.6248739996632,29.642993000306838],[-97.62469200008832,29.642993000306838],[-97.62447299980519,29.642908000300025],[-97.62421500006234,29.642808999834116],[-97.62419300032104,29.642800000141843],[-97.62410200008443,29.642763999803098],[-97.62401000002293,29.642729000372345],[-97.62398400008367,29.64271899975198],[-97.62392700018226,29.64269699978907],[-97.62383799959548,29.642662000335005],[-97.62374700025721,29.642627000088083],[-97.62344000011053,29.642614999955992],[-97.62328699994967,29.642608999889394],[-97.62327600007902,29.642608999889394],[-97.62319499988817,29.642606000246353],[-97.62317399997177,29.642605000105068],[-97.62314399983453,29.642603999963757],[-97.62308299973516,29.642616000097174],[-97.62304599992525,29.642623000304408],[-97.62301900016105,29.6426280002291],[-97.62243500000497,29.642741999850035],[-97.6222190000949,29.642841999739986],[-97.62198999976604,29.642948000358135],[-97.6219239996438,29.643040999865683],[-97.62191799979601,29.64305000031719],[-97.62190699992534,29.64306600016362],[-97.62186199971951,29.64312900016859],[-97.62181200038911,29.643199999656012],[-97.62179499977236,29.643223999779334],[-97.62177100038123,29.64325700032993],[-97.6217610003355,29.643272000008803],[-97.62169600003816,29.64336299973033],[-97.62166099987807,29.64341099989353],[-97.62163099974084,29.64345300001756],[-97.62157300001452,29.643514999648122],[-97.62153000035681,29.643577000021203],[-97.6215160001131,29.64360300031743],[-97.62148400032605,29.643663999724854],[-97.62122900005794,29.64402600034979],[-97.62121900001218,29.644032000331936],[-97.62119600044596,29.644044000295153],[-97.62117700017939,29.64405400000314],[-97.62113799982133,29.644075999669475],[-97.62108099991993,29.64410899994082],[-97.62106099982844,29.644119999768602],[-97.62086199963683,29.644231999792137],[-97.620206000409,29.644347000063142],[-97.61942600043433,29.644694999668715],[-97.61892099992095,29.644921000109925],[-97.6184029998871,29.64498700008777],[-97.61825999977196,29.645004999861296],[-97.6181919999999,29.645009999667696],[-97.61797799973965,29.645041000179457],[-97.61780899968527,29.645062999630174],[-97.61769599970735,29.645076999703992],[-97.6176430000039,29.645083999740176],[-97.61747700032254,29.645104999845724],[-97.61716199977997,29.645036000374596],[-97.61707200026659,29.644956999677373],[-97.61701000034232,29.64490300032139],[-97.61699000025082,29.644877999698853],[-97.61694500004499,29.64482499963904],[-97.61690900005998,29.6447819999677],[-97.61688700031867,29.6447190002164],[-97.61686600040225,29.64465799988668],[-97.61684700013569,29.644601000006016],[-97.61684700013569,29.644238999887058],[-97.61684700013569,29.644187999742016],[-97.61691999993062,29.64405099962238],[-97.61692599977842,29.644027999823376],[-97.61703899975632,29.643797999982805],[-97.61711400009938,29.643644000230395],[-97.61712199959699,29.643627000344686],[-97.61716199977997,29.643545999839407],[-97.61716199977997,29.64340200025506],[-97.61716199977997,29.643363999864082],[-97.61716099995506,29.643180000069393],[-97.61708599961197,29.643055000220674],[-97.61702100021297,29.642948000358135],[-97.6170029997713,29.642919000259027],[-97.61661600015701,29.64227499978296],[-97.61659500024061,29.64224100032712],[-97.61654400018699,29.642155999685393],[-97.6163890003763,29.6418980000078],[-97.61634400017044,29.64180799989209],[-97.6163419996223,29.641796999811717],[-97.61632200042912,29.64165800004102],[-97.61629399994175,29.641466999964468],[-97.61627700022329,29.641332000354048],[-97.61624899973589,29.641160000275864],[-97.6162420000632,29.641116999820035],[-97.61642199998825,29.640716999838222],[-97.61642899966094,29.640700999618524],[-97.61649399995827,29.64055500032657],[-97.61652999994328,29.640474999854696],[-97.61654800038495,29.640244999705494],[-97.61654900020986,29.640230000356407],[-97.61655099985968,29.640206999684533],[-97.6165580004307,29.640106000134587],[-97.6165669997532,29.63998199976004],[-97.61657099995116,29.639929999633107],[-97.616572999601,29.63990500011808],[-97.61657799962386,29.639836000206316],[-97.61664100027136,29.63966200035477],[-97.61664600029424,29.639649999869295],[-97.61674000000556,29.639421000350918],[-97.61683899973977,29.639322999753542],[-97.6168610003794,29.639307000093122],[-97.61692199958044,29.639240000121063],[-97.6169829996798,29.6391790003758],[-97.61700500031944,29.63915699963943],[-97.61721600020662,29.638947000034257],[-97.61730400007018,29.63885899998026],[-97.61740700000233,29.638756999679487],[-97.6174589998809,29.638704999700757],[-97.61749999988876,29.638664000118965],[-97.61767999981382,29.638434999919884],[-97.61770099973022,29.638407999667763],[-97.61777699989821,29.638310999830033],[-97.61781500043135,29.63826200017428],[-97.61785200024127,29.638215000083754],[-97.61792900023417,29.638116999874253],[-97.61794599995258,29.638095999872732],[-97.61804700023494,29.637970999958863],[-97.61806099958034,29.637957999865225],[-97.61807700037217,29.637931000266008],[-97.61807700037217,29.637782999702605],[-97.61807700037217,29.637662000161907],[-97.61803200016632,29.637577999749976],[-97.61801899974753,29.637552999650985],[-97.61799100015844,29.63750200002333],[-97.61797899956456,29.63747999970132],[-97.61794400030277,29.63741499968025],[-97.61791599981538,29.63736200037672],[-97.61791499999045,29.637317999666774],[-97.61791400016556,29.637297000279442],[-97.61791300034064,29.637232000140195],[-97.61790099974675,29.637009000208536],[-97.61789499989898,29.636895999760522],[-97.61789400007406,29.63687999971449],[-97.61791199961742,29.636840999786855],[-97.61792400021129,29.63681500008692],[-97.6179319997089,29.636808999674724],[-97.61799700000623,29.63676199968689],[-97.6180239997704,29.636601000259848],[-97.61815299964184,29.636453000084256],[-97.61817000025859,29.63643299993828],[-97.61820600024359,29.636391000009354],[-97.61838399962052,29.636186000346296],[-97.61859799988076,29.635939000148518],[-97.61860700010158,29.635928999634615],[-97.61867900007161,29.635845000119623],[-97.61871599988153,29.63577199971263],[-97.61872699975218,29.635751000002934],[-97.61883600043043,29.63554700002935],[-97.61883600043043,29.635383000363387],[-97.61883600043043,29.63531099983532],[-97.61883600043043,29.63527900001787],[-97.61883600043043,29.635237999822156],[-97.61883600043043,29.635131000241934],[-97.61881799998879,29.63507600008513],[-97.61880799994306,29.63504400019307],[-97.6187970000724,29.635026999636253],[-97.61875199986655,29.634957000068976],[-97.61869099976717,29.634858000374884],[-97.61845599959054,29.633809000224698],[-97.61840500043523,29.63375899971103],[-97.61822700015999,29.633584000060175],[-97.61816199986265,29.63352000009852],[-97.61810599978617,29.63346799975815],[-97.61809200044078,29.63345499986409],[-97.61804899988475,29.633433000219675],[-97.61796100002121,29.633416000171774],[-97.61783799999756,29.633393000286055],[-97.6176089996687,29.633500000151],[-97.61749700041403,29.63355299992522],[-97.61667899990618,29.63429900019721],[-97.61651400004976,29.634449000078696],[-97.61639400039915,29.634559000266314],[-97.61623899969014,29.634700000125196],[-97.61596900025174,29.634897999726693],[-97.6154830000049,29.635099999802364],[-97.61520400034566,29.635215000352506],[-97.61518000005621,29.635225000156485],[-97.61501199982673,29.635294000104405],[-97.61435099967773,29.635568999992824],[-97.6140109999191,29.63574100025118],[-97.61398300033001,29.63575500005951],[-97.61366799978742,29.635924000158102],[-97.61272700015427,29.636427999705987],[-97.6125959997347,29.636497999812406],[-97.61242699968031,29.636587999989345],[-97.61188500025531,29.636879000297142],[-97.61164099985784,29.63694600027844],[-97.61096700018838,29.63713099994875],[-97.60982999983833,29.6371259997511],[-97.60979399985331,29.6371259997511],[-97.60977299993691,29.637121999748974],[-97.60963400001972,29.637096000121566],[-97.60947400018617,29.637065000286846],[-97.60933699991882,29.637037999667395],[-97.60926800032185,29.637025000234082],[-97.60919999965147,29.637012000018313],[-97.60910400029033,29.636994000377502],[-97.60902200027455,29.63693300005249],[-97.60895799980213,29.636886000122455],[-97.60860600034795,29.63662800021564],[-97.60848099977616,29.636494999987324],[-97.60842100040001,29.636431999735684],[-97.6082380001019,29.636238000064168],[-97.60819399972097,29.636156999861335],[-97.60818899969811,29.636147000149887],[-97.60794900039691,29.635664999918983],[-97.60778700001521,29.63556099986472],[-97.60776799974862,29.635548999671304],[-97.60772099989296,29.635519000352893],[-97.60768099971,29.635493999742764],[-97.60759399967135,29.635438000352547],[-97.60755199983855,29.635423000287517],[-97.60753000009724,29.63541500014781],[-97.6074919995641,29.6354010002922],[-97.6072170001028,29.635349000142163],[-97.60635799958709,29.635189000232838],[-97.60622500041602,29.63516400032163],[-97.60617400036239,29.635153999730772],[-97.60615799957056,29.635150999865655],[-97.60611400008794,29.635142999704343],[-97.60584999959899,29.63509299985292],[-97.60578199982692,29.635152000080982],[-97.60572699957532,29.635200999688273],[-97.60562799984112,29.63528800038235],[-97.60543100019764,29.635460000339823],[-97.60524100022684,29.635581000183805],[-97.60491099961564,29.635790999780884],[-97.60485399971424,29.635827000270158],[-97.60477500007153,29.63594499983172],[-97.6047669996756,29.63595699997796],[-97.60466999959122,29.636102000264845],[-97.60466999959122,29.636120000065088],[-97.60466200009361,29.636234000026775],[-97.60465700007073,29.636312000337135],[-97.6046539996977,29.63634799985942],[-97.60465299987277,29.636358999754236],[-97.60464399965194,29.636480000079718],[-97.60508999971579,29.637156000152427],[-97.60524799989955,29.63752300014871],[-97.60531200037195,29.637795999818824],[-97.60538099996892,29.638209999939935],[-97.60541100010616,29.638390000276463],[-97.60542600017477,29.638488999621686],[-97.60543200002256,29.638531000237236],[-97.60550300016767,29.638664000118965],[-97.6055900002063,29.638829000086247],[-97.6063359998458,29.639861999907026],[-97.60642999955712,29.640182999622862],[-97.60642999955712,29.640272999629527],[-97.60636799963285,29.640434000212792],[-97.60594000001068,29.640824999888444],[-97.60592699959189,29.640837000233876],[-97.6059140000714,29.640848999797104],[-97.60587399988843,29.64088600019813],[-97.60584600029935,29.640911000250377],[-97.60563399968892,29.64109199981888],[-97.60548599955091,29.641216999762364],[-97.60542100015189,29.641271999688325],[-97.60527600038694,29.641396000035773],[-97.6050689997994,29.641520000230507],[-97.60485600026237,29.64164800009505],[-97.60461600006286,29.641727000265725],[-97.60460199981915,29.64173200023492],[-97.60442899956679,29.641790000327767],[-97.60417800039495,29.64184600008956],[-97.60392999979952,29.641827999751257],[-97.60390999970802,29.64182399993589],[-97.60386200002745,29.64181400000641],[-97.60373099960789,29.64178599973014],[-97.60350999967494,29.64151699977424],[-97.60348700010873,29.64150900011866],[-97.60307200000705,29.64103000025783],[-97.60295400000625,29.640803000292465],[-97.60265000023264,29.64021600038938],[-97.60238099972081,29.639734000114455],[-97.60227199994087,29.639539999776954],[-97.60178400004423,29.638931000314095],[-97.60133899980532,29.63850900014007],[-97.60117700032191,29.638395999813653],[-97.60105299957505,29.638309000242913],[-97.60033000040009,29.637800999983202],[-97.60002999992612,29.637613000190377],[-97.60000499981176,29.637574999957053],[-97.59998200024555,29.637539000092595],[-97.59990600007757,29.637414000268137],[-97.59976499961225,29.637181000349923],[-97.59972199995454,29.636773000317294],[-97.59972000030471,29.636757999670234],[-97.59971199990879,29.636675999685444],[-97.59977300000817,29.636601000259848],[-97.59978499970373,29.636579999942192],[-97.59981800021401,29.636521999971592],[-97.59987000009255,29.63644699965049],[-97.59993600021478,29.63641599961593],[-97.60022599974471,29.636280000056967],[-97.60030699993557,29.63624200010141],[-97.60060400003648,29.636102999689893],[-97.600655999915,29.635943000197642],[-97.60036800003493,29.635712999847776],[-97.60033000040009,29.635704999731104],[-97.60022300026998,29.635684000007437],[-97.60011199994189,29.63566200006908],[-97.60002499990325,29.635644000186968],[-97.6000009996138,29.635638999915496],[-97.59977600038123,29.63559399980346],[-97.59960200030396,29.635553999947245],[-97.5995780000145,29.635553999947245],[-97.59955100025033,29.635548999671304],[-97.59900100042941,29.635437000140058],[-97.598640999681,29.63516400032163],[-97.59862899998541,29.635154999946074],[-97.59862499978746,29.635101000018185],[-97.59862300013764,29.63508000016853],[-97.59862200031273,29.63506900013401],[-97.5986209995895,29.635055999665767],[-97.59857700010689,29.63450200013444],[-97.59854699996964,29.63439499977231],[-97.59854000029696,29.634359000332772],[-97.59852699987817,29.634309000092127],[-97.59850199976381,29.634212000210415],[-97.59854600014475,29.633906999941395],[-97.59855500036558,29.63384499986082],[-97.59856899971096,29.6337489997615],[-97.59858299995466,29.633650999891007],[-97.59874000031348,29.63339900012093],[-97.5988180001313,29.63332699973623],[-97.59883499984974,29.633310999903973],[-97.59896399972118,29.633192000144895],[-97.59916000043808,29.633008999958935],[-97.59925499997432,29.632935000382407],[-97.59936700012732,29.632885000215637],[-97.59963999993877,29.632731000170857],[-97.59966500005315,29.632708000128783],[-97.59973700002315,29.632664999968085],[-97.59994700008545,29.632366999838908],[-97.59993399966665,29.632027999668097],[-97.59992000032126,29.63168000001284],[-97.59973600019826,29.631357000017594],[-97.59970600006102,29.631305000122257],[-97.59969600001529,29.63128799971514],[-97.5996829995965,29.631266000378275],[-97.59967599992378,29.63125300020001],[-97.59963200044118,29.631176000130754],[-97.59952699996087,29.631125999871685],[-97.59946900023455,29.63109900000258],[-97.59945900018882,29.631094999761082],[-97.59910699983632,29.630923999634454],[-97.59856200003827,29.63084200036575],[-97.59804800020237,29.630763999723428],[-97.59799600032383,29.630763999723428],[-97.59792000015585,29.630763999723428],[-97.59774299970553,29.630718000297346],[-97.59769500002497,29.630745000268575],[-97.59763200027578,29.6307799999602],[-97.59759399974261,29.630802000184058],[-97.59756899962827,29.630815999898054],[-97.59753199981833,29.630836999855873],[-97.59688999993593,29.631199999996362],[-97.59514500003863,29.632184999960412],[-97.59107899958558,29.634484000044957],[-97.58776500041641,29.636357000128363],[-97.58577500029675,29.63748200008569],[-97.58391800024647,29.638531000237236],[-97.5731569997113,29.644445999797398],[-97.5657000000962,29.64854499972343],[-97.56216699974561,29.65048700025427],[-97.56211400004216,29.650515999734697],[-97.55897700042502,29.652241000206143],[-97.55878999992896,29.652344000162],[-97.55771799987622,29.652932999688428],[-97.55693399970357,29.653363999824567],[-97.55648900036296,29.653609000147803],[-97.5558440001075,29.65396299991178],[-97.54909499959872,29.65767200038376],[-97.54334600007098,29.660830999948683],[-97.54016699972273,29.662578000327002],[-97.5383699999469,29.66356499994564],[-97.53825199994611,29.663630000254486],[-97.53713700023569,29.664242999864477],[-97.53682500006616,29.66441400038305],[-97.53591700004495,29.664912999759956],[-97.53578499980048,29.664986000110435],[-97.53567500019562,29.665045999909726],[-97.53556499969245,29.665105999673226],[-97.53457600037872,29.66565000026705],[-97.53258100023616,29.66674800022918],[-97.53045100037443,29.66791899969696],[-97.52272600007241,29.672166999693463],[-97.51722600006667,29.675190999643004],[-97.51710700024098,29.675257000060352],[-97.5164800004272,29.67560099966559],[-97.51144200037882,29.678372000021284],[-97.51104900001843,29.678588000352164],[-97.50422199969186,29.68234200005431],[-97.50412999963035,29.682391999845326],[-97.50403900029205,29.682441999611424],[-97.49906099961986,29.685177999999556],[-97.49286900040131,29.688571999757514],[-97.4840689996735,29.693409999738883],[-97.47784399994468,29.69683100023784],[-97.47358699969591,29.699171999942436],[-97.47088600009687,29.70065700036688],[-97.45143900043334,29.711354000020986],[-97.43924599999534,29.71805999962067],[-97.43719300012648,29.71918899994161],[-97.43453099998716,29.720653000106047],[-97.43040099996,29.72292299983782],[-97.4268040000353,29.724899999634356],[-97.4257250003099,29.72549299961374],[-97.42134500003748,29.727900999885374],[-97.41833700029176,29.729554000049806],[-97.41448300044912,29.7316719998809],[-97.40977699976347,29.73425800037472],[-97.39651399982085,29.741547999825535],[-97.3914530002063,29.744330000296586],[-97.38489700004136,29.747951999871773],[-97.38422099982375,29.748325000191507],[-97.3812309996214,29.74995199983275],[-97.38102899995503,29.750049000357887],[-97.3806549998612,29.750228000252275],[-97.37759500023695,29.751860000155002],[-97.37567100023952,29.752886000167965],[-97.37527000038153,29.753099999681613],[-97.37065599975739,29.75566100018802],[-97.36889499996657,29.75662999999299],[-97.36734699971278,29.757482000092182],[-97.36405399956169,29.759295000022842],[-97.3553230002275,29.76410099979946],[-97.3517749998083,29.766053999994504],[-97.34613199968744,29.76913599985551],[-97.34326600023195,29.77070100018314],[-97.34175700033622,29.771524999940922],[-97.34012600024174,29.772416000054672],[-97.33763900000461,29.77377400009967],[-97.33629599979025,29.774519000115987],[-97.33533099986764,29.775054000277652],[-97.33479299974228,29.775351999947365],[-97.33427700025656,29.77563900004697],[-97.33394400017065,29.77582400014248],[-97.33354099976451,29.77604700002254],[-97.32950199997393,29.778285999611626],[-97.32939800021686,29.778343999628735],[-97.32560200010055,29.780405999728707],[-97.32529999997676,29.780572999942105],[-97.32507200037111,29.780698000227694],[-97.32381299982232,29.78139299984267],[-97.32251399998887,29.782108999626182],[-97.32116800029976,29.782852000174877],[-97.32003000012479,29.78347899966583],[-97.31789299969203,29.78465799971665],[-97.31728000012194,29.785215999726276],[-97.31634500033657,29.786064999906788],[-97.31582300010476,29.786540999788],[-97.31809500025672,29.78845699992977],[-97.318994999882,29.78921499985586],[-97.3213900000576,29.79123399966371],[-97.32163199990696,29.7914380000465],[-97.32511900022679,29.79437800028601],[-97.32660899985595,29.795627999909883],[-97.32897999974212,29.79761600033741],[-97.32963099984535,29.79816500001749],[-97.33376500007049,29.801645999696955],[-97.33379199983467,29.80166900003869],[-97.33452199958063,29.802284000367926],[-97.33500000032983,29.802687000341827],[-97.33747699962291,29.804742999646148],[-97.3384409997206,29.805544000373605],[-97.34464799990607,29.810781000340814],[-97.34470200033275,29.81082799996039],[-97.34481699996046,29.81092900007964],[-97.35165199978465,29.816916000130348],[-97.35167100005124,29.8169320003317],[-97.35265900043838,29.81772199978081],[-97.3530069996946,29.818000000380998],[-97.35330499962043,29.818237999848854],[-97.35622200002786,29.82056899966613],[-97.35673800041191,29.820981000085087],[-97.35690400009325,29.821122000080543],[-97.35769900013655,29.821796999625338],[-97.35966699961658,29.82346799970604],[-97.36293999967617,29.8262469998429],[-97.36363400033547,29.826835999827548],[-97.36409100026994,29.827224000356747],[-97.36460000008297,29.827609999665537],[-97.3650169998345,29.82792599994814],[-97.36687600043291,29.82943000021404],[-97.37527000038153,29.836434000082576],[-97.3851530001344,29.84472599986401],[-97.3854000000066,29.84493300003518],[-97.38543900036467,29.84496599971789],[-97.38564299968085,29.84512100037216],[-97.38579699966664,29.845237999686194],[-97.38653800018157,29.845800000121237],[-97.3871099997438,29.84621799971915],[-97.38734599974535,29.84642700003073],[-97.38770300012074,29.84674900034058],[-97.38792700042671,29.846958999983244],[-97.38805499957492,29.84708199979142],[-97.38820100006308,29.847221999914577],[-97.38867899991399,29.847680999726233],[-97.38884700014349,29.847822000222486],[-97.38902799989343,29.847973999821612],[-97.38930800027593,29.848208999848584],[-97.39038500035153,29.849111000253753],[-97.39570399970896,29.853617000086107],[-97.39811099958015,29.855655999845894],[-97.39918199980798,29.85656300014363],[-97.40410299968046,29.86068900032274],[-97.40633299999965,29.862558999821573],[-97.40640199959661,29.862617000041478],[-97.41136799967495,29.866779999673714],[-97.41507099990486,29.869896000348774],[-97.42068300006359,29.874759999743002],[-97.42121899964079,29.87522399989983],[-97.42250400012885,29.8762740002628],[-97.42369300035743,29.877244999660387],[-97.4240990002383,29.87767199963961],[-97.42491600002289,29.878358000055947],[-97.42594100021996,29.879217000155776],[-97.4265499995921,29.879727999745548],[-97.42739999988697,29.880441999919103],[-97.42826400042557,29.88116699997081],[-97.4290279996084,29.88180800020373],[-97.43198500019882,29.88428900025144],[-97.43234000002606,29.884586999896637],[-97.43505499986881,29.886774000266723],[-97.4354409996582,29.8870999998407],[-97.43794700016188,29.88921499982848],[-97.44101900038002,29.89180700017747],[-97.45479299978547,29.9034309999335],[-97.45993200011617,29.907783999809254],[-97.46279799957166,29.910286999992454],[-97.4629199997704,29.91039299976427],[-97.46311499976409,29.910563999981004],[-97.46332400000145,29.910746000071367],[-97.4635819997443,29.910970999825977],[-97.46365600026246,29.911036000075743],[-97.46401399956444,29.911334999743833],[-97.46446399982624,29.911709999949405],[-97.47149899966696,29.917577999760912],[-97.47459199980149,29.92018799978169],[-97.48004999997443,29.924792999815978],[-97.48050199988604,29.925174000227102],[-97.48611499986966,29.929909999690768],[-97.48712800037116,29.930764000356923],[-97.49030500017128,29.933444999721782],[-97.49190399958039,29.93479400011677],[-97.49390700011884,29.936484000234163],[-97.49394300010385,29.936513999792666],[-97.4943180000226,29.936828000130248],[-97.49480799956905,29.93723800019974],[-97.495332000349,29.93767999996567],[-97.49594200044437,29.93819600016685],[-97.49599900034576,29.93824099989458],[-97.50027300031297,29.941634999786224],[-97.50078600032397,29.94206899967956],[-97.50108000005184,29.942318000367],[-97.50207000008879,29.943156999679854],[-97.50262999995546,29.943629999612185],[-97.50273600026065,29.943770999862835],[-97.50289199989628,29.9438519998005],[-97.50383500007756,29.9446499996675],[-97.5043659996319,29.94510000030431],[-97.5132220004362,29.952731000129198],[-97.52094400036519,29.95913400030049],[-97.52364599978915,29.96142099971557],[-97.52389600003441,29.96167799997527],[-97.52420700037904,29.961895000004205],[-97.52594600042853,29.963367000055545],[-97.52762600002849,29.964788999762042],[-97.53752600039813,29.973170000352198],[-97.53750999960627,29.9733139998086],[-97.53750899978138,29.97336299979214],[-97.53752700022302,29.973407999946357],[-97.53753999974352,29.9734269997978],[-97.53772300004162,29.973579999984697],[-97.53947799998464,29.975046000088415],[-97.54002000030795,29.975513999614886],[-97.54019199983708,29.97564399978379],[-97.54034499999796,29.975791000104998],[-97.54038000015805,29.975835000010623],[-97.54101199999472,29.976377000149757],[-97.54207499982662,29.977252999833333],[-97.54292900031946,29.977943000172935],[-97.54304899997005,29.978046999646036],[-97.54323899994087,29.97815500018077],[-97.54526400022061,29.97988000011019],[-97.54532000029714,29.98001600009897],[-97.54552399961331,29.980112999771183],[-97.54560999982702,29.980153999668346],[-97.545762000163,29.980283999989435],[-97.54784799964384,29.982056000147963],[-97.5478600002377,29.982089000331854],[-97.5479010002456,29.982193999995193],[-97.54843199979992,29.982401000184595],[-97.54888200006172,29.982782000104372],[-97.55300100021823,29.986269000317186],[-97.55416000030958,29.98724999965844],[-97.563369000393,29.995046000088543],[-97.56819099963298,29.999127999786932],[-97.5694879998166,30.000090000229804],[-97.56966100006896,30.00021799998047],[-97.5699520003221,30.00042799974855],[-97.57141099998911,30.001481999933297],[-97.57214800030609,30.002096999612252],[-97.5731209997263,30.00290899991119],[-97.57397799969388,30.003661999648923],[-97.57475500019382,30.004345999881657],[-97.57774200002315,30.006988999793435],[-97.58069899971524,30.009590000329094],[-97.58109100025071,30.009935000354034],[-97.58125799975697,30.0100929997574],[-97.58329399990738,30.01186899969514],[-97.58456500015177,30.01296400003634],[-97.58607200039766,30.014275000338078],[-97.58644999979111,30.01459700017684],[-97.58663999976193,30.01473300005079],[-97.58835299987216,30.016148000309368],[-97.593078999751,30.020044000046294],[-97.59319799957667,30.020149000003265],[-97.59324699998048,30.020190999954945],[-97.59349999970046,30.020407999681016],[-97.59354800027936,30.02045999974202],[-97.5949450000221,30.021646999984977],[-97.5967760001331,30.023216999955],[-97.59934700003582,30.025420999821456],[-97.59939800008945,30.025755000111445],[-97.5997320000003,30.026056999921895],[-97.6005639998535,30.026728999747725],[-97.6015560004386,30.027657000091995],[-97.60227600013883,30.0279930002066],[-97.60244000017035,30.02830000030169],[-97.60270799995895,30.02849699979849],[-97.602964000052,30.02875399988009],[-97.60325199993208,30.028921000383967],[-97.61491700029049,30.038905000031395],[-97.61524600017844,30.039174999650097],[-97.62104499993492,30.04392900038649],[-97.62115000041521,30.0440269998048],[-97.62273100028098,30.045503999680847],[-97.62275600039533,30.04552399972815],[-97.62365400037078,30.046174999839245],[-97.6237330000135,30.04623200035481],[-97.62533300014583,30.047544000030644],[-97.62626299990832,30.048301999716593],[-97.62765200015346,30.049434999792492],[-97.63045900005774,30.05172500004892],[-97.63077100022727,30.051979999884093],[-97.63236299996368,30.053324000285425],[-97.6326319995772,30.05355099976817],[-97.63287500014975,30.053755999734122],[-97.63662600006023,30.05692200027263],[-97.63726999959248,30.057467000263294],[-97.63777699975566,30.057894000133068],[-97.63779600002225,30.058194000207443],[-97.63791099964999,30.058284999614873],[-97.63873199963254,30.058935999814526],[-97.64060700012449,30.060423999635212],[-97.64078500039972,30.060564999632284],[-97.64144400000058,30.061110999628667],[-97.64151099994773,30.061164999789295],[-97.64178299993428,30.06138399966378],[-97.6417980000029,30.06139600010086],[-97.64218299996736,30.06175399964327],[-97.64256999958165,30.06206799970932],[-97.64310199985921,30.06249999988096],[-97.64319399992073,30.062564999748993],[-97.64327599993648,30.062641000031014],[-97.6433470000816,30.062724999660965],[-97.643403999983,30.06281399991314],[-97.64360099962651,30.063071000384266],[-97.64386299956732,30.063337999967334],[-97.64404699969033,30.063490000063467],[-97.6454590004,30.064662000065926],[-97.64631299999452,30.065385000055386],[-97.64673499976892,30.0657599996184],[-97.64737199962846,30.066256999779316],[-97.64758599988869,30.06643299971192],[-97.6476059999802,30.066449000255684],[-97.64809700024988,30.06689000037691],[-97.64831399998484,30.067084999756382],[-97.64874400015515,30.067460999655978],[-97.64897299958571,30.067621000205573],[-97.64923899972447,30.067827000357347],[-97.64937000014405,30.06794399985633],[-97.64994000005645,30.06843600030243],[-97.65109400012494,30.069575000216595],[-97.6525210000049,30.07060900022385],[-97.65289900029667,30.07088300024039],[-97.65346500001111,30.071369000066174],[-97.65369299961674,30.0715639999491],[-97.65706799978358,30.06855900003173],[-97.65764899956665,30.068040999834498],[-97.65826000038524,30.067497000307508],[-97.65879699978736,30.06701800017637],[-97.65948200022578,30.066406999697406],[-97.65987999971074,30.066052000041932],[-97.66021399962156,30.065754999851233],[-97.66116400037389,30.064906999616234],[-97.6612790000016,30.064804000053687],[-97.66185200028706,30.064292000071486],[-97.66265599965284,30.063572999930493],[-97.66304900001325,30.06322099968832],[-97.66346099974189,30.06285200035456],[-97.66366999997926,30.06266499982147],[-97.66490299969048,30.061562000166948],[-97.66516200015656,30.061312000120616],[-97.66624300043011,30.06026899993614],[-97.6678410000143,30.058728999950066],[-97.66948600035248,30.057202000164644],[-97.676190999582,30.051314999836887],[-97.67908000040035,30.04877800029638],[-97.68171200040244,30.04649400028353],[-97.6853770000992,30.04325899981433],[-97.68538899979475,30.04324900034015],[-97.68639800009831,30.04235300012331],[-97.68833600033943,30.040673999894807],[-97.6887499997179,30.04029399992114],[-97.68895499975731,30.040119000241276],[-97.68917099966738,30.039921999738542],[-97.68920699965238,30.039892000302594],[-97.68953700026358,30.03961199968588],[-97.68980400022727,30.039366999760826],[-97.69008399971145,30.039119999873865],[-97.69117900022871,30.03815900012889],[-97.69463899988607,30.035123000228904],[-97.69745599983605,30.032650999808606],[-97.70019999999114,30.030244000029654],[-97.70083799967558,30.029685999803412],[-97.70202199988132,30.028652000221],[-97.70472000000564,30.026490999666038],[-97.70553000011755,30.02584400014088],[-97.70719899984684,30.024510000079616],[-97.70776499956128,30.024059000387883],[-97.70878999975834,30.02345099999651],[-97.70992200008553,30.022595999919265],[-97.71036099957836,30.02226400034992],[-97.71164100004356,30.021298000045043],[-97.71254800023983,30.02061299977821],[-97.71329800007727,30.020048000305934],[-97.71460699995646,30.01910599964587],[-97.71520299980814,30.01867200024277],[-97.71554000009203,30.01842699989147],[-97.71580600023081,30.018237000218278],[-97.71592599988142,30.018151999919084],[-97.71602899981357,30.018077000006443],[-97.71660899977171,30.0176550002803],[-97.71729500003505,30.017155999907068],[-97.71779200015251,30.016793999809213],[-97.71830699981332,30.016420000284132],[-97.71866300036379,30.01616100030227],[-97.71902400003881,30.015897999994916],[-97.71910000020681,30.0158420002239],[-97.7192619996902,30.015723000022124],[-97.72013000042674,30.015089000370633],[-97.7214869999865,30.014097999974187],[-97.7222479996946,30.01354300008116],[-97.72424399966205,30.01209900026534],[-97.7256410003031,30.011083000147142],[-97.72702200015232,30.010079000165067],[-97.72831900033594,30.009128999875063],[-97.72882499977594,30.00876900000848],[-97.72903099964026,30.008622999880377],[-97.72956499956763,30.008237000009252],[-97.73135300002093,30.006946999696375],[-97.73196700031426,30.006504000312454],[-97.73267699996875,30.00598100033574],[-97.73316599969029,30.005620000309786],[-97.73428700014681,30.00482100033753],[-97.73431100043625,30.00480000022129],[-97.73485100021142,30.004408000088194],[-97.73623799990843,30.003415000264553],[-97.7366720002767,30.003104999631656],[-97.73830400019607,30.00194000036391],[-97.73902800009425,30.001418000115848],[-97.74017799996479,30.00058900009966],[-97.7406709998843,30.000235000007855],[-97.74207400037312,29.999228999780676],[-97.74338800027519,29.998281000030495],[-97.74352100034457,29.998184999915182],[-97.74373800007956,29.998027999923632],[-97.74474599965986,29.99729999999752],[-97.74598099991921,29.996409000094058],[-97.7462129997228,29.99624100035813],[-97.74664399971802,29.995941999957953],[-97.74681299977242,29.995797999857555],[-97.74696900030635,29.99584699963964],[-97.74714400020852,29.995862000187287],[-97.74744899980706,29.995862000187287],[-97.74814500011615,29.995829999638566],[-97.74880999956478,29.995769000022776],[-97.74900200008372,29.9958170000935],[-97.74920100027535,29.995930000152047],[-97.74923200023748,29.995916000117326],[-97.7495920000876,29.99575200000841],[-97.75027900017585,29.99543900036712],[-97.75182099968356,29.99469199967554],[-97.75320499990583,29.994021000370903],[-97.75384500013841,29.993391000298352],[-97.7541820004223,29.993066999815547],[-97.75440400018016,29.992854999743706],[-97.755034000367,29.99231500036324],[-97.755435000225,29.992048999793138],[-97.75555200040087,29.99197100030392],[-97.75556599974625,29.9918769998406],[-97.75581000014373,29.991636999843085],[-97.75608200013028,29.991370000019874],[-97.75698799960335,29.990480000350477],[-97.75738000013884,29.99026899998177],[-97.75875900033822,29.9895269997885],[-97.75902799995173,29.989381999928238],[-97.75907200033265,29.989358000285115],[-97.75941200009129,29.989175000286618],[-97.75954400033577,29.988923000106542],[-97.75957199992486,29.988904000107155],[-97.76028300030256,29.9884110002037],[-97.76070500007695,29.98811899973937],[-97.76086499991054,29.987914999992537],[-97.76133199989076,29.987318999887307],[-97.76313500041267,29.983539000202757],[-97.76361699956321,29.98256800013944],[-97.76455800009468,29.980677000344464],[-97.76469000033917,29.980447000091846],[-97.76478800024846,29.9798390000999],[-97.76517099966479,29.979363000032446],[-97.76550499957563,29.978946999995166],[-97.76559400016241,29.978836999750147],[-97.76562500012454,29.978797999881603],[-97.76616700044784,29.97812400005368],[-97.7687480003963,29.974914999978957],[-97.76899899956815,29.974602999955245],[-97.7691929997369,29.97437400036431],[-97.76971699961857,29.973726000299372],[-97.76989300024397,29.9735039998959],[-97.77016600005545,29.973161999943972],[-97.77130099985736,29.97174300012043],[-97.7725009999566,29.97025999981468],[-97.77377899987366,29.96867400010135],[-97.77442599977894,29.967879000076106],[-97.77460099968113,29.96766399990164],[-97.77468100004707,29.967565999736546],[-97.77473999959831,29.967493999760116],[-97.77467799967401,29.96738500007489],[-97.77459499983335,29.967268000165458],[-97.77458899998557,29.967238999780786],[-97.77461499992482,29.9670440000875],[-97.77456600041936,29.966728000175117],[-97.77463900021428,29.966516999927787],[-97.77499599969134,29.966049000044915],[-97.7756610000383,29.96515699985824],[-97.77571600028986,29.965083999657793],[-97.77691600038911,29.963475000205406],[-97.7772670000184,29.96308499967303],[-97.77794400006091,29.962640999850173],[-97.77893900012074,29.961991000181435],[-97.7805690003903,29.96084700033959],[-97.78109300027195,29.9604850003385],[-97.7814410004265,29.96024399989264],[-97.78313899956979,29.959070999745755],[-97.7833560002031,29.95892100008033],[-97.78358600035685,29.95876200007886],[-97.78380800011472,29.958608000324464],[-97.78384199955158,29.95858500035076],[-97.78410900041358,29.958419999977412],[-97.7842159996454,29.9583380001287],[-97.78468099997579,29.95802299988143],[-97.7850190000846,29.957779000145365],[-97.78517800009328,29.957665000152726],[-97.78531500036063,29.95756700024568],[-97.78545199972966,29.957477999690504],[-97.78564300042369,29.957338999643376],[-97.78580999992994,29.957197999951408],[-97.78593799997645,29.957047999794586],[-97.78607799971856,29.95689200026308],[-97.78628299975797,29.956649000205847],[-97.7865320001783,29.956379000137414],[-97.78662099986677,29.956281999864608],[-97.78684799964749,29.95603600027291],[-97.78706899958041,29.955766000096276],[-97.78737400007725,29.955357000259603],[-97.7877709997373,29.954845000134362],[-97.7881440000062,29.954321999687515],[-97.78826600020494,29.95416699991501],[-97.78854099966624,29.953750000090785],[-97.78862400040522,29.953576999825835],[-97.78908999966222,29.952349000001178],[-97.78931099959517,29.95178300018584],[-97.78940299965669,29.95153500001623],[-97.78966899979545,29.950867000022708],[-97.78975300035935,29.95061600013993],[-97.78981399956041,29.950369000356236],[-97.78980699988772,29.950225999750437],[-97.78982899962902,29.949858999829047],[-97.78987499965979,29.94946400017965],[-97.7900749996763,29.948621999761208],[-97.79033400014241,29.947845000340127],[-97.79146300009654,29.94636799973713],[-97.79179399963432,29.945960999838686],[-97.79204700025265,29.94566600001675],[-97.79234400035355,29.945305000239387],[-97.79239500040718,29.945259999815214],[-97.79243499969185,29.94517699977509],[-97.79250900021,29.94512499997727],[-97.79259299987558,29.945057000260515],[-97.7927910002423,29.94495999984006],[-97.79307400009952,29.94483299994898],[-97.7932270002604,29.94477399985249],[-97.79421800012229,29.94442000009532],[-97.79429400029026,29.944389999807346],[-97.79435000036675,29.944369000145215],[-97.79454600018535,29.944293999758965],[-97.7947400003541,29.94422399976262],[-97.79513299981616,29.944083999622084],[-97.7955079997349,29.9439420003458],[-97.79592000036186,29.943800000088377],[-97.79632399969458,29.94364699998425],[-97.79646799963461,29.943601000115564],[-97.79693499961486,29.943435000310817],[-97.79737599965583,29.94325700028752],[-97.79807899963761,29.943002999886286],[-97.79871899987022,29.94276300013701],[-97.79913899999475,29.942616000004637],[-97.79954300022581,29.942465999645584],[-97.79980299961849,29.942374000351343],[-97.80013499987952,29.942247000272076],[-97.80088600044019,29.94196300016378],[-97.80091800022726,29.941951000064577],[-97.80200000032572,29.941550000069633],[-97.80219899961904,29.94147199985367],[-97.80260299985007,29.94128600034937],[-97.80288599970729,29.941184000322885],[-97.80312900027985,29.94108399996642],[-97.80322899983896,29.94106000033298],[-97.80333500014416,29.941079999638717],[-97.80345200032005,29.941240999663705],[-97.80399299992011,29.940973000348244],[-97.80412099996664,29.94090899968458],[-97.80472199984116,29.940638999691107],[-97.80535100020312,29.940330000347497],[-97.80554700002169,29.940234000272856],[-97.80597600036708,29.94004000005014],[-97.80625800039938,29.939903999844965],[-97.80695899983304,29.939567000172385],[-97.8072450000633,29.939440999916183],[-97.80745400030068,29.939341999658435],[-97.80857700040704,29.938808000013562],[-97.80877599970034,29.938713999849394],[-97.80942400032885,29.93840699980406],[-97.80971300003387,29.938270000175425],[-97.80989299995892,29.938184999918967],[-97.81002699985322,29.938125999771447],[-97.81144500041067,29.937458000015198],[-97.81210099963847,29.9371490001327],[-97.81227899991372,29.937071000358312],[-97.81270999990893,29.936865999801388],[-97.81278799972674,29.936829999990362],[-97.81308499982765,29.93668799970052],[-97.81363600037179,29.936428000047982],[-97.81475899957982,29.93591000014018],[-97.8151019997115,29.935747999720622],[-97.81652399956859,29.93507599977693],[-97.81735799996996,29.934682000145983],[-97.8178390001939,29.934427000082728],[-97.81889199998004,29.933870000285083],[-97.81895399990432,29.933832000248156],[-97.81940499999102,29.93358599961719],[-97.81982099991764,29.933352999870078],[-97.82041400029456,29.933026000267194],[-97.82042599999012,29.933019000099677],[-97.82119699974398,29.932595000156002],[-97.82125100017065,29.932565000194355],[-97.82150200024083,29.932413999886872],[-97.82192099964216,29.932184999638075],[-97.82233300026914,29.931958999967044]]]},"properties":{"GEOID":"48055","BASENAME":"Caldwell","STATE":"48","COUNTY":"055","AREALAND":"1410360843","NAME":"Caldwell"}},{"type":"Feature","geometry":{"type":"Polygon","coordinates":[[[-97.99794199974167,30.720293999936402],[-97.99799600016834,30.7202090000039],[-97.99827300017776,30.7196819998311],[-97.99922899987956,30.717878000153675],[-98.0002959999094,30.716044999678147],[-98.00038299994806,30.71596400032707],[-98.00246099993126,30.711992000058636],[-98.00247199980191,30.71196999967939],[-98.00338499984598,30.710245000169078],[-98.00349100015119,30.710043000001363],[-98.00431299995866,30.708479999904256],[-98.00437300023312,30.708366000123316],[-98.00484699988606,30.7074639998436],[-98.00574099966354,30.70576100033465],[-98.00583600009811,30.705581000342487],[-98.00597900021323,30.705307999816338],[-98.00601699984807,30.705235999676145],[-98.00669100041586,30.703953999834265],[-98.00675900018791,30.70383000000761],[-98.00793499999772,30.701682999935638],[-98.00824100031946,30.701124999844133],[-98.00890400011828,30.69991499975098],[-98.00894400030124,30.699840999653823],[-98.00899000033199,30.699756000234203],[-98.01169799960375,30.694808000174476],[-98.01171000019764,30.69478899997415],[-98.01282599973298,30.692763000365073],[-98.01359099963904,30.691313000361998],[-98.01361699957832,30.691271000182233],[-98.01379400002865,30.690988999826256],[-98.0138059997242,30.690967000065143],[-98.01383199966347,30.69091899979649],[-98.01481300037793,30.68913599967209],[-98.01899199991057,30.681516999882223],[-98.0191979997749,30.68114200008516],[-98.01983200015971,30.679983999765327],[-98.02152400035352,30.676902000084784],[-98.02154600009484,30.676861000338643],[-98.02166099972258,30.67664399969642],[-98.0217190003472,30.676533999950163],[-98.02175600015714,30.676465000010282],[-98.02252699991097,30.675074000372277],[-98.02255600022329,30.675021000315912],[-98.02259300003323,30.674954000378076],[-98.02259800005608,30.674945000140667],[-98.02261099957657,30.674922000045378],[-98.02320099958044,30.67385900011139],[-98.02332299977918,30.6736159999251],[-98.02344199960487,30.673379000156128],[-98.02344900017587,30.673365999858582],[-98.0243449996032,30.67169499970455],[-98.02435700019707,30.671673000183443],[-98.02441800029645,30.671557999619978],[-98.02772099959495,30.665371000090612],[-98.03026899993144,30.660591999871418],[-98.03034400027451,30.66045099982319],[-98.03150699966552,30.658270999882188],[-98.03156399956693,30.658165999794168],[-98.0345460002717,30.65257500037461],[-98.03455600031744,30.652557000366816],[-98.03472899967147,30.652230999645514],[-98.0351599996667,30.651439000269118],[-98.03516700023772,30.651427000123284],[-98.03712300002219,30.64784000028575],[-98.03753700029898,30.647081000065644],[-98.03838699969555,30.64551700003053],[-98.03845199999289,30.645398999806154],[-98.03845700001575,30.64538999990759],[-98.03846200003862,30.645381000008122],[-98.0385380002066,30.645242999642207],[-98.04305800022111,30.63692999999378],[-98.04307400011463,30.636899999762893],[-98.04313000019111,30.636796999981307],[-98.04315199993243,30.636756000225372],[-98.0471349996465,30.62946499965505],[-98.04728399960942,30.629191999645432],[-98.04729799985313,30.62916600030373],[-98.04731299992174,30.62914000018203],[-98.04732700016544,30.629114000053356],[-98.04735099955657,30.62907000017646],[-98.04755399994616,30.628699000383712],[-98.04814599959988,30.627290999956596],[-98.04838599979936,30.626844000183155],[-98.04954400006582,30.624793999761703],[-98.04988600037258,30.62415500018962],[-98.04750700009049,30.62267299967893],[-98.04458999968305,30.620802999644756],[-98.04029399997454,30.618203999936426],[-98.03959199981767,30.618552999746797],[-98.03649500038348,30.611726000145985],[-98.02969999984396,30.614723000329953],[-98.02161499969182,30.61589100000729],[-98.02118000039695,30.615953999934224],[-98.0203250000792,30.616077999682954],[-98.01908800017002,30.616256999856937],[-98.01772900006213,30.616454999845214],[-98.016924999798,30.616504999965663],[-98.01546799978081,30.61659599987118],[-98.01274100024249,30.616766999988975],[-98.01034600006686,30.6207589998547],[-98.00859299977365,30.623683000103775],[-98.00762000035344,30.62518999997045],[-98.00627600031416,30.62751599984474],[-98.00430200008802,30.62518999997045],[-98.0038300000849,30.62416699985395],[-98.00366299968032,30.623805000179495],[-98.00194500044553,30.62142499963275],[-98.0002950000845,30.6177940001248],[-97.99798899959734,30.61302400034984],[-97.99239999990314,30.609493999889725],[-97.99101499985599,30.609848999729213],[-97.99074500041755,30.610097000014534],[-97.98711900018056,30.613480999954128],[-97.98598199983047,30.614541999625366],[-97.98530899998593,30.615169999642124],[-97.98485700007431,30.615591999696857],[-97.98166799968033,30.618567999615166],[-97.97895500038568,30.62109899989135],[-97.97881800011834,30.621226999759482],[-97.97786700043942,30.62211399976342],[-97.97365299984837,30.622690000300654],[-97.97290300001092,30.62279299963821],[-97.96631099986098,30.623676000329183],[-97.96259000008774,30.62518999997045],[-97.95673400042988,30.628249000174232],[-97.95469999992926,30.627171999653044],[-97.95188299997925,30.625191000253942],[-97.9497399996987,30.62325099981584],[-97.94432699973162,30.61832999983146],[-97.9429879997152,30.61716200020058],[-97.94076800034009,30.615072999933858],[-97.94060799960819,30.61492399998548],[-97.94049999965316,30.614823999632055],[-97.93824799959268,30.613029000076367],[-97.93480899985173,30.61028600015781],[-97.9279849998982,30.608204000112465],[-97.927886000164,30.60817400025485],[-97.92191900017804,30.606353000309248],[-97.91706299970456,30.60487100022918],[-97.9176130004238,30.603286000020123],[-97.91794200031175,30.602368000103116],[-97.91811600038903,30.601838000244566],[-97.91896400013577,30.599393999837652],[-97.918994000273,30.599307999667253],[-97.91903799975562,30.59918199976524],[-97.91905399964914,30.599135999870626],[-97.9197979996388,30.59701700026431],[-97.91987899982966,30.596787000072958],[-97.92002699996766,30.59636900004879],[-97.92007999967112,30.596218000316338],[-97.9201490001664,30.59600300004542],[-97.92112900015762,30.59323300015954],[-97.92189499988861,30.59095800032139],[-97.92183499961413,30.590792000361954],[-97.92038299961982,30.58677399963501],[-97.91709600021484,30.582894999857782],[-97.9161220000714,30.581745999834013],[-97.9151229998136,30.58056700021537],[-97.91697700038915,30.57854599988477],[-97.91707399957521,30.57843999991903],[-97.91867500043078,30.576695999664217],[-97.91903299973274,30.576328000363997],[-97.91915099973352,30.57619799991173],[-97.91938799955999,30.5759390000498],[-97.9217969999793,30.5733129996422],[-97.9269849998155,30.56765400000353],[-97.92182499956839,30.564231000031075],[-97.91946100025324,30.565130999906064],[-97.91938599991016,30.56515999980874],[-97.91128900006245,30.56833100008119],[-97.91116299966576,30.56838000018909],[-97.90632499963394,30.570275000099972],[-97.90588000029332,30.57044900021441],[-97.90427099994017,30.570567999824],[-97.90405800040315,30.570656000117353],[-97.90401999987002,30.570671999740217],[-97.9039420000522,30.5707039997515],[-97.90390000021941,30.570721000212444],[-97.90327699970524,30.570976999877832],[-97.90245599972269,30.571327999795123],[-97.90012900021743,30.568914000060037],[-97.89994300044461,30.56871999997183],[-97.89969800022223,30.568467000051285],[-97.89867899987294,30.567412000023385],[-97.89836300040376,30.56708600029107],[-97.89829800010644,30.566973000170933],[-97.89822000028863,30.56688799996638],[-97.89706399967199,30.565615999939187],[-97.89681299960183,30.56547899971302],[-97.89623799966657,30.564883999930238],[-97.89578499993004,30.56491699966278],[-97.89495499972664,30.564970999833726],[-97.8942760000343,30.565012999945914],[-97.89332399963217,30.565074000205456],[-97.89282400003997,30.56517099968955],[-97.89145499988632,30.56651800034689],[-97.89066800023895,30.5661209999487],[-97.89033099995507,30.56595100029264],[-97.890038999877,30.565802999958194],[-97.88998600017356,30.565776999844765],[-97.88874699971626,30.56515100018659],[-97.88863200008853,30.56421899990415],[-97.88859600010352,30.563925000198292],[-97.88850900006489,30.56321399986342],[-97.88847899992766,30.56297399994168],[-97.88788600044903,30.558160000103072],[-97.88769499975501,30.55661199993622],[-97.88678500008399,30.55584300023206],[-97.88411999957162,30.55359299966168],[-97.88336899990927,30.552958000326186],[-97.88228900035894,30.55380499963074],[-97.88152699992762,30.553420999988763],[-97.88129500012403,30.553303999965085],[-97.88124099969735,30.55327700011814],[-97.88061899990642,30.552963000056952],[-97.88030799956178,30.55280600003225],[-97.8787879997954,30.55204000036436],[-97.8771530004013,30.55121500018908],[-97.8757459997145,30.55050600012534],[-97.87528999960492,30.550276000231715],[-97.8744850004142,30.549867000332828],[-97.87419699963579,30.549721000027212],[-97.87393600041818,30.54958800018294],[-97.87384099998364,30.549540000159507],[-97.87380199962557,30.54951999975593],[-97.87376900001362,30.549503000221915],[-97.8736479996398,30.549440999939492],[-97.87360300033227,30.549418000186478],[-97.87339200044507,30.549310999817646],[-97.8726629996257,30.548938999887763],[-97.87199700035217,30.548599999945555],[-97.8714309997394,30.548312999915783],[-97.87130199986798,30.548246999977643],[-97.86884499976807,30.54699700008523],[-97.86844800010803,30.546795000044064],[-97.86801299991485,30.546573999666904],[-97.86786599960176,30.54649900028921],[-97.86804600042514,30.5453069996279],[-97.86823300002288,30.544061999981935],[-97.8682620003352,30.543867999723695],[-97.86852199972789,30.542146000373965],[-97.86854099999447,30.542013999805217],[-97.86859600024604,30.541637999827596],[-97.86869099978227,30.540978000247556],[-97.869029999716,30.53864999975979],[-97.86906900007406,30.538395000327352],[-97.86910599988398,30.538146999988356],[-97.86930400025071,30.53684200009393],[-97.86962200026802,30.534738999698416],[-97.86963700033662,30.534641999977193],[-97.86994000028533,30.532604000013002],[-97.87002099957786,30.53205299972507],[-97.87003900001953,30.53193400008946],[-97.87005300026323,30.53183800036169],[-97.87007099980657,30.531718999689005],[-97.87010799961651,30.531471000100797],[-97.870135000279,30.53129300014962],[-97.8702259996173,30.53068300019035],[-97.87028500006681,30.530281000114908],[-97.87034299979315,30.529895000078447],[-97.870352000014,30.52983499987094],[-97.87035500038704,30.529815999771706],[-97.87036299988462,30.529764000377053],[-97.87048900028132,30.528914000314863],[-97.87071900043512,30.527374999695503],[-97.87086099982702,30.52642100038097],[-97.87111199989717,30.52474299974185],[-97.87112600014088,30.524646000099597],[-97.87113899966135,30.524560999974508],[-97.87117999966924,30.52428599974311],[-97.87120099958564,30.524148000220144],[-97.87123499992083,30.523921999703287],[-97.87127000008093,30.52368500027106],[-97.87131299973862,30.523399999698526],[-97.87141599967077,30.522713999970755],[-97.86922399988475,30.51989699968441],[-97.8687820000189,30.51932899990596],[-97.86721000037396,30.517309000275862],[-97.86479199973381,30.515695000104447],[-97.85972899957109,30.512314999650894],[-97.85940100040634,30.51191599992226],[-97.85917399972729,30.511640000379636],[-97.8590390000081,30.511477999795265],[-97.85900700022104,30.511438000335595],[-97.85897500043399,30.511398000085535],[-97.85893500025101,30.511349999763702],[-97.85709400009428,30.509102999875108],[-97.85704999971334,30.509049000365106],[-97.85576500012358,30.507401000179662],[-97.85586999970556,30.505961999931436],[-97.85601700001867,30.504030999937733],[-97.85610700043034,30.50281199994276],[-97.85677799972676,30.502235000154236],[-97.857504999998,30.501610000326863],[-97.85839299992772,30.500830999967217],[-97.85844700035439,30.500782999847324],[-97.85920899988741,30.500082000347575],[-97.86224799959527,30.497308999968403],[-97.8593279997131,30.493447999765486],[-97.85929199972809,30.493402000062378],[-97.85921999975805,30.493305000112287],[-97.85820499960674,30.49196699981566],[-97.85816199994903,30.491907000194022],[-97.85774699984734,30.491357000002782],[-97.85391599957092,30.48630200030137],[-97.85384399960091,30.486206999803937],[-97.85352499975868,30.485789000384187],[-97.85227500032903,30.484130999800335],[-97.85142300038432,30.4830020001109],[-97.85124000008622,30.482759999786225],[-97.85107100003181,30.482536000254598],[-97.8501699996833,30.481344000049333],[-97.84945300035614,30.480395000025823],[-97.84839600037202,30.47899600020802],[-97.84817999956364,30.478642000322928],[-97.84812199983733,30.478548999811572],[-97.84697000031697,30.477209999991143],[-97.84662800001021,30.476712999772037],[-97.84615299963404,30.47601700010319],[-97.84589300024136,30.475635000205838],[-97.84603399980837,30.475165999850876],[-97.84633500010726,30.47416200018125],[-97.8464310003667,30.473846999678898],[-97.84656000023814,30.473425000178906],[-97.84654099997155,30.473410000322644],[-97.84627300018296,30.473201000071878],[-97.84116999983728,30.46912599976561],[-97.84079099972058,30.46882100038305],[-97.8400169995937,30.468204000148376],[-97.83926500010642,30.467609000051052],[-97.83870500023977,30.467167999892443],[-97.8369610001674,30.465789999930607],[-97.83488400000908,30.464144000321426],[-97.83425299999733,30.463644999978612],[-97.83407399989719,30.46349700021559],[-97.83352499990119,30.463070000292944],[-97.83201199980749,30.461870999659368],[-97.82981499999859,30.459946999720653],[-97.8287520001667,30.45925800027082],[-97.82656200003048,30.45751699963396],[-97.82629199969375,30.45600699980661],[-97.82626800030262,30.455990999886264],[-97.82606400008811,30.455853999976444],[-97.82588099979,30.455730999650243],[-97.82572299960627,30.455605000042787],[-97.82522800003694,30.455211999907217],[-97.82398100008203,30.454287000295796],[-97.82323500044254,30.45359099988671],[-97.82306899986287,30.453435999898744],[-97.82208700022183,30.45300000007943],[-97.82168700018873,30.452798999623003],[-97.821633999587,30.4527809997006],[-97.82153200037804,30.452747000096203],[-97.82101000014622,30.452572999839862],[-97.8208179996273,30.452476999992633],[-97.82067500041047,30.45240500004517],[-97.81981000004697,30.451978000296144],[-97.81883799955337,30.45149600000542],[-97.8186429995597,30.451399000119906],[-97.81844799956602,30.45130299989063],[-97.81783499999592,30.4508929997025],[-97.81757800007799,30.45072100029993],[-97.81635799988725,30.449905999882038],[-97.81614600017514,30.44976899993614],[-97.81527199959082,30.449178999958256],[-97.81519200012319,30.449129000373503],[-97.81499100028174,30.44898500012509],[-97.8147779998464,30.448831000333865],[-97.81467800028729,30.44876100034836],[-97.81450900023289,30.448633999693147],[-97.81407200038988,30.44835999990488],[-97.81352800041675,30.44799200007407],[-97.81334099992068,30.447864000177578],[-97.81331699963125,30.447850999833836],[-97.81304899984265,30.447703999876996],[-97.81287999978825,30.44761100002689],[-97.81269300019048,30.447500999756578],[-97.81256799961871,30.44742900000523],[-97.81194199962981,30.44706700008382],[-97.81186299998711,30.447017999986848],[-97.81168600043509,30.447032000238345],[-97.81137799956521,30.447047000284257],[-97.81120299966302,30.44706399992052],[-97.81088299999588,30.447064999716826],[-97.80968000042189,30.447070000247006],[-97.80941500010803,30.4470869998792],[-97.80726099995682,30.447129999619058],[-97.80677700025817,30.44714700001531],[-97.8050969997599,30.44715300033661],[-97.80401600038465,30.447165000203796],[-97.80224700019792,30.44716800036398],[-97.80125600033604,30.447170999749613],[-97.80029100041344,30.447150000176027],[-97.79972499980069,30.447138000307007],[-97.7977480000998,30.446208999962316],[-97.79760900018265,30.44616000020855],[-97.79481200032411,30.445035000255896],[-97.79440899991798,30.444843000332117],[-97.79413000025872,30.444711999937134],[-97.79289099980141,30.444599000028518],[-97.79266200037088,30.44458699984545],[-97.79081199999328,30.444393999990073],[-97.79018400035459,30.44431599977158],[-97.78991400001783,30.444286000385816],[-97.78941699990038,30.444231999764366],[-97.78877699966777,30.444190000120816],[-97.78778800035406,30.443212999711125],[-97.78707799980126,30.44252399966648],[-97.78690799992194,30.44234100037057],[-97.78534100029988,30.440654999736672],[-97.78378800002322,30.439902000040032],[-97.78168599975056,30.439501000329926],[-97.78166300018434,30.439491000041844],[-97.78008599961822,30.438801000146057],[-97.77996699979255,30.438732999692228],[-97.77938699983441,30.438400999665664],[-97.7783859999268,30.4350010002021],[-97.77833300022334,30.434913000231344],[-97.77808600035115,30.434502000117316],[-97.77798800044187,30.434274999811176],[-97.77782400041032,30.433891999738137],[-97.7772870001099,30.431946000012825],[-97.77723500023134,30.43175599978119],[-97.77717800032995,30.431547000028434],[-97.77710499963669,30.431298999926057],[-97.77694900000108,30.430941000377704],[-97.77659900019673,30.430252000370274],[-97.77638900013444,30.429840999978623],[-97.77633999973062,30.429768000379976],[-97.77585100000908,30.42993199979432],[-97.77538099965581,30.43010200030364],[-97.77447600000765,30.430419999613406],[-97.7738319995771,30.43064499966791],[-97.77356299996359,30.430743000028563],[-97.7729729999597,30.430947000147277],[-97.7726830004298,30.431051999928197],[-97.77171900033208,30.431388999973663],[-97.77161800004977,30.43144000009284],[-97.76951999997507,30.432280000223884],[-97.7695020004317,30.43228699985895],[-97.76919799975978,30.432408999614285],[-97.76890599968172,30.432463999758838],[-97.76847800005956,30.432538000383154],[-97.76798599996498,30.432571000120113],[-97.76723899960226,30.432468000317332],[-97.7669259996078,30.432425000307315],[-97.76677300034525,30.43242199969352],[-97.76672200029162,30.432420999747038],[-97.76650999968119,30.432416999961127],[-97.76611999969387,30.43241200022854],[-97.76605600011976,30.43241100028197],[-97.76594200031694,30.432410000335384],[-97.76586500032406,30.432408999614285],[-97.76570700014031,30.43240799966769],[-97.76560900023102,30.43240699972113],[-97.76532300000075,30.43240399988123],[-97.76503699977049,30.432401000041303],[-97.76361099971543,30.432491999792294],[-97.76166499997669,30.432613000121272],[-97.76033900037905,30.432713999884058],[-97.75909200042416,30.432792000089385],[-97.75803899973968,30.43291000022191],[-97.75674599975402,30.433054000203292],[-97.75524899955384,30.433222999980153],[-97.75363500007614,30.433286999878817],[-97.75414999973694,30.436784000046824],[-97.75435099957839,30.43813299987415],[-97.75452300000583,30.4392819998268],[-97.75466500029607,30.440223000297834],[-97.75371100024412,30.441770999689457],[-97.75322199962427,30.44256500018533],[-97.75309899960061,30.4427760000138],[-97.7527809995833,30.443311999668133],[-97.75155899974274,30.4449049999374],[-97.75115600023491,30.445455999793708],[-97.75055799983511,30.446269999668864],[-97.75028599984857,30.446661999665046],[-97.75000899983912,30.447044000120357],[-97.7496339999204,30.447570000081484],[-97.74939999956867,30.447722999752187],[-97.74864499970835,30.448187000119596],[-97.74680299972668,30.449346000120094],[-97.74668600044913,30.449404000095466],[-97.74659500021254,30.449405999640067],[-97.7464090004397,30.4494100002779],[-97.74622299976853,30.449417000232078],[-97.74437699958892,30.44945400031357],[-97.74396400003535,30.449468000215166],[-97.74361000003304,30.449475999936773],[-97.74271700008046,30.449496000012296],[-97.73929900025591,30.449570999871796],[-97.7389829998884,30.449577999814473],[-97.73368500044735,30.449701000162783],[-97.73105400027019,30.45099399989008],[-97.72998600041541,30.451518999692734],[-97.7231699999595,30.454870999705214],[-97.72224199984682,30.45532700009913],[-97.72198400010394,30.455453999776257],[-97.72168500035322,30.455600999659257],[-97.72128500032015,30.455801000050087],[-97.72114899987768,30.455835000137636],[-97.72078599965454,30.4559259996987],[-97.72035800003236,30.456139000211074],[-97.71918999972017,30.456705000164458],[-97.71812799971318,30.45722599985728],[-97.71519199993749,30.45864799992462],[-97.70429200038348,30.458489999651444],[-97.7039840004119,30.458500999992456],[-97.69978599971435,30.46002299971786],[-97.69929699999282,30.46020000036789],[-97.6989160002263,30.460338000021668],[-97.6985439997823,30.46047299972946],[-97.69826199975,30.460574999711582],[-97.69642599961612,30.4612410002035],[-97.69635600019424,30.461265999989166],[-97.69598399975027,30.461400999959675],[-97.6957839997337,30.461601000059613],[-97.6946840000919,30.461500999673795],[-97.69459200003038,30.461500999673795],[-97.69303100025611,30.461500999673795],[-97.69273099978214,30.461500999673795],[-97.69246700019151,30.461500999673795],[-97.69240500026721,30.461500999673795],[-97.6922839998934,30.461500999673795],[-97.69214199960318,30.461495999884114],[-97.68951899982193,30.461422000334036],[-97.68878400005308,30.461400999959675],[-97.68864299958777,30.461856999991046],[-97.68838099964695,30.462704999943433],[-97.68837300014934,30.462732000173073],[-97.68794700017699,30.464108999640573],[-97.68769799975667,30.46491399972958],[-97.68739599963286,30.465891999765432],[-97.68708400036165,30.466900999816186],[-97.68663400009984,30.468160000062685],[-97.68659999976465,30.46825700029567],[-97.68658399987113,30.468301000337583],[-97.68583200038385,30.470743000143532],[-97.68561099955261,30.471460000106394],[-97.68548900025219,30.471857000222016],[-97.68532299967252,30.47239899972858],[-97.68510500011263,30.473107000253687],[-97.68498499956371,30.473495999776947],[-97.68497200004323,30.47353999977445],[-97.68495199995176,30.47360400029844],[-97.6844060003288,30.475343000080194],[-97.68412000009853,30.47629000003575],[-97.68403300005991,30.476578999615175],[-97.68319100016095,30.479260999931213],[-97.6831450001302,30.47938399996371],[-97.6831099999701,30.47947799991528],[-97.68306300011443,30.47960900001755],[-97.68297299970274,30.479850000200276],[-97.68294699976347,30.479917999832313],[-97.68289300023511,30.480066000187875],[-97.68269599969331,30.48008099979287],[-97.68202200002384,30.48012300022296],[-97.68195199970364,30.480127999830586],[-97.68181399961138,30.48013600013122],[-97.68162199999075,30.480147999806825],[-97.6814989999671,30.480156000105815],[-97.68129099955465,30.480169000009674],[-97.68110300013198,30.480180000224674],[-97.68097400026056,30.480188999977425],[-97.6808360001683,30.480198999959768],[-97.68072800021325,30.480204999793894],[-97.68058099990017,30.480214999774596],[-97.68049999970931,30.480221999837855],[-97.68041500021882,30.480228999900678],[-97.67937099975518,30.480316999983618],[-97.67713100028855,30.480516999946676],[-97.67678499978383,30.480548000016416],[-97.67620999984857,30.480600000186193],[-97.67551000023985,30.480654000005522],[-97.675465000034,30.480656999908618],[-97.67499200020599,30.480693999737703],[-97.67474799980852,30.480716000047853],[-97.67470599997571,30.4807200001741],[-97.67464099967839,30.4807270002011],[-97.67443999983695,30.480751000179247],[-97.67437200006488,30.480775000151404],[-97.67423999982039,30.48078999964717],[-97.67411599997183,30.480426000134415],[-97.6740149996895,30.480228999900678],[-97.67397500040485,30.48015099972544],[-97.67394600009253,30.480093000249443],[-97.67375899959647,30.480100999778777],[-97.67351900029527,30.480126000142413],[-97.67327900009575,30.4800130002747],[-97.67288699956028,30.47982799969433],[-97.67283399985682,30.47980300002834],[-97.67239299981587,30.4795949998023],[-97.66989800008113,30.478414000384607],[-97.66567799964228,30.480931000213534],[-97.66501999986635,30.481190000315408],[-97.66388599988933,30.481592999988386],[-97.66331799962677,30.481193000201987],[-97.6627710001789,30.480876000324383],[-97.66241899982639,30.48066500016578],[-97.66215400041084,30.480516999946676],[-97.66191599986115,30.480378000012028],[-97.66187599967817,30.480349999800715],[-97.66173900030915,30.48028199969624],[-97.6615610000339,30.480180999681146],[-97.6613140001617,30.480033999732548],[-97.6611660000237,30.479969000105765],[-97.66114099990935,30.479953999709355],[-97.66111999999295,30.479944999934887],[-97.66109099968061,30.479927999842495],[-97.66101399968773,30.47988300017561],[-97.66098299972559,30.479866000072406],[-97.66096099998428,30.479853000128077],[-97.66081100019646,30.479765999860604],[-97.66069900004346,30.47971400001949],[-97.66032499994967,30.479525000244106],[-97.65999900043474,30.47937600037547],[-97.65936599987484,30.47904799965846],[-97.65919500017061,30.47895899973355],[-97.65905799990324,30.47887099997134],[-97.65797599980478,30.47828000024642],[-97.65727000034828,30.477881000262222],[-97.65626900044066,30.477315000258013],[-97.65621800038703,30.47728599967951],[-97.65547900042021,30.476939000069383],[-97.65536999974196,30.47689000028585],[-97.6552319996497,30.476819000065905],[-97.65442699956068,30.476449000349852],[-97.653794999724,30.47614399990333],[-97.65351199986678,30.476012999783695],[-97.65352500028557,30.47585400030601],[-97.65277899974775,30.47552900017136],[-97.65272000019652,30.475498000051775],[-97.65262999978485,30.475468999706216],[-97.65241600042292,30.475374999754926],[-97.65188699962009,30.47511899974025],[-97.65144099955627,30.47489400014852],[-97.65127700042304,30.474971999890375],[-97.65076100003901,30.475214999727843],[-97.65031900017313,30.4753820001662],[-97.64983499957613,30.47553899985814],[-97.64929399997607,30.47571499990712],[-97.64918400037122,30.47576600005978],[-97.64899400040042,30.475871000335594],[-97.64897400030893,30.47588099998726],[-97.64878799963778,30.475972999676618],[-97.6487609998736,30.47598699963852],[-97.64869399992645,30.476020000149155],[-97.64865100026874,30.47603799964877],[-97.64862399960623,30.476046000285525],[-97.64856900025298,30.4760669998248],[-97.6480579998918,30.476271000311975],[-97.64796400018048,30.476310000026245],[-97.64793300021834,30.476333000048932],[-97.64766799990447,30.476438999982307],[-97.64751999976647,30.476495000324146],[-97.64721400034304,30.476613000192415],[-97.64671899987538,30.476775000001737],[-97.64657199956231,30.47683199964116],[-97.64636499987306,30.4769370003157],[-97.64608700003872,30.477043000365686],[-97.645888999672,30.47710400012297],[-97.64582300044808,30.477128000220098],[-97.64506299966656,30.477417999893635],[-97.64484199973363,30.477504999936915],[-97.6443389997684,30.477705000257785],[-97.64414899979758,30.47779000030844],[-97.64373399969588,30.47795499969397],[-97.64347500012812,30.478077000350144],[-97.64350000024248,30.47813599973051],[-97.64350400044043,30.4781470001753],[-97.64344300034107,30.478213999971906],[-97.64313000034662,30.47983099962288],[-97.64152000016854,30.481825999743094],[-97.64134699991618,30.48203900013069],[-97.64128099979395,30.482120999635868],[-97.63924999966639,30.482619999752288],[-97.637369000225,30.483081999951537],[-97.63642000019591,30.483315000012738],[-97.63563500019835,30.48350800018268],[-97.63536700040976,30.483573999964463],[-97.6346319997426,30.483758000198847],[-97.63423199970953,30.4838580001804],[-97.63363300038314,30.484009999955514],[-97.63350199996356,30.484043000068873],[-97.63304900022703,30.484154999713333],[-97.63279200030908,30.484130999800335],[-97.63249900040613,30.48411099986836],[-97.62800799980562,30.485235999913748],[-97.62787499973624,30.485269999789736],[-97.62780699996416,30.485312999706984],[-97.62754400019844,30.485459000022335],[-97.62700299970005,30.485757999661253],[-97.62483400037854,30.486962000382185],[-97.62472800007333,30.48702099979614],[-97.6245919996309,30.487096000180404],[-97.62451600036123,30.487137999905848],[-97.62422900030606,30.487297000305865],[-97.62401000002293,30.487419000091013],[-97.62371299992202,30.487581999876156],[-97.62330899969096,30.487807000332577],[-97.62310100017682,30.487921999969316],[-97.62260300023445,30.488197000097816],[-97.6224729996398,30.488271000202378],[-97.62149099999876,30.48881499995502],[-97.62055600021337,30.489334000222662],[-97.61940100031997,30.489957999832942],[-97.61864700028455,30.49037700005],[-97.61754000007174,30.489420999678966],[-97.61580199984714,30.489583999981292],[-97.61572400002933,30.489563999621698],[-97.61565500043235,30.48953799999961],[-97.6154250002786,30.489542999897672],[-97.61527499959244,30.489546000300905],[-97.6152500003764,30.489546000300905],[-97.61518000005621,30.489525999933495],[-97.61094899974671,30.489931000185738],[-97.61018600038878,30.489998999741722],[-97.61001300013642,30.490013000008688],[-97.60683299996325,30.490312999716043],[-97.60632699962495,30.493572999858596],[-97.60631999995226,30.49362099966587],[-97.60608999979848,30.495137999661804],[-97.60439000010706,30.496486000327632],[-97.60390499968517,30.49691500011094],[-97.60353599961422,30.497184000031204],[-97.60350100035242,30.497231000323644],[-97.60179900011285,30.498597999865897],[-97.60160900014205,30.49869499995676],[-97.60023800033858,30.499394000097737],[-97.59724999978604,30.500916999961564],[-97.59616199983978,30.501480999677888],[-97.59592199964027,30.501374999928604],[-97.59563899978303,30.50127200010542],[-97.59382799976352,30.500609000278338],[-97.593523000165,30.50049700022207],[-97.593339000042,30.500430000285736],[-97.59298900023762,30.500446999892723],[-97.59288700013036,30.500503000352776],[-97.59208700006418,30.500709999990427],[-97.59131399976222,30.500908999821284],[-97.59124000014236,30.50054000037642],[-97.59120900018023,30.500082000347575],[-97.59114899990577,30.49917000015437],[-97.59112499961633,30.498750999877405],[-97.59111700011873,30.498617999916483],[-97.59111000044602,30.498503999805184],[-97.59110899972282,30.49848299968868],[-97.59105500019444,30.49756399962076],[-97.59101500001147,30.497530000170162],[-97.59088600014005,30.497286000258292],[-97.59059599971181,30.497179999807646],[-97.5903060001819,30.497179999807646],[-97.5898550000952,30.49739700008787],[-97.58931500032004,30.497655999713754],[-97.58920300016703,30.497710000131626],[-97.58879300008822,30.497915000198095],[-97.58837100031383,30.497999999626987],[-97.58788099986906,30.498005999911708],[-97.58786199960247,30.498189999948643],[-97.58784499988404,30.498196000221586],[-97.58683800012864,30.498564000002652],[-97.58628300028487,30.49876899981745],[-97.58592199971153,30.498898000193027],[-97.5846379999467,30.49936699997298],[-97.58375000001698,30.499703999818145],[-97.5834200003041,30.499841999985136],[-97.58189899981448,30.500460000182077],[-97.58126500032797,30.50071500008838],[-97.58117699956611,30.500751000012215],[-97.58115499982482,30.500760000184588],[-97.58107600018211,30.500793000035472],[-97.58089700008196,30.50086399979402],[-97.58059599978307,30.500697999754216],[-97.5806050000039,30.500682000211032],[-97.58056599964586,30.500680000171194],[-97.58024299960566,30.50050000028745],[-97.58005299963486,30.5003940002431],[-97.58000099975634,30.500439999736226],[-97.57980800031079,30.500501000309246],[-97.57818600043716,30.500430000285736],[-97.57800499978887,30.500412999901748],[-97.57792799979599,30.500410999856374],[-97.57779499972658,30.500407999788273],[-97.57752600011308,30.500395000265993],[-97.57745900016593,30.50039200019733],[-97.57719200020223,30.500378999898892],[-97.57690900034501,30.500365000349596],[-97.57679999966676,30.500360000233588],[-97.57631799961791,30.500335999673386],[-97.57601399984429,30.500322000117897],[-97.57556799978046,30.500300000370025],[-97.57505399994456,30.50027499977089],[-97.57453799956053,30.50024699986627],[-97.57451900019227,30.500245999841905],[-97.5738730001119,30.500210999755904],[-97.57386999973883,30.50022500010143],[-97.57368599961583,30.50021399983015],[-97.5732329998793,30.500190000007926],[-97.57265799994403,30.500276999819064],[-97.5726410002256,30.500275999795015],[-97.57207600033607,30.500257000109585],[-97.57159299956399,30.500193000082756],[-97.57071999970289,30.50007700021709],[-97.57028200003498,30.500019000232356],[-97.57005400042935,30.4999890002],[-97.56914600040815,30.499855000355304],[-97.56825500010538,30.4997249996711],[-97.56834999964163,30.499222999696897],[-97.56888199991918,30.496183000103898],[-97.56888600011716,30.496162000260348],[-97.56821900012038,30.496105000330413],[-97.5678969999051,30.49607699999955],[-97.5652570004054,30.495848999880206],[-97.56523399994087,30.495744000256646],[-97.56376900042608,30.49555700001977],[-97.56360299984641,30.49353899978727],[-97.56355699981566,30.492976999891887],[-97.56348099964768,30.49204900024509],[-97.56345600043164,30.491831999647278],[-97.5628210002219,30.491734999680165],[-97.5619059996297,30.4915969996241],[-97.5609979996085,30.491460000261146],[-97.55752899973034,30.490937000015165],[-97.55609900037562,30.490743999870006],[-97.55444800018968,30.490520000136044],[-97.5541679998072,30.490482000047056],[-97.55386400003357,30.490441000341793],[-97.5529640004083,30.490294999759673],[-97.5522189996954,30.488146000264962],[-97.55205300001406,30.487665000284],[-97.55197799967097,30.487447999972975],[-97.55156099991947,30.48624700035063],[-97.55091700038723,30.484878999724465],[-97.5493259995774,30.481130000242562],[-97.54948999960894,30.480248999856155],[-97.54949499963182,30.48018199991173],[-97.54950899987551,30.48008200002456],[-97.5495149997233,30.48003200004244],[-97.54953900001274,30.479840000182033],[-97.54955400008136,30.47968500015563],[-97.54956300030219,30.47959099962982],[-97.54982100004504,30.477998999999045],[-97.54994999991648,30.477206999981846],[-97.55006799991727,30.476483000198325],[-97.54955300025644,30.476345999689073],[-97.54791799996401,30.475910000210117],[-97.5460790003554,30.475419999957094],[-97.54588299963851,30.475649999719334],[-97.54538600041936,30.47626500023544],[-97.54528699978684,30.47639199971204],[-97.54392100000625,30.478153999613134],[-97.54339100027683,30.478837999652935],[-97.54314100003157,30.479160999872143],[-97.54369099985247,30.479268000063147],[-97.54430799962053,30.47938699990595],[-97.5442330001758,30.479476000213747],[-97.54418299994708,30.479535000294653],[-97.54412000019789,30.479596000038896],[-97.54364200034699,30.47947499997585],[-97.54344300015535,30.47942499968196],[-97.54316799979574,30.479350000354223],[-97.54289599980918,30.479275999660263],[-97.54263499969326,30.479204999632096],[-97.541883000206,30.47899999963074],[-97.54050099963357,30.47863900035775],[-97.54039000020379,30.478610000173646],[-97.5394810003577,30.47837399971559],[-97.53908899982221,30.47827199979326],[-97.52815099973505,30.475433999998508],[-97.52711600039055,30.474645999620964],[-97.52623500013352,30.47394600025628],[-97.52496700026221,30.47295400018255],[-97.52397100037749,30.47217500035827],[-97.52376299996502,30.472726000085917],[-97.52344800032076,30.47355299978752],[-97.52235700000145,30.476380999843162],[-97.51764000034346,30.48001499996524],[-97.51147800036384,30.484765999955552],[-97.51086200042067,30.48526499967214],[-97.50478999995443,30.481095000247514],[-97.50255100031274,30.48056699967967],[-97.50137399977969,30.477923000093067],[-97.50144800029787,30.47757800017132],[-97.5014370004272,30.47756099966558],[-97.50140599956676,30.47745699992267],[-97.50139800006916,30.477434999650136],[-97.50137999962749,30.477383000112333],[-97.50134799984043,30.47729199969312],[-97.50125199958097,30.47726899989694],[-97.50027800033585,30.477142000015988],[-97.4998310004471,30.477083000033158],[-97.49944999978227,30.476902999851614],[-97.49905099957411,30.476787000091615],[-97.49896600008361,30.4767919998705],[-97.49833000004897,30.47661900024755],[-97.49727700026281,30.476334999815005],[-97.49380099981364,30.475099000279325],[-97.49362300043671,30.475036000247282],[-97.48909199965324,30.47329199966944],[-97.4887019996659,30.473130999787593],[-97.48848099973297,30.472777000255768],[-97.48803700021728,30.472061000238906],[-97.48642899968904,30.469473000120253],[-97.48288700001592,30.469945000255752],[-97.48012299976935,30.470431999969456],[-97.478274000115,30.469692999706925],[-97.47804800015919,30.469605000086755],[-97.47785099961739,30.469542000371433],[-97.47684700023504,30.469226999634905],[-97.47660200001263,30.46915000028065],[-97.4764920004078,30.46912599976561],[-97.47550200037084,30.46714500002778],[-97.47411099957756,30.467054000106046],[-97.4735490000611,30.466955000264768],[-97.47132600031291,30.466974000257785],[-97.47083199967018,30.466694000271257],[-97.46928599996453,30.466072999771146],[-97.467326999807,30.465362000385362],[-97.46691699972817,30.465190000197552],[-97.4665669999238,30.46508199963624],[-97.46627599967067,30.4645910002564],[-97.46611699966202,30.464322999691138],[-97.46393300027191,30.460642999640328],[-97.45978399997816,30.458317000038676],[-97.45339000019496,30.461305999942546],[-97.44962500004075,30.46130800001722],[-97.44893899977741,30.461228999746663],[-97.44880400005822,30.46124199985437],[-97.44628000001116,30.46137099963822],[-97.44562800008298,30.461403999681544],[-97.44506700039143,30.45855899993951],[-97.44494900039065,30.45612499971909],[-97.44423899983785,30.455945000294097],[-97.44271900007148,30.455557000075775],[-97.44183600016464,30.45533200020539],[-97.44058599983667,30.45842399990255],[-97.43954100044644,30.46028199968077],[-97.4373010000815,30.460763000218673],[-97.43585800030802,30.46007599967063],[-97.43411300041075,30.459719000147725],[-97.43373500011897,30.45565500017692],[-97.43328200038243,30.45290999984538],[-97.42931399983866,30.45239999978871],[-97.42709399956522,30.452200999905184],[-97.42514000032888,30.449081000314322],[-97.42514299980363,30.449065999806976],[-97.4252059995528,30.448649000266965],[-97.42532199990376,30.4478940000111],[-97.42534000034543,30.44782199977562],[-97.42426099972168,30.447677999919524],[-97.42275799967375,30.445277999653605],[-97.42190800027717,30.44431900001946],[-97.41525199965481,30.438337000025193],[-97.41324900001469,30.438298999710472],[-97.4130249997087,30.438295000165635],[-97.41204200024274,30.438276000001963],[-97.41010300017669,30.438225000359523],[-97.40982500034235,30.438218000376185],[-97.40876900018316,30.438189999663173],[-97.40624000011323,30.442288000065954],[-97.4055620002458,30.441479000286197],[-97.40541199955966,30.44166300027732],[-97.40528100003841,30.4417189997006],[-97.40508600004473,30.441685000109906],[-97.40479099959363,30.441359999825018],[-97.40449500021593,30.44110000005622],[-97.40431000026803,30.44096099963323],[-97.40410600005352,30.4408949996305],[-97.40281800009073,30.440087999645005],[-97.40139700005854,30.43967200029597],[-97.40101200009406,30.43935699979982],[-97.39549100017194,30.437765000162443],[-97.393030999699,30.438768000193726],[-97.39150500008483,30.4368579997168],[-97.39181399988131,30.436061000264775],[-97.39190400029301,30.43579300023827],[-97.39254000032763,30.434426000356844],[-97.39217200008162,30.434348999835944],[-97.38759900036365,30.433420000005867],[-97.38718900028482,30.43131899985778],[-97.38692200032114,30.42994800011917],[-97.38476300014707,30.4289619996947],[-97.38325300042642,30.4260370002136],[-97.38327000014486,30.425805000274984],[-97.38338999979544,30.424149999785516],[-97.38224800032084,30.424078999865234],[-97.38195299986975,30.424061000062675],[-97.38174500035561,30.424047999643783],[-97.38167199966234,30.424071000383734],[-97.38143800020895,30.424050999740597],[-97.38084200035728,30.424007999893234],[-97.3794289998227,30.423901000208843],[-97.37922100030856,30.423720000120802],[-97.37772900013125,30.422369999973842],[-97.37676699968338,30.419195999651034],[-97.37353700017982,30.41771500018436],[-97.3702830003868,30.41928700010041],[-97.36994799975272,30.4194420001511],[-97.36982599955398,30.41950499971654],[-97.36964099960608,30.419599000111415],[-97.36953900039711,30.419562999624777],[-97.36949099981824,30.41964200035257],[-97.36925499981669,30.419530000135342],[-97.36699400043366,30.418429000348983],[-97.3662560002918,30.418074000332098],[-97.3662350003754,30.41806400017107],[-97.36578599993851,30.417852000234745],[-97.36558599992196,30.41775700038424],[-97.36497199962865,30.417470000078456],[-97.36388799988036,30.416964000217824],[-97.36356099964219,30.4168049996786],[-97.36317800022587,30.416617999721424],[-97.36113299985462,30.41563300026733],[-97.36066800042252,30.415407000331435],[-97.35922599957563,30.414704999736454],[-97.35900200016795,30.414595999663568],[-97.35783700022881,30.414077000198155],[-97.35780600026666,30.41406100036928],[-97.357603999702,30.41395899975255],[-97.35721000041501,30.413759999662616],[-97.35686399991027,30.413586000333815],[-97.35662999955856,30.413481000348362],[-97.35654500006805,30.41344200028068],[-97.35610200037726,30.41323400017322],[-97.35592599975185,30.413150999879974],[-97.355816000147,30.413094000179115],[-97.35572900010835,30.413047999716607],[-97.35565299994039,30.413008000105254],[-97.3516969999905,30.411127999880918],[-97.35157200031703,30.411065999721632],[-97.34903499985117,30.409821999949187],[-97.34617299969533,30.408444999915613],[-97.34569900004239,30.40821100037424],[-97.34452099968445,30.40764900019117],[-97.34427100033753,30.407529000094073],[-97.34305699999457,30.406928999720655],[-97.34186799976598,30.40636699990531],[-97.34181900026049,30.406353000014704],[-97.34176800020687,30.40634499985497],[-97.34166899957435,30.406297999871782],[-97.33521299986685,30.403202999940433],[-97.3344630000294,30.402842999858795],[-97.33309499970066,30.403242000224736],[-97.33287600031586,30.403306999889114],[-97.32304000041866,30.406162000089722],[-97.31941599983148,30.407232000207397],[-97.31929899965562,30.407266999614937],[-97.31796200018732,30.407668000122],[-97.3178829996463,30.407684999649156],[-97.31635899968195,30.408135000276744],[-97.31509099981064,30.408508999798414],[-97.30767600002832,30.410902000359894],[-97.30653899967827,30.41126899975928],[-97.30653299983047,30.41125700012371],[-97.30652600015779,30.41124300015962],[-97.30651100008917,30.41119700037433],[-97.3064779995789,30.41117399969879],[-97.30644599979185,30.411164999769795],[-97.30639800011127,30.411169999816533],[-97.30624800032344,30.411222999986176],[-97.30556500043313,30.4114209996637],[-97.30487599979675,30.41162399973782],[-97.30485599970527,30.41162999992056],[-97.30343899987103,30.41204699971125],[-97.30301100024886,30.412172999827025],[-97.30187999974657,30.412506000180098],[-97.30072300020336,30.41284699979936],[-97.30054199955508,30.412907000083962],[-97.29612199999801,30.414357000264513],[-97.29435199998636,30.414880999646975],[-97.2830969997068,30.418211999970556],[-97.28170800035997,30.418633999966982],[-97.28165300010839,30.4186509999084],[-97.28153400028272,30.4186869999569],[-97.28149099972669,30.418700999627855],[-97.26728600032602,30.42302199985113],[-97.26321200037535,30.424261000091974],[-97.26306500006226,30.42430599988712],[-97.26124900001986,30.424822999900577],[-97.2598430000563,30.42522500033854],[-97.25981499956887,30.425232999725413],[-97.25876500015579,30.425536999952968],[-97.25646200004167,30.426217999876094],[-97.25640400031536,30.426236000055244],[-97.25026999992483,30.428110999752235],[-97.24698699981948,30.429225999985658],[-97.24683600020674,30.429270999814314],[-97.24671599965785,30.429312999687372],[-97.24488799991987,30.429858000291098],[-97.24363099991922,30.430243999845846],[-97.23993400043541,30.431301999799878],[-97.23828400007437,30.43183200007317],[-97.23598699980803,30.432536999663302],[-97.23594400015034,30.43255099967062],[-97.23199499987314,30.43381500034467],[-97.22833199982621,30.43493899972047],[-97.22797799982389,30.435048000303578],[-97.22635000010247,30.435548999746963],[-97.22515900022404,30.435915000254948],[-97.22392599961452,30.43629499963361],[-97.22302199979129,30.436572999643474],[-97.21002199961443,30.440573000173227],[-97.20368599955754,30.44249500034694],[-97.2028389996357,30.442752999812395],[-97.20281900044253,30.442758999629753],[-97.19609900024608,30.444797000124804],[-97.1923819997725,30.44593900033322],[-97.1873000002415,30.447499000172893],[-97.18694500041427,30.44760899967108],[-97.18434500019922,30.44840800031914],[-97.17741199956745,30.450538000129566],[-97.17721199955089,30.45059900022451],[-97.17682199956356,30.450719000007947],[-97.17665900025526,30.450769000325856],[-97.17655200012514,30.450802000087915],[-97.17650899956911,30.450815000038055],[-97.17646400026159,30.450828999744164],[-97.17643999997215,30.450837000128473],[-97.17435899961588,30.451477000091373],[-97.15965100024997,30.45590699987392],[-97.15521900009901,30.4573439998422],[-97.15566299961472,30.45843800006419],[-97.1561539998844,30.4596459996894],[-97.15830600038576,30.464943000121334],[-97.15896800035968,30.466551000025714],[-97.15991499984061,30.46884900003873],[-97.15993999995497,30.46891099985598],[-97.16001699994789,30.46909699984511],[-97.16004299988712,30.4691590002787],[-97.16165999973789,30.47307499983359],[-97.16210400015191,30.474155999974705],[-97.16402800014934,30.478811000017473],[-97.16411400036307,30.479019999838727],[-97.16493299979749,30.48101599976994],[-97.16892100043275,30.490743999870006],[-97.16985399967,30.49302000027399],[-97.16992399999019,30.493190999967567],[-97.16999000011242,30.49335300005179],[-97.17005700005957,30.493514999866346],[-97.1703049997567,30.49412099973367],[-97.17166100038988,30.49742700014558],[-97.17211300030147,30.498529000085462],[-97.17239100013583,30.49919000008734],[-97.17290199959868,30.500400000380143],[-97.17323499968461,30.50117100020289],[-97.17352000008997,30.501831000044884],[-97.17440600036986,30.5039630001277],[-97.17522800017733,30.505940999877172],[-97.17537100029244,30.50628399993719],[-97.17573000031766,30.507359999865468],[-97.17637100037517,30.508842999837793],[-97.1771200003877,30.51066799978986],[-97.17811799992226,30.51312100029716],[-97.17897999991271,30.51523999986394],[-97.17937999994581,30.516330000086093],[-97.18125600026265,30.520880000340487],[-97.18318399955973,30.525586999794157],[-97.18505900005167,30.530180000171324],[-97.18563599963676,30.53159399988517],[-97.18919999994948,30.540274999696603],[-97.19245799994046,30.548213999991713],[-97.19512099990467,30.554715000339378],[-97.19675199999915,30.55867099987627],[-97.19739399988158,30.560268000024884],[-97.19762300021044,30.560837000378214],[-97.19811600012993,30.562027000294528],[-97.19812399962754,30.562045000117568],[-97.1993320001227,30.56499700016317],[-97.20131600039457,30.569843999934786],[-97.20403000041243,30.576318000216432],[-97.20407800009302,30.576434000318248],[-97.20422200003306,30.576784999821204],[-97.20426999971362,30.576902000146582],[-97.2046610004242,30.57785799996861],[-97.20583700023401,30.580726000112797],[-97.20622899987117,30.58168300008709],[-97.20663499975201,30.582667000077876],[-97.20785599976767,30.58562200020284],[-97.20826400019668,30.586607000334222],[-97.20897999969894,30.588335000375242],[-97.21112800000236,30.593521999981732],[-97.21184400040293,30.595251000276242],[-97.21261199978372,30.597107999923637],[-97.21477400033085,30.602328000200334],[-97.21496000010367,30.602659000000266],[-97.21594599994268,30.604411000251865],[-97.21607900001207,30.60472799992397],[-97.21613199971553,30.604854000344503],[-97.2164749998472,30.605680999871122],[-97.21660799991659,30.60599899973451],[-97.21677500032116,30.606395999983032],[-97.21686499983453,30.606609999909324],[-97.21723999975326,30.607602000263718],[-97.21739299991414,30.608004999800798],[-97.21741399983054,30.608061999776456],[-97.21747800030295,30.608233000275284],[-97.21750000004425,30.60829000011675],[-97.21752099996067,30.608346000240324],[-97.21758399970986,30.608513999643566],[-97.21760600034946,30.60856999963762],[-97.2176570004031,30.608707000052547],[-97.21779700014517,30.60907599979992],[-97.21781300003872,30.609118000134654],[-97.21786499991724,30.60925600022256],[-97.21787699961281,30.60928700019284],[-97.21812000018537,30.609932000041923],[-97.21823700036121,30.610252999631705],[-97.21836500040774,30.610591000130633],[-97.21865199956461,30.61135199985917],[-97.21886099980199,30.611882999879338],[-97.21902999985637,30.612312999810555],[-97.21953799984449,30.613604999777536],[-97.21970799972381,30.614036000191795],[-97.21977100037131,30.614195999690462],[-97.21995999961888,30.61467799970375],[-97.22002400009131,30.614839000078167],[-97.22025500007,30.615426999810147],[-97.22095100037909,30.61719499991829],[-97.22118400000758,30.61778399961745],[-97.22162699969837,30.61891099988865],[-97.22197499985292,30.619802999618283],[-97.22203000010451,30.619935000232104],[-97.22420400034717,30.625126000358808],[-97.22616599997944,30.62970700006163],[-97.22669300023414,30.630942999617115],[-97.22752699973718,30.632896000012867],[-97.23002900004292,30.638758000064986],[-97.23086300044429,30.64071199972476],[-97.23093000039142,30.64086900036264],[-97.23113100023288,30.641341000090847],[-97.23119900000492,30.641498999822627],[-97.2347239999596,30.64974899984273],[-97.23685200017154,30.654725000383163],[-97.23679600009504,30.654742999987306],[-97.23644700011559,30.65485499976726],[-97.24049599995189,30.664654000152293],[-97.24305000013617,30.67083399978165],[-97.24327299971894,30.67137300017307],[-97.24372100033091,30.672456999973864],[-97.24462799962888,30.674652999968362],[-97.25217700020382,30.692921999815884],[-97.25236600034971,30.693381000332046],[-97.2524090000074,30.693473000088765],[-97.2524719997566,30.693622000298],[-97.25257499968876,30.693867999844585],[-97.25413499963813,30.697482000252744],[-97.25484299964276,30.69914300005816],[-97.2552300001554,30.700049999980322],[-97.2577309997379,30.706045999892954],[-97.26187500000877,30.71597899975436],[-97.26270199983911,30.717960999632925],[-97.26314200005517,30.719014000380323],[-97.26783600014693,30.73025899995878],[-97.26994900029024,30.735362000000446],[-97.27454999959728,30.73707099962812],[-97.28621199958263,30.741427000088333],[-97.2862500001158,30.741323999816345],[-97.29897699958285,30.746204000124802],[-97.30015499994079,30.746652000207234],[-97.30064100018761,30.74683299975295],[-97.3020990000297,30.747379000352762],[-97.30258500027651,30.747561999653406],[-97.30342800000038,30.747886000068377],[-97.30595899972013,30.748858999952876],[-97.30640800015702,30.74903200025355],[-97.3068020003423,30.74918500018015],[-97.30700499983357,30.749262000323796],[-97.30712200000944,30.749306000267904],[-97.30761400010404,30.749494000153675],[-97.30781800031853,30.749571999817928],[-97.30814300000854,30.749696000262563],[-97.30911799997689,30.750067999866616],[-97.30944299966691,30.750191999672687],[-97.30952200020795,30.750220999691425],[-97.3097590000344,30.75030999998734],[-97.30983900040036,30.75033999973024],[-97.30999099983799,30.75039699991083],[-97.31045000032064,30.750568000250222],[-97.31060299958318,30.75062500029585],[-97.3115829995744,30.75097399967713],[-97.31452599992112,30.752021000268243],[-97.31545300020889,30.752352000065958],[-97.31548499999595,30.75236300027989],[-97.31550699973724,30.752370999732918],[-97.31553600004956,30.75238299968322],[-97.31647000001003,30.752785000240998],[-97.3274780004174,30.756782000095917],[-97.32898700031312,30.7573470000988],[-97.33057200037685,30.758068999848383],[-97.33068600017967,30.758112999628143],[-97.33100400019698,30.758234000076712],[-97.33495900032194,30.75969600025873],[-97.34516000009214,30.76346500003965],[-97.35035700014916,30.765385999978708],[-97.35684600036693,30.767806999794967],[-97.35900100034304,30.76872999979036],[-97.36277300016991,30.770144999689304],[-97.37384099995343,30.77428099968127],[-97.3739730001979,30.774374999982943],[-97.37536499991776,30.77530699963051],[-97.3786549996958,30.776552999615713],[-97.37962100034163,30.776906999664607],[-97.37968099971776,30.77692499963226],[-97.3797040001823,30.7769379998641],[-97.38489000036869,30.77891800017786],[-97.38833999998026,30.780257000207186],[-97.3994239996573,30.784402000030692],[-97.40248599982971,30.785582000197095],[-97.41562099972576,30.790619999787452],[-97.4171439998652,30.791208000358193],[-97.41788500038012,30.791494999725913],[-97.41802199974917,30.791541999965556],[-97.41815800019161,30.791588000079372],[-97.41843400037614,30.791703000267532],[-97.41851800004173,30.791734000328276],[-97.41860099988239,30.79176500037902],[-97.41917499999276,30.791989999700988],[-97.41923000024434,30.792012000326704],[-97.41937300035946,30.792067999651717],[-97.420663999797,30.792566000041703],[-97.42143999957372,30.79286600037967],[-97.42163000044282,30.79293699976964],[-97.42260299986306,30.793301999870828],[-97.42266499978732,30.793325000281108],[-97.42482899998427,30.79413700013421],[-97.42596200013637,30.794562000015322],[-97.42707600002188,30.79497899979204],[-97.42818400005963,30.795402999745907],[-97.42820900017398,30.7954130003774],[-97.42832899982456,30.79546200037018],[-97.42852999966604,30.795538999757195],[-97.42884500020861,30.795661000273157],[-97.42897200043022,30.795711000199503],[-97.42903199980636,30.79573400003344],[-97.42962900038125,30.795964999670804],[-97.42995599972107,30.796090999870366],[-97.4310629999339,30.796520999859116],[-97.43217000014674,30.796949000145087],[-97.43328999988005,30.79737399994063],[-97.43438700004712,30.797796000057154],[-97.43545699955172,30.798205000194045],[-97.43703999996562,30.798810000373123],[-97.43793799994107,30.7991530000229],[-97.4380819998811,30.799207999794348],[-97.43814800000335,30.79923300038155],[-97.43843500005852,30.79934299980147],[-97.43886500022883,30.79950800023861],[-97.43988600022793,30.799897999724877],[-97.44462600035047,30.80164900021367],[-97.44491800042852,30.801751999975153],[-97.4553379995835,30.805732000348],[-97.46043599990631,30.807676000336848],[-97.46195200037306,30.808253999897698],[-97.46220799956778,30.80835199988166],[-97.46229700015456,30.80838599975826],[-97.47298400017156,30.812461000012952],[-97.48326199993464,30.816379000020685],[-97.5002830003587,30.822789999994587],[-97.51067199955158,30.826806000283813],[-97.51306699972719,30.82771099965141],[-97.51835199964776,30.829725000195474],[-97.52595899994903,30.83262599972812],[-97.53517999972799,30.836142999803357],[-97.54002000030795,30.838003000131593],[-97.54093199962878,30.838354999849468],[-97.54129400002704,30.838492000376636],[-97.54165600042529,30.838630999934743],[-97.54197199989446,30.83875200010747],[-97.54233699976744,30.83889300005262],[-97.54241700013338,30.83892400031361],[-97.542496999601,30.838954000183456],[-97.54283999973269,30.839086000270655],[-97.55067499963957,30.842089999635416],[-97.5507320004393,30.842112000357616],[-97.55162799986662,30.842452000149756],[-97.55561700032678,30.8439660002541],[-97.55764900027924,30.844737000082738],[-97.56317500022423,30.846835000155266],[-97.5679399995628,30.84864400030659],[-97.56993700025349,30.849403000150115],[-97.57371199955509,30.850840000350882],[-97.57761300015171,30.85232600013609],[-97.58107299980905,30.853641999982788],[-97.58922200043361,30.85674400005967],[-97.58939700033581,30.856809999840817],[-97.58956800004002,30.856875000153426],[-97.5897210002009,30.85693299983756],[-97.59988199978811,30.8608029996423],[-97.6017880002422,30.861526999957274],[-97.60182500005212,30.861540999683687],[-97.6124190001827,30.86557400016542],[-97.6192349997403,30.868195999872018],[-97.6232679996831,30.869704999655347],[-97.62405100003082,30.87000400030181],[-97.6246350001869,30.870092999966005],[-97.62527899971914,30.87018899993557],[-97.62561500017813,30.870248000102123],[-97.6319980000907,30.871251999733982],[-97.6408189998366,30.872640000301956],[-97.64304400013289,30.872977999765396],[-97.64501800035903,30.873277000224604],[-97.64655499984387,30.87351099996681],[-97.64674900001262,30.873539999792897],[-97.65396899980126,30.874634999727053],[-97.6540480003423,30.874681000130643],[-97.65496200021128,30.8748339997721],[-97.65971099965633,30.87563099967336],[-97.66455799990898,30.876443999728494],[-97.66647400040881,30.876764999879374],[-97.6676779998077,30.876967000081184],[-97.66951899996444,30.877276000245377],[-97.67035099981766,30.877415999859483],[-97.67225399989869,30.877734999884904],[-97.67343100043172,30.877931999710917],[-97.67376299979443,30.87798799981448],[-97.68029999969278,30.879084999731976],[-97.68096099984176,30.879199999984788],[-97.68723900017235,30.880295999953425],[-97.68761200044125,30.880360999761027],[-97.69026299981158,30.880823999819103],[-97.69072899996691,30.88090499990904],[-97.69571000011386,30.881774000134605],[-97.69610400029916,30.881843000216566],[-97.70543200020826,30.883470999632287],[-97.70548800028476,30.88348100034164],[-97.70903099978277,30.884082999951936],[-97.71440399956688,30.88499600014915],[-97.7159660000644,30.885255000338148],[-97.71829299956963,30.885657000191088],[-97.72987000006447,30.88762299977113],[-97.74326600007645,30.88990400003566],[-97.7484089997068,30.89077800031304],[-97.77093900035742,30.894602999996305],[-97.77383499995015,30.895094000264088],[-97.7742609999225,30.89516699995075],[-97.77968200028552,30.896094999955285],[-97.78055400032169,30.896244000180484],[-97.78303599963762,30.896668999703973],[-97.78401300015413,30.89683599965343],[-97.7852159997281,30.89704199979911],[-97.79020400044607,30.897894999965583],[-97.79093500001694,30.89801999995161],[-97.7941000001215,30.898560999964232],[-97.7948469995859,30.898688999896155],[-97.79851100035606,30.899316000221866],[-97.80010999976516,30.899588999788623],[-97.80034900013978,30.89963000026055],[-97.80074900017284,30.89970000033006],[-97.80126100035892,30.899787999640115],[-97.80592600013838,30.900596000245272],[-97.80613200000269,30.900631000318704],[-97.80732000040638,30.90083700000691],[-97.80792399975564,30.900941999924413],[-97.8108989998894,30.90145599999494],[-97.81196500009435,30.90164000006017],[-97.81281700003905,30.901787999638188],[-97.81498200006091,30.90216300004443],[-97.81770199992654,30.902632999866597],[-97.81821599976244,30.9027210003345],[-97.82022400032378,30.903064999845725],[-97.82084299974166,30.90317199982476],[-97.82124699997269,30.903240999906277],[-97.82389999989118,30.90369599962306],[-97.8245560000173,30.90380799973158],[-97.82590199970639,30.904038000080213],[-97.8267810003136,30.90418799997633],[-97.82810000023854,30.904413999848718],[-97.82951100022497,30.903187999825764],[-97.83028600017678,30.902514000357712],[-97.83051499960733,30.902315000006492],[-97.83111600038018,30.90179200008193],[-97.83120800044169,30.90171199965426],[-97.83342399961884,30.899784999629926],[-97.83381899962906,30.899440999894217],[-97.83604499975029,30.89748400035962],[-97.83860599960724,30.895230999894274],[-97.84249600033321,30.891811000363482],[-97.84499199989287,30.88961400003001],[-97.84529400001666,30.88935000001632],[-97.846268999985,30.88849299982122],[-97.8465920000252,30.888210000011153],[-97.84668900010956,30.888123999818696],[-97.8468389998974,30.887993000031592],[-97.84708499994468,30.88777800007504],[-97.84725999984688,30.887625000288946],[-97.84767499994858,30.88726299993769],[-97.85138800022422,30.88402100008998],[-97.85171200008932,30.88373800017317],[-97.85175100044738,30.88370400000705],[-97.85273499973825,30.882842999714367],[-97.8547590001931,30.881070999650873],[-97.8553640002656,30.88054099970977],[-97.85540000025061,30.88050899984637],[-97.85547399987045,30.880445000087544],[-97.8554980001599,30.88042399962735],[-97.85663799998468,30.879426000240457],[-97.85694799960608,30.879155000170456],[-97.85759399968646,30.878589000049942],[-97.8582029999569,30.878056000336855],[-97.85893000022816,30.87741999977936],[-97.85993699998355,30.876535000329646],[-97.86552499985281,30.871631000358665],[-97.86660399957825,30.87068399986716],[-97.86680899961765,30.870503999907417],[-97.86974799976639,30.867924000349834],[-97.87317200033704,30.86491300037761],[-97.87358499989061,30.86454999969406],[-97.87368100015007,30.864464999970544],[-97.87481599995199,30.863467000174214],[-97.8749149996862,30.86338100013516],[-97.87650300012295,30.86200300030421],[-97.8783169996172,30.860435999733628],[-97.87844600038696,30.86055200015709],[-97.87914400034587,30.8599069999655],[-97.8850250001181,30.854712999907367],[-97.88717400024643,30.85282000028852],[-97.88791099966508,30.852155999763752],[-97.89185499991942,30.848726000105522],[-97.89283400008571,30.847838999706198],[-97.89823600018214,30.843092999913367],[-97.89888399991234,30.842510999643938],[-97.89916099992178,30.842271000063267],[-97.89937400035713,30.842087999709744],[-97.89955799958182,30.841928999700784],[-97.90225300023141,30.839556000217247],[-97.90317899979595,30.838748999728946],[-97.90413299984792,30.837885999812386],[-97.90544099990218,30.836666000162182],[-97.9062019996103,30.83600199967461],[-97.90675099960629,30.83552199975121],[-97.9093700000879,30.83323799989538],[-97.9104250004222,30.832318000366076],[-97.91196600010495,30.83102800009441],[-97.91230300038886,30.830705000169758],[-97.91343200034301,30.82962500023382],[-97.91828200007038,30.825326000294808],[-97.92391199977244,30.820375000029337],[-97.92507400023686,30.819334999905582],[-97.92614200009163,30.81837800018721],[-97.92746299966637,30.817217999713797],[-97.92941299960309,30.815477999737755],[-97.9330969995664,30.812221000140905],[-97.93343300002539,30.8119250003731],[-97.93431199973428,30.811100000111512],[-97.93471000011753,30.810761000281733],[-97.93547800039664,30.810110999923154],[-97.93602700039264,30.809576000204135],[-97.93669799968906,30.80903999989934],[-97.93841499999725,30.807495000266705],[-97.93857999985369,30.807357000320877],[-97.93932200019353,30.80673500009579],[-97.93941900027792,30.80665299991704],[-97.93955399999713,30.806540999710382],[-97.94028499956801,30.80592300019076],[-97.94543599959427,30.801309000217273],[-97.95375599992305,30.793852999631206],[-97.95392300032763,30.793701999880728],[-97.9540820003363,30.793560999945615],[-97.95421799988041,30.793438999851304],[-97.95429800024637,30.793365999891613],[-97.95447800017142,30.793206000145553],[-97.95520000041977,30.79255900016406],[-97.95591000007425,30.791847000141427],[-97.9566039998352,30.791288000383712],[-97.9568990002863,30.79101900004327],[-97.95752100007724,30.79044700015411],[-97.95991399970472,30.788269000268762],[-97.96193200031179,30.78646799985149],[-97.96223299971236,30.78620000007677],[-97.96246399969104,30.785994000300885],[-97.96249700020131,30.785964000094413],[-97.96278900027936,30.785704000228215],[-97.96286000042447,30.78564099990257],[-97.96294499991497,30.785482999982197],[-97.96310999977142,30.785177000287234],[-97.96376599989753,30.783983999732513],[-97.96393400012703,30.7837349996312],[-97.96394800037072,30.78370800004633],[-97.9660370002246,30.779749999638764],[-97.96608599973008,30.77965899986734],[-97.96982499994499,30.772782000065177],[-97.96984599986139,30.772742999995153],[-97.96990899961058,30.772625000162048],[-97.97149500039752,30.769737999732452],[-97.97407600034597,30.76506900011954],[-97.97436099985302,30.76455300019789],[-97.97879700020194,30.75652999998732],[-97.9789560002106,30.756244000216853],[-97.97897399975395,30.756211999827986],[-97.97979599956142,30.754726999636052],[-97.9805959996276,30.753249000123514],[-97.98060900004637,30.75322499966529],[-97.98230799991292,30.750181999744058],[-97.98237599968496,30.75000800020203],[-97.98402799969584,30.7468580000559],[-97.98403899956648,30.746836999709217],[-97.9847089999363,30.745556000013657],[-97.98534699962076,30.744337000058977],[-97.98604799995273,30.743001999929973],[-97.98608300011283,30.742935999932932],[-97.98618400039516,30.74276300026417],[-97.9862780001065,30.742601999909535],[-97.98775299966704,30.739749000336854],[-97.98776799973565,30.739720000253588],[-97.98777299975853,30.739710000009804],[-97.98778100015446,30.739693999772125],[-97.98780000042102,30.739657999806603],[-97.98783800005586,30.739584999963927],[-97.98891900032943,30.737495999865544],[-97.98896500036018,30.73740799997752],[-97.9927070000498,30.730276000186667],[-97.99272200011843,30.73026899963896],[-97.99273899983686,30.73025700002259],[-97.99302400024222,30.729695000098776],[-97.99309100018937,30.729566000287203],[-97.99320900019015,30.729340000207213],[-97.99339199958993,30.72899099966785],[-97.99357599971295,30.72864100019655],[-97.99359099978157,30.7286129998442],[-97.99456199955196,30.726760000280738],[-97.99483400043684,30.72623999969178],[-97.99484299975934,30.7262030000954],[-97.99546399972536,30.72502800030894],[-97.99608399986649,30.72385400013522],[-97.99709099962189,30.721933999680836],[-97.9979149999775,30.720352000201636],[-97.99792400019832,30.72033399969699],[-97.99794199974167,30.720293999936402]]]},"properties":{"GEOID":"48491","BASENAME":"Williamson","STATE":"48","COUNTY":"491","AREALAND":"2890090365","NAME":"Williamson"}},{"type":"Feature","geometry":{"type":"Polygon","coordinates":[[[-98.12342000004926,30.486482000133922],[-98.12316800015418,30.485404000369346],[-98.12311299990259,30.48527700026362],[-98.1230919999862,30.48510499964293],[-98.12311100025278,30.484722999796634],[-98.12257499977727,30.484896999908525],[-98.12207299963693,30.484951999848022],[-98.12163300031918,30.484988000185684],[-98.12128299961651,30.484996000086888],[-98.12088699978138,30.48502099996745],[-98.12046099980903,30.48500799993745],[-98.12005900012612,30.484945000124853],[-98.11963399997869,30.484840999755168],[-98.11955500033596,30.484814999645387],[-98.11816500026593,30.48479300026163],[-98.115235000338,30.485212999672125],[-98.11453499983095,30.485360000314923],[-98.11427299989015,30.485416000169604],[-98.11372300006923,30.48557599968753],[-98.11335700037132,30.485932999642465],[-98.11318900014186,30.48622300017942],[-98.11282199972072,30.487028000144132],[-98.11238700042587,30.487962999961727],[-98.11189199995822,30.488763000303646],[-98.11150299979579,30.489468999986336],[-98.11077800007271,30.49050499981747],[-98.11055700013976,30.49090899974514],[-98.10991600008226,30.491618999792006],[-98.10951900042222,30.49210099968865],[-98.10941999978971,30.492324000321695],[-98.10916100022193,30.492523000278005],[-98.10904599969588,30.492748000146825],[-98.10880999969434,30.492966999674273],[-98.10828400016287,30.49357600013749],[-98.10746800020318,30.49426800007915],[-98.10591900012449,30.4953400002795],[-98.103843999616,30.496408000023035],[-98.10317999999228,30.496692999999134],[-98.10266899963112,30.496824000150756],[-98.10212200018324,30.49709400037955],[-98.10086099998463,30.497462999738257],[-98.09860999974906,30.497939999855724],[-98.09777799989585,30.498058000041528],[-98.09779299996447,30.49744200017096],[-98.09780100036038,30.497096999775817],[-98.09776899967501,30.49525299992309],[-98.0977319998651,30.49299400002724],[-98.09772000016952,30.48939999992408],[-98.09773000021526,30.487028000144132],[-98.09773699988796,30.485268000207196],[-98.09774000026101,30.484782999977092],[-98.09773799971288,30.48367500032975],[-98.09774299973573,30.483161999726406],[-98.0977450002839,30.482929000073117],[-98.09779200013955,30.478554999747335],[-98.09779299996447,30.478433999938773],[-98.0977960003375,30.478141000214386],[-98.09779999963715,30.477814999717207],[-98.09780600038323,30.477216000009435],[-98.09781300005595,30.47661199992517],[-98.0978170002539,30.47617999962753],[-98.0978239999266,30.475548000039925],[-98.09783300014743,30.474732000306282],[-98.09776899967501,30.474361000110967],[-98.09784400001809,30.473948000071385],[-98.09776600020027,30.470330000243752],[-98.09774000026101,30.469103000363337],[-98.09770900029888,30.467625999971517],[-98.09785200041401,30.467418999644654],[-98.09886800039024,30.465990000310814],[-98.09900200028453,30.465811999737035],[-98.09937600037836,30.465180000222283],[-98.10059900004381,30.463114999986836],[-98.10071500039477,30.462984999782204],[-98.10100699957451,30.462559000349813],[-98.10139800028506,30.462126000013825],[-98.10191600031892,30.46135600024837],[-98.10239800036778,30.46030499961726],[-98.10248600023132,30.460249999692728],[-98.10255200035355,30.460164999818662],[-98.10265600011064,30.4600750000078],[-98.10275900004281,30.460024000155524],[-98.10316400009876,30.45969499963182],[-98.10389100036998,30.458546000248084],[-98.10498299961588,30.456896000256407],[-98.10502100014904,30.456838000093715],[-98.10593199964497,30.45538800029393],[-98.10773299961873,30.452705000249722],[-98.10847800033163,30.451586999746425],[-98.11164799956074,30.446837000205452],[-98.11483699995475,30.442072999791502],[-98.1162410002685,30.43998900028668],[-98.1171490002897,30.438629000318706],[-98.11943300013724,30.4352090003806],[-98.11989400026968,30.434515999842507],[-98.12132199997457,30.432375999822508],[-98.12244400025601,30.430685999759607],[-98.12326000021568,30.42944099992655],[-98.12354200024801,30.429063000139767],[-98.12432899989538,30.427881000084444],[-98.12548100031404,30.426164000093202],[-98.1255559997588,30.426186000323906],[-98.12798799974435,30.422624999866024],[-98.12898299980418,30.42113499998211],[-98.12917399959989,30.4208700001956],[-98.13019299994916,30.41937300006396],[-98.13341900015308,30.414630000175546],[-98.13382500003395,30.414033999829066],[-98.13492600039899,30.412414000228637],[-98.13667799996898,30.409841000231847],[-98.13678900029707,30.409677999766398],[-98.13753999995942,30.408571000032264],[-98.13756800044683,30.408529999944538],[-98.13812699959026,30.40770999999671],[-98.14175799985014,30.402374999705447],[-98.14181800012459,30.402286999750622],[-98.14187800039906,30.402198999716433],[-98.14189599994239,30.40217300002572],[-98.14255700009139,30.401201000065655],[-98.14323599978371,30.40020300028791],[-98.14993500006378,30.390360999776288],[-98.15641300041091,30.38084599967143],[-98.15642599993139,30.38082600024737],[-98.15686699997234,30.380179999678386],[-98.15926600034592,30.376651000080347],[-98.15950599964712,30.376299999838395],[-98.16023799994123,30.375138999895636],[-98.16167300021712,30.372897000071497],[-98.16170800037722,30.372841999691673],[-98.1617279995704,30.37281100025311],[-98.16174299963899,30.372787999838273],[-98.161778999624,30.37273499973784],[-98.16181499960902,30.372682000383637],[-98.1624609996894,30.37173200006811],[-98.16266599972882,30.371430999886165],[-98.17032999993148,30.360171999873835],[-98.17086200020904,30.359395999764903],[-98.17091900011044,30.359313000234867],[-98.17297700000218,30.356312000347422],[-98.17001299973907,30.35420100019731],[-98.16980900042289,30.354056000230045],[-98.16941199986454,30.353773000262933],[-98.16446900025073,30.350253999674432],[-98.16443599974045,30.35023000014329],[-98.15957699979224,30.346771999909244],[-98.15956500009668,30.34676300025006],[-98.15683699983512,30.3448200002673],[-98.14639199966744,30.337382999966646],[-98.14627700003973,30.337300999741316],[-98.14523900032219,30.336561999897803],[-98.1452190002307,30.33654800008722],[-98.14475999974808,30.336221000009175],[-98.14475100042556,30.33621499984815],[-98.14470700004462,30.336183999656484],[-98.14466699986166,30.336154999768503],[-98.14453299996735,30.3360590001848],[-98.14432799992794,30.335913999698278],[-98.14334999958655,30.33521700025503],[-98.14143999983281,30.333857999773272],[-98.14122100044801,30.333702000231256],[-98.1410020001649,30.3335459996653],[-98.140917999601,30.3334860002761],[-98.14073600002612,30.333356000310356],[-98.1406359995687,30.333285000309832],[-98.14046900006242,30.33316599981134],[-98.1403950004426,30.333112999953247],[-98.14036699995518,30.333093000072452],[-98.13884800001371,30.331997000361316],[-98.13730099958482,30.330880999681035],[-98.13545000028064,30.329566000061536],[-98.1340190002027,30.32854999981858],[-98.13387600008758,30.32844900013121],[-98.1336790004441,30.328311000113633],[-98.13360199955288,30.328256000254694],[-98.13218200024393,30.32724800003434],[-98.13212100014455,30.32720500023035],[-98.13030599992706,30.325914999659517],[-98.12808099963077,30.32433400027561],[-98.12799799979008,30.324275999675606],[-98.12588499964677,30.322774000146687],[-98.12529200016816,30.322352999804625],[-98.12408700004603,30.321550999731407],[-98.1234640004302,30.321137000181444],[-98.12239400002728,30.320381000130062],[-98.12120700034684,30.319541000209867],[-98.12106500005663,30.319439999763006],[-98.11876299976743,30.317822999822376],[-98.11070699992759,30.312114999936124],[-98.10980999977704,30.31147599987608],[-98.10964300027078,30.311357000024852],[-98.10729099975288,30.309698999657826],[-98.105822999865,30.308661000124445],[-98.10466200012382,30.30784800018526],[-98.10303199985428,30.30668799975364],[-98.09616500024305,30.301830999907978],[-98.09532300034408,30.301236000380445],[-98.09460399957047,30.30072699998109],[-98.09440100007917,30.300582999681154],[-98.09279299955094,30.299445999968228],[-98.09150600031136,30.29853599995108],[-98.08973999959937,30.297287999668228],[-98.08495500016933,30.29376700031346],[-98.08472599984046,30.293598999653298],[-98.08443200011259,30.293384000304716],[-98.08266799994873,30.292083999884895],[-98.08222600008284,30.291758000162073],[-98.08157900017757,30.29128099971913],[-98.0812789997036,30.29106000011948],[-98.08075300017212,30.29067300024241],[-98.08074099957824,30.290664000082785],[-98.08043900035277,30.290441000173313],[-98.07921300031425,30.289538000143242],[-98.07739200024898,30.288195999959648],[-98.07541899984776,30.2867399999766],[-98.07490300036204,30.286361000011727],[-98.07488900011833,30.286351000342773],[-98.07378100008059,30.28553600024075],[-98.07280600011224,30.284817999715152],[-98.07200900041913,30.284232000113153],[-98.07061900034908,30.28320300022604],[-98.07030399980651,30.28297400010389],[-98.06992200021509,30.282705000066965],[-98.06961699971825,30.282467000198043],[-98.06779200035334,30.281123000370687],[-98.06739899999295,30.28083700006482],[-98.06603200038744,30.279819999730123],[-98.0643410000185,30.278622000219773],[-98.06380399971809,30.278230000290534],[-98.06337199989794,30.27792099988187],[-98.06262799990827,30.277388999954194],[-98.062157999555,30.277050999688985],[-98.06211300024748,30.277019000191142],[-98.0617850001844,30.276784999667004],[-98.06138199977828,30.276495999937175],[-98.06095099978305,30.27618700027518],[-98.06070999975863,30.276014999785726],[-98.0604889998257,30.275855999723674],[-98.05995099970035,30.275473000385418],[-98.05909700010582,30.274861999898707],[-98.05852200017056,30.274445000202707],[-98.05826500025262,30.27426399965122],[-98.05811399974156,30.274154999775266],[-98.05792100029602,30.274016000106627],[-98.0577089996856,30.27386500004257],[-98.0573990000642,30.27364299998387],[-98.05661599971648,30.27308200020845],[-98.05645199968494,30.272965999615582],[-98.05473399955184,30.271735999783626],[-98.05412000015683,30.271294999747965],[-98.05396100014816,30.27118100023456],[-98.05366499987215,30.27096899999794],[-98.05314900038644,30.27059900008369],[-98.05006700012255,30.268392000184512],[-98.0480130004288,30.26692099987181],[-98.044846999601,30.264653999907846],[-98.03810499966323,30.25982500037721],[-98.03377299996971,30.256728000343337],[-98.03067200033757,30.25451399988208],[-98.02670799999176,30.251685999641325],[-98.01285300039548,30.241773999757815],[-98.01083099959044,30.24033900015962],[-98.00954099997783,30.239419999786442],[-97.99989900024937,30.232507999800205],[-97.98259099977012,30.220149000105792],[-97.96933700004837,30.21067199999462],[-97.95936200023398,30.203540000128502],[-97.9509010003382,30.19750700004625],[-97.94813100024386,30.19553099966172],[-97.94481600035148,30.19314999998129],[-97.9296460001299,30.182304000325757],[-97.9288080004289,30.18170300015877],[-97.9249009999845,30.17889200007179],[-97.92361499967151,30.1779669998228],[-97.92319500044526,30.177659999913782],[-97.9195709998581,30.17503899962885],[-97.91945799988018,30.17494900002222],[-97.9186229996539,30.174351000013278],[-97.91718900010126,30.173324999761824],[-97.91607199984269,30.172526000107826],[-97.91303599960955,30.170343000376846],[-97.91156400042206,30.169271999873494],[-97.90851399994523,30.1670820003459],[-97.90651700015286,30.165631999821162],[-97.90465500007973,30.164297000153976],[-97.90289900031179,30.163032000374795],[-97.89893999998885,30.16018300024357],[-97.89852200041241,30.159894000280087],[-97.89714400003794,30.158883000155942],[-97.89628100022259,30.15827100016315],[-97.8952540003757,30.1575199997855],[-97.89380999987898,30.15649100014058],[-97.89044599958278,30.154071999645332],[-97.8889319996642,30.15296699984266],[-97.88352200007013,30.149066999919743],[-97.88225699967357,30.14816199970934],[-97.88073199988432,30.147067000358742],[-97.87852599985459,30.14546200017244],[-97.87817100002735,30.145216999836137],[-97.8779500000944,30.145049000075097],[-97.87783499956836,30.144974999765935],[-97.8778229998728,30.14496600024942],[-97.87753599981761,30.14475799971508],[-97.87728100044781,30.144572999846098],[-97.87712999993676,30.144512999961048],[-97.87718699983816,30.144505999959122],[-97.87424799968942,30.142396999740665],[-97.86884099957012,30.138515000124652],[-97.8687970000875,30.13848399967077],[-97.86858399965216,30.138332999726643],[-97.86673900019576,30.13700699979201],[-97.86655599989766,30.136875000285848],[-97.86646800003412,30.13681200003553],[-97.86574400013593,30.136292000355205],[-97.86356900006832,30.13473199963713],[-97.8624119996268,30.13390200002794],[-97.86135499964269,30.133143999780067],[-97.85793599999322,30.130698000077246],[-97.85785499980237,30.13064100005903],[-97.85463799981926,30.128331999663743],[-97.84748300032794,30.123194999727932],[-97.84673400031541,30.12265699980898],[-97.83575299967224,30.114775000127704],[-97.83430599970079,30.11374299973137],[-97.83299199979872,30.112798999679967],[-97.83112399987779,30.111455999908568],[-97.82095099969668,30.104144999852945],[-97.82077199959654,30.10410100015954],[-97.82072999976376,30.104036999793436],[-97.81969000039638,30.103317000007223],[-97.81807400037053,30.10216499969708],[-97.81586599979266,30.10061300021904],[-97.81551599998829,30.10033699972653],[-97.81394199979523,30.099149999892557],[-97.81372599988516,30.098988000120496],[-97.8136439998694,30.09893099967699],[-97.81356100002873,30.098873999977823],[-97.81354599996011,30.09886299966396],[-97.81351499999796,30.098842000050517],[-97.81343999965489,30.09878899971092],[-97.81346999979212,30.098782000353147],[-97.81341600026377,30.09873600012011],[-97.81337799973062,30.098721999842216],[-97.8132840000193,30.098685999673577],[-97.81325499970696,30.098679999773715],[-97.8132360003387,30.098676000358402],[-97.81316199982057,30.098659000121394],[-97.81304100034504,30.098619999978016],[-97.8130179998805,30.098612999831058],[-97.81274699971884,30.09841400022092],[-97.8117500000092,30.09768099971262],[-97.81095800033896,30.097099000260084],[-97.80764199972336,30.094661000062995],[-97.8075050003543,30.094561999969617],[-97.80446800029625,30.09237400008456],[-97.80264200020814,30.091053999793395],[-97.7958109996836,30.086113000346334],[-97.78923199995245,30.08135399966871],[-97.78915400013464,30.0812980003598],[-97.78691899979259,30.07968199998163],[-97.78452000031733,30.07794799999017],[-97.78446300041591,30.07790700010087],[-97.78136899955815,30.075670000237753],[-97.76749899989325,30.065758999820464],[-97.76664399957549,30.065147000317186],[-97.76323999999467,30.062714999819864],[-97.75907700035553,30.059761000033813],[-97.75520800044428,30.057006999976423],[-97.7514790002751,30.0543540001194],[-97.75043599963638,30.053618999830462],[-97.7476620002424,30.05163599993665],[-97.74603500034588,30.05047300003803],[-97.74480199973637,30.049589000161145],[-97.74456699955972,30.049420000349706],[-97.74440199970327,30.049300000060068],[-97.74409100025699,30.049076000063483],[-97.73659500028378,30.043690000374987],[-97.73479799960965,30.042399000133898],[-97.73088100001783,30.039561999686907],[-97.72975700008658,30.03874799994938],[-97.7253090000421,30.035505000020752],[-97.72473800030478,30.035088000357565],[-97.7193549995766,30.031163999731714],[-97.71914000038977,30.03100599968011],[-97.7102149999885,30.02449900005462],[-97.70954999964154,30.023966000210116],[-97.70878999975834,30.02345099999651],[-97.70776499956128,30.024059000387883],[-97.70719899984684,30.024510000079616],[-97.70553000011755,30.02584400014088],[-97.70472000000564,30.026490999666038],[-97.70202199988132,30.028652000221],[-97.70083799967558,30.029685999803412],[-97.70019999999114,30.030244000029654],[-97.69745599983605,30.032650999808606],[-97.69463899988607,30.035123000228904],[-97.69117900022871,30.03815900012889],[-97.69008399971145,30.039119999873865],[-97.68980400022727,30.039366999760826],[-97.68953700026358,30.03961199968588],[-97.68920699965238,30.039892000302594],[-97.68917099966738,30.039921999738542],[-97.68895499975731,30.040119000241276],[-97.6887499997179,30.04029399992114],[-97.68833600033943,30.040673999894807],[-97.68639800009831,30.04235300012331],[-97.68538899979475,30.04324900034015],[-97.6853770000992,30.04325899981433],[-97.68171200040244,30.04649400028353],[-97.67908000040035,30.04877800029638],[-97.676190999582,30.051314999836887],[-97.66948600035248,30.057202000164644],[-97.6678410000143,30.058728999950066],[-97.66624300043011,30.06026899993614],[-97.66516200015656,30.061312000120616],[-97.66490299969048,30.061562000166948],[-97.66366999997926,30.06266499982147],[-97.66346099974189,30.06285200035456],[-97.66304900001325,30.06322099968832],[-97.66265599965284,30.063572999930493],[-97.66185200028706,30.064292000071486],[-97.6612790000016,30.064804000053687],[-97.66116400037389,30.064906999616234],[-97.66021399962156,30.065754999851233],[-97.65987999971074,30.066052000041932],[-97.65948200022578,30.066406999697406],[-97.65879699978736,30.06701800017637],[-97.65826000038524,30.067497000307508],[-97.65764899956665,30.068040999834498],[-97.65706799978358,30.06855900003173],[-97.65369299961674,30.0715639999491],[-97.65346500001111,30.071369000066174],[-97.65289900029667,30.07088300024039],[-97.6525210000049,30.07060900022385],[-97.65109400012494,30.069575000216595],[-97.64994000005645,30.06843600030243],[-97.64937000014405,30.06794399985633],[-97.64622199975793,30.071033999888392],[-97.64527199990394,30.071969000032976],[-97.64489299978726,30.072341000330923],[-97.64053000013158,30.076907000364805],[-97.6392079998336,30.078290000111046],[-97.63912800036599,30.078358000280545],[-97.63375399985864,30.082973999987992],[-97.63365400029953,30.08306000026036],[-97.62613200038709,30.09004099966455],[-97.62591599957871,30.090220000244244],[-97.62504899956538,30.09080100023172],[-97.62308699993312,30.09255200002248],[-97.62078899984188,30.094602999949675],[-97.62040100040268,30.094949000336197],[-97.61422699982917,30.100460000201746],[-97.612517000092,30.101591000372547],[-97.6110819998161,30.102519000112537],[-97.61094200007402,30.102632999936848],[-97.61077899986739,30.102750000233357],[-97.6107439997073,30.10277499982048],[-97.61057100035326,30.102898999792778],[-97.61051399955353,30.102939000001353],[-97.61044999997942,30.102984999832607],[-97.6098990003336,30.103343999841254],[-97.60974899964746,30.10344699968748],[-97.60946400014042,30.103696999727728],[-97.6065330003876,30.106339999907664],[-97.60416300032634,30.10847799978649],[-97.60380000010318,30.108805000234792],[-97.60180199958758,30.110626999812343],[-97.60084500006089,30.111501000324978],[-97.59928000008867,30.112927999997734],[-97.5991760003316,30.113022999955323],[-97.59896600026931,30.113213999691762],[-97.59867500001617,30.113477000315275],[-97.59704599957153,30.114966000362013],[-97.597029999678,30.114980999970125],[-97.59701999963225,30.11498999988934],[-97.5970089997616,30.114999999884922],[-97.59690500000454,30.115095000181093],[-97.59666300015519,30.115315999690466],[-97.59412700041257,30.117633000253846],[-97.59354999992918,30.118155999668073],[-97.59348700017999,30.11821299990039],[-97.59289800000103,30.118745999744892],[-97.59226100014148,30.11933100001576],[-97.59008199987592,30.121331999884426],[-97.5876449998675,30.123568999972225],[-97.58716299981864,30.12401000021461],[-97.58652099993623,30.12460000028305],[-97.58639500043785,30.124716000226908],[-97.58637899964602,30.124730999908273],[-97.58636799977536,30.12474099969454],[-97.58622700020835,30.124870999932416],[-97.5861729997817,30.124920000360124],[-97.5846170000303,30.1263249996798],[-97.58453099981656,30.126402999834873],[-97.58444499960285,30.126480999928386],[-97.58364100023704,30.127204000133272],[-97.5831049997615,30.127685999918405],[-97.5827519995841,30.128004000203443],[-97.58274099971344,30.128013999658275],[-97.58268600036017,30.128064000025088],[-97.58248799999346,30.128242000161933],[-97.58207200006686,30.128624000227855],[-97.5818510001339,30.12882899999343],[-97.57986799968693,30.130669000112967],[-97.57972299992197,30.130803999900863],[-97.57948100007265,30.131026999825245],[-97.57942900019412,30.131070999956382],[-97.5794149999504,30.131082999706233],[-97.57939999988179,30.13109600014575],[-97.57938399998827,30.131108999806678],[-97.57936600044492,30.131124000070635],[-97.57632000016604,30.1337119997909],[-97.5732260002066,30.136587000256135],[-97.57039199963984,30.13921199968885],[-97.57026000029367,30.139334000092713],[-97.56823500001391,30.14123600014148],[-97.56810899961721,30.141354000355733],[-97.56799800018744,30.141457999993012],[-97.56786000009518,30.14157000031642],[-97.56654899966784,30.1427089996869],[-97.56604800025073,30.14314400034809],[-97.56594000029571,30.143238000187246],[-97.56237000013519,30.146490999912587],[-97.56074700043665,30.14797000025286],[-97.56073499984278,30.14798000001534],[-97.56072599962194,30.147988000290642],[-97.56070499970555,30.148007000067924],[-97.56048899979548,30.14820399971056],[-97.56009200013544,30.148566000015467],[-97.55648000014214,30.151857000015656],[-97.55614200003335,30.152164999982627],[-97.55609299962954,30.15220999971065],[-97.55593899964374,30.15235000037308],[-97.5517259997759,30.15618899999196],[-97.55155300042186,30.156346000074016],[-97.55145499961426,30.156434999920492],[-97.53850300001629,30.16823600029793],[-97.53839000003839,30.16833900001383],[-97.53755900001008,30.16909599981084],[-97.53745600007792,30.16918999976863],[-97.53652499959219,30.170037999830658],[-97.53650700004883,30.170055000204187],[-97.53640499994158,30.17014700021062],[-97.53635999973574,30.170187999873438],[-97.53486599990862,30.171549000065493],[-97.53455100026437,30.17183600025429],[-97.53340800006652,30.172876999827356],[-97.53065999971348,30.17538099986957],[-97.53061500040597,30.17541700003019],[-97.52974199964655,30.176113000292286],[-97.52945899978931,30.17633900022383],[-97.52936199970496,30.176416999667552],[-97.52922799981066,30.17652499975117],[-97.52910999980988,30.17664299967846],[-97.529076000373,30.176676999697104],[-97.52646799976203,30.179189000322335],[-97.52614100042221,30.179481000229192],[-97.5246199999326,30.180838000237497],[-97.5221279996726,30.18306300033788],[-97.52146999989664,30.183650000091813],[-97.5212690000552,30.183829000254793],[-97.52110800039672,30.183973000119412],[-97.51966300007508,30.1852119999798],[-97.51890599966663,30.18586100001001],[-97.51887899990244,30.185881999748158],[-97.51857699977866,30.18617299987373],[-97.51839900040173,30.186343999842652],[-97.5181430003087,30.18659099996393],[-97.5180860004073,30.1866460000072],[-97.51806399976768,30.186667000354497],[-97.5180510002472,30.186679999679765],[-97.51804399967618,30.186686999793615],[-97.51796599985838,30.18676199998369],[-97.51794300029215,30.186770000218],[-97.51793300024642,30.186787000034347],[-97.51792200037575,30.186802999721813],[-97.51784000036,30.186882000324317],[-97.517692000222,30.18702500026111],[-97.51752700036555,30.187183000270153],[-97.51751800014472,30.18719199981584],[-97.51719099990657,30.187484000072647],[-97.51692899996576,30.187717999701512],[-97.51685000032303,30.187788000079752],[-97.5167850000257,30.18784599980087],[-97.51660099990269,30.188011000065597],[-97.51633099956595,30.18825300010925],[-97.51625299974815,30.18833100021477],[-97.51605100008179,30.188532999802774],[-97.51604299968587,30.188540999893245],[-97.51592300003527,30.18866099961939],[-97.5158200001031,30.18876399972715],[-97.51530899974195,30.189274999799625],[-97.51510700007557,30.189476999780883],[-97.5109259999948,30.1932450003451],[-97.51089500003265,30.193266000061694],[-97.5057809998163,30.198064000326585],[-97.50557099975403,30.198260000078566],[-97.5002749999628,30.20289400004455],[-97.49974199986032,30.20343100020733],[-97.49917899962064,30.20399899981824],[-97.49577800041284,30.20705100035898],[-97.4945020001456,30.208178000368793],[-97.49375200030815,30.20890499974604],[-97.49284900030983,30.209781000372647],[-97.49267900043051,30.209946000365008],[-97.49248199988871,30.210011000239007],[-97.49149000020192,30.21169299998596],[-97.49144300034625,30.21177200002501],[-97.49138899991958,30.211863999882443],[-97.4913499995615,30.21192999991283],[-97.49131000027687,30.21200500028179],[-97.49125400020037,30.21210999977067],[-97.49111500028319,30.212372000010376],[-97.49098399986363,30.2126180001811],[-97.49080700031162,30.21294900032707],[-97.49026800036137,30.213848000348413],[-97.49013799976672,30.21406499965825],[-97.4890670004372,30.21585299995344],[-97.48866200038125,30.216552000349868],[-97.48770699960606,30.218129000119635],[-97.48632900012991,30.22052800023394],[-97.48631200041146,30.220557000156983],[-97.48497500004488,30.222863999695715],[-97.48415800026028,30.224273999943126],[-97.48413999981862,30.22430499980404],[-97.48412099955205,30.22433599965519],[-97.48408799994007,30.22438999982326],[-97.48407600024451,30.22440899961662],[-97.48407000039673,30.224419000160054],[-97.4840620000008,30.22443299967716],[-97.4840190003431,30.224503000337744],[-97.484012999597,30.22451300009539],[-97.48400799957412,30.22452100036648],[-97.48391600041093,30.22467099970174],[-97.48384199989279,30.224792000142408],[-97.48268399962635,30.226686000235222],[-97.4826600002352,30.226725000203878],[-97.48247699993709,30.227043000027354],[-97.48205900036065,30.227768000293203],[-97.481343999785,30.22900900018525],[-97.48126900034023,30.229140999704402],[-97.48090899959183,30.229766000084442],[-97.48041999987028,30.230614999760853],[-97.4789150001725,30.23322699987605],[-97.47851500013944,30.233920999636016],[-97.47775199988318,30.235245999792546],[-97.47766300019472,30.235401999963248],[-97.47734799965214,30.235946999760472],[-97.47645300004973,30.237499999777096],[-97.4763240001783,30.237726000035245],[-97.47630400008681,30.237761000296633],[-97.47614400025324,30.23803899962389],[-97.47602999955213,30.238236999664732],[-97.47598100004662,30.23832099967915],[-97.47595400028244,30.238368000385826],[-97.47575900028878,30.238704999939667],[-97.47547300005853,30.23920299976509],[-97.47504500043635,30.239945000334924],[-97.47444000036384,30.240993999652265],[-97.47432400001288,30.24119399987147],[-97.47362199985602,30.242414000155787],[-97.4732269998458,30.24309999993178],[-97.47287600021652,30.243711999708545],[-97.47277099973623,30.243892999924125],[-97.47198900011172,30.245249999685097],[-97.47159999994929,30.24592700023502],[-97.4701560003509,30.24851599998973],[-97.47011199996996,30.248599000256654],[-97.47003400015215,30.24874799983068],[-97.46995200013639,30.24890199975709],[-97.46987799961822,30.249042000327243],[-97.4697560003178,30.24927399970219],[-97.4695920002863,30.249498999780165],[-97.46958899991323,30.24951699988831],[-97.46958300006546,30.24956500016055],[-97.46940200031548,30.249864000293755],[-97.46933600019325,30.249971999715854],[-97.4693119999038,30.250012000017808],[-97.4690440001152,30.250456000180247],[-97.4687849996491,30.250886000259996],[-97.46825400009476,30.25167800002894],[-97.46781100040398,30.252348999880745],[-97.4674950000365,30.252864999895557],[-97.46742300006646,30.252981999634795],[-97.46704300012486,30.253637999657006],[-97.46651300039545,30.25455200023592],[-97.46592800041444,30.25544499966311],[-97.46547099958164,30.25624300032241],[-97.46516799963294,30.256703999632297],[-97.46471999991928,30.25743100030267],[-97.46407499966381,30.258451000342045],[-97.46369499972221,30.259079000285574],[-97.46264399958588,30.260757999775194],[-97.46200000005364,30.261746999719666],[-97.461981999612,30.261807000345097],[-97.4619120001901,30.262043000380483],[-97.4618900004488,30.2621150001337],[-97.4618000000371,30.26241500021827],[-97.4615969996475,30.26314100038565],[-97.46087399957423,30.264445999992656],[-97.46044500012715,30.265179999950497],[-97.45732699987826,30.270531999822186],[-97.45730299958882,30.270573000335027],[-97.45690900030185,30.271249000096347],[-97.45514299958984,30.2742789998382],[-97.45488200037225,30.274726999711028],[-97.45472699966324,30.274991999875137],[-97.45386700022091,30.276468000218774],[-97.45251700033386,30.2787640002471],[-97.45042599993184,30.282321000377383],[-97.45039800034274,30.282368000199877],[-97.44951000041304,30.28387899987757],[-97.44944099991774,30.283995999896426],[-97.44941499997849,30.28403999995361],[-97.44940499993272,30.284057999936046],[-97.44939900008495,30.28406799983866],[-97.44937700034365,30.28410499970221],[-97.4493460003815,30.284157999692123],[-97.44932899976475,30.28418700023067],[-97.44932100026715,30.284199999854106],[-97.44931500041938,30.284209999742238],[-97.44929199995482,30.284249000149593],[-97.44919400004555,30.28441599984889],[-97.44912100025061,30.284541000041656],[-97.44911500040281,30.284550999895032],[-97.44908100006764,30.28460899995554],[-97.44906900037206,30.28462899964744],[-97.44902400016623,30.28470600020743],[-97.44901199957235,30.284725999879555],[-97.44895100037131,30.28482900022093],[-97.44888299970091,30.28494499997889],[-97.44885500011182,30.284993999902344],[-97.44884400024118,30.285011999709763],[-97.44883300037053,30.28503100019242],[-97.4487689998981,30.285138999722363],[-97.4487060001489,30.285246000008517],[-97.44867900038473,30.285292000081164],[-97.44856200020887,30.285491000180635],[-97.44850699995729,30.285584999869034],[-97.4485010001095,30.285594999616016],[-97.44849100006375,30.285606999931613],[-97.44848400039106,30.285619000245745],[-97.44831399961345,30.28591299972657],[-97.44808299963475,30.28630599988084],[-97.44804900019787,30.286363999679473],[-97.44780099960245,30.286786000124447],[-97.4477410002263,30.286887000086683],[-97.44761099963165,30.287107999779703],[-97.44743999992743,30.287397999937753],[-97.4473460002161,30.287558999668754],[-97.44733699999526,30.28757500002751],[-97.44726699967507,30.287694000044173],[-97.44724900013172,30.28772400018855],[-97.44723499988801,30.287746999646636],[-97.44719999972791,30.287806999893824],[-97.4471639997429,30.287868999852087],[-97.44635600017912,30.289243000031064],[-97.44615000031482,30.289593000013426],[-97.44533199980697,30.290983999734966],[-97.44531400026364,30.291015000266356],[-97.44112899998488,30.298132999915673],[-97.44112099958896,30.29814699978685],[-97.4411159995661,30.29815500026633],[-97.44110999971832,30.298163999738534],[-97.44109299999988,30.298193999782967],[-97.44099000006771,30.298369000247053],[-97.43934599955445,30.30116500036907],[-97.4389890000774,30.30178100013229],[-97.43786599997105,30.30371800027338],[-97.43740300018878,30.304516999830625],[-97.4373980001659,30.304524999790328],[-97.4372990004317,30.304694999749653],[-97.43728299963986,30.304722000240698],[-97.43716100033943,30.304933999672965],[-97.43712000033156,30.3050040003579],[-97.43697800004132,30.305249999731643],[-97.43696700017067,30.305269000171425],[-97.43695799994985,30.30528400027116],[-97.43688400033,30.305412999793177],[-97.43686599988834,30.30544399964094],[-97.43668299959023,30.305761000073794],[-97.43660700032056,30.305893000365185],[-97.43607099984503,30.30681600007393],[-97.43584800026228,30.307200999708723],[-97.43584099969127,30.30721299970732],[-97.43449099980421,30.30941600020931],[-97.43390900019624,30.310406999954814],[-97.43386599964022,30.310480000314605],[-97.43382399980742,30.310552000201817],[-97.43366399997386,30.310824999972397],[-97.43350199959215,30.311101000220145],[-97.43162699999853,30.3142950001698],[-97.43126399977537,30.31491300037136],[-97.43125799992757,30.314923999827716],[-97.43112599968309,30.31514899985666],[-97.42833899987032,30.319897000209775],[-97.42828600016686,30.319986999747893],[-97.42779400007227,30.320824999870247],[-97.42673999956291,30.322621000117454],[-97.42569699982249,30.32439800017583],[-97.42556700012615,30.32462000011157],[-97.42555299988246,30.324643000219353],[-97.4254800000875,30.324759999672594],[-97.4251699995678,30.32529600035179],[-97.42465499990699,30.32617400030595],[-97.42358799987713,30.328049999986916],[-97.42311699969895,30.32884400005069],[-97.42309300030782,30.3288850002239],[-97.41989100039333,30.334314000230226],[-97.41983199994377,30.334413999896867],[-97.41981799970009,30.334439000379074],[-97.4198129996772,30.334447000221925],[-97.4197700000195,30.334519999726645],[-97.41963799977503,30.33474400032073],[-97.41937300035946,30.335193000137995],[-97.418403000414,30.336837000368494],[-97.41803299961983,30.337462999836585],[-97.41779400014354,30.33786799967721],[-97.417734999694,30.33796800036583],[-97.41768700001342,30.338050000032435],[-97.4176640004472,30.338087999816867],[-97.41764900037859,30.338113000136207],[-97.41762599991405,30.33815200003251],[-97.4176150000434,30.338171000294405],[-97.41758300025634,30.338224999876047],[-97.41709199998667,30.339056999802036],[-97.41684599993938,30.33947399994971],[-97.41680999995437,30.339534999668093],[-97.41678300019018,30.33957999972832],[-97.41674700020518,30.339642000277017],[-97.4167420001823,30.33965099981567],[-97.41673200013656,30.339668000320337],[-97.41670299982424,30.339717000025452],[-97.41665900034162,30.33979100037217],[-97.41663500005217,30.339830999719094],[-97.41660400009003,30.339883999817076],[-97.415975999553,30.34094800005846],[-97.4158550000775,30.341153000221162],[-97.41584400020683,30.341171999900613],[-97.41582199956723,30.34121000002372],[-97.41577700025968,30.341286000225633],[-97.41565900025891,30.3414859999447],[-97.41549000020451,30.34177200008112],[-97.41399399982927,30.344306999612638],[-97.4139620000422,30.344360999685787],[-97.41392299968416,30.3444269998208],[-97.41321499967948,30.345633999656446],[-97.41250599984993,30.34684200015903],[-97.41247400006287,30.346897999702612],[-97.41246800021509,30.346908000171464],[-97.41244300010074,30.346950999850247],[-97.41085200018922,30.349662999720657],[-97.41068999980754,30.34991800027624],[-97.41055000006544,30.350178000234507],[-97.41054500004257,30.35018600034152],[-97.41047999974525,30.35029700020859],[-97.40987499967274,30.351329000382833],[-97.4098629999772,30.351348999638738],[-97.40984899973348,30.35137299967065],[-97.40983700003791,30.35139399969371],[-97.40980400042595,30.35144999973322],[-97.40949899992911,30.3519690001248],[-97.40945700009632,30.352039999752165],[-97.4093929996239,30.352149999848425],[-97.40932700039997,30.35226199980518],[-97.40927299997331,30.352353999812223],[-97.40924200001118,30.352407000105604],[-97.40792899993403,30.354644000102592],[-97.40712999969276,30.356007000172443],[-97.40705799972275,30.35612999984406],[-97.4049980001812,30.35961199990213],[-97.40496700021905,30.35966400022278],[-97.40493399970876,30.359718000347634],[-97.40485800043909,30.359848000181408],[-97.40463800033108,30.360220000253783],[-97.4043379998571,30.36072600030658],[-97.40431199991785,30.36077000001898],[-97.404118999574,30.36109600033662],[-97.403725000287,30.361761000223986],[-97.40369500014978,30.361812000282786],[-97.40347800041481,30.362180000298732],[-97.40307400018376,30.36286200014281],[-97.40259600033286,30.363668999903513],[-97.40230799955447,30.36415600007669],[-97.4022330001097,30.364282999829836],[-97.40220799999534,30.364324999754636],[-97.40216600016255,30.364395999715654],[-97.40013699968482,30.367823999769755],[-97.40008900000426,30.36790599999562],[-97.39900299970782,30.369739999800892],[-97.39694399999118,30.373364999613667],[-97.39642199975937,30.374267999666767],[-97.39587899961116,30.375206999707082],[-97.39506100000163,30.37659499974426],[-97.39340599961773,30.379405999681687],[-97.3915800004279,30.38253199987118],[-97.39121200018185,30.383160999699168],[-97.39120399978594,30.383174000138354],[-97.3911949995651,30.383190000378434],[-97.39099899974654,30.383524999717896],[-97.39090800040826,30.383680999642955],[-97.39087400007305,30.383740000354464],[-97.39085900000447,30.38376600030205],[-97.39083999973788,30.38379799981078],[-97.38833900015537,30.38807800027573],[-97.38736099981396,30.389737999780298],[-97.38712999983528,30.390129999884277],[-97.38669899984005,30.39086400001996],[-97.38607299985118,30.391927000179795],[-97.38318399993113,30.396835000009666],[-97.38225699964335,30.398408999713965],[-97.38075399959541,30.40100200031229],[-97.37943200019575,30.40328300020879],[-97.3788510004127,30.404284999664377],[-97.37878399956723,30.404400000256324],[-97.37877500024472,30.404416000119078],[-97.3787529996051,30.404453000227516],[-97.37872699966583,30.40449799985886],[-97.37867999981015,30.404579000072765],[-97.37855000011382,30.404802999826558],[-97.3780770002858,30.405619000062742],[-97.37722699999092,30.40708599966582],[-97.37620000014402,30.408769999854535],[-97.37538400018434,30.4100470002454],[-97.37527399968118,30.41022000028571],[-97.37523500022142,30.41024700033153],[-97.37520300043438,30.410269999676007],[-97.37519099984048,30.410281000034267],[-97.37518199961967,30.41029000004476],[-97.37511499967252,30.410405999933328],[-97.37507299983973,30.410479000073078],[-97.37503299965675,30.410547000079834],[-97.37486600015048,30.410805999774293],[-97.37470299994388,30.411055000226572],[-97.37411700013796,30.41192500005904],[-97.37342599985175,30.413041000250647],[-97.3727270000679,30.414253999824375],[-97.37256200021146,30.414541000291294],[-97.37148699978569,30.416374000071198],[-97.3712130001493,30.416842999845656],[-97.37020800004372,30.418463000300353],[-97.36953900039711,30.419562999624777],[-97.36964099960608,30.419599000111415],[-97.36982599955398,30.41950499971654],[-97.36994799975272,30.4194420001511],[-97.3702830003868,30.41928700010041],[-97.37353700017982,30.41771500018436],[-97.37676699968338,30.419195999651034],[-97.37772900013125,30.422369999973842],[-97.37922100030856,30.423720000120802],[-97.3794289998227,30.423901000208843],[-97.38084200035728,30.424007999893234],[-97.38143800020895,30.424050999740597],[-97.38167199966234,30.424071000383734],[-97.38174500035561,30.424047999643783],[-97.38195299986975,30.424061000062675],[-97.38224800032084,30.424078999865234],[-97.38338999979544,30.424149999785516],[-97.38327000014486,30.425805000274984],[-97.38325300042642,30.4260370002136],[-97.38476300014707,30.4289619996947],[-97.38692200032114,30.42994800011917],[-97.38718900028482,30.43131899985778],[-97.38759900036365,30.433420000005867],[-97.39217200008162,30.434348999835944],[-97.39254000032763,30.434426000356844],[-97.39190400029301,30.43579300023827],[-97.39181399988131,30.436061000264775],[-97.39150500008483,30.4368579997168],[-97.393030999699,30.438768000193726],[-97.39549100017194,30.437765000162443],[-97.40101200009406,30.43935699979982],[-97.40139700005854,30.43967200029597],[-97.40281800009073,30.440087999645005],[-97.40410600005352,30.4408949996305],[-97.40431000026803,30.44096099963323],[-97.40449500021593,30.44110000005622],[-97.40479099959363,30.441359999825018],[-97.40508600004473,30.441685000109906],[-97.40528100003841,30.4417189997006],[-97.40541199955966,30.44166300027732],[-97.4055620002458,30.441479000286197],[-97.40624000011323,30.442288000065954],[-97.40876900018316,30.438189999663173],[-97.40982500034235,30.438218000376185],[-97.41010300017669,30.438225000359523],[-97.41204200024274,30.438276000001963],[-97.4130249997087,30.438295000165635],[-97.41324900001469,30.438298999710472],[-97.41525199965481,30.438337000025193],[-97.42190800027717,30.44431900001946],[-97.42275799967375,30.445277999653605],[-97.42426099972168,30.447677999919524],[-97.42534000034543,30.44782199977562],[-97.42532199990376,30.4478940000111],[-97.4252059995528,30.448649000266965],[-97.42514299980363,30.449065999806976],[-97.42514000032888,30.449081000314322],[-97.42709399956522,30.452200999905184],[-97.42931399983866,30.45239999978871],[-97.43328200038243,30.45290999984538],[-97.43373500011897,30.45565500017692],[-97.43411300041075,30.459719000147725],[-97.43585800030802,30.46007599967063],[-97.4373010000815,30.460763000218673],[-97.43954100044644,30.46028199968077],[-97.44058599983667,30.45842399990255],[-97.44183600016464,30.45533200020539],[-97.44271900007148,30.455557000075775],[-97.44423899983785,30.455945000294097],[-97.44494900039065,30.45612499971909],[-97.44506700039143,30.45855899993951],[-97.44562800008298,30.461403999681544],[-97.44628000001116,30.46137099963822],[-97.44880400005822,30.46124199985437],[-97.44893899977741,30.461228999746663],[-97.44962500004075,30.46130800001722],[-97.45339000019496,30.461305999942546],[-97.45978399997816,30.458317000038676],[-97.46393300027191,30.460642999640328],[-97.46611699966202,30.464322999691138],[-97.46627599967067,30.4645910002564],[-97.4665669999238,30.46508199963624],[-97.46691699972817,30.465190000197552],[-97.467326999807,30.465362000385362],[-97.46928599996453,30.466072999771146],[-97.47083199967018,30.466694000271257],[-97.47132600031291,30.466974000257785],[-97.4735490000611,30.466955000264768],[-97.47411099957756,30.467054000106046],[-97.47550200037084,30.46714500002778],[-97.4764920004078,30.46912599976561],[-97.47660200001263,30.46915000028065],[-97.47684700023504,30.469226999634905],[-97.47785099961739,30.469542000371433],[-97.47804800015919,30.469605000086755],[-97.478274000115,30.469692999706925],[-97.48012299976935,30.470431999969456],[-97.48288700001592,30.469945000255752],[-97.48642899968904,30.469473000120253],[-97.48803700021728,30.472061000238906],[-97.48848099973297,30.472777000255768],[-97.4887019996659,30.473130999787593],[-97.48909199965324,30.47329199966944],[-97.49362300043671,30.475036000247282],[-97.49380099981364,30.475099000279325],[-97.49727700026281,30.476334999815005],[-97.49833000004897,30.47661900024755],[-97.49896600008361,30.4767919998705],[-97.49905099957411,30.476787000091615],[-97.49944999978227,30.476902999851614],[-97.4998310004471,30.477083000033158],[-97.50027800033585,30.477142000015988],[-97.50125199958097,30.47726899989694],[-97.50134799984043,30.47729199969312],[-97.50137999962749,30.477383000112333],[-97.50139800006916,30.477434999650136],[-97.50140599956676,30.47745699992267],[-97.5014370004272,30.47756099966558],[-97.50144800029787,30.47757800017132],[-97.50137399977969,30.477923000093067],[-97.50255100031274,30.48056699967967],[-97.50478999995443,30.481095000247514],[-97.51086200042067,30.48526499967214],[-97.51147800036384,30.484765999955552],[-97.51764000034346,30.48001499996524],[-97.52235700000145,30.476380999843162],[-97.52344800032076,30.47355299978752],[-97.52376299996502,30.472726000085917],[-97.52397100037749,30.47217500035827],[-97.52496700026221,30.47295400018255],[-97.52623500013352,30.47394600025628],[-97.52711600039055,30.474645999620964],[-97.52815099973505,30.475433999998508],[-97.53908899982221,30.47827199979326],[-97.5394810003577,30.47837399971559],[-97.54039000020379,30.478610000173646],[-97.54050099963357,30.47863900035775],[-97.541883000206,30.47899999963074],[-97.54263499969326,30.479204999632096],[-97.54289599980918,30.479275999660263],[-97.54316799979574,30.479350000354223],[-97.54344300015535,30.47942499968196],[-97.54364200034699,30.47947499997585],[-97.54412000019789,30.479596000038896],[-97.54418299994708,30.479535000294653],[-97.5442330001758,30.479476000213747],[-97.54430799962053,30.47938699990595],[-97.54369099985247,30.479268000063147],[-97.54314100003157,30.479160999872143],[-97.54339100027683,30.478837999652935],[-97.54392100000625,30.478153999613134],[-97.54528699978684,30.47639199971204],[-97.54538600041936,30.47626500023544],[-97.54588299963851,30.475649999719334],[-97.5460790003554,30.475419999957094],[-97.54791799996401,30.475910000210117],[-97.54955300025644,30.476345999689073],[-97.55006799991727,30.476483000198325],[-97.54994999991648,30.477206999981846],[-97.54982100004504,30.477998999999045],[-97.54956300030219,30.47959099962982],[-97.54955400008136,30.47968500015563],[-97.54953900001274,30.479840000182033],[-97.5495149997233,30.48003200004244],[-97.54950899987551,30.48008200002456],[-97.54949499963182,30.48018199991173],[-97.54948999960894,30.480248999856155],[-97.5493259995774,30.481130000242562],[-97.55091700038723,30.484878999724465],[-97.55156099991947,30.48624700035063],[-97.55197799967097,30.487447999972975],[-97.55205300001406,30.487665000284],[-97.5522189996954,30.488146000264962],[-97.5529640004083,30.490294999759673],[-97.55386400003357,30.490441000341793],[-97.5541679998072,30.490482000047056],[-97.55444800018968,30.490520000136044],[-97.55609900037562,30.490743999870006],[-97.55752899973034,30.490937000015165],[-97.5609979996085,30.491460000261146],[-97.5619059996297,30.4915969996241],[-97.5628210002219,30.491734999680165],[-97.56345600043164,30.491831999647278],[-97.56348099964768,30.49204900024509],[-97.56355699981566,30.492976999891887],[-97.56360299984641,30.49353899978727],[-97.56376900042608,30.49555700001977],[-97.56523399994087,30.495744000256646],[-97.5652570004054,30.495848999880206],[-97.5678969999051,30.49607699999955],[-97.56821900012038,30.496105000330413],[-97.56888600011716,30.496162000260348],[-97.56888199991918,30.496183000103898],[-97.56834999964163,30.499222999696897],[-97.56825500010538,30.4997249996711],[-97.56914600040815,30.499855000355304],[-97.57005400042935,30.4999890002],[-97.57028200003498,30.500019000232356],[-97.57071999970289,30.50007700021709],[-97.57159299956399,30.500193000082756],[-97.57207600033607,30.500257000109585],[-97.5726410002256,30.500275999795015],[-97.57265799994403,30.500276999819064],[-97.5732329998793,30.500190000007926],[-97.57368599961583,30.50021399983015],[-97.57386999973883,30.50022500010143],[-97.5738730001119,30.500210999755904],[-97.57451900019227,30.500245999841905],[-97.57453799956053,30.50024699986627],[-97.57505399994456,30.50027499977089],[-97.57556799978046,30.500300000370025],[-97.57601399984429,30.500322000117897],[-97.57631799961791,30.500335999673386],[-97.57679999966676,30.500360000233588],[-97.57690900034501,30.500365000349596],[-97.57719200020223,30.500378999898892],[-97.57745900016593,30.50039200019733],[-97.57752600011308,30.500395000265993],[-97.57779499972658,30.500407999788273],[-97.57792799979599,30.500410999856374],[-97.57800499978887,30.500412999901748],[-97.57818600043716,30.500430000285736],[-97.57980800031079,30.500501000309246],[-97.58000099975634,30.500439999736226],[-97.58005299963486,30.5003940002431],[-97.58024299960566,30.50050000028745],[-97.58056599964586,30.500680000171194],[-97.5806050000039,30.500682000211032],[-97.58059599978307,30.500697999754216],[-97.58089700008196,30.50086399979402],[-97.58107600018211,30.500793000035472],[-97.58115499982482,30.500760000184588],[-97.58117699956611,30.500751000012215],[-97.58126500032797,30.50071500008838],[-97.58189899981448,30.500460000182077],[-97.5834200003041,30.499841999985136],[-97.58375000001698,30.499703999818145],[-97.5846379999467,30.49936699997298],[-97.58592199971153,30.498898000193027],[-97.58628300028487,30.49876899981745],[-97.58683800012864,30.498564000002652],[-97.58784499988404,30.498196000221586],[-97.58786199960247,30.498189999948643],[-97.58788099986906,30.498005999911708],[-97.58837100031383,30.497999999626987],[-97.58879300008822,30.497915000198095],[-97.58920300016703,30.497710000131626],[-97.58931500032004,30.497655999713754],[-97.5898550000952,30.49739700008787],[-97.5903060001819,30.497179999807646],[-97.59059599971181,30.497179999807646],[-97.59088600014005,30.497286000258292],[-97.59101500001147,30.497530000170162],[-97.59105500019444,30.49756399962076],[-97.59110899972282,30.49848299968868],[-97.59111000044602,30.498503999805184],[-97.59111700011873,30.498617999916483],[-97.59112499961633,30.498750999877405],[-97.59114899990577,30.49917000015437],[-97.59120900018023,30.500082000347575],[-97.59124000014236,30.50054000037642],[-97.59131399976222,30.500908999821284],[-97.59208700006418,30.500709999990427],[-97.59288700013036,30.500503000352776],[-97.59298900023762,30.500446999892723],[-97.593339000042,30.500430000285736],[-97.593523000165,30.50049700022207],[-97.59382799976352,30.500609000278338],[-97.59563899978303,30.50127200010542],[-97.59592199964027,30.501374999928604],[-97.59616199983978,30.501480999677888],[-97.59724999978604,30.500916999961564],[-97.60023800033858,30.499394000097737],[-97.60160900014205,30.49869499995676],[-97.60179900011285,30.498597999865897],[-97.60350100035242,30.497231000323644],[-97.60353599961422,30.497184000031204],[-97.60390499968517,30.49691500011094],[-97.60439000010706,30.496486000327632],[-97.60608999979848,30.495137999661804],[-97.60631999995226,30.49362099966587],[-97.60632699962495,30.493572999858596],[-97.60683299996325,30.490312999716043],[-97.61001300013642,30.490013000008688],[-97.61018600038878,30.489998999741722],[-97.61094899974671,30.489931000185738],[-97.61518000005621,30.489525999933495],[-97.6152500003764,30.489546000300905],[-97.61527499959244,30.489546000300905],[-97.6154250002786,30.489542999897672],[-97.61565500043235,30.48953799999961],[-97.61572400002933,30.489563999621698],[-97.61580199984714,30.489583999981292],[-97.61754000007174,30.489420999678966],[-97.61864700028455,30.49037700005],[-97.61940100031997,30.489957999832942],[-97.62055600021337,30.489334000222662],[-97.62149099999876,30.48881499995502],[-97.6224729996398,30.488271000202378],[-97.62260300023445,30.488197000097816],[-97.62310100017682,30.487921999969316],[-97.62330899969096,30.487807000332577],[-97.62371299992202,30.487581999876156],[-97.62401000002293,30.487419000091013],[-97.62422900030606,30.487297000305865],[-97.62451600036123,30.487137999905848],[-97.6245919996309,30.487096000180404],[-97.62472800007333,30.48702099979614],[-97.62483400037854,30.486962000382185],[-97.62700299970005,30.485757999661253],[-97.62754400019844,30.485459000022335],[-97.62780699996416,30.485312999706984],[-97.62787499973624,30.485269999789736],[-97.62800799980562,30.485235999913748],[-97.63249900040613,30.48411099986836],[-97.63279200030908,30.484130999800335],[-97.63304900022703,30.484154999713333],[-97.63350199996356,30.484043000068873],[-97.63363300038314,30.484009999955514],[-97.63423199970953,30.4838580001804],[-97.6346319997426,30.483758000198847],[-97.63536700040976,30.483573999964463],[-97.63563500019835,30.48350800018268],[-97.63642000019591,30.483315000012738],[-97.637369000225,30.483081999951537],[-97.63924999966639,30.482619999752288],[-97.64128099979395,30.482120999635868],[-97.64134699991618,30.48203900013069],[-97.64152000016854,30.481825999743094],[-97.64313000034662,30.47983099962288],[-97.64344300034107,30.478213999971906],[-97.64350400044043,30.4781470001753],[-97.64350000024248,30.47813599973051],[-97.64347500012812,30.478077000350144],[-97.64373399969588,30.47795499969397],[-97.64414899979758,30.47779000030844],[-97.6443389997684,30.477705000257785],[-97.64484199973363,30.477504999936915],[-97.64506299966656,30.477417999893635],[-97.64582300044808,30.477128000220098],[-97.645888999672,30.47710400012297],[-97.64608700003872,30.477043000365686],[-97.64636499987306,30.4769370003157],[-97.64657199956231,30.47683199964116],[-97.64671899987538,30.476775000001737],[-97.64721400034304,30.476613000192415],[-97.64751999976647,30.476495000324146],[-97.64766799990447,30.476438999982307],[-97.64793300021834,30.476333000048932],[-97.64796400018048,30.476310000026245],[-97.6480579998918,30.476271000311975],[-97.64856900025298,30.4760669998248],[-97.64862399960623,30.476046000285525],[-97.64865100026874,30.47603799964877],[-97.64869399992645,30.476020000149155],[-97.6487609998736,30.47598699963852],[-97.64878799963778,30.475972999676618],[-97.64897400030893,30.47588099998726],[-97.64899400040042,30.475871000335594],[-97.64918400037122,30.47576600005978],[-97.64929399997607,30.47571499990712],[-97.64983499957613,30.47553899985814],[-97.65031900017313,30.4753820001662],[-97.65076100003901,30.475214999727843],[-97.65127700042304,30.474971999890375],[-97.65144099955627,30.47489400014852],[-97.65188699962009,30.47511899974025],[-97.65241600042292,30.475374999754926],[-97.65262999978485,30.475468999706216],[-97.65272000019652,30.475498000051775],[-97.65277899974775,30.47552900017136],[-97.65352500028557,30.47585400030601],[-97.65351199986678,30.476012999783695],[-97.653794999724,30.47614399990333],[-97.65442699956068,30.476449000349852],[-97.6552319996497,30.476819000065905],[-97.65536999974196,30.47689000028585],[-97.65547900042021,30.476939000069383],[-97.65621800038703,30.47728599967951],[-97.65626900044066,30.477315000258013],[-97.65727000034828,30.477881000262222],[-97.65797599980478,30.47828000024642],[-97.65905799990324,30.47887099997134],[-97.65919500017061,30.47895899973355],[-97.65936599987484,30.47904799965846],[-97.65999900043474,30.47937600037547],[-97.66032499994967,30.479525000244106],[-97.66069900004346,30.47971400001949],[-97.66081100019646,30.479765999860604],[-97.66096099998428,30.479853000128077],[-97.66098299972559,30.479866000072406],[-97.66101399968773,30.47988300017561],[-97.66109099968061,30.479927999842495],[-97.66111999999295,30.479944999934887],[-97.66114099990935,30.479953999709355],[-97.6611660000237,30.479969000105765],[-97.6613140001617,30.480033999732548],[-97.6615610000339,30.480180999681146],[-97.66173900030915,30.48028199969624],[-97.66187599967817,30.480349999800715],[-97.66191599986115,30.480378000012028],[-97.66215400041084,30.480516999946676],[-97.66241899982639,30.48066500016578],[-97.6627710001789,30.480876000324383],[-97.66331799962677,30.481193000201987],[-97.66388599988933,30.481592999988386],[-97.66501999986635,30.481190000315408],[-97.66567799964228,30.480931000213534],[-97.66989800008113,30.478414000384607],[-97.67239299981587,30.4795949998023],[-97.67283399985682,30.47980300002834],[-97.67288699956028,30.47982799969433],[-97.67327900009575,30.4800130002747],[-97.67351900029527,30.480126000142413],[-97.67375899959647,30.480100999778777],[-97.67394600009253,30.480093000249443],[-97.67397500040485,30.48015099972544],[-97.6740149996895,30.480228999900678],[-97.67411599997183,30.480426000134415],[-97.67423999982039,30.48078999964717],[-97.67437200006488,30.480775000151404],[-97.67443999983695,30.480751000179247],[-97.67464099967839,30.4807270002011],[-97.67470599997571,30.4807200001741],[-97.67474799980852,30.480716000047853],[-97.67499200020599,30.480693999737703],[-97.675465000034,30.480656999908618],[-97.67551000023985,30.480654000005522],[-97.67620999984857,30.480600000186193],[-97.67678499978383,30.480548000016416],[-97.67713100028855,30.480516999946676],[-97.67937099975518,30.480316999983618],[-97.68041500021882,30.480228999900678],[-97.68049999970931,30.480221999837855],[-97.68058099990017,30.480214999774596],[-97.68072800021325,30.480204999793894],[-97.6808360001683,30.480198999959768],[-97.68097400026056,30.480188999977425],[-97.68110300013198,30.480180000224674],[-97.68129099955465,30.480169000009674],[-97.6814989999671,30.480156000105815],[-97.68162199999075,30.480147999806825],[-97.68181399961138,30.48013600013122],[-97.68195199970364,30.480127999830586],[-97.68202200002384,30.48012300022296],[-97.68269599969331,30.48008099979287],[-97.68289300023511,30.480066000187875],[-97.68294699976347,30.479917999832313],[-97.68297299970274,30.479850000200276],[-97.68306300011443,30.47960900001755],[-97.6831099999701,30.47947799991528],[-97.6831450001302,30.47938399996371],[-97.68319100016095,30.479260999931213],[-97.68403300005991,30.476578999615175],[-97.68412000009853,30.47629000003575],[-97.6844060003288,30.475343000080194],[-97.68495199995176,30.47360400029844],[-97.68497200004323,30.47353999977445],[-97.68498499956371,30.473495999776947],[-97.68510500011263,30.473107000253687],[-97.68532299967252,30.47239899972858],[-97.68548900025219,30.471857000222016],[-97.68561099955261,30.471460000106394],[-97.68583200038385,30.470743000143532],[-97.68658399987113,30.468301000337583],[-97.68659999976465,30.46825700029567],[-97.68663400009984,30.468160000062685],[-97.68708400036165,30.466900999816186],[-97.68739599963286,30.465891999765432],[-97.68769799975667,30.46491399972958],[-97.68794700017699,30.464108999640573],[-97.68837300014934,30.462732000173073],[-97.68838099964695,30.462704999943433],[-97.68864299958777,30.461856999991046],[-97.68878400005308,30.461400999959675],[-97.68951899982193,30.461422000334036],[-97.69214199960318,30.461495999884114],[-97.6922839998934,30.461500999673795],[-97.69240500026721,30.461500999673795],[-97.69246700019151,30.461500999673795],[-97.69273099978214,30.461500999673795],[-97.69303100025611,30.461500999673795],[-97.69459200003038,30.461500999673795],[-97.6946840000919,30.461500999673795],[-97.6957839997337,30.461601000059613],[-97.69598399975027,30.461400999959675],[-97.69635600019424,30.461265999989166],[-97.69642599961612,30.4612410002035],[-97.69826199975,30.460574999711582],[-97.6985439997823,30.46047299972946],[-97.6989160002263,30.460338000021668],[-97.69929699999282,30.46020000036789],[-97.69978599971435,30.46002299971786],[-97.7039840004119,30.458500999992456],[-97.70429200038348,30.458489999651444],[-97.71519199993749,30.45864799992462],[-97.71812799971318,30.45722599985728],[-97.71918999972017,30.456705000164458],[-97.72035800003236,30.456139000211074],[-97.72078599965454,30.4559259996987],[-97.72114899987768,30.455835000137636],[-97.72128500032015,30.455801000050087],[-97.72168500035322,30.455600999659257],[-97.72198400010394,30.455453999776257],[-97.72224199984682,30.45532700009913],[-97.7231699999595,30.454870999705214],[-97.72998600041541,30.451518999692734],[-97.73105400027019,30.45099399989008],[-97.73368500044735,30.449701000162783],[-97.7389829998884,30.449577999814473],[-97.73929900025591,30.449570999871796],[-97.74271700008046,30.449496000012296],[-97.74361000003304,30.449475999936773],[-97.74396400003535,30.449468000215166],[-97.74437699958892,30.44945400031357],[-97.74622299976853,30.449417000232078],[-97.7464090004397,30.4494100002779],[-97.74659500021254,30.449405999640067],[-97.74668600044913,30.449404000095466],[-97.74680299972668,30.449346000120094],[-97.74864499970835,30.448187000119596],[-97.74939999956867,30.447722999752187],[-97.7496339999204,30.447570000081484],[-97.75000899983912,30.447044000120357],[-97.75028599984857,30.446661999665046],[-97.75055799983511,30.446269999668864],[-97.75115600023491,30.445455999793708],[-97.75155899974274,30.4449049999374],[-97.7527809995833,30.443311999668133],[-97.75309899960061,30.4427760000138],[-97.75322199962427,30.44256500018533],[-97.75371100024412,30.441770999689457],[-97.75466500029607,30.440223000297834],[-97.75452300000583,30.4392819998268],[-97.75435099957839,30.43813299987415],[-97.75414999973694,30.436784000046824],[-97.75363500007614,30.433286999878817],[-97.75524899955384,30.433222999980153],[-97.75674599975402,30.433054000203292],[-97.75803899973968,30.43291000022191],[-97.75909200042416,30.432792000089385],[-97.76033900037905,30.432713999884058],[-97.76166499997669,30.432613000121272],[-97.76361099971543,30.432491999792294],[-97.76503699977049,30.432401000041303],[-97.76532300000075,30.43240399988123],[-97.76560900023102,30.43240699972113],[-97.76570700014031,30.43240799966769],[-97.76586500032406,30.432408999614285],[-97.76594200031694,30.432410000335384],[-97.76605600011976,30.43241100028197],[-97.76611999969387,30.43241200022854],[-97.76650999968119,30.432416999961127],[-97.76672200029162,30.432420999747038],[-97.76677300034525,30.43242199969352],[-97.7669259996078,30.432425000307315],[-97.76723899960226,30.432468000317332],[-97.76798599996498,30.432571000120113],[-97.76847800005956,30.432538000383154],[-97.76890599968172,30.432463999758838],[-97.76919799975978,30.432408999614285],[-97.7695020004317,30.43228699985895],[-97.76951999997507,30.432280000223884],[-97.77161800004977,30.43144000009284],[-97.77171900033208,30.431388999973663],[-97.7726830004298,30.431051999928197],[-97.7729729999597,30.430947000147277],[-97.77356299996359,30.430743000028563],[-97.7738319995771,30.43064499966791],[-97.77447600000765,30.430419999613406],[-97.77538099965581,30.43010200030364],[-97.77585100000908,30.42993199979432],[-97.77633999973062,30.429768000379976],[-97.77638900013444,30.429840999978623],[-97.77659900019673,30.430252000370274],[-97.77694900000108,30.430941000377704],[-97.77710499963669,30.431298999926057],[-97.77717800032995,30.431547000028434],[-97.77723500023134,30.43175599978119],[-97.7772870001099,30.431946000012825],[-97.77782400041032,30.433891999738137],[-97.77798800044187,30.434274999811176],[-97.77808600035115,30.434502000117316],[-97.77833300022334,30.434913000231344],[-97.7783859999268,30.4350010002021],[-97.77938699983441,30.438400999665664],[-97.77996699979255,30.438732999692228],[-97.78008599961822,30.438801000146057],[-97.78166300018434,30.439491000041844],[-97.78168599975056,30.439501000329926],[-97.78378800002322,30.439902000040032],[-97.78534100029988,30.440654999736672],[-97.78690799992194,30.44234100037057],[-97.78707799980126,30.44252399966648],[-97.78778800035406,30.443212999711125],[-97.78877699966777,30.444190000120816],[-97.78941699990038,30.444231999764366],[-97.78991400001783,30.444286000385816],[-97.79018400035459,30.44431599977158],[-97.79081199999328,30.444393999990073],[-97.79266200037088,30.44458699984545],[-97.79289099980141,30.444599000028518],[-97.79413000025872,30.444711999937134],[-97.79440899991798,30.444843000332117],[-97.79481200032411,30.445035000255896],[-97.79760900018265,30.44616000020855],[-97.7977480000998,30.446208999962316],[-97.79972499980069,30.447138000307007],[-97.80029100041344,30.447150000176027],[-97.80125600033604,30.447170999749613],[-97.80224700019792,30.44716800036398],[-97.80401600038465,30.447165000203796],[-97.8050969997599,30.44715300033661],[-97.80677700025817,30.44714700001531],[-97.80726099995682,30.447129999619058],[-97.80941500010803,30.4470869998792],[-97.80968000042189,30.447070000247006],[-97.81088299999588,30.447064999716826],[-97.81120299966302,30.44706399992052],[-97.81137799956521,30.447047000284257],[-97.81168600043509,30.447032000238345],[-97.81186299998711,30.447017999986848],[-97.81194199962981,30.44706700008382],[-97.81256799961871,30.44742900000523],[-97.81269300019048,30.447500999756578],[-97.81287999978825,30.44761100002689],[-97.81304899984265,30.447703999876996],[-97.81331699963125,30.447850999833836],[-97.81334099992068,30.447864000177578],[-97.81352800041675,30.44799200007407],[-97.81407200038988,30.44835999990488],[-97.81450900023289,30.448633999693147],[-97.81467800028729,30.44876100034836],[-97.8147779998464,30.448831000333865],[-97.81499100028174,30.44898500012509],[-97.81519200012319,30.449129000373503],[-97.81527199959082,30.449178999958256],[-97.81614600017514,30.44976899993614],[-97.81635799988725,30.449905999882038],[-97.81757800007799,30.45072100029993],[-97.81783499999592,30.4508929997025],[-97.81844799956602,30.45130299989063],[-97.8186429995597,30.451399000119906],[-97.81883799955337,30.45149600000542],[-97.81981000004697,30.451978000296144],[-97.82067500041047,30.45240500004517],[-97.8208179996273,30.452476999992633],[-97.82101000014622,30.452572999839862],[-97.82153200037804,30.452747000096203],[-97.821633999587,30.4527809997006],[-97.82168700018873,30.452798999623003],[-97.82208700022183,30.45300000007943],[-97.82306899986287,30.453435999898744],[-97.82323500044254,30.45359099988671],[-97.82398100008203,30.454287000295796],[-97.82522800003694,30.455211999907217],[-97.82572299960627,30.455605000042787],[-97.82588099979,30.455730999650243],[-97.82606400008811,30.455853999976444],[-97.82626800030262,30.455990999886264],[-97.82629199969375,30.45600699980661],[-97.82656200003048,30.45751699963396],[-97.8287520001667,30.45925800027082],[-97.82981499999859,30.459946999720653],[-97.83201199980749,30.461870999659368],[-97.83352499990119,30.463070000292944],[-97.83407399989719,30.46349700021559],[-97.83425299999733,30.463644999978612],[-97.83488400000908,30.464144000321426],[-97.8369610001674,30.465789999930607],[-97.83870500023977,30.467167999892443],[-97.83926500010642,30.467609000051052],[-97.8400169995937,30.468204000148376],[-97.84079099972058,30.46882100038305],[-97.84116999983728,30.46912599976561],[-97.84627300018296,30.473201000071878],[-97.84654099997155,30.473410000322644],[-97.84656000023814,30.473425000178906],[-97.8464310003667,30.473846999678898],[-97.84633500010726,30.47416200018125],[-97.84603399980837,30.475165999850876],[-97.84589300024136,30.475635000205838],[-97.84615299963404,30.47601700010319],[-97.84662800001021,30.476712999772037],[-97.84697000031697,30.477209999991143],[-97.84812199983733,30.478548999811572],[-97.84817999956364,30.478642000322928],[-97.84839600037202,30.47899600020802],[-97.84945300035614,30.480395000025823],[-97.8501699996833,30.481344000049333],[-97.85107100003181,30.482536000254598],[-97.85124000008622,30.482759999786225],[-97.85142300038432,30.4830020001109],[-97.85227500032903,30.484130999800335],[-97.85352499975868,30.485789000384187],[-97.85384399960091,30.486206999803937],[-97.85391599957092,30.48630200030137],[-97.85774699984734,30.491357000002782],[-97.85816199994903,30.491907000194022],[-97.85820499960674,30.49196699981566],[-97.85921999975805,30.493305000112287],[-97.85929199972809,30.493402000062378],[-97.8593279997131,30.493447999765486],[-97.86224799959527,30.497308999968403],[-97.85920899988741,30.500082000347575],[-97.85844700035439,30.500782999847324],[-97.85839299992772,30.500830999967217],[-97.857504999998,30.501610000326863],[-97.85677799972676,30.502235000154236],[-97.85610700043034,30.50281199994276],[-97.85601700001867,30.504030999937733],[-97.85586999970556,30.505961999931436],[-97.85576500012358,30.507401000179662],[-97.85704999971334,30.509049000365106],[-97.85709400009428,30.509102999875108],[-97.85893500025101,30.511349999763702],[-97.85897500043399,30.511398000085535],[-97.85900700022104,30.511438000335595],[-97.8590390000081,30.511477999795265],[-97.85917399972729,30.511640000379636],[-97.85940100040634,30.51191599992226],[-97.85972899957109,30.512314999650894],[-97.86479199973381,30.515695000104447],[-97.86721000037396,30.517309000275862],[-97.8687820000189,30.51932899990596],[-97.86922399988475,30.51989699968441],[-97.87141599967077,30.522713999970755],[-97.87131299973862,30.523399999698526],[-97.87127000008093,30.52368500027106],[-97.87123499992083,30.523921999703287],[-97.87120099958564,30.524148000220144],[-97.87117999966924,30.52428599974311],[-97.87113899966135,30.524560999974508],[-97.87112600014088,30.524646000099597],[-97.87111199989717,30.52474299974185],[-97.87086099982702,30.52642100038097],[-97.87071900043512,30.527374999695503],[-97.87048900028132,30.528914000314863],[-97.87036299988462,30.529764000377053],[-97.87035500038704,30.529815999771706],[-97.870352000014,30.52983499987094],[-97.87034299979315,30.529895000078447],[-97.87028500006681,30.530281000114908],[-97.8702259996173,30.53068300019035],[-97.870135000279,30.53129300014962],[-97.87010799961651,30.531471000100797],[-97.87007099980657,30.531718999689005],[-97.87005300026323,30.53183800036169],[-97.87003900001953,30.53193400008946],[-97.87002099957786,30.53205299972507],[-97.86994000028533,30.532604000013002],[-97.86963700033662,30.534641999977193],[-97.86962200026802,30.534738999698416],[-97.86930400025071,30.53684200009393],[-97.86910599988398,30.538146999988356],[-97.86906900007406,30.538395000327352],[-97.869029999716,30.53864999975979],[-97.86869099978227,30.540978000247556],[-97.86859600024604,30.541637999827596],[-97.86854099999447,30.542013999805217],[-97.86852199972789,30.542146000373965],[-97.8682620003352,30.543867999723695],[-97.86823300002288,30.544061999981935],[-97.86804600042514,30.5453069996279],[-97.86786599960176,30.54649900028921],[-97.86801299991485,30.546573999666904],[-97.86844800010803,30.546795000044064],[-97.86884499976807,30.54699700008523],[-97.87130199986798,30.548246999977643],[-97.8714309997394,30.548312999915783],[-97.87199700035217,30.548599999945555],[-97.8726629996257,30.548938999887763],[-97.87339200044507,30.549310999817646],[-97.87360300033227,30.549418000186478],[-97.8736479996398,30.549440999939492],[-97.87376900001362,30.549503000221915],[-97.87380199962557,30.54951999975593],[-97.87384099998364,30.549540000159507],[-97.87393600041818,30.54958800018294],[-97.87419699963579,30.549721000027212],[-97.8744850004142,30.549867000332828],[-97.87528999960492,30.550276000231715],[-97.8757459997145,30.55050600012534],[-97.8771530004013,30.55121500018908],[-97.8787879997954,30.55204000036436],[-97.88030799956178,30.55280600003225],[-97.88061899990642,30.552963000056952],[-97.88124099969735,30.55327700011814],[-97.88129500012403,30.553303999965085],[-97.88152699992762,30.553420999988763],[-97.88228900035894,30.55380499963074],[-97.88336899990927,30.552958000326186],[-97.88411999957162,30.55359299966168],[-97.88678500008399,30.55584300023206],[-97.88769499975501,30.55661199993622],[-97.88788600044903,30.558160000103072],[-97.88847899992766,30.56297399994168],[-97.88850900006489,30.56321399986342],[-97.88859600010352,30.563925000198292],[-97.88863200008853,30.56421899990415],[-97.88874699971626,30.56515100018659],[-97.88998600017356,30.565776999844765],[-97.890038999877,30.565802999958194],[-97.89033099995507,30.56595100029264],[-97.89066800023895,30.5661209999487],[-97.89145499988632,30.56651800034689],[-97.89282400003997,30.56517099968955],[-97.89332399963217,30.565074000205456],[-97.8942760000343,30.565012999945914],[-97.89495499972664,30.564970999833726],[-97.89578499993004,30.56491699966278],[-97.89623799966657,30.564883999930238],[-97.89681299960183,30.56547899971302],[-97.89706399967199,30.565615999939187],[-97.89822000028863,30.56688799996638],[-97.89829800010644,30.566973000170933],[-97.89836300040376,30.56708600029107],[-97.89867899987294,30.567412000023385],[-97.89969800022223,30.568467000051285],[-97.89994300044461,30.56871999997183],[-97.90012900021743,30.568914000060037],[-97.90245599972269,30.571327999795123],[-97.90327699970524,30.570976999877832],[-97.90390000021941,30.570721000212444],[-97.9039420000522,30.5707039997515],[-97.90401999987002,30.570671999740217],[-97.90405800040315,30.570656000117353],[-97.90427099994017,30.570567999824],[-97.90588000029332,30.57044900021441],[-97.90632499963394,30.570275000099972],[-97.91116299966576,30.56838000018909],[-97.91128900006245,30.56833100008119],[-97.91938599991016,30.56515999980874],[-97.91946100025324,30.565130999906064],[-97.92182499956839,30.564231000031075],[-97.9269849998155,30.56765400000353],[-97.9217969999793,30.5733129996422],[-97.91938799955999,30.5759390000498],[-97.91915099973352,30.57619799991173],[-97.91903299973274,30.576328000363997],[-97.91867500043078,30.576695999664217],[-97.91707399957521,30.57843999991903],[-97.91697700038915,30.57854599988477],[-97.9151229998136,30.58056700021537],[-97.9161220000714,30.581745999834013],[-97.91709600021484,30.582894999857782],[-97.92038299961982,30.58677399963501],[-97.92183499961413,30.590792000361954],[-97.92189499988861,30.59095800032139],[-97.92112900015762,30.59323300015954],[-97.9201490001664,30.59600300004542],[-97.92007999967112,30.596218000316338],[-97.92002699996766,30.59636900004879],[-97.91987899982966,30.596787000072958],[-97.9197979996388,30.59701700026431],[-97.91905399964914,30.599135999870626],[-97.91903799975562,30.59918199976524],[-97.918994000273,30.599307999667253],[-97.91896400013577,30.599393999837652],[-97.91811600038903,30.601838000244566],[-97.91794200031175,30.602368000103116],[-97.9176130004238,30.603286000020123],[-97.91706299970456,30.60487100022918],[-97.92191900017804,30.606353000309248],[-97.927886000164,30.60817400025485],[-97.9279849998982,30.608204000112465],[-97.93480899985173,30.61028600015781],[-97.93824799959268,30.613029000076367],[-97.94049999965316,30.614823999632055],[-97.94060799960819,30.61492399998548],[-97.94076800034009,30.615072999933858],[-97.9429879997152,30.61716200020058],[-97.94432699973162,30.61832999983146],[-97.9497399996987,30.62325099981584],[-97.95188299997925,30.625191000253942],[-97.95469999992926,30.627171999653044],[-97.95673400042988,30.628249000174232],[-97.96259000008774,30.62518999997045],[-97.96631099986098,30.623676000329183],[-97.97290300001092,30.62279299963821],[-97.97365299984837,30.622690000300654],[-97.97786700043942,30.62211399976342],[-97.97881800011834,30.621226999759482],[-97.97895500038568,30.62109899989135],[-97.98166799968033,30.618567999615166],[-97.98485700007431,30.615591999696857],[-97.98530899998593,30.615169999642124],[-97.98598199983047,30.614541999625366],[-97.98711900018056,30.613480999954128],[-97.99074500041755,30.610097000014534],[-97.99101499985599,30.609848999729213],[-97.99239999990314,30.609493999889725],[-97.99798899959734,30.61302400034984],[-98.0002950000845,30.6177940001248],[-98.00194500044553,30.62142499963275],[-98.00366299968032,30.623805000179495],[-98.0038300000849,30.62416699985395],[-98.00430200008802,30.62518999997045],[-98.00627600031416,30.62751599984474],[-98.00762000035344,30.62518999997045],[-98.00859299977365,30.623683000103775],[-98.01034600006686,30.6207589998547],[-98.01274100024249,30.616766999988975],[-98.01546799978081,30.61659599987118],[-98.016924999798,30.616504999965663],[-98.01772900006213,30.616454999845214],[-98.01908800017002,30.616256999856937],[-98.0203250000792,30.616077999682954],[-98.02118000039695,30.615953999934224],[-98.02161499969182,30.61589100000729],[-98.02969999984396,30.614723000329953],[-98.03649500038348,30.611726000145985],[-98.03959199981767,30.618552999746797],[-98.04029399997454,30.618203999936426],[-98.04458999968305,30.620802999644756],[-98.04750700009049,30.62267299967893],[-98.04988600037258,30.62415500018962],[-98.0511190000838,30.621857999884682],[-98.05238500030528,30.619501000312866],[-98.05329900017428,30.61779800001819],[-98.05470699978765,30.61517700003177],[-98.05478999962834,30.615022000231573],[-98.05674299993808,30.611385000010774],[-98.05813300000813,30.60879800032833],[-98.05820400015324,30.608665000312744],[-98.05839300029913,30.608312999826254],[-98.05921699975642,30.60677800000436],[-98.05969899980526,30.605880000318805],[-98.06155000000776,30.60243200006781],[-98.06646900023043,30.59326999965778],[-98.0665589997438,30.593102999950446],[-98.0666990003842,30.592841999938013],[-98.06725300040307,30.59181200010929],[-98.06740599966564,30.59152799989039],[-98.0674879996814,30.591374999854978],[-98.06771799983517,30.59094599963512],[-98.06830700001413,30.589850000285256],[-98.06851200005356,30.589468000020673],[-98.06873200016157,30.58905799997253],[-98.06875899992576,30.58900900026002],[-98.06876700032167,30.588993999680238],[-98.0687770003674,30.58897500033448],[-98.06879200043603,30.58894699970453],[-98.06883799956846,30.588861000315184],[-98.06896099959214,30.588631999986504],[-98.0693239998153,30.587956000010575],[-98.06971100032789,30.58723499973085],[-98.07070899986245,30.585375999746436],[-98.07090800005409,30.58500600028614],[-98.07106200003986,30.584718999673676],[-98.07130600043735,30.584265000289378],[-98.0715850000966,30.58374499978603],[-98.07190999978661,30.583139999705395],[-98.07241299975185,30.582202000096064],[-98.07252400007994,30.581997000002826],[-98.07261100011857,30.58183499999599],[-98.07263799988276,30.581785999725742],[-98.07264600027867,30.581771000348347],[-98.07265600032443,30.581752000360165],[-98.07282700002864,30.581433999802897],[-98.07284399974709,30.581402000238683],[-98.07288800012802,30.581320000195447],[-98.07293300033386,30.581236000154746],[-98.07367999979826,30.57984499991072],[-98.07425300008369,30.57877900002234],[-98.0745769999488,30.578174999884396],[-98.07491800043064,30.577537999783203],[-98.07540600032729,30.576630999706527],[-98.07579399976649,30.57590800023799],[-98.07885799958869,30.570199999700996],[-98.07894700017546,30.570034999856663],[-98.07896100041917,30.570009000104022],[-98.07902800036634,30.569884000095396],[-98.0798640004175,30.568327999789624],[-98.08000099978655,30.568072000094237],[-98.08001599985516,30.568043999615238],[-98.08008000032756,30.567925000003072],[-98.08040500001758,30.567321000331706],[-98.08046699994186,30.567205000159014],[-98.08195099972322,30.564441999828787],[-98.08344899974831,30.561653000036987],[-98.08460000034208,30.559509000231316],[-98.08940099966564,30.55056900000779],[-98.09045400035014,30.548606999728108],[-98.09051200007644,30.548498000183084],[-98.09347999963919,30.542973000193296],[-98.09439799970613,30.54126399992001],[-98.09446200017854,30.541144999963823],[-98.09524899982591,30.539680000134922],[-98.0970919996325,30.536248000044548],[-98.0994659998917,30.531828999971314],[-98.10126199984263,30.52848500010703],[-98.10340099992523,30.524447999875147],[-98.1036169998353,30.524040999866337],[-98.10505899978385,30.52132699970883],[-98.10528999976253,30.520891999633662],[-98.10665800009127,30.518306999923585],[-98.10761899981593,30.51651799970652],[-98.11235999976337,30.50769000024284],[-98.11303500015606,30.506434000359434],[-98.11510599956827,30.50257700012685],[-98.11638600003346,30.50019400010767],[-98.1168670002574,30.498705000359635],[-98.11778899962398,30.49705399964756],[-98.11899700011914,30.494896000101658],[-98.11910199970112,30.494696000273127],[-98.11981999975153,30.49333700007458],[-98.1207339996205,30.491606999982523],[-98.1212390001339,30.49064299987406],[-98.1217320000534,30.48970100010595],[-98.12312600032138,30.487040999904256],[-98.12342000004926,30.486482000133922]]]},"properties":{"GEOID":"48453","BASENAME":"Travis","STATE":"48","COUNTY":"453","AREALAND":"2575299585","NAME":"Travis"}}]}