{"type":"FeatureCollection","features":[{"type":"Feature","geometry":{"type":"MultiPolygon","coordinates":[[[[-70.93769100026424,42.27749899999913],[-70.9477210003302,42.282005999830425],[-70.96033999984223,42.28767600016453],[-70.96039199972077,42.28769900030306],[-70.9602729998951,42.2947559998234],[-70.96027100024526,42.29485800032083],[-70.96026700004731,42.295081000122856],[-70.96025700000155,42.29566100003719],[-70.96022199984145,42.29567599972925],[-70.9601270003052,42.29566300008493],[-70.95997499996925,42.2955840001441],[-70.95997400014433,42.29566300008493],[-70.96022699986433,42.29577600002146],[-70.96025500035174,42.29579399975158],[-70.96025100015378,42.29603699992314],[-70.96021500016876,42.298123000092296],[-70.96020599994795,42.29863900009786],[-70.96019199970424,42.29949800005],[-70.96142899961342,42.29954500028472],[-70.9651390004143,42.299686000114015],[-70.96637499960025,42.29973300020846],[-70.96822400015292,42.29980299997302],[-70.9737700001894,42.300014000083486],[-70.97561800001886,42.300084000200094],[-70.97569300036191,42.30008700006097],[-70.9759179995945,42.300094999689314],[-70.97599200011267,42.30009800021409],[-70.97626300027432,42.30048500027009],[-70.97707400021113,42.301646000119305],[-70.97734399964956,42.302032000039866],[-70.97825500004382,42.30333600003414],[-70.978718999651,42.304000999788094],[-70.98098900015314,42.30724899991237],[-70.98136800026981,42.307792000300665],[-70.98178099982337,42.30838200027259],[-70.98179599989199,42.30839400012685],[-70.98194400003,42.30851200023236],[-70.98691199975816,42.312256000116484],[-70.98869299964045,42.31359800030468],[-70.99859300001008,42.311998000307526],[-71.00209299985039,42.30869800032111],[-71.00354099964676,42.308039999811776],[-71.0091750004451,42.30547900004832],[-71.00918700014066,42.305489000055964],[-71.00924999988986,42.305503000196865],[-71.00946800034806,42.30540499980947],[-71.00987699970365,42.30522200023693],[-71.00990900038903,42.3052080000335],[-71.00994700002386,42.305193999827],[-71.0099910004048,42.30518000028176],[-71.01003200041266,42.30518000028176],[-71.01009299961372,42.30519100020945],[-71.01025599982036,42.30522499985302],[-71.01022099966023,42.30528900026559],[-71.01019899991894,42.30530699993389],[-71.01174799999764,42.30572200005018],[-71.0153929996029,42.30669800003798],[-71.01693599983383,42.30646399981758],[-71.01869300032499,42.30619800000407],[-71.02076600028533,42.30583200028671],[-71.02209299970788,42.30559800016917],[-71.02651900001104,42.307845999800584],[-71.0283950003279,42.3087989996783],[-71.02841399969616,42.30879399993758],[-71.02846899994775,42.30877999986423],[-71.02848599966619,42.3087759999376],[-71.03020799999724,42.30833999976834],[-71.03537300026721,42.30703300025055],[-71.03709399987505,42.306597999817384],[-71.03863200008311,42.30616299970014],[-71.04169400025549,42.30529799976819],[-71.04159399979807,42.30369200001872],[-71.04149400023896,42.302098000219736],[-71.04147199959932,42.30188300008418],[-71.04140800002523,42.3012389998587],[-71.04138700010883,42.3010250000507],[-71.04136799984227,42.30083899988136],[-71.04131299959067,42.30028299996414],[-71.04129400022241,42.30009800021409],[-71.04126999993296,42.3000530003004],[-71.04123399994796,42.299986000015025],[-71.04119799996295,42.29991799970208],[-71.04117500039672,42.29987400028122],[-71.04053599998903,42.29867000002918],[-71.03957799973914,42.2968670000227],[-71.03862000038754,42.29506200015562],[-71.03798199980477,42.29385999970294],[-71.03771900003903,42.29336499968544],[-71.03732400002882,42.29262200030252],[-71.03692900001862,42.29187800004472],[-71.03666600025288,42.291382999733784],[-71.03655599974971,42.291176000322935],[-71.03639199971818,42.29086599998109],[-71.03622699986174,42.29055600010717],[-71.03611800008179,42.29035000008026],[-71.03551300000929,42.2892110000906],[-71.03529399972618,42.288797999736424],[-71.03718000008878,42.28596999979045],[-71.03781799977322,42.285012000317444],[-71.03789399994122,42.28489800014701],[-71.03807999971406,42.284752000117116],[-71.03835800044672,42.28453399997072],[-71.03863700010598,42.28431500019516],[-71.03882299987882,42.284169999685105],[-71.03885200019113,42.28414700025189],[-71.03889499984884,42.284114000068],[-71.03893900022977,42.28407900011586],[-71.03896699981885,42.28405700019296],[-71.03902399972027,42.28401200011528],[-71.03907999979675,42.283965999795896],[-71.03917500023132,42.28389200019407],[-71.03929300023209,42.283798999798826],[-71.03940299983694,42.28362100031744],[-71.03946599958613,42.28351999978328],[-71.03973199972492,42.28309999976677],[-71.04049400015624,42.28189800032772],[-71.04051300042282,42.28183200024514],[-71.04065099961679,42.28135399969799],[-71.04070300039362,42.28117599995525],[-71.04078000038652,42.28091000032106],[-71.0408570003794,42.2806429999662],[-71.04090800043303,42.28046599980932],[-71.04099899977132,42.280150999911186],[-71.04113600003866,42.2796779999634],[-71.041273000306,42.27920499978822],[-71.0413639996443,42.27889099985818],[-71.04150099991165,42.278419000054996],[-71.04159399979807,42.27809800007143],[-71.04243300022229,42.27732899986232],[-71.04278200020175,42.27710199974656],[-71.04304199959442,42.276892999956445],[-71.04391299980571,42.276527000069365],[-71.04442099979383,42.27631300004053],[-71.04488000027645,42.276265999750464],[-71.04711600044341,42.277082999673446],[-71.04760199979192,42.277372999746255],[-71.0483120003447,42.27776599971828],[-71.04849100044486,42.277861999968174],[-71.04858299960804,42.27791399993162],[-71.04923799990925,42.27806399973932],[-71.04980199997385,42.278100000012245],[-71.05127099968662,42.277926000275],[-71.05259700018256,42.27766899967734],[-71.05328400027082,42.2775020002711],[-71.05349000013514,42.27742500011322],[-71.05391199990953,42.27726599992973],[-71.05440099963107,42.27701899983971],[-71.05491799984003,42.27660500032161],[-71.05524500007817,42.27634299999518],[-71.05546699983601,42.27592999969665],[-71.05558499983681,42.27570899990908],[-71.05557499979105,42.275051999997196],[-71.05538800019332,42.274696000297816],[-71.05534899983525,42.27462100008602],[-71.05499599965782,42.274167999833864],[-71.05410199988034,42.27344300016013],[-71.054072999568,42.2733959997238],[-71.0534940003331,42.27245799970997],[-71.05349299960989,42.27223800010784],[-71.05350699985358,42.272228999869064],[-71.05360499976287,42.27195400007818],[-71.05369099997658,42.27181599986392],[-71.05383599974155,42.2716989998647],[-71.05433399968392,42.271365999956394],[-71.05503900021385,42.270940999937295],[-71.05541099975953,42.2707160002529],[-71.05660099981303,42.2700599999064],[-71.05789200014887,42.26926900022955],[-71.05867799997132,42.26878599985207],[-71.06097900043564,42.2674539998997],[-71.06142299995132,42.26732500008033],[-71.06182800000727,42.26720799972215],[-71.06218899968229,42.267159000331496],[-71.06259999958604,42.26720600010048],[-71.06289099983917,42.267286000206646],[-71.06310199972637,42.26734399977145],[-71.0635129996301,42.26755999995051],[-71.06395299984615,42.2679759999828],[-71.0641040003572,42.26811799981281],[-71.064695000186,42.26860700005215],[-71.06493700003533,42.268970999835254],[-71.0650330002948,42.26928599977905],[-71.06501200037842,42.26946500030977],[-71.06482499988235,42.269741000094854],[-71.06478399987446,42.269851999797744],[-71.06474700006454,42.269954999838276],[-71.06478100039973,42.27016699999213],[-71.0649050002483,42.270390999881705],[-71.0650969998689,42.27065900022306],[-71.06525300040283,42.27080900001596],[-71.06528400036497,42.27083999968493],[-71.06545800044225,42.27100700012663],[-71.06576899988856,42.271200999960826],[-71.06603599985223,42.2712680002891],[-71.06641400014401,42.271319999711004],[-71.0669549997441,42.27140400022051],[-71.06728100015732,42.271449999739865],[-71.06752200018175,42.27150500023382],[-71.06770399975662,42.27149000010386],[-71.06777999992461,42.27142099985892],[-71.06781500008472,42.27139600027176],[-71.06783299962807,42.271368999855646],[-71.06795400000189,42.27116900005674],[-71.06797300026845,42.27114899977605],[-71.06813999977473,42.27099999987819],[-71.06837499995137,42.27082700023303],[-71.06841400030942,42.2708060000901],[-71.06850200017297,42.27077499973966],[-71.06869299996868,42.270732000321956],[-71.0687780003575,42.2707099997274],[-71.06884500030465,42.270695999828476],[-71.069010999986,42.27066200015596],[-71.06925299983534,42.2706490000026],[-71.06930200023915,42.270643999891774],[-71.0694600004229,42.270632000155985],[-71.06970999976983,42.27061099994805],[-71.06978400028798,42.270605000077296],[-71.07041500029975,42.270613000126446],[-71.07060799974528,42.27062999997819],[-71.07093099978546,42.27070899997214],[-71.07102700004494,42.270728999727694],[-71.07104999961116,42.27073699976112],[-71.07120500032018,42.27080300016405],[-71.07134599988717,42.270836999760505],[-71.07167999979801,42.27085499996958],[-71.07204399984609,42.270817000039216],[-71.07243100035869,42.27068700003424],[-71.07271400021591,42.2705280001341],[-71.07289800033892,42.27038200004398],[-71.07298600020246,42.27034000011931],[-71.07304200027896,42.270331000274254],[-71.07313099996742,42.27032499971211],[-71.07320899978524,42.27031599986491],[-71.07322600040199,42.270313999677086],[-71.0732640000368,42.27031700029115],[-71.07329499999896,42.27030999996603],[-71.07358999955173,42.27029300002799],[-71.07371000010065,42.270285999700256],[-71.07400100035377,42.27029000007753],[-71.07448699970227,42.270318000052626],[-71.07456799989313,42.27031599986491],[-71.07477899978032,42.27030900020443],[-71.07489400030639,42.270303000304935],[-71.07505599978977,42.27027699984749],[-71.07524599976057,42.27029999969021],[-71.07563099972504,42.27046099968397],[-71.07605400022265,42.27052399977188],[-71.07649199989056,42.27050900007321],[-71.07685599993863,42.27045499979894],[-71.0771079998337,42.270382999804426],[-71.07757800018699,42.27015399973672],[-71.0778459999756,42.27001799976718],[-71.07809799987066,42.2699160002622],[-71.07815800014514,42.26989199984635],[-71.07827799979573,42.26982500004969],[-71.07840500001734,42.269753000000314],[-71.07849700007884,42.26971899981915],[-71.07857099969868,42.26969100024272],[-71.07871499963873,42.269636999932374],[-71.07874800014902,42.26962599977733],[-71.07887600019554,42.269581999802625],[-71.0790710001892,42.26954699975554],[-71.07919900023572,42.2695360002495],[-71.07986000038471,42.26947100028908],[-71.08000299960152,42.26946399987001],[-71.08032099961885,42.26944699970381],[-71.0808520000715,42.26932199974838],[-71.08151300022048,42.26902500005134],[-71.08224100031663,42.26875700007494],[-71.08248700036394,42.26866999999885],[-71.08249900005949,42.26866399994334],[-71.08261399968723,42.268641999956465],[-71.08276100000032,42.26863400032192],[-71.08338100014142,42.26868800016198],[-71.08424099958371,42.26882699969755],[-71.08539499965221,42.26904399989484],[-71.08557899977524,42.269086000018284],[-71.08572299971527,42.26911900009564],[-71.08672199997308,42.26932900018317],[-71.0869770002412,42.26937799988137],[-71.08763099981918,42.26952400030278],[-71.0877510003681,42.269554999938975],[-71.08810500037042,42.26963099996892],[-71.08867199990976,42.26973299993507],[-71.08914999976066,42.269741999865516],[-71.08917200040027,42.26973800011816],[-71.08940300037895,42.269689999806495],[-71.08950399976298,42.26966899994952],[-71.08982000013047,42.26953900023585],[-71.09003799969037,42.26932199974838],[-71.09019099985125,42.26907600021297],[-71.09021099994273,42.26898500011732],[-71.09015300021642,42.26882899993251],[-71.08996700044356,42.268416000251065],[-71.08991399984183,42.268239000319],[-71.08985699994041,42.268052999719636],[-71.08985699994041,42.26795800028113],[-71.08985699994041,42.26794600003401],[-71.08985899959022,42.26777600005428],[-71.08987200000901,42.26774500020798],[-71.08998800035995,42.26747300021672],[-71.09003600004054,42.26715799985513],[-71.09015900006419,42.266838999982554],[-71.09023799970691,42.26667199979941],[-71.0902579997984,42.26663899977055],[-71.09049600034807,42.266552000095224],[-71.09081699984013,42.26648000029602],[-71.09102299970445,42.2665079999692],[-71.09132300017842,42.26659499970525],[-71.09180199985424,42.2666789998637],[-71.09229999979658,42.266732000230576],[-71.09262600020983,42.266729000110686],[-71.092941999679,42.26684600002831],[-71.09312900017507,42.267000999988284],[-71.09341000038248,42.267082000167406],[-71.09350099972075,42.26709499972685],[-71.0937359998974,42.26713600000739],[-71.09390800032484,42.26713999991984],[-71.09394199976173,42.26713800029607],[-71.09413099990762,42.26713200009474],[-71.09438500035083,42.26699200033128],[-71.09459399968989,42.266792999757286],[-71.09463300004792,42.26677099978221],[-71.09464800011655,42.26667999968293],[-71.09467400005582,42.266648999962406],[-71.09471000004083,42.266607000209596],[-71.09477799981289,42.26651299974331],[-71.09491099988229,42.2662890000333],[-71.09495600008813,42.26622700019256],[-71.09507599973873,42.266034999998666],[-71.09525599966378,42.265786000102025],[-71.09544900000763,42.265574999676126],[-71.09568500000917,42.265350999957164],[-71.09585300023868,42.26523099973281],[-71.09616399968499,42.265004999764955],[-71.0964320003719,42.26473699998262],[-71.09675200003903,42.26433800006882],[-71.09692000026851,42.26398300021374],[-71.09721800019436,42.26346300004794],[-71.09748299960991,42.26308900028155],[-71.09774000042619,42.26293099971003],[-71.09789900043484,42.262882000319166],[-71.09820599968317,42.26277999990472],[-71.09850399960901,42.26272399989379],[-71.09886400035745,42.26259000028303],[-71.09911799990235,42.262372999808264],[-71.09957099963889,42.261955000244726],[-71.09980099979263,42.26176799982271],[-71.10023599998583,42.26143200026628],[-71.10073099955515,42.26106999998304],[-71.10105500031857,42.260841999902325],[-71.10129499961975,42.26067499978956],[-71.10131300006142,42.260664999979795],[-71.10135200041948,42.26064299986079],[-71.10142299966628,42.26060399984254],[-71.1014589996513,42.260581999702254],[-71.10185299983658,42.26037600007129],[-71.10215499996038,42.26019100012925],[-71.10227600033421,42.26009799999288],[-71.10240799968038,42.26002299969722],[-71.10269100043591,42.25988400003035],[-71.10300400043036,42.25978499987034],[-71.1031419996243,42.25975200022568],[-71.10328499973944,42.25972999978812],[-71.1033819998238,42.259721999687564],[-71.1034300004027,42.25972500014094],[-71.1036060001298,42.25972300028192],[-71.10367200025203,42.25972300028192],[-71.10373500000122,42.25973300024112],[-71.10382700006274,42.25975599994175],[-71.1038739999184,42.259764000038004],[-71.10392900016998,42.259781000156096],[-71.10396299960686,42.25981000007318],[-71.10406200023937,42.259862000303706],[-71.10418899956267,42.25998599981103],[-71.10437699988364,42.26020399977991],[-71.10454099991517,42.26046899979758],[-71.10475600000034,42.26066400006518],[-71.10500100022271,42.26080399991952],[-71.10525999979048,42.260855999995165],[-71.10554099999787,42.26087199990757],[-71.10559500042456,42.26086200012901],[-71.10563399988429,42.26086200012901],[-71.10566200037171,42.26086200012901],[-71.10574299966424,42.26086300004044],[-71.10577000032673,42.26086300004044],[-71.105788999695,42.26086300004044],[-71.10588699960428,42.26086300004044],[-71.10607900012322,42.260842999814066],[-71.1063319998432,42.26079799978015],[-71.10674100009712,42.26072400023078],[-71.10702599960418,42.260679000111935],[-71.10746099979734,42.26065199975928],[-71.1076049997374,42.260673999875145],[-71.10792600012776,42.2607879999899],[-71.1081260001443,42.26088099977338],[-71.1083370000315,42.26105900032757],[-71.10840499980355,42.26111599973025],[-71.10847299957562,42.26117299974625],[-71.10868199981297,42.26126299991151],[-71.10895399979955,42.261296000095065],[-71.10914999961813,42.26129400028588],[-71.10923500000695,42.26127799981576],[-71.10928400041074,42.261278999720595],[-71.1095139996662,42.26127500010112],[-71.10960999992567,42.261267000196575],[-71.10984799957706,42.261233999997884],[-71.1099859996693,42.26119999987581],[-71.11008199992878,42.26118799967192],[-71.11022400021899,42.26116300001542],[-71.11032499960302,42.26113200024148],[-71.11046500024342,42.2611240003188],[-71.11075399994841,42.26104099998065],[-71.11110100027805,42.26091599997806],[-71.11146000030325,42.26076900031751],[-71.11165899959656,42.260631000215746],[-71.11186700000903,42.26040999997284],[-71.11214499984338,42.26003999974549],[-71.11235400008074,42.2598380000492],[-71.11256099977,42.2596190002135],[-71.1127580003118,42.25945699985475],[-71.113005000184,42.25925500028543],[-71.11327600034565,42.25903100005239],[-71.11332599967605,42.258989999819704],[-71.1132599995538,42.25892600023024],[-71.113153000322,42.25882699989583],[-71.11312200035985,42.258797000247355],[-71.11310700029125,42.25878299969732],[-71.11300900038195,42.25868900019786],[-71.11295099975733,42.25863399982455],[-71.11262000021952,42.2583209997485],[-71.11257699966352,42.258277999814204],[-71.11249700019589,42.25819700029126],[-71.11246799988356,42.25817599993014],[-71.11243299972348,42.2581499997899],[-71.11240099993643,42.25812299968403],[-71.11239199971558,42.25811599999945],[-71.11236900014937,42.258080000279605],[-71.11139099980797,42.25715200011259],[-71.11085799970549,42.25665400031315],[-71.11043099990823,42.25624999985629],[-71.10973200012441,42.25558899993273],[-71.10954399980342,42.25541199989272],[-71.109527000085,42.254754999862826],[-71.10952399971195,42.25465500028433],[-71.10950100014573,42.253782000248336],[-71.10948799972694,42.25332699978361],[-71.10946500016071,42.25240999999257],[-71.10946199978768,42.25210500001437],[-71.10942800035079,42.25101400019038],[-71.1094070004344,42.25023399981942],[-71.10937700029716,42.24912100006698],[-71.10936499970329,42.248550999699944],[-71.10935899985552,42.24838900016762],[-71.10934899980975,42.248040000315704],[-71.10934700015993,42.24798999987771],[-71.10993100031602,42.2476849998058],[-71.11028600014328,42.2475030002421],[-71.11093700024654,42.24717699977668],[-71.11177699959735,42.2467339998404],[-71.11205699997983,42.24658500009486],[-71.11216400010996,42.2465290003316],[-71.11261400037174,42.2462960001654],[-71.11298500009251,42.246103999795565],[-71.11326799994973,42.24594800018698],[-71.1134489996997,42.245863000190994],[-71.11445999965305,42.24533800010288],[-71.1145629995852,42.24528400021466],[-71.11464899979894,42.245241000036586],[-71.11507099957332,42.24502200005137],[-71.1152019999929,42.24495499976132],[-71.11539799981148,42.24485200010962],[-71.11615500021995,42.24445999992965],[-71.11640899976483,42.24432799976197],[-71.11652900031375,42.24427399967423],[-71.11942300025666,42.24276500032826],[-71.11964400018961,42.2426500000201],[-71.1199339997195,42.24250099993945],[-71.12052200007356,42.24219499972373],[-71.1213890000869,42.2417419999006],[-71.12211700018302,42.24136899988605],[-71.12254800017824,42.241143999747145],[-71.12566999972678,42.239526999753316],[-71.12580199997126,42.23945499968947],[-71.12637699990651,42.23916199999545],[-71.12629599971567,42.23906299989578],[-71.12614099990498,42.23891799969782],[-71.1260789999807,42.238795000264005],[-71.12602499955402,42.23869899971201],[-71.12595099993419,42.23856500026306],[-71.12587399994129,42.2384079997029],[-71.12576900035928,42.23820099986696],[-71.12570400006197,42.2379719999706],[-71.12568099959744,42.23790099973813],[-71.12554000003043,42.237780999819286],[-71.12547499973311,42.23773900012634],[-71.12538100002178,42.23767900004144],[-71.1252420001046,42.237625999863525],[-71.12509099959355,42.237565999671176],[-71.12504299991298,42.23754900021595],[-71.12500899957779,42.237537000167436],[-71.12485299994218,42.237476000273304],[-71.12476300042883,42.237429000292884],[-71.12468899991066,42.23736500010757],[-71.12461199991778,42.23726000013058],[-71.12454599979552,42.23714900025],[-71.12445700010706,42.23686099995494],[-71.12423600017412,42.23654600030956],[-71.12408399983815,42.23638799974753],[-71.12381299967652,42.2361829998768],[-71.12347799994076,42.235926000035725],[-71.12333900002358,42.23585300021091],[-71.1232700004266,42.235777999683386],[-71.12296499992976,42.23557600009844],[-71.1227549998675,42.23542400032684],[-71.12267299985172,42.2354059999796],[-71.12263799969163,42.23537999976457],[-71.12261799960012,42.23531000025793],[-71.1225170002161,42.23519900027301],[-71.12247500038332,42.23504999989041],[-71.12246399961434,42.2349310001937],[-71.12248399970582,42.2348470003118],[-71.1225659997216,42.234765999963535],[-71.12258099979022,42.234707999699545],[-71.12259900023187,42.23464299975319],[-71.12260199970662,42.23451500031795],[-71.12260400025474,42.234436999869665],[-71.12264000023976,42.23437600030468],[-71.12273800014904,42.23431500001556],[-71.12282500018767,42.234285999682974],[-71.12287100021845,42.2342710000103],[-71.12288999958669,42.234265000007234],[-71.12293800016559,42.23424899999617],[-71.12313200033435,42.23423099997891],[-71.12337599983351,42.23425299999933],[-71.12360699981218,42.23428900001615],[-71.12381100002669,42.234321000013885],[-71.12405299987601,42.23432199968102],[-71.124233999626,42.23428500001532],[-71.1243960000077,42.23420299994188],[-71.12446200012994,42.23416099986299],[-71.12449800011494,42.234122999767514],[-71.12458699980341,42.234011999690225],[-71.12467899986493,42.23384099967451],[-71.12471900004789,42.23374500023272],[-71.12471499984993,42.233640999896735],[-71.12466200014647,42.23350500032436],[-71.12460799971981,42.23331100024136],[-71.124529999902,42.233217999712416],[-71.12451099963542,42.23315700029947],[-71.12450300013782,42.23309299977251],[-71.12452400005421,42.232904000196754],[-71.12458299960545,42.23277900030016],[-71.12474499998714,42.232621999978164],[-71.1248479999193,42.23256000029418],[-71.1248810004296,42.23253999973946],[-71.12497299959279,42.232469000047],[-71.12506399982937,42.232359000084635],[-71.12511900008097,42.23223100000808],[-71.12523000040905,42.23205700004888],[-71.12535199970947,42.2319370003251],[-71.1254379999232,42.23189999992638],[-71.12547700028124,42.231881999904296],[-71.12563700011482,42.23187299989139],[-71.12581399966683,42.231868999737394],[-71.1259519997591,42.23181699970802],[-71.12604999966838,42.23175600027131],[-71.12616400036951,42.23163500026564],[-71.12622299992074,42.23152799997938],[-71.1263889996021,42.231370999871295],[-71.12660899971013,42.23126399980264],[-71.12678100013757,42.23122599995841],[-71.12699700004764,42.23122699967451],[-71.12721999963041,42.23120700002771],[-71.12741999964693,42.231176000163515],[-71.12753000015012,42.23111500010733],[-71.12764399995294,42.23095900002264],[-71.12775500028101,42.2307810003249],[-71.12796199997024,42.23054400029946],[-71.12807800032121,42.23037199980515],[-71.12825200039848,42.2301839997961],[-71.1285000000956,42.23000200030118],[-71.12867599982269,42.22987900011875],[-71.12875199999068,42.22983600008498],[-71.12880300004429,42.229803000070135],[-71.12886400014366,42.229721000160104],[-71.12888900025801,42.2296470000687],[-71.12890599997645,42.229510999872254],[-71.12895399965703,42.22931599973964],[-71.12906800035816,42.22913899981406],[-71.12920200025246,42.22896700014744],[-71.12935600023826,42.22885499989606],[-71.12945900017041,42.22879799994122],[-71.1294859999346,42.228781999874634],[-71.12967400025556,42.228754000080954],[-71.12995600028789,42.22873099971848],[-71.13010100005285,42.22866799978167],[-71.13019099956621,42.22859500020919],[-71.1302679995591,42.22850100028909],[-71.13034700010013,42.22831599998095],[-71.13052500037534,42.228090000098426],[-71.13065800044474,42.22798400022207],[-71.13069799972939,42.2279519996722],[-71.13071799982087,42.22793600005636],[-71.13074899978304,42.227910999858594],[-71.13077100042264,42.22792599971239],[-71.1308450000425,42.227976000086144],[-71.13097300008901,42.22806299976401],[-71.1311120000062,42.22815699967114],[-71.13120900009055,42.22822200031054],[-71.13130500035004,42.22828700021786],[-71.13146900038157,42.22839799972062],[-71.13151100021436,42.22842700009786],[-71.13181099979,42.22862899994769],[-71.1319370001867,42.228715000300085],[-71.13219499992957,42.228898999685924],[-71.13243400030419,42.22905099987304],[-71.13251700014484,42.22910399993537],[-71.13263299959749,42.22918500023325],[-71.1330219997599,42.22944899979311],[-71.13582100016657,42.23134000008765],[-71.13666499971536,42.23191000030593],[-71.1368720003029,42.23205000013223],[-71.13709800025872,42.23220899994799],[-71.13805200031067,42.23285500009119],[-71.1382449997562,42.23298100019078],[-71.13876799981294,42.23333600029581],[-71.13924099964095,42.23365999975987],[-71.14002900001155,42.23418899991867],[-71.1409479999034,42.23481000028881],[-71.14159200033396,42.23524599991892],[-71.14213999960673,42.235615999942475],[-71.14239200040011,42.2358010001384],[-71.14268100010513,42.235998000135524],[-71.14274700022736,42.23632199990075],[-71.14276099957274,42.23639200028021],[-71.1428009997557,42.23659199998631],[-71.14284500013665,42.2368289999149],[-71.14287799974862,42.236971000051895],[-71.14299599974937,42.23754799993488],[-71.14307000026754,42.237907999670895],[-71.14309100018393,42.23801299989986],[-71.1431940001161,42.238510999898445],[-71.14336200034559,42.239346000184675],[-71.14340099980532,42.23953900008848],[-71.1434269997446,42.23967199988196],[-71.14343699979034,42.239722000261885],[-71.14344699983607,42.23977500000947],[-71.14349799988972,42.24006500012397],[-71.14366399957107,42.24083400001492],[-71.14381199970907,42.24155399984259],[-71.14382400030296,42.24161499978482],[-71.14385600009001,42.241772999895254],[-71.14386899961048,42.24184099978732],[-71.14406899962702,42.24281899971252],[-71.14439400021534,42.24441400000334],[-71.14453499978234,42.24510699985049],[-71.14454300017826,42.245144999981804],[-71.14455300022401,42.245189999880175],[-71.14457199959227,42.24528400021466],[-71.14472099955518,42.245992000030384],[-71.14493800018847,42.2470000000687],[-71.14500900033359,42.2473439997258],[-71.14536800035879,42.24901199997158],[-71.14559699978933,42.25009599993625],[-71.14612700041707,42.252964000143784],[-71.1463059996189,42.25393300032449],[-71.14639199983262,42.25439699986821],[-71.1466150003137,42.255605999846566],[-71.14664200007788,42.25575500022503],[-71.1477359998719,42.25625299980998],[-71.14873400030481,42.25670699979923],[-71.14942800006575,42.257023999797326],[-71.15038600031565,42.257460000180416],[-71.15158200021695,42.258004000286405],[-71.15211799979416,42.25824699995161],[-71.1523119999629,42.258335999687745],[-71.15315800005983,42.25791000029061],[-71.15421300039411,42.2573719998396],[-71.15522400034747,42.25685800018583],[-71.1559580002914,42.2564849997852],[-71.1562810003316,42.25632200003509],[-71.15669899990802,42.25610899987755],[-71.1573940003922,42.25575700020984],[-71.15812900016104,42.25538499994442],[-71.15829700039053,42.25529900003191],[-71.15858400044571,42.25515499991582],[-71.16042399987924,42.256625000274425],[-71.16082399991231,42.25694899983473],[-71.16098999959367,42.25708200015936],[-71.16155899968115,42.25754199994923],[-71.16157399974976,42.25754599980549],[-71.16166599981128,42.25762900009006],[-71.16301599969833,42.25871799995229],[-71.1631310002244,42.258811000129384],[-71.16339300016521,42.259022999863134],[-71.1648569998551,42.260181000242675],[-71.16647700007891,42.26146899996876],[-71.16686399969319,42.26177700022545],[-71.16699199973972,42.26187799970792],[-71.1672229997184,42.26206200012649],[-71.16739299959771,42.26219700008489],[-71.16836799956609,42.262972999917444],[-71.16849599961259,42.263074000143305],[-71.16860399956761,42.2631600000896],[-71.16874800040597,42.26327399969849],[-71.17066200035765,42.264813999686936],[-71.17102800005556,42.26511000010084],[-71.17104800014704,42.265124999754626],[-71.17120899980551,42.26525499992892],[-71.17132199978344,42.26534600009089],[-71.17132299960834,42.265690999906305],[-71.17137899968483,42.26590500010325],[-71.17143700030948,42.26598999968169],[-71.17154100006654,42.26614200026888],[-71.17169500005234,42.2662779999588],[-71.17179600033467,42.26633300031218],[-71.17183200031968,42.266346999850605],[-71.1720160004427,42.26639299973647],[-71.17210400030625,42.26642400024762],[-71.17214899961377,42.26643600011973],[-71.1724249997983,42.266507000147286],[-71.17246499998127,42.266515999873526],[-71.17279499969415,42.26654400019545],[-71.17315799991731,42.26661900004683],[-71.17318200020675,42.266626000117064],[-71.17333000034478,42.2666450000188],[-71.17355999960022,42.26670499981093],[-71.17368900036996,42.26675599985526],[-71.17390199990699,42.26687599983586],[-71.17392399964828,42.26688900010258],[-71.17415399980206,42.26702100025555],[-71.17431700000867,42.26717899988386],[-71.17444099985724,42.26734299996275],[-71.17452600024606,42.267607999889805],[-71.17457999977441,42.267823999829055],[-71.17459599966793,42.267893999822945],[-71.17460499988876,42.26807300031796],[-71.17460200041403,42.268136000133566],[-71.17460900008672,42.268372999888896],[-71.17450100013168,42.268651000042674],[-71.17431500035885,42.268855000322475],[-71.17428799969636,42.26888499983872],[-71.17416200019798,42.26899400015455],[-71.17381499986833,42.26924500023211],[-71.17366099988256,42.269333999733554],[-71.1735589997753,42.26941000003001],[-71.17352899963808,42.269437999731245],[-71.17347699975953,42.26949800018872],[-71.17342400005609,42.26956900009132],[-71.17321599964363,42.26977699980433],[-71.17302200037318,42.270025999890834],[-71.17296399974855,42.27013300003428],[-71.1729529998779,42.27029800016666],[-71.17299100041103,42.27043400019677],[-71.17315399971933,42.27067000019788],[-71.17318399985658,42.27069899975962],[-71.17334200004032,42.270849000122055],[-71.17341200036051,42.27091300023895],[-71.17352699998825,42.271113999934265],[-71.17358300006475,42.271415000065275],[-71.17359800013337,42.27144899999634],[-71.17361599967671,42.271470999668225],[-71.17370600008839,42.271693000097464],[-71.17385900024927,42.27198699998351],[-71.17403999999924,42.27226599988227],[-71.1743270000544,42.27261700005924],[-71.17461300028468,42.273011999880765],[-71.17474999965371,42.273321999672945],[-71.17482199962373,42.273530000295466],[-71.1748469997381,42.273729000206934],[-71.17485699978384,42.27380900001097],[-71.17484500008827,42.27405899982427],[-71.17482499999679,42.27420099990936],[-71.1748199999739,42.27421899982244],[-71.17477200029333,42.274330000280465],[-71.17461099973654,42.27457900032724],[-71.17451299982727,42.27478099998683],[-71.17441800029101,42.27504199980903],[-71.17443800038248,42.275298999820556],[-71.17446799962141,42.27537199986292],[-71.17451000035251,42.27547199982006],[-71.1745649997058,42.27557600032505],[-71.17460499988876,42.27566300017462],[-71.17476399989742,42.275841999877095],[-71.17497200030988,42.27600400000871],[-71.175444000313,42.276243000090744],[-71.1759320002096,42.27646500032834],[-71.17636400002974,42.27664500007264],[-71.17678099978127,42.276799000206445],[-71.17692399989642,42.27683699985358],[-71.17710899984432,42.27685900030348],[-71.17746100019683,42.276867999881034],[-71.17855300034104,42.276709999946306],[-71.17913900014698,42.276598999692084],[-71.17976500013584,42.276487000243435],[-71.18040700001826,42.27637000027452],[-71.18124200024455,42.27620599975358],[-71.18249500004723,42.275965999859295],[-71.18277999955426,42.275880000101225],[-71.18289500008032,42.27585300027669],[-71.18304800024119,42.27585300027669],[-71.18315899967097,42.27591299994498],[-71.18325699958025,42.27599300030017],[-71.18349299958182,42.27639699987761],[-71.1837880000329,42.27690299985085],[-71.18386400020088,42.27702800005914],[-71.183887999592,42.27706899986075],[-71.1839289995999,42.27713999987561],[-71.1845479999161,42.27819700005441],[-71.1846530003964,42.27837500023675],[-71.18477600042004,42.2785839997643],[-71.18495200014713,42.278883000195144],[-71.18500200037585,42.27896899984294],[-71.18503599981271,42.27902800024449],[-71.18505699972911,42.279076000090996],[-71.18510000028515,42.27913700030019],[-71.18524800042314,42.27938999976382],[-71.18529199990576,42.27946599989817],[-71.18530699997437,42.279496999961644],[-71.18531600019521,42.279519999763046],[-71.18535700020308,42.27959099967492],[-71.18542300032534,42.27964100031377],[-71.18551100018888,42.279681999744604],[-71.18598999986467,42.279770999795154],[-71.18706000026759,42.28003400009862],[-71.18711200014612,42.28005100006785],[-71.18718400011613,42.28005600009702],[-71.1872309999718,42.28006400027578],[-71.18745199990475,42.28014099986752],[-71.18777300029511,42.28022699979233],[-71.18799500005296,42.28032700002095],[-71.18802199981714,42.2803389999048],[-71.18809499961208,42.28037599980921],[-71.1881669995821,42.28041200009051],[-71.18821199978792,42.2804379996901],[-71.18831999974297,42.280500000174676],[-71.18839599991095,42.28055599968088],[-71.18866200004973,42.28069900000994],[-71.18908399982413,42.28090799980486],[-71.18952900006305,42.28111700023574],[-71.18992999992105,42.28128899996223],[-71.19025200013631,42.28149799979397],[-71.19050999987917,42.2816479997102],[-71.19075299955342,42.28184000019841],[-71.19097400038467,42.28212400020781],[-71.19113099984519,42.2823639999104],[-71.1912299995794,42.28265199980899],[-71.19124700019616,42.282992000145505],[-71.19124899984597,42.283037999846854],[-71.19124800002105,42.28307999994933],[-71.19124700019616,42.28317400029883],[-71.1912429999982,42.283464000252984],[-71.19122000043197,42.28360399998225],[-71.1911319996701,42.28412100018902],[-71.19110099970796,42.28426199999244],[-71.19100299979868,42.28468699989935],[-71.19088899999585,42.285126000281636],[-71.19084100031527,42.28549099988119],[-71.19088599962281,42.28582300007105],[-71.1911380004162,42.28619999971653],[-71.19179600019214,42.28692000000865],[-71.19211699968419,42.28727699992063],[-71.19219899969997,42.28734300028033],[-71.19229199958639,42.28741799997079],[-71.19261499962657,42.28767799980128],[-71.19269599981742,42.287725000218416],[-71.19308699962967,42.28795099979747],[-71.19321999969907,42.28801399967968],[-71.19330300043805,42.288044000044515],[-71.19342399991356,42.28808799975626],[-71.19365999991513,42.28817299998833],[-71.19380499968008,42.288212999706076],[-71.19396399968873,42.28823600031308],[-71.19429000010199,42.28828300031394],[-71.19440200025497,42.28828100003179],[-71.19449400031647,42.28828300031394],[-71.19465900017292,42.28827800027308],[-71.19500599960423,42.288164000031735],[-71.19526800044336,42.287964999850594],[-71.19552399963808,42.28757199969325],[-71.19562599974535,42.287258000257395],[-71.19567400032423,42.286828999759614],[-71.19569100004267,42.28648100016539],[-71.19579300014992,42.286195999684566],[-71.19608600005287,42.28597399983677],[-71.1963549996664,42.2859570001365],[-71.19673200013327,42.28607800028795],[-71.19693100032488,42.28621000012768],[-71.19738400006142,42.28648500017926],[-71.19799800035474,42.28677299984774],[-71.19838199959598,42.286950999727544],[-71.19871999970479,42.287082999731716],[-71.19930399986089,42.287272999957054],[-71.19961799968024,42.28741100021611],[-71.20001799971332,42.28759499986973],[-71.20023299979849,42.287725000218416],[-71.2003399999286,42.2877899999599],[-71.20050599960996,42.28792700026878],[-71.20108300009336,42.28840299984587],[-71.20120299974396,42.28847399971606],[-71.20134400020926,42.28855799995518],[-71.20159000025656,42.28863300019274],[-71.20199000028965,42.28862800017966],[-71.20224700020759,42.28861200000229],[-71.20253300043787,42.28859499968483],[-71.20264899989049,42.28858900019712],[-71.20297500030374,42.28857400014626],[-71.20337500033682,42.28862099989488],[-71.2035770000032,42.2886760000228],[-71.2037750003699,42.288729999968744],[-71.20418999957329,42.288884999937984],[-71.20456600021524,42.28904600029968],[-71.20470400030749,42.289138000131715],[-71.20495700002748,42.289303999806535],[-71.20506099978456,42.289400999878374],[-71.2052399998847,42.289568000309785],[-71.20531199985471,42.28968200000382],[-71.20542400000771,42.28986000030272],[-71.20546300036577,42.28999999977369],[-71.2055150002443,42.29018600006101],[-71.20554000035868,42.29030999972594],[-71.20556700012285,42.29044300010806],[-71.20558800003926,42.290990999734454],[-71.20558600038943,42.291376999847095],[-71.20558399984128,42.291710999757136],[-71.20560899995566,42.291834999742406],[-71.2056130001536,42.29185400001871],[-71.20561900000139,42.29188199971593],[-71.20567500007787,42.29216300006997],[-71.20579599955339,42.29250599980101],[-71.20605400019458,42.29339799967475],[-71.20634999957225,42.29426699981519],[-71.20648900038775,42.294526999948495],[-71.20660099964243,42.29473699975811],[-71.20677700026783,42.295067999691234],[-71.20699099962977,42.29544499982262],[-71.2071050003309,42.295720000090014],[-71.20721900013372,42.29610899984313],[-71.20737099957137,42.296526000141704],[-71.20753799997594,42.296857999979395],[-71.20775700025906,42.29705299996477],[-71.2078519997953,42.29713900005951],[-71.20788100010762,42.29715700006446],[-71.20829700003422,42.297437000143525],[-71.20870299991509,42.297693999839375],[-71.20915599965161,42.297981000098325],[-71.20946899964606,42.29817999986415],[-71.20966299981481,42.29830299975551],[-71.21047700012468,42.29883099996309],[-71.21095999999845,42.299214999930676],[-71.2113430003131,42.299495000161066],[-71.21156500007095,42.299730000330726],[-71.2116880000946,42.299908000138394],[-71.21177900033119,42.30006199988707],[-71.2118160001411,42.30018500008884],[-71.21185499960087,42.30036499983755],[-71.21182299981382,42.30063899993639],[-71.21176799956221,42.30093600012752],[-71.21163500039113,42.301324000282264],[-71.2114639997886,42.30164899990576],[-71.21143100017666,42.30175700009617],[-71.21142199995582,42.30178799982129],[-71.21129599955911,42.30213300012594],[-71.21125299990142,42.302266000123694],[-71.21120500022083,42.30260800006171],[-71.21123500035806,42.302881999701334],[-71.21128899988642,42.303106000227864],[-71.21133499991717,42.30330000022971],[-71.21139400036672,42.30343400032029],[-71.21145399974287,42.30358100013126],[-71.21148700025314,42.303662999695945],[-71.21150499979647,42.30366699994745],[-71.21152499988797,42.303724999911616],[-71.21155000000233,42.303766000277896],[-71.21159900040614,42.30384699970775],[-71.21165399975939,42.30393600016682],[-71.21179699987454,42.30417099970686],[-71.21207300005906,42.30468399967258],[-71.21239399955113,42.305215999675596],[-71.2127300000101,42.30570799995799],[-71.21294500009525,42.30594900001933],[-71.21307399996668,42.30603199968074],[-71.21327499980814,42.306160999985906],[-71.21368999990983,42.30628800031653],[-71.21414500019449,42.30635899995551],[-71.21496700000196,42.30637100019537],[-71.21596000041197,42.30639599985731],[-71.21636000044505,42.306408999943315],[-71.21665699964767,42.306484000182714],[-71.21692100013662,42.306540999693695],[-71.21701700039608,42.30656400025101],[-71.21731299977378,42.306633999729094],[-71.2177210002028,42.30670899970043],[-71.21818999983284,42.30679599974126],[-71.2184750002382,42.30681400030741],[-71.21895999976178,42.30674100015705],[-71.21975300015525,42.30657700030232],[-71.22025399957235,42.306446999668324],[-71.22050800001557,42.30640700023689],[-71.22085500034521,42.30640800009011],[-71.22108600032388,42.30647299981659],[-71.22115699957068,42.30648699973867],[-71.22121900039329,42.3065179997923],[-71.22132999982304,42.30655399974975],[-71.22150800009828,42.30663299987946],[-71.22208399985844,42.30688000012477],[-71.22247600039393,42.307051999927616],[-71.22277599996957,42.30714999974416],[-71.2231989995689,42.30717399992002],[-71.22372199962561,42.30720900032616],[-71.22380700001443,42.30722899979024],[-71.22410999996315,42.30729999969666],[-71.22450599979825,42.30745700014104],[-71.22484399990707,42.3075830000156],[-71.225100999825,42.30774200008261],[-71.22545599965224,42.30795199966848],[-71.22573500020981,42.30802499974319],[-71.22608900021214,42.308082999678554],[-71.22641800010013,42.30814100022476],[-71.22668800043687,42.30824999973217],[-71.22700300008113,42.30849100002709],[-71.22707000002828,42.308623000062134],[-71.22714100017339,42.30876599978776],[-71.22720899994543,42.30900600028817],[-71.22712299973172,42.30927999998439],[-71.22691400039267,42.309513999702084],[-71.22668300041397,42.30969600028353],[-71.22651299963636,42.309856000126416],[-71.22635000032805,42.31010700018988],[-71.22631099997,42.31028400009869],[-71.22637899974207,42.31049500029293],[-71.22678399979802,42.31116999992603],[-71.22694399963159,42.31155399970514],[-71.22695500040057,42.3116259998181],[-71.2269729999439,42.311752999751995],[-71.22704400008901,42.312212999778914],[-71.22706800037847,42.31239799980212],[-71.22697799996678,42.31266199981645],[-71.22678399979802,42.31288999975292],[-71.22654500032174,42.31307799968528],[-71.22642499977282,42.313205000010775],[-71.22634299975705,42.31342000000906],[-71.22633600008436,42.31368099984497],[-71.22632600003861,42.313796000131596],[-71.22631000014508,42.31392900006817],[-71.22628599985563,42.314117000218324],[-71.22639299998576,42.31432300021858],[-71.22660800007093,42.31447800030304],[-71.22674000031539,42.31459999985252],[-71.22685900014108,42.314707999746325],[-71.22701099957874,42.31484799977573],[-71.22742099965754,42.31525100022367],[-71.22751400044228,42.31536400021245],[-71.2275429998563,42.31539999976058],[-71.22752799978767,42.31589499992908],[-71.2275999997577,42.31604100016924],[-71.22772000030662,42.31614199970037],[-71.22787099991935,42.316288999727995],[-71.22793899969142,42.3164169999107],[-71.22797399985151,42.31666400029019],[-71.22799999979077,42.31673799991395],[-71.22803499995089,42.31683799996738],[-71.22806099989015,42.316912999737156],[-71.22807500013386,42.316952000113496],[-71.22810000024822,42.31702199999599],[-71.2281479999288,42.31716200019165],[-71.22815399977657,42.317582000238296],[-71.22811100011887,42.317841000076456],[-71.22814600027897,42.31802499982929],[-71.22814000043118,42.31838400009048],[-71.2281629999974,42.31849400011952],[-71.2282049998302,42.31871200028522],[-71.22825599988381,42.31884600011589],[-71.22835799999108,42.31900599994643],[-71.22849100006046,42.31913199995006],[-71.22872700006202,42.319277999986646],[-71.22898900000283,42.31937000015412],[-71.22919499986716,42.31941700016616],[-71.22933299995942,42.3194779998326],[-71.22947699989946,42.31956599980257],[-71.23022599991201,42.320205999987984],[-71.23062599994509,42.320526999925384],[-71.23091300000026,42.32072699978675],[-71.23114399997895,42.32084100019372],[-71.23145699997339,42.32092299985769],[-71.23187899974779,42.32093899979587],[-71.23243699996462,42.32092699967658],[-71.23269200023273,42.320922000235036],[-71.23331700039671,42.32088399994982],[-71.23392499994394,42.3208309999682],[-71.23396099992895,42.32082900005574],[-71.23419299973256,42.320816999915465],[-71.23442000041159,42.32080900026346],[-71.23476099999512,42.32085000012968],[-71.23494400029323,42.32088099975157],[-71.23549099974107,42.32097000003812],[-71.23754199996013,42.32160499983975],[-71.2380969998039,42.32175499988226],[-71.238420999669,42.32179099975952],[-71.23861900003571,42.321795000187436],[-71.23878600044031,42.32179899995088],[-71.23899999980223,42.3217490002328],[-71.23907699979512,42.32173499972012],[-71.2392159997123,42.32170099969563],[-71.23963099981398,42.32147599996886],[-71.23979499984553,42.32136900001428],[-71.23999700041018,42.32123599986056],[-71.24025500015304,42.321080000195906],[-71.24045799964433,42.32100100026509],[-71.24047299971295,42.32099299997227],[-71.24051399972083,42.320971999946096],[-71.24060699960725,42.32095099991287],[-71.24078900008044,42.32089799998764],[-71.2408850003399,42.32088399994982],[-71.24097900005123,42.32087699992976],[-71.24107899961035,42.32086900028538],[-71.24117599969473,42.320866000086426],[-71.2413699998635,42.32088599986052],[-71.2415120001537,42.32086099997582],[-71.24162900032958,42.32085799977643],[-71.24215999988391,42.32083600008114],[-71.24263799973481,42.32086799999766],[-71.24297699966851,42.320906999915444],[-71.24338900029548,42.32098000024155],[-71.24373999992474,42.32108400000482],[-71.24399500019288,42.32116499973332],[-71.24430399998938,42.32123099977941],[-71.24458600002168,42.321258000080206],[-71.24483999956658,42.32123900004192],[-71.2451860000713,42.32115000013587],[-71.24529200037652,42.32112299978873],[-71.24548200034731,42.32109499981009],[-71.24560600019586,42.32107700000701],[-71.24564700020376,42.32107199991318],[-71.24582899977864,42.321047000102375],[-71.24614599997103,42.321012999706056],[-71.24621899976597,42.321005999700354],[-71.24660999957821,42.32102200028158],[-71.2467989997241,42.321061000103924],[-71.24687400006718,42.32109299990602],[-71.24703800009871,42.32116900020103],[-71.24725800020674,42.32131000008566],[-71.24735199991807,42.32137799987473],[-71.24779999963171,42.32186499999609],[-71.24830699979493,42.322529999939874],[-71.24850500016163,42.323003999802275],[-71.24859200020029,42.32323700005092],[-71.24875600023181,42.32344699974376],[-71.24886900020971,42.3235469997623],[-71.24903800026411,42.32361999968215],[-71.24918999970177,42.323638000086056],[-71.24949900039657,42.32367400021428],[-71.24970199988783,42.3237120001428],[-71.2497699996599,42.323729000278185],[-71.24993799988938,42.32386300005141],[-71.25003499997378,42.324000000253136],[-71.25007599998166,42.32416099983255],[-71.2500869998523,42.324259999810735],[-71.25009600007314,42.32432499969831],[-71.25022900014254,42.32455100009261],[-71.25043599983177,42.32475099978204],[-71.25080300025289,42.32496399973845],[-71.25105000012509,42.32511000019],[-71.25124500011876,42.3252710002496],[-71.25136700031749,42.32546199970355],[-71.251459000379,42.325690999967364],[-71.25158700042552,42.325927999728044],[-71.25174600043418,42.32612299999658],[-71.25202799956817,42.32628100017956],[-71.25237700044595,42.326476000018054],[-71.25263900038676,42.32661800016036],[-71.25280800044116,42.32671000022178],[-71.2529370003126,42.32675599986998],[-71.2531840001848,42.326774000040785],[-71.25320900029917,42.32677599976427],[-71.25347200006489,42.3267570000641],[-71.25352700031648,42.32673799969403],[-71.25357499999706,42.32673199985559],[-71.25366399968551,42.32670199999079],[-71.25371399991424,42.326670999916196],[-71.2537690001658,42.32665200018431],[-71.25383799976278,42.32661999988881],[-71.25387200009797,42.32657800026496],[-71.25410700027462,42.32629299994184],[-71.25416800037398,42.32621999980285],[-71.25430800011605,42.32605200007097],[-71.25439099995675,42.3258310001357],[-71.25441799972091,42.32557499995238],[-71.25444299983528,42.32549699990221],[-71.25446999959945,42.32539199991188],[-71.25459400034633,42.32528600019293],[-71.2548880000742,42.325125999727554],[-71.25522199998505,42.325017999781174],[-71.25553800035254,42.324895999840045],[-71.25583600027836,42.32480600023272],[-71.25606999973179,42.32473299969658],[-71.25613900022708,42.324709999801186],[-71.25629499986267,42.32465900017656],[-71.2563090001064,42.324656999721604],[-71.2564920004045,42.324622999947785],[-71.25654500010795,42.32461300032337],[-71.25674299957635,42.324575999839496],[-71.25686300012526,42.32455299988677],[-71.2569150000038,42.324543000251225],[-71.25707700038551,42.324511999776874],[-71.25732699973244,42.32448899980075],[-71.25739600022774,42.32448200018176],[-71.25745599960388,42.3244850002083],[-71.25751800042647,42.32448899980075],[-71.25760000044224,42.3244940002872],[-71.25770900022218,42.32449999967486],[-71.25781800000212,42.32450599972618],[-71.2581059998822,42.32460600005396],[-71.25818700007308,42.32468500010759],[-71.25827499993662,42.324770000088066],[-71.25839799996027,42.32493799992272],[-71.25844800018896,42.325174999863506],[-71.25847400012825,42.32529999991543],[-71.2584990002426,42.32541599977332],[-71.25857500041059,42.32560299992979],[-71.25867699961952,42.325824000001866],[-71.25881999973465,42.32607299972992],[-71.2589989998348,42.3263410002964],[-71.25911799966049,42.32644199989899],[-71.25916200004141,42.32647799975102],[-71.25919999967626,42.326510000118695],[-71.2593589996849,42.32660500026355],[-71.25956500044755,42.326673999838405],[-71.25970600001455,42.32671300014213],[-71.2598859999396,42.32676299990011],[-71.26005499999398,42.326774000040785],[-71.26024900016276,42.32678999981935],[-71.26091799980935,42.32677299984694],[-71.26122900015399,42.326738999888384],[-71.26149899959239,42.326704999911506],[-71.26195200022724,42.32664900026106],[-71.26225600000086,42.326585000314886],[-71.26248799980446,42.326508999920705],[-71.26281800041563,42.326307000104414],[-71.2629129999519,42.32621900026436],[-71.26309200005204,42.32605200007097],[-71.26327199997709,42.32599899979365],[-71.2634629997728,42.32601000006786],[-71.26353599956774,42.32601700018105],[-71.26369899977435,42.326079999836054],[-71.26382699982086,42.32616000023472],[-71.26400699974593,42.32624500021479],[-71.2641449998382,42.326294999680634],[-71.2641819996481,42.326310000043925],[-71.26447499955107,42.32650000013006],[-71.26475199956052,42.32668900011132],[-71.26501799969928,42.32687299989194],[-71.26534199956437,42.32706399979521],[-71.2656870002442,42.32724200001748],[-71.26583899968185,42.32729700028277],[-71.26599100001782,42.32735199983588],[-71.26609700032303,42.32739099971927],[-71.26622399964631,42.327416999849504],[-71.26658400039473,42.327493999993266],[-71.26675000007609,42.32752899972555],[-71.26752699967771,42.32751899989889],[-71.26768499986149,42.327522999962596],[-71.26791300036541,42.327528000207856],[-71.26830400017766,42.32757799998221],[-71.26854199982904,42.32760400003516],[-71.2688699998921,42.32763999988632],[-71.26935799978874,42.327717999935956],[-71.26955899963018,42.32777900018837],[-71.26969699972246,42.3278599999313],[-71.26982999979184,42.32797500020706],[-71.26986599977685,42.32800699981323],[-71.26987400017276,42.32801700022645],[-71.26988500004342,42.328022999942334],[-71.26990099993695,42.328036999719835],[-71.26995799983835,42.32808600024493],[-71.27006599979339,42.32805800004443],[-71.27217300008893,42.327521999780664],[-71.27395700034427,42.327080000164116],[-71.27431600036947,42.326993000267485],[-71.27438499996643,42.3269769998764],[-71.27479500004526,42.326871000171586],[-71.2758889998393,42.32659599982254],[-71.27663799985183,42.32640899996118],[-71.27671900004269,42.326387999750246],[-71.2773750001688,42.32622399994911],[-71.2778890000047,42.32609599979112],[-71.27802100024918,42.32606299967182],[-71.27811800033356,42.326037999851664],[-71.27884399988157,42.32585700024649],[-71.2789650002554,42.325828999718006],[-71.28075000033566,42.325382999961484],[-71.28125699960054,42.32525600030273],[-71.28130299963131,42.32524399967847],[-71.28136999957844,42.32522599973406],[-71.28162999986944,42.325162999887965],[-71.2818170003655,42.325116000183094],[-71.28235600031576,42.32498100019965],[-71.28372000044655,42.32463999983697],[-71.28510200012066,42.32429600024723],[-71.2856899995764,42.32414800009219],[-71.28660799964335,42.32391799995009],[-71.28887999979533,42.32335000031117],[-71.29045800018633,42.32294500007843],[-71.2917930000048,42.322602000115374],[-71.29193500029504,42.32256799989515],[-71.2923620000923,42.32246500019039],[-71.29250500020743,42.322430999896184],[-71.29260599959146,42.32240700022437],[-71.2927579999274,42.32236999977152],[-71.29291000026338,42.322334000225545],[-71.29301200037062,42.32230900025192],[-71.29314200006696,42.322278000005234],[-71.29353500042735,42.322184000234984],[-71.2936659999486,42.3221520003236],[-71.29434200016621,42.32198199981556],[-71.29637300029376,42.32147299979879],[-71.2970500003363,42.321303000113],[-71.29734400006414,42.32123000016165],[-71.29823100016895,42.32100699998584],[-71.29852700044496,42.32093399969107],[-71.29995500014985,42.32057600032216],[-71.30116899959448,42.32027300000876],[-71.30174600007787,42.32012900022299],[-71.30247099980097,42.31994800022316],[-71.30255700001469,42.3199260002097],[-71.30257399973314,42.319922000327175],[-71.30259399982462,42.319917000141615],[-71.30347400025673,42.31969599991045],[-71.30405199966673,42.31955200013262],[-71.30433899972189,42.319479999788],[-71.30475200017379,42.31937699967765],[-71.30558300020209,42.31916900031439],[-71.30598099968702,42.319068999979756],[-71.30614899991652,42.319026999964514],[-71.30665600007971,42.318900000095866],[-71.30682599995903,42.31885799996787],[-71.30775700044475,42.31862500010857],[-71.31055199975515,42.317924999669366],[-71.31088499984108,42.317841000076456],[-71.31151300037811,42.3176880003163],[-71.3116890001052,42.31764299969087],[-71.3122160003599,42.317510000296515],[-71.3123929999119,42.317465000208045],[-71.31410799967196,42.317036000228875],[-71.31720800037752,42.31625700013983],[-71.31753100041769,42.316178000132],[-71.31822500017866,42.31600399995841],[-71.31849799999011,42.315937000041984],[-71.3188219998552,42.31585699992934],[-71.31907299992538,42.31579400000153],[-71.31933200039147,42.31572899993615],[-71.31950800011857,42.3156839999026],[-71.32004100022105,42.31555200006151],[-71.32021899959797,42.31550800027434],[-71.32028200024547,42.315492999992664],[-71.32047200021627,42.3154449999972],[-71.32053499996545,42.315428999990544],[-71.32064499957032,42.315401000135225],[-71.32097799965625,42.31531800020621],[-71.32109099963415,42.31529100001364],[-71.3212560003889,42.31524799975685],[-71.32150599973583,42.315186000261725],[-71.32187900000474,42.3150919998607],[-71.32220500041798,42.31501100028583],[-71.32232400024367,42.314981000146254],[-71.32268499991869,42.31488999992312],[-71.32280600029253,42.314859999725826],[-71.32285300014817,42.31484799977573],[-71.32299600026332,42.314813000295786],[-71.32304399994389,42.31480099967246],[-71.32366599973483,42.314644999996844],[-71.3238680002995,42.31459499990829],[-71.32397600025453,42.314568000069805],[-71.32430099994454,42.31448600009563],[-71.32440999972448,42.31445900021038],[-71.32464099970318,42.31440100017168],[-71.32482599965111,42.31435500012586],[-71.32532799979144,42.314230000250376],[-71.325571000364,42.31416900014655],[-71.32575799996175,42.31412299993121],[-71.32632299985126,42.31398100015178],[-71.32651299982207,42.31393300033162],[-71.32659499983784,42.31391199994213],[-71.3268450000831,42.31384999979509],[-71.32692799992375,42.31382900004218],[-71.32729199997182,42.31373800014614],[-71.32732700013193,42.313746000032786],[-71.32756099958534,42.31366000003563],[-71.32849600026904,42.31337500031737],[-71.32974999989665,42.31299099969099],[-71.32961500017743,42.312644000258274],[-71.32909299994562,42.311317000273924],[-71.3285210003834,42.30984699994675],[-71.32849100024616,42.30977000012857],[-71.32840000000957,42.30953600003389],[-71.32806899957346,42.30871499986249],[-71.32785500021153,42.30814299987611],[-71.32763500010351,42.30757999984751],[-71.32760999998915,42.30751499993538],[-71.32734399985037,42.30683399989698],[-71.32719999991032,42.3064549998173],[-71.32704599992455,42.30607500025476],[-71.32701099976443,42.30598600016209],[-71.32639599964621,42.30440200015824],[-71.32635100033866,42.30428899975574],[-71.32627900036864,42.30409400025383],[-71.32607000013128,42.303577999772465],[-71.32601099968173,42.30341199984898],[-71.32555600029538,42.302285999829316],[-71.32538399986794,42.301820000121666],[-71.32522400003435,42.301378000014985],[-71.32497100031436,42.300779000031],[-71.32496700011642,42.30075300018884],[-71.32474299981041,42.300200999984],[-71.32450299961091,42.2995699999995],[-71.32445599975524,42.29945099978019],[-71.32432299968586,42.2991109999077],[-71.32415799982941,42.29867000002918],[-71.32407300033893,42.298470999818534],[-71.32400899986649,42.29830199977357],[-71.32366200043518,42.2974150002346],[-71.3231219997617,42.29646600016843],[-71.32219100017429,42.294827999879],[-71.32183899982178,42.29422499986166],[-71.3216580000718,42.29389400014934],[-71.32154099989594,42.29368600029729],[-71.32137500021459,42.29339899973456],[-71.31963500034017,42.29034400009516],[-71.31796400006273,42.28741900012555],[-71.31752700021973,42.286640999858534],[-71.31699800031522,42.285713000101865],[-71.31674899989488,42.285272000109394],[-71.3160889995708,42.284117000025],[-71.31467900030758,42.28164099997905],[-71.3139699995797,42.28038399994735],[-71.31380999974613,42.28010000007074],[-71.31302399992367,42.27873599989166],[-71.31301200022811,42.27871400009705],[-71.31291199977068,42.278536999838735],[-71.31244499979044,42.27771800020319],[-71.31194600002317,42.276842000137776],[-71.31177899961858,42.27654899996281],[-71.31159399967065,42.27622100009047],[-71.31083399978746,42.274879999863245],[-71.31056000015107,42.274407999928414],[-71.30999400043663,42.27339799981378],[-71.3098000002679,42.27306800005899],[-71.30906799997378,42.27176299978325],[-71.3090489997072,42.271729999760645],[-71.30857500005426,42.27092100024901],[-71.30848399981768,42.27079399972037],[-71.30846000042655,42.27070899997214],[-71.30844100015996,42.270635999846604],[-71.30841799969544,42.27055099988527],[-71.30799099989818,42.268819999871724],[-71.30649000039837,42.26276100016776],[-71.30583199972412,42.26008099996031],[-71.30579900011216,42.25994600012532],[-71.30576399995205,42.25980499976743],[-71.30533399978174,42.25805100023177],[-71.30424300036076,42.25362599967987],[-71.30292199988769,42.24827400013627],[-71.30467400035597,42.24832700001483],[-71.30580300031012,42.24835200010525],[-71.30695499983048,42.24838300017694],[-71.3084920002136,42.24842500009966],[-71.31393699996774,42.24857300004765],[-71.31447400026816,42.24859800004052],[-71.317877999849,42.24868499988534],[-71.31898699971167,42.248709999833835],[-71.32004600024392,42.248739000187236],[-71.3235019997033,42.2488329998883],[-71.32582999993176,42.24889600030991],[-71.32593399968884,42.24889899994844],[-71.32743500008695,42.24894000009204],[-71.3286209999425,42.248980000109164],[-71.33114499998956,42.249040000087305],[-71.3317669997805,42.24905799987008],[-71.3322530000273,42.24907199991929],[-71.3323939995943,42.24907500021442],[-71.33249599970155,42.24907500021442],[-71.33253900025758,42.24901799990242],[-71.3325779997173,42.24896600003953],[-71.3326120000525,42.248921000174775],[-71.33266499975595,42.24873200012609],[-71.3326759996266,42.24845000015118],[-71.33265200023547,42.24822499999563],[-71.33259500033407,42.24799900025206],[-71.33243399977727,42.24772899976768],[-71.33237799970077,42.24765500017693],[-71.33229800023315,42.247548999911025],[-71.33212099978283,42.24737400016756],[-71.33201100017796,42.24724899967356],[-71.33176099993271,42.247044999973895],[-71.33151200041067,42.24684799988558],[-71.33137699979315,42.24678299980921],[-71.3312329998531,42.24672200020866],[-71.33096400023958,42.246610999683064],[-71.33073800028379,42.24647500013282],[-71.33046499957399,42.24632099973072],[-71.33021000020419,42.24609599996141],[-71.33006700008906,42.24590999987434],[-71.3299089999053,42.24574499975633],[-71.32965199998735,42.24556000011847],[-71.32957400016954,42.245479999711606],[-71.3294360000773,42.24530199973919],[-71.32940000009228,42.245237000064904],[-71.32937699962774,42.24514799979869],[-71.32934800021376,42.24485099994432],[-71.3294300002295,42.24410799975546],[-71.3294569999937,42.24400299969349],[-71.32948999960564,42.243916000041764],[-71.32963699991875,42.24333000015663],[-71.32969200017033,42.24311400010168],[-71.32970899988875,42.242821000107554],[-71.32977199963794,42.242592999888],[-71.32989700020974,42.24243300009364],[-71.33009499967814,42.24223999973114],[-71.33027799997625,42.24214000026219],[-71.3304229997412,42.242064999891426],[-71.33052400002353,42.24192599988187],[-71.33060600003931,42.24171200010577],[-71.33077699974353,42.24105100012039],[-71.33078799961419,42.24098799984486],[-71.33087999967569,42.240465000227616],[-71.33100699989731,42.23949400014989],[-71.33103799985945,42.2391749999903],[-71.33104600025536,42.23909000018021],[-71.33105700012601,42.238972999972624],[-71.33108600043833,42.2386730001886],[-71.3311550000353,42.23795300007548],[-71.33118500017252,42.23758499968287],[-71.33113800031686,42.23719199995729],[-71.33110999982947,42.23689199968726],[-71.33101000027034,42.236523999758326],[-71.33088100039892,42.23623799987502],[-71.3306410001994,42.23585199990296],[-71.33038299955822,42.23541199987424],[-71.33004799982247,42.23485399991826],[-71.32979400027757,42.234464000138075],[-71.32966700005598,42.23417299988835],[-71.32959300043612,42.23388600031868],[-71.32960500013169,42.23362499972754],[-71.32969499964506,42.233328000173046],[-71.32979000007961,42.23318599982056],[-71.32980199977519,42.23316800016523],[-71.32992399997391,42.23301399987442],[-71.3299869997231,42.232934000188344],[-71.3300429997996,42.23287600023613],[-71.33018099989188,42.23273499988922],[-71.33026999958032,42.23263200024333],[-71.33039099995415,42.23249000032032],[-71.33054999996281,42.232365000268906],[-71.33072999988786,42.23222499981101],[-71.33129200030265,42.231797999955226],[-71.33136900029554,42.231725999719856],[-71.33147300005263,42.23162900001193],[-71.33173099979548,42.2314370002397],[-71.33239699996734,42.23105499971108],[-71.3326539998853,42.23092899975752],[-71.33300200003984,42.23072299972451],[-71.33358100017306,42.23039699969343],[-71.3337309999609,42.23030499992277],[-71.33390400021325,42.23018000020023],[-71.33399399972662,42.23009099998086],[-71.3341960002913,42.22994400031532],[-71.33441300002627,42.22974100027775],[-71.33454799974548,42.22953499969348],[-71.33466400009644,42.22931900030907],[-71.33474299973916,42.2292309999538],[-71.33483300015084,42.22913000007517],[-71.33529000008534,42.22869799979109],[-71.33565800033136,42.228374000132305],[-71.33616600031948,42.2279390000262],[-71.33645400019958,42.22771300012436],[-71.33655200010887,42.22763700012864],[-71.33665599986593,42.227558999827785],[-71.33674600027763,42.227493000060825],[-71.33693299987537,42.227419000018294],[-71.33697200023344,42.22739899983015],[-71.33699599962456,42.22738500029329],[-71.33713000041719,42.227332000118075],[-71.33743300036588,42.2272110002792],[-71.33776999975144,42.22706099988213],[-71.33824299957948,42.22673399977663],[-71.33856999981762,42.22649099977906],[-71.3388779997892,42.22622999987308],[-71.3392150000731,42.22589600018568],[-71.33947100016614,42.22566400013156],[-71.3397079999926,42.225482000243595],[-71.3399480001921,42.22529599992564],[-71.3401799999957,42.22512200014064],[-71.34042199984502,42.22500100005714],[-71.34068899980872,42.22484999991354],[-71.34091099956657,42.22463299997784],[-71.3410119998489,42.22447200005857],[-71.34106600027557,42.22426099977825],[-71.34113900007053,42.22392899998087],[-71.34118299955314,42.22371799988148],[-71.34119699979684,42.223649999752816],[-71.34126999959177,42.22344300007446],[-71.34142100010281,42.223088000209415],[-71.34154999997426,42.22282999975214],[-71.3415969998299,42.22263500026953],[-71.34160100002786,42.222367999919186],[-71.34159900037805,42.22215199996065],[-71.34165700010438,42.22192199984545],[-71.34172099967847,42.22183600021768],[-71.34187499966427,42.2217539999375],[-71.34216799956722,42.221672000216124],[-71.34249499980537,42.22158700011663],[-71.34266800005774,42.221526000107765],[-71.34273599982978,42.22149799975681],[-71.34279399955612,42.22145300025967],[-71.34286300005141,42.22138899984041],[-71.34289999986132,42.221354000321675],[-71.34305100037237,42.22105499982195],[-71.34307499976352,42.22099599972073],[-71.34316400035028,42.220772000007095],[-71.34316600000011,42.2206129999895],[-71.343094999855,42.22041300021051],[-71.34308599963417,42.22019499976974],[-71.34301399966414,42.22005500026163],[-71.3429890004481,42.220036000294975],[-71.3429059997091,42.21997300032961],[-71.34288700034085,42.21995600012755],[-71.34277299963972,42.219889999730135],[-71.34272300030932,42.21986600023378],[-71.34248099956167,42.21980100030468],[-71.34220299972733,42.219640000038595],[-71.34200100006096,42.2194069997117],[-71.34192099969502,42.21927600026674],[-71.34171099963274,42.218954999883785],[-71.34164100021084,42.21887299985382],[-71.34151300016433,42.2186450002656],[-71.34133099969114,42.21841699985411],[-71.34125200004843,42.21834199989772],[-71.3411669996596,42.218262000245254],[-71.34096599981815,42.2181080001798],[-71.3407299998166,42.21802200001441],[-71.34035999992075,42.21794299988301],[-71.34009100030724,42.21783900012357],[-71.33973099955881,42.21765199997818],[-71.33954200031123,42.217506999822234],[-71.33936999988379,42.2174030000101],[-71.33922900031679,42.21730600024838],[-71.33914399992798,42.21723999974239],[-71.33885500022298,42.217087999725884],[-71.33873300002423,42.2169969997948],[-71.33862300041939,42.21689399975111],[-71.33849399964963,42.21669999984568],[-71.33841699965674,42.21648599969081],[-71.33837300017413,42.21617599992761],[-71.33835100043284,42.21597500010917],[-71.33836899997617,42.21581000022698],[-71.33839599974034,42.215640000099064],[-71.3385050004186,42.215229999982085],[-71.33855800012206,42.2151739996719],[-71.33871299993275,42.214972999991005],[-71.33895099958413,42.21472000019496],[-71.33918999995873,42.21445500027115],[-71.33942900033334,42.21424299979769],[-71.33956400005253,42.21407200012121],[-71.33970200014481,42.2139510001521],[-71.339764999894,42.213920999788506],[-71.33995400003988,42.21387300024162],[-71.34029499962342,42.21392599973924],[-71.34070999972512,42.214055000326496],[-71.34077800039549,42.214074000096765],[-71.34142899960042,42.21431100007725],[-71.34168399986856,42.21438100024948],[-71.34177599993006,42.214397999956454],[-71.34231800025337,42.21455800030084],[-71.34250200037638,42.2146050000131],[-71.34279299973119,42.21467299990295],[-71.34282600024149,42.214680999728635],[-71.34323799997013,42.214789999913826],[-71.34375600000399,42.21488900016321],[-71.3438480000655,42.214912000245995],[-71.34417699995346,42.21497499993803],[-71.3444049995591,42.215026999868805],[-71.34494100003462,42.21512399980445],[-71.34526599972463,42.21517700024815],[-71.34560700020648,42.21526600020284],[-71.34592400039888,42.21536700030595],[-71.34624099969298,42.21547300007578],[-71.34656700010622,42.2155500000418],[-71.34680999978048,42.215588999971445],[-71.34683999991769,42.215586000080094],[-71.34697999965978,42.21555499986351],[-71.34701499981988,42.21554300029068],[-71.34706800042164,42.21552500026184],[-71.34719399992002,42.21547100014453],[-71.34737700021813,42.215380999846374],[-71.34821200044439,42.214944000086845],[-71.3482979997598,42.21489899991094],[-71.34831600020146,42.21488900016321],[-71.34877399996087,42.214647999775835],[-71.34881400014385,42.21463400007293],[-71.3490230003812,42.2145429999323],[-71.34932200013195,42.21436099992306],[-71.34949899968396,42.214236999886865],[-71.34998300028093,42.2139510001521],[-71.35010499958136,42.213840999858114],[-71.35031700019178,42.21365099986677],[-71.35063500020911,42.2131199999136],[-71.35088399973112,42.212657000217874],[-71.3509029999977,42.21263399997928],[-71.35091800006633,42.212608999710405],[-71.35092499973901,42.21258000005141],[-71.35134400003868,42.2118109999009],[-71.35147899975787,42.211545999747756],[-71.35154300023031,42.21131600025778],[-71.35159099991087,42.21104399977423],[-71.35159400028392,42.211008999844644],[-71.35161600002523,42.21087999968965],[-71.35163600011673,42.21063899997331],[-71.35169700021608,42.21034400015948],[-71.35172900000313,42.2100369996797],[-71.35173599967584,42.20998799979011],[-71.35173800022396,42.209729999703924],[-71.35173900004887,42.20948800019722],[-71.35172599963009,42.209244999699166],[-71.3516350002918,42.208913000130806],[-71.35165299983514,42.208645000240594],[-71.3516699995536,42.208443999743146],[-71.35173900004887,42.208251999991546],[-71.35182899956226,42.208078999899264],[-71.35195699960879,42.20788999996073],[-71.35201400040849,42.20781799974037],[-71.35215499997548,42.20762499999245],[-71.35217900026493,42.207489000267564],[-71.3521559998004,42.20737099994613],[-71.35209200022629,42.207247000160315],[-71.3519659998296,42.207010999723785],[-71.35175999996527,42.20677499973639],[-71.35147499955993,42.206544000067844],[-71.3512750004417,42.20633399987819],[-71.35123799973346,42.20629599966789],[-71.3509449998305,42.20601300025443],[-71.35069999960812,42.205782999914824],[-71.35046199995674,42.20561099983694],[-71.35020099984082,42.20545200024208],[-71.34985199986139,42.20525100023177],[-71.3492069996059,42.20495099988098],[-71.34885299960358,42.204824999734704],[-71.34871700005945,42.20478400020858],[-71.34845699976846,42.20470600029005],[-71.34816200021567,42.204676000193366],[-71.34778999977169,42.20465399984726],[-71.34738499971574,42.20468399995439],[-71.34717499965345,42.20471699978957],[-71.34691199988772,42.20476699991039],[-71.3466859999319,42.204736999842666],[-71.34654100016695,42.20464100006255],[-71.34650500018193,42.204570000269996],[-71.34644900010545,42.204460999749045],[-71.34645699960305,42.204301999921654],[-71.3465300002963,42.20417499966744],[-71.34656999958095,42.20407200000731],[-71.34658999967245,42.20404200027502],[-71.34666699966533,42.20399799979898],[-71.34670100000052,42.203971999956984],[-71.34675999955176,42.20391600031216],[-71.34678499966611,42.20388499969132],[-71.34683700044296,42.20378500001045],[-71.34684699959038,42.20375000005148],[-71.34684699959038,42.20371399992134],[-71.346833000245,42.20368000007538],[-71.34681499980333,42.203556999853454],[-71.34667800043431,42.20331899995596],[-71.34648300044063,42.20303499968794],[-71.34638399980811,42.20281100015059],[-71.34625099973873,42.202609000219574],[-71.34608699970718,42.202414999691015],[-71.34594100011734,42.202253999688494],[-71.34572600003216,42.202069999848746],[-71.34547800033506,42.20190100018561],[-71.34523800013554,42.20176900018163],[-71.34499999958584,42.201646000232145],[-71.34464099956064,42.20149500013996],[-71.34446599965847,42.20145499997129],[-71.34430099980203,42.20141599996554],[-71.34424100042588,42.20137400003474],[-71.34418500034938,42.20133499997895],[-71.34411599985411,42.20122400014916],[-71.34407200037148,42.201107000297284],[-71.34408300024214,42.20097900008037],[-71.34409499993771,42.200871999746894],[-71.34417000028077,42.200703000206886],[-71.3443550002287,42.200647000326526],[-71.34483100042976,42.20050599987323],[-71.3574309996752,42.197023000274555],[-71.36198599984982,42.19576099988508],[-71.36395400022819,42.19548900031064],[-71.36693799968445,42.195071000194865],[-71.36699399976096,42.195062999882275],[-71.3683629999146,42.19487199968897],[-71.36921599968422,42.194753000133844],[-71.37172100036301,42.19440300022204],[-71.37484100026172,42.19396799970273],[-71.37562600025927,42.19385099972685],[-71.37670099978673,42.193708000127735],[-71.37839100033074,42.19347199970011],[-71.38046599994091,42.193000000194424],[-71.38212200014974,42.19262000006164],[-71.38313899995087,42.19238699989244],[-71.38455999998307,42.192061000276446],[-71.38476500002248,42.19201399976443],[-71.3849419995745,42.19198200028791],[-71.3852090004365,42.19193400004447],[-71.38522699997984,42.191930000022566],[-71.38688999986137,42.19162699995467],[-71.39115799998078,42.19085000014747],[-71.39274700024245,42.19056099994338],[-71.39286500024323,42.190539999702],[-71.3929749998481,42.19051700006357],[-71.39354399993557,42.19041499980079],[-71.3945170002541,42.190237999991716],[-71.39471200024778,42.19020299985046],[-71.39486799988339,42.19017399988986],[-71.39506299987704,42.190140000079786],[-71.39549200022246,42.19005999998474],[-71.39581600008755,42.19000199991901],[-71.39706499969228,42.1897780001067],[-71.40100300009883,42.189056999751585],[-71.40442699977116,42.18843300014386],[-71.40438099974041,42.18821499981677],[-71.40433499970966,42.188017999824076],[-71.40369399965213,42.1851210000864],[-71.40313899980836,42.182609999704596],[-71.4029089996546,42.18157399983498],[-71.40242099975796,42.179370000239444],[-71.40235700018387,42.17908000026701],[-71.40229500025957,42.178793999818005],[-71.40242499995593,42.17878799986923],[-71.4032469997634,42.17876300018742],[-71.40356300013089,42.17875499980787],[-71.40466000029797,42.17871999996603],[-71.40485399956843,42.17871400001024],[-71.4051270002782,42.178704999742564],[-71.40560099993114,42.178690000181305],[-71.40848800020136,42.178600999959485],[-71.41141899995418,42.178509999842554],[-71.4144700002559,42.17841500004894],[-71.41581599994502,42.17837300014373],[-71.41683899959395,42.1783360003151],[-71.41708700018938,42.17833299998619],[-71.4171790002509,42.17833000032281],[-71.41754499994879,42.17831900022464],[-71.41793300028631,42.17830700023632],[-71.41802500034781,42.17830599968247],[-71.41850499984852,42.17828900024962],[-71.41976600004713,42.178249000038946],[-71.42014799963856,42.1782370000374],[-71.42079500044215,42.17821700025159],[-71.4210039997812,42.17821100024806],[-71.42107800029937,42.17820799991323],[-71.42112000013216,42.178206000133756],[-71.42156399964787,42.178193000234025],[-71.42207599983394,42.17817899977581],[-71.42277399979285,42.17815499974383],[-71.4228890003189,42.178152000072004],[-71.42297100033467,42.17814899973437],[-71.42303900010673,42.17814799984374],[-71.42354999956959,42.178130999702745],[-71.42364699965394,42.17873400030452],[-71.42371100012637,42.17913099991092],[-71.42373000039295,42.179252999871174],[-71.42398399993785,42.179257000029594],[-71.42470899966095,42.179267000091656],[-71.424888999586,42.17926999971054],[-71.42499999991406,42.17927299999499],[-71.42532899980205,42.17928499979998],[-71.4262550002649,42.17930300016884],[-71.42662400033585,42.179311999685694],[-71.42728799995957,42.179324000148945],[-71.42800199981203,42.179337999688],[-71.42956799960915,42.17936899970242],[-71.43017400040488,42.17938600017625],[-71.4315419998353,42.17893900029343],[-71.43248800038965,42.178634000101205],[-71.43624099994996,42.1774250001885],[-71.43900600002142,42.17653399991116],[-71.44071300028386,42.17596199998771],[-71.44406699963601,42.17488899986343],[-71.44565800044582,42.17353700029779],[-71.4481430001348,42.17146199987513],[-71.4488529997893,42.17087299992307],[-71.44932899999036,42.17047499972926],[-71.45133500000355,42.168796999952015],[-71.45336199993312,42.16710099976469],[-71.45412299964124,42.16646500028951],[-71.46062399955457,42.16102699980491],[-71.46155599986523,42.16024700032276],[-71.46395699988864,42.158238999938256],[-71.4640049995692,42.158198999699806],[-71.46452099995324,42.15812100022766],[-71.46517000040667,42.15803599986522],[-71.46602200035134,42.157892999836214],[-71.4678419996934,42.15761700029607],[-71.46852700013184,42.157509999815154],[-71.47005100009618,42.15728100033137],[-71.47092200030745,42.157149999937126],[-71.47274400019765,42.156873000259104],[-71.47296099993262,42.15687000024391],[-71.4750859997715,42.156829999806064],[-71.47676899974451,42.15680099985578],[-71.47787799960714,42.15678800021818],[-71.47811899963159,42.15678200017963],[-71.47813100022546,42.15604300018393],[-71.47815899981455,42.15401700002251],[-71.47818099955586,42.15291599981627],[-71.47824500002828,42.14910199996314],[-71.47828400038634,42.14687699969964],[-71.47831399962524,42.14388100023465],[-71.47832799986895,42.14294800029635],[-71.4784090000598,42.13853399986492],[-71.4784519997175,42.1364400001271],[-71.4784650001363,42.13501200014783],[-71.47848000020491,42.13402299982929],[-71.47849400044862,42.13317800022176],[-71.47852100021281,42.131539999827226],[-71.47852200003771,42.13137799992417],[-71.48327399985581,42.12861500007346],[-71.48674799975684,42.12656399989233],[-71.48897399987807,42.12526300022216],[-71.48912500038911,42.12517600025501],[-71.48983300039379,42.12476200006083],[-71.48988100007435,42.12473400014636],[-71.48998400000652,42.12467299993291],[-71.49012799994655,42.12459000010522],[-71.49216099972392,42.123178999723855],[-71.49335400015048,42.12234300033106],[-71.49575699982371,42.12065699991018],[-71.50091000039812,42.11704099984383],[-71.50098400001797,42.11699100032048],[-71.50139300027188,42.11667700027975],[-71.50142800043197,42.11665200004623],[-71.50149799985385,42.11658900032025],[-71.50147799976237,42.11651299995408],[-71.50133100034758,42.1163900000976],[-71.5013189997537,42.11635199980658],[-71.5013380000203,42.116318000298406],[-71.50140199959438,42.116275999822506],[-71.50149700002893,42.11626200032402],[-71.50162800044852,42.11610199974372],[-71.5015509995573,42.11589100015994],[-71.50138499987595,42.115691000199675],[-71.50122599986729,42.115509000133805],[-71.50109500034604,42.115404999766334],[-71.5010290002238,42.11523099996158],[-71.50115999974506,42.114972999693535],[-71.50138499987595,42.114750000302216],[-71.50155300010543,42.114583000300954],[-71.50147799976237,42.114380999747354],[-71.50134700024113,42.11412300001736],[-71.50127899957074,42.11395500012443],[-71.50122599986729,42.11377500022106],[-71.50110399966856,42.11364300018907],[-71.50116899996587,42.113458000166325],[-71.50123500008813,42.1133290002199],[-71.50120699960073,42.113280000016516],[-71.50115100042252,42.113232000025306],[-71.50091700007081,42.1131969999255],[-71.50072999957474,42.11305099981477],[-71.50041800030351,42.11288200015671],[-71.50035499965601,42.112848000119804],[-71.50038399996835,42.11269500006117],[-71.50055200019783,42.11246500014924],[-71.5007680001079,42.112424000048286],[-71.50084199972773,42.11240999969897],[-71.50099200041387,42.112291000269764],[-71.50113200015596,42.112123999786824],[-71.50122599986729,42.11194299974422],[-71.50130000038546,42.111900999700936],[-71.50132100030184,42.111829999739015],[-71.5013189997537,42.11179700007695],[-71.50126299967722,42.111685000086005],[-71.50136999980735,42.11158699976494],[-71.50138499987595,42.11157400017338],[-71.5014159998381,42.11156499968567],[-71.50158099969454,42.11151800000565],[-71.50177800023634,42.111601999905496],[-71.50188000034359,42.11166400031554],[-71.50196499983409,42.111656999724126],[-71.50200800039012,42.11160300018131],[-71.50221699972917,42.111030000162444],[-71.50248799989083,42.11087699971382],[-71.50279699968729,42.11077200012004],[-71.50298400018336,42.11063999983171],[-71.50307799989471,42.11045900021634],[-71.50307799989471,42.11028500016141],[-71.5029580002441,42.110071999938086],[-71.50280699973304,42.109775999759556],[-71.5028529997638,42.109651000210164],[-71.50291499968807,42.10950899983128],[-71.50290899984029,42.10942800008742],[-71.50283400039555,42.10937900020036],[-71.50259099982298,42.109364999844864],[-71.50242299959349,42.10937900020036],[-71.50229200007223,42.10933699979102],[-71.50230100029307,42.10922599976524],[-71.5024510000809,42.10907999983768],[-71.5024510000809,42.1089259996957],[-71.50243699983719,42.10889600014382],[-71.50242299959349,42.10886399993969],[-71.50230100029307,42.10880099980306],[-71.50203000013141,42.10870299968819],[-71.50186199990192,42.10853599974861],[-71.5015999999611,42.10841099975339],[-71.50158099969454,42.10828800016788],[-71.50152299996822,42.10814699973179],[-71.50146900043985,42.108076999895076],[-71.5014159998381,42.1080429999465],[-71.50126299967722,42.10800000031863],[-71.50097300014731,42.107798000111146],[-71.50076700028298,42.107804999795896],[-71.50071899970409,42.10773500024795],[-71.50084199972773,42.10761699971165],[-71.50076700028298,42.10752600014773],[-71.50059900005348,42.10745699996653],[-71.50060800027433,42.107360000116024],[-71.50061699959684,42.107302999880424],[-71.50085099994857,42.107032000140464],[-71.5010009997364,42.1068919999267],[-71.50115100042252,42.106801999673635],[-71.50128199994379,42.106822999721864],[-71.50138400005103,42.10676700002202],[-71.50139400009678,42.106543999750635],[-71.50137300018038,42.10641100029727],[-71.50136300013463,42.10628600011065],[-71.50133899984519,42.10622999993647],[-71.5012250000424,42.105944999830506],[-71.50092600029163,42.10572200000003],[-71.50073899979557,42.10535300020445],[-71.5007120000314,42.10511000006028],[-71.50068000024436,42.10505900007634],[-71.50056100041864,42.1048930002496],[-71.50030899962526,42.10472600027035],[-71.5002340001805,42.10451700024735],[-71.50028100003618,42.10419600030846],[-71.50016800005828,42.10405700022515],[-71.49987799963004,42.103855000117065],[-71.49978999976649,42.10368899980386],[-71.49973600023814,42.103582999898414],[-71.49968900038247,42.103489999734855],[-71.49951199993215,42.103049000069056],[-71.49941700039592,42.10296599991136],[-71.49918899989196,42.10291500020229],[-71.49897700017985,42.10284700008198],[-71.49868299955367,42.10273800018784],[-71.49834500034316,42.10263599969532],[-71.4981439996034,42.10253800004766],[-71.4978690001421,42.102446999858394],[-71.49758399973676,42.10240399976744],[-71.49714100004596,42.102384000009735],[-71.49693000015877,42.102356999960165],[-71.49670300037805,42.102250000070526],[-71.49665499979916,42.10219500008809],[-71.4966709996927,42.10213599969041],[-71.49670300037805,42.102084999980185],[-71.49679200006652,42.10205400009706],[-71.49698799988509,42.102034000228905],[-71.49722499971156,42.101982999770165],[-71.49729900022972,42.10189700026277],[-71.49729400020684,42.10178599987365],[-71.49722999973443,42.10172399979992],[-71.49711400028178,42.1017000000991],[-71.4969450002274,42.101668000261704],[-71.49680299993716,42.101668000261704],[-71.49666300019508,42.10158600006312],[-71.49662899985988,42.101549999763634],[-71.49656000026292,42.10154300005479],[-71.49647499987411,42.101582000327056],[-71.49633799960675,42.10162099990886],[-71.49629099975108,42.10157799992427],[-71.49637000029213,42.101491999867605],[-71.49648599974476,42.1014210002444],[-71.49658100017932,42.101282999848145],[-71.49662899985988,42.101255999996326],[-71.49662300001211,42.10120399980493],[-71.49658100017932,42.101185000108856],[-71.49650699966115,42.10116499996664],[-71.49643300004132,42.1010829997841],[-71.49637500031498,42.10094899976146],[-71.49627999988046,42.10085499995462],[-71.4960160002898,42.10081899990662],[-71.49591599983238,42.10077600004464],[-71.49583700018965,42.100717000326114],[-71.49583700018965,42.10065799988616],[-71.49586800015179,42.10060700032017],[-71.49599299982526,42.100546000210365],[-71.49606899999324,42.10048500004193],[-71.49608999990963,42.10035899971576],[-71.49597899958157,42.10030400009264],[-71.49583100034188,42.10030400009264],[-71.49572000001379,42.100244999934894],[-71.49569599972435,42.100079000168186],[-71.49565200024172,42.100021000259645],[-71.49553000004299,42.09996199983862],[-71.49546200027093,42.099980999901106],[-71.49538199990499,42.10001699975838],[-71.49533000002644,42.100005000252565],[-71.49528200034587,42.09995800000012],[-71.4952980002394,42.099883000149156],[-71.49535099994283,42.09981200005736],[-71.49546200027093,42.099737999830204],[-71.49551999999726,42.09963899990463],[-71.49554099991364,42.09945800020662],[-71.4955800002717,42.099317999931166],[-71.49564700021885,42.099215000131096],[-71.49561000040893,42.099077000266085],[-71.49564700021885,42.09900200003962],[-71.49578899961077,42.09887699990941],[-71.4958050004026,42.09879800020132],[-71.49585800010605,42.0986999999541],[-71.49588900006819,42.09858199993161],[-71.49598500032765,42.09845599982336],[-71.49609499993252,42.09837300031882],[-71.49611699967382,42.098297999926274],[-71.49611300037418,42.09820599983016],[-71.49611099982603,42.09817999982231],[-71.49617699994829,42.09810000009013],[-71.49621499958312,42.09808299977573],[-71.49632300043646,42.09803500027502],[-71.49651099985913,42.09798899971962],[-71.49658500037728,42.09778899993079],[-71.49657600015647,42.09756799973719],[-71.49643700023928,42.0973190000772],[-71.49649300031577,42.09719499979886],[-71.49659500042303,42.09709199988324],[-71.4967989997392,42.0969879999605],[-71.4968330000744,42.09698399993446],[-71.49700499960353,42.096962999960084],[-71.4970230000452,42.0969549999045],[-71.49709500001521,42.09691900030862],[-71.49709099981726,42.09685200026564],[-71.49707699957357,42.0968039998332],[-71.4970580002053,42.09672600005284],[-71.49716899963506,42.09661499994363],[-71.49720100032044,42.09660299979407],[-71.49733600003964,42.096553000146315],[-71.49745700041348,42.09644300024932],[-71.49746599973598,42.09622900032719],[-71.49749400022338,42.09604900008274],[-71.49749400022338,42.09584199983662],[-71.49737299984957,42.095718000003174],[-71.49716899963506,42.09574500021333],[-71.49702999971788,42.09569700027617],[-71.4970580002053,42.09559999976452],[-71.4973460000854,42.09538600033068],[-71.49752199981249,42.09522700024952],[-71.49766999995049,42.09503400017716],[-71.49774399957033,42.09483399973464],[-71.49772199982901,42.09460399967917],[-71.49771799963105,42.09456499978126],[-71.49771599998124,42.09453699985687],[-71.49774100009559,42.094406000308176],[-71.49779100032431,42.094199000032106],[-71.49792199984556,42.09397299988985],[-71.49796700005142,42.09389499996062],[-71.49805900011292,42.093714999757744],[-71.49812699988497,42.09341500028415],[-71.49811900038736,42.093246000273616],[-71.49811699983923,42.093191999713866],[-71.49806900015867,42.09281100012381],[-71.49802499977773,42.09257100030414],[-71.49814199995359,42.09195000014723],[-71.49823999986288,42.091411999967306],[-71.49823599966491,42.08856299982891],[-71.49825499993149,42.08212299967302],[-71.49826199960418,42.081000999868536],[-71.4982690001752,42.07575099983359],[-71.49826400015232,42.07429599982363],[-71.49827300037316,42.07009600009068],[-71.49827900022093,42.06655000018314],[-71.49828599989364,42.065082000203844],[-71.49828699971854,42.06487799998453],[-71.49828199969566,42.06477199990598],[-71.49828099987077,42.064694999769436],[-71.49828099987077,42.063771999879634],[-71.49827900022093,42.05974599991729],[-71.49830500016022,42.05826500017422],[-71.4983059999851,42.058195999758425],[-71.49827800039601,42.0579749997006],[-71.49827800039601,42.05755699968225],[-71.49827900022093,42.05711499968578],[-71.49827599984789,42.05374300002885],[-71.49827599984789,42.053282000132654],[-71.49827900022093,42.05227500010789],[-71.49827800039601,42.051734999948984],[-71.49827900022093,42.05125899975219],[-71.49826499997724,42.04983999968203],[-71.49826800035028,42.04797400000058],[-71.4982690001752,42.04782999972889],[-71.49827099982502,42.047149999817265],[-71.49826699962706,42.03919699980336],[-71.49826599980214,42.03830299976515],[-71.49825999995437,42.03617900029385],[-71.49825999995437,42.03606899982145],[-71.49826199960418,42.034383000201956],[-71.49826199960418,42.034351999933854],[-71.49826300032743,42.033657000005164],[-71.49825999995437,42.031590000313855],[-71.49826199960418,42.03133300033134],[-71.49790099992916,42.03151299998151],[-71.49790400030221,42.031352999798656],[-71.49791400034795,42.03098500005153],[-71.49793299971621,42.0302409997122],[-71.49793699991417,42.030107999775296],[-71.49793899956401,42.02995200030743],[-71.4981779999386,42.03000199971664],[-71.4981779999386,42.029290999777295],[-71.49795700000566,42.029243999861514],[-71.49796000037871,42.02910499972252],[-71.49796700005142,42.028791000325135],[-71.49819499965704,42.02875800017089],[-71.49810500014367,42.02843399986999],[-71.498058000288,42.028259999706414],[-71.49804099967123,42.0282029998024],[-71.49798399976984,42.027997000050924],[-71.49799299999067,42.027735999834675],[-71.49823599966491,42.02780699983088],[-71.49825900012945,42.027813000071276],[-71.49825900012945,42.02530200013212],[-71.4980309996255,42.02527499998131],[-71.49807099980848,42.02508099974681],[-71.49816700006795,42.02466999967478],[-71.49826099977926,42.02428400022882],[-71.49825499993149,42.02297100026292],[-71.49825599975641,42.02243299998813],[-71.49807300035661,42.02241099968899],[-71.49807599983136,42.0222670002124],[-71.49825599975641,42.02229099992537],[-71.49825599975641,42.02127699998763],[-71.49836700008449,42.02103800032676],[-71.49825599975641,42.02101099969986],[-71.49825599975641,42.01890000022491],[-71.49825300028166,42.01798999967487],[-71.49825300028166,42.017962000005895],[-71.49826099977926,42.01754899978582],[-71.49825900012945,42.01727199988229],[-71.49816399969491,42.01727400007144],[-71.49805499991496,42.01727499983231],[-71.49767699962318,42.01728099973186],[-71.49618600016912,42.01730200004334],[-71.49529599969127,42.01731500026448],[-71.49442799985303,42.017327999815514],[-71.49357000006054,42.017340000271524],[-71.49267100026019,42.0173529998175],[-71.49242400038798,42.01735700019063],[-71.49178300033047,42.01736600002817],[-71.49161199972794,42.017368000214354],[-71.49147100016094,42.017369999733084],[-71.49132399984785,42.01737299967847],[-71.48938899997977,42.017401000274184],[-71.4866520003957,42.0174409999597],[-71.48548699955823,42.01745900027714],[-71.48536799973255,42.01745900027714],[-71.48484100037616,42.017465999917206],[-71.48378400039206,42.017481000287475],[-71.48274300030147,42.017495999986735],[-71.48226899975023,42.0175040000474],[-71.4819709998244,42.01750799974363],[-71.48192899999161,42.01751700022721],[-71.47922900021746,42.01754899978582],[-71.47312400013922,42.01762100023537],[-71.46546699960928,42.01770800025269],[-71.46345599957318,42.01773199968421],[-71.45810399970549,42.01779800007637],[-71.4540349997777,42.01784799970087],[-71.45283499967846,42.01786299998102],[-71.45273500011933,42.01786399973264],[-71.45024000038461,42.01789500003288],[-71.45000299965982,42.017897999953504],[-71.44717599966407,42.01789899970456],[-71.44679999992043,42.01789899970456],[-71.44155500018283,42.01808600025786],[-71.4415109998019,42.0180920000809],[-71.44129800026488,42.01809799990343],[-71.43934400013023,42.01811899994511],[-71.43926200011447,42.01811999969264],[-71.4391800000987,42.01812100010761],[-71.43915300033453,42.01812100010761],[-71.43904700002929,42.01812199985512],[-71.4389409997241,42.018123000270066],[-71.4377380001501,42.01813999997985],[-71.43751899986701,42.018137999817945],[-71.43351100003858,42.01818200002849],[-71.4299430004262,42.01821999973084],[-71.42762400041856,42.018245000049504],[-71.42463699969092,42.01827699990914],[-71.42440700043547,42.01827999981174],[-71.42408900041815,42.01828299971421],[-71.4229739998094,42.01829400024516],[-71.42277499961777,42.01829599973477],[-71.4224809998899,42.0182979998917],[-71.42199399981818,42.01829900030387],[-71.4206010002734,42.01835400025625],[-71.41985800010865,42.01838500031768],[-71.41950300028142,42.01839800031738],[-71.41923100029483,42.0184049998541],[-71.41905899986739,42.01840999990408],[-71.41832400009855,42.01843099984273],[-71.41827200022001,42.01843200025275],[-71.41697599986131,42.01846800032158],[-71.41570799998999,42.018497999918424],[-71.4156240003244,42.018497999918424],[-71.41431500044521,42.018497999918424],[-71.41426000019364,42.018499000327395],[-71.41236799998326,42.01852500027759],[-71.41066099972082,42.01854900006818],[-71.40304699974686,42.01865400012991],[-71.40302500000554,42.01865400012991],[-71.39991500015259,42.01869799998348],[-71.39657799962056,42.018748000235135],[-71.39511899995354,42.01876499977786],[-71.39505399965621,42.01876600018263],[-71.39272399977793,42.01877499982077],[-71.39173299991606,42.01878900014521],[-71.39074799990196,42.0187979997801],[-71.38958700016077,42.01879600030628],[-71.38740899972014,42.01879100028665],[-71.3873009997651,42.0187979997801],[-71.3852029996904,42.0187979997801],[-71.38501899956738,42.0187979997801],[-71.38479900035766,42.01879700004322],[-71.38412300014005,42.01879900018441],[-71.38391200025286,42.01879900018441],[-71.38371600043428,42.01879900018441],[-71.38334099961725,42.01879900018441],[-71.3814009997263,42.0187979997801],[-71.38150299983354,42.01023999980694],[-71.38150100018372,42.00668199998339],[-71.38149899963558,42.00175400023668],[-71.38150000035881,42.00071000000129],[-71.38150500038168,42.00002099967651],[-71.38148699994001,41.99919299979939],[-71.38147900044243,41.998733000108025],[-71.3814009997263,41.994098000209604],[-71.38137800016007,41.992025000164375],[-71.38135800006859,41.99020400008306],[-71.38129899961905,41.9850840000442],[-71.3783460001249,41.98512200015351],[-71.3780149996888,41.985124000018075],[-71.37693000011559,41.98513799973587],[-71.37458299962054,41.98516599983003],[-71.37321500019013,41.985182999666556],[-71.36890699988773,41.985236999942],[-71.36434400021552,41.98529300003092],[-71.36127500037043,41.98647000011237],[-71.36003300043839,41.98694600009497],[-71.35539299987498,41.98872899996306],[-71.35488499988686,41.98892399978468],[-71.35326499966305,41.98953999976918],[-71.35105199996063,41.99038900022995],[-71.34999300032669,41.99079600012937],[-71.3487549996943,41.9912700001426],[-71.34830799980554,41.99144500019773],[-71.34558399974195,41.99248800005455],[-71.34282200004353,41.993546000185184],[-71.34165399973132,41.99399200021104],[-71.3403359996313,41.99450099995311],[-71.33956099967949,41.99479600026334],[-71.33918300028604,41.994939999847986],[-71.3389280000179,41.99504099971926],[-71.33879499994852,41.995091999983345],[-71.33807900044626,41.99536299970622],[-71.33802400019466,41.99538999987164],[-71.33741300027441,41.99561900009678],[-71.33725799956537,41.99567800003291],[-71.33656299997953,41.995945000214434],[-71.33644699962856,41.995988999754246],[-71.33618100038811,41.9960920001513],[-71.33554000033058,41.9963400002289],[-71.33207499975207,41.99766700019791],[-71.33039900035008,41.998307999832505],[-71.33029800006773,41.998347000117434],[-71.32987899976807,41.99850699990646],[-71.32961400035252,41.99860900017949],[-71.32952099956778,41.99863300014144],[-71.32950999969714,41.99863799974296],[-71.32898199961753,41.99886099999613],[-71.32755499973756,41.99940799977748],[-71.32693200012172,41.99964699994388],[-71.32565400020466,42.00013599992],[-71.32323300008979,42.00106399985197],[-71.32247200038167,42.00135599974769],[-71.32192599986041,42.00156499971438],[-71.31705900041459,42.00343100022253],[-71.31527000013637,42.00411699976744],[-71.31124300004139,42.005659999931474],[-71.31062399972518,42.00589299967231],[-71.30773499980515,42.00698100025605],[-71.30772099956143,42.00701000000904],[-71.30361599964863,42.00858500015975],[-71.2882870003167,42.01445399992088],[-71.28826499967708,42.014461999696785],[-71.28783399968185,42.01463099989974],[-71.28693900007946,42.01498000006271],[-71.28414300004584,42.01607300030273],[-71.28406199985498,42.01610400014125],[-71.28388299975485,42.0161740000009],[-71.28372600029432,42.016236000231764],[-71.28358099963104,42.016291999742414],[-71.27904399989812,42.01806500020529],[-71.27266900038147,42.02055499976387],[-71.27066300036827,42.02133899991486],[-71.27016000040302,42.02153500027746],[-71.26849999999625,42.02218399982829],[-71.26801499957435,42.022372999821734],[-71.26770300030313,42.02249500012287],[-71.26256399997243,42.02450300008629],[-71.26057800005073,42.02527899985609],[-71.25992399957444,42.025533999695],[-71.25953899960996,42.02568499985018],[-71.25873400041924,42.02599899990849],[-71.25776199992562,42.02637899991114],[-71.2573879998318,42.02652399969977],[-71.25685999975221,42.0267309998328],[-71.25606800008198,42.027041000299526],[-71.25586499969236,42.027121000196125],[-71.25567899991954,42.0271949996939],[-71.2549009995947,42.0274969997629],[-71.25478099994407,42.02754400030313],[-71.25468700023275,42.02757999988408],[-71.25369200017292,42.027969000117366],[-71.25358199966975,42.02801199993871],[-71.25338300037643,42.028090000099134],[-71.25299900023687,42.02823899967747],[-71.25290100032758,42.028278000297654],[-71.25264500023454,42.02837799970825],[-71.25220900021645,42.02854900013079],[-71.25072999955964,42.029126000132614],[-71.24978999975139,42.02949399996582],[-71.2489660002941,42.02981299971481],[-71.2479179996325,42.03021000009297],[-71.24386600032145,42.031806999959876],[-71.2423640000984,42.03239499984041],[-71.24030600020669,42.03319699998167],[-71.23872100014297,42.03381600022536],[-71.23740100039312,42.034333999728176],[-71.23722300011791,42.03440000023493],[-71.23671900032774,42.03460000032082],[-71.23608199956988,42.03485000004356],[-71.23543499966459,42.03510500018885],[-71.23520000038627,42.03519100015627],[-71.2350689999667,42.0352450000298],[-71.23495000014101,42.035293000323676],[-71.23432999999989,42.035534000055705],[-71.23376299956224,42.03575699973847],[-71.23365999963008,42.03579500027958],[-71.23349599959855,42.03585999980051],[-71.23259500014835,42.03621099980109],[-71.23173700035588,42.0365449997428],[-71.23002300042072,42.03721399981224],[-71.2281069999209,42.03796100023508],[-71.22626900013721,42.03868300027192],[-71.22389300022816,42.03961800012285],[-71.22381000038749,42.03964899982381],[-71.2237340002195,42.039676999949556],[-71.22298500020696,42.03996799997827],[-71.22279900043412,42.04003999972466],[-71.22173999990187,42.04045299995568],[-71.22006199995172,42.041108000170965],[-71.21808600007577,42.04187799980075],[-71.21653699999706,42.042484999841335],[-71.21600200024477,42.04269300006104],[-71.21577499956574,42.04278299987449],[-71.21358100012988,42.04364099978973],[-71.21262200005506,42.044013999677276],[-71.21158000013956,42.04442800009678],[-71.20984100009007,42.04510099985898],[-71.20850299989854,42.04562699996232],[-71.20436200000073,42.04724699968469],[-71.2004460002338,42.04877900012034],[-71.19901500015588,42.04933300032934],[-71.19888499956123,42.049382999833604],[-71.1983549998318,42.04958900031093],[-71.19726500023575,42.05001200030755],[-71.19679999990531,42.05020200018559],[-71.19655399985801,42.05028900030872],[-71.19629299974211,42.05038999968113],[-71.19452299973047,42.0510819996871],[-71.19262899987027,42.05182500029429],[-71.19041699999275,42.052690999797434],[-71.18970800016318,42.05296899998888],[-71.18548600007452,42.05461399993194],[-71.181915999914,42.05601100006104],[-71.18069900009633,42.05648600018445],[-71.18063600034714,42.056511000127635],[-71.17845700008158,42.057362000141474],[-71.17778599988685,42.05762300007867],[-71.17688399971344,42.05796900030701],[-71.17620900021905,42.05823599978628],[-71.17545600000854,42.05852899973905],[-71.17371000028635,42.059206999686246],[-71.17271199985348,42.05959400022373],[-71.17217299990321,42.05980399996773],[-71.17171900034177,42.05998500009494],[-71.17121200017857,42.06017800007865],[-71.1706010002583,42.06041499979869],[-71.16868099956051,42.06116099981539],[-71.1685740003287,42.06120300011716],[-71.16850400000851,42.061229999677224],[-71.16800299969309,42.06142299987842],[-71.1674689997657,42.06162899998844],[-71.16704600016641,42.061793000213356],[-71.16661799964591,42.06195799973969],[-71.16280300016133,42.06343099976872],[-71.16247099990031,42.06355799978744],[-71.16221300015745,42.06365999976553],[-71.1617729999414,42.06383000025409],[-71.16146099977186,42.06395099997931],[-71.1610199997309,42.06411500020887],[-71.15967200039196,42.06463999990051],[-71.15803899974937,42.0652699996687],[-71.15753199958614,42.06546700027361],[-71.15722100013983,42.065586000210814],[-71.15562299965734,42.06620400003003],[-71.15502000013299,42.066436999980084],[-71.15448500038069,42.06664299982752],[-71.15444699984754,42.06665799992954],[-71.1523250003817,42.06747700025182],[-71.15162300022483,42.0677469999989],[-71.15153100016332,42.06778500007857],[-71.15150299967591,42.06778399977844],[-71.15093500031166,42.06800499970683],[-71.15040600040714,42.06821200009462],[-71.14921200015569,42.068680000309776],[-71.14860600025828,42.0689129998415],[-71.14839799984583,42.06899399998781],[-71.14741399965665,42.06937400029873],[-71.14588899986738,42.06996300021962],[-71.14491200024919,42.07034100021174],[-71.14484899960169,42.070366000034824],[-71.14478199965454,42.0703909998481],[-71.14446700001027,42.0705119997386],[-71.14421400029029,42.07061000019182],[-71.14406399960416,42.07066700006605],[-71.14297499983297,42.071087999879815],[-71.14226000015563,42.07136300015755],[-71.14072600014553,42.07195700013213],[-71.13867499992651,42.07274799989794],[-71.1386520003603,42.072756999894224],[-71.13864099959132,42.07276100011442],[-71.13862399987289,42.07276800033241],[-71.13860700015444,42.0727749998829],[-71.13853699983426,42.07280199985634],[-71.1318440003003,42.075426000266006],[-71.1316979998121,42.075482000303985],[-71.1294659998431,42.07634200025389],[-71.12767200044033,42.07703400017518],[-71.12733599998136,42.077164000108596],[-71.12723499969903,42.0772030000367],[-71.12636299966282,42.077567000210074],[-71.12609499987423,42.07767899979209],[-71.12456800043515,42.078276999870695],[-71.12194800012861,42.07930399997403],[-71.11839999970941,42.08069400026102],[-71.11788699969844,42.080897000230834],[-71.11738999958098,42.08108799979993],[-71.11650099982636,42.081437999836105],[-71.11604600044001,42.08161600004353],[-71.11556199984301,42.0818049999569],[-71.11447399989677,42.08223200033061],[-71.11377900031088,42.08250400012126],[-71.11286299989378,42.08286300024381],[-71.10994399983652,42.084006000062004],[-71.10873299986662,42.084481000085184],[-71.10703999984787,42.085142999797114],[-71.10363700009194,42.0864749998769],[-71.10017800025952,42.08783000029796],[-71.10004199981707,42.08788200012269],[-71.09987100011284,42.087950000290725],[-71.09965299965464,42.08803500006496],[-71.09837300008776,42.08853399994839],[-71.09443600040444,42.09007800032293],[-71.09327999978781,42.090530000227666],[-71.08671299975224,42.093101000110764],[-71.08618200019791,42.09330899986871],[-71.08351599986062,42.09435200006941],[-71.08327200036146,42.09444700006368],[-71.08261600023535,42.094704000008655],[-71.08096800042246,42.09534800011274],[-71.08087800001076,42.09538499979899],[-71.08048300000056,42.09553900017082],[-71.08017599985389,42.09566299968766],[-71.07941400032087,42.095965000238245],[-71.07934300017575,42.09599300019877],[-71.07807600012937,42.09649799988838],[-71.07669600010507,42.09704699981585],[-71.0758969998638,42.097364999785526],[-71.07502599965254,42.097708999705354],[-71.07196199983031,42.09893200010373],[-71.07062500036203,42.099463999678285],[-71.06707000027014,42.1008799997538],[-71.06700599979771,42.10090500020956],[-71.06390099996761,42.102142000241685],[-71.06271099991412,42.102623000267656],[-71.06165599957983,42.10303699980407],[-71.06131400017138,42.103171000079506],[-71.06125600044506,42.10319400014801],[-71.06010599967621,42.10364700029008],[-71.05903199997366,42.10407099975343],[-71.05830800007547,42.104357000009635],[-71.05793800017962,42.10450199976315],[-71.05776599975218,42.104570000107906],[-71.05734399997777,42.10473699983157],[-71.05697499990684,42.10488299976436],[-71.05681199970022,42.104947000176665],[-71.05266800032767,42.10658600001114],[-71.05069999994932,42.107360000116024],[-71.05037799973402,42.10748700019944],[-71.05015400032636,42.10757599980714],[-71.04950400004803,42.10783400019526],[-71.04903299986984,42.108016999973536],[-71.04852700042986,42.10821700015765],[-71.04783199994567,42.10847000030964],[-71.04650600034805,42.10901499994886],[-71.04571399977948,42.10932700000679],[-71.04506500022438,42.109586999881685],[-71.04480300028355,42.1096909997996],[-71.0445110002055,42.10980299998173],[-71.04448400044133,42.1098139999949],[-71.04430500034118,42.10987800009424],[-71.04360599965905,42.11016000028294],[-71.04248799957556,42.110600999799985],[-71.04162800013326,42.11094100007275],[-71.04151900035332,42.1109869998951],[-71.04110699972634,42.11115000024279],[-71.04105599967274,42.1111690002847],[-71.04055600008054,42.111366999961206],[-71.03986300014449,42.1116279997409],[-71.0392730001406,42.1118710002242],[-71.03853699964854,42.1121609996804],[-71.03729899991446,42.11264999973843],[-71.0359080000195,42.113198999760364],[-71.03525400044153,42.11345699991979],[-71.03418800023658,42.113872000251014],[-71.03405400034228,42.11392500028712],[-71.03402500002997,42.113936000251314],[-71.0337599997161,42.114047000025735],[-71.03307900037395,42.11431599996343],[-71.03236100032353,42.11459899996101],[-71.03188299957434,42.11478899978023],[-71.03144200043168,42.11496199990928],[-71.03034699991443,42.11539400005706],[-71.03016399961632,42.11546600023963],[-71.02977299980405,42.115621000031155],[-71.02957399961244,42.11569899989038],[-71.02920999956437,42.11584300014708],[-71.02832800038075,42.116190999916434],[-71.02751800026884,42.11651100022374],[-71.02715400022078,42.11664600020197],[-71.0267969998454,42.116794999942776],[-71.02570499970118,42.11722600006945],[-71.02553399999695,42.11729299990626],[-71.02515099968231,42.117445000009454],[-71.02228199985377,42.118577999996525],[-71.02185900025445,42.118745000131895],[-71.02180900002575,42.11876399989599],[-71.02083099968435,42.11914699978207],[-71.02061700032242,42.11923000007677],[-71.0200530002578,42.11945100005842],[-71.01983099960164,42.11953299980429],[-71.01972900039272,42.11957799990415],[-71.01880899977763,42.11993800021887],[-71.0170110001769,42.120640999780626],[-71.01672300029679,42.12075299993645],[-71.01662200001446,42.1207929998489],[-71.01601699994198,42.1210299997452],[-71.01249600018527,42.122408999982774],[-71.01235600044319,42.12246399975112],[-71.01212999958905,42.12255200021391],[-71.01203599987772,42.12258900001618],[-71.0119420001664,42.12262599979679],[-71.01182199961748,42.12267199980005],[-71.01163599984466,42.122744999809136],[-71.01102999994724,42.122982999829574],[-71.01074600026512,42.123093999749],[-71.00952299970133,42.12357199977923],[-71.00939700020295,42.12362200010652],[-71.00702899979152,42.12454799978176],[-71.0020290002763,42.126506000230236],[-71.00197400002472,42.12652599970619],[-71.00215200029993,42.12730400027115],[-71.001346000386,42.12762000033089],[-70.99311399992077,42.130855000110884],[-70.98451199955967,42.13423700007733],[-70.98424100029634,42.13434399993015],[-70.98127000036052,42.13551100005408],[-70.98092800005377,42.135645000289735],[-70.98027299975256,42.135901999764386],[-70.97743700043429,42.13701099978798],[-70.97314699967525,42.13869100020895],[-70.97264999955777,42.13888600028528],[-70.97087500042159,42.13958000024563],[-70.96781400007409,42.14077899989372],[-70.95930700014756,42.144110000245476],[-70.95739700039385,42.1448559999524],[-70.95563599970473,42.14555100015912],[-70.95464499984284,42.14593899995258],[-70.95462200027663,42.14594800021998],[-70.95458000044383,42.14595899995303],[-70.95130099963815,42.14724400005783],[-70.94896300026224,42.148156000295295],[-70.94892800010214,42.148167000310735],[-70.948784999987,42.14822700017953],[-70.94549799968372,42.14951600024383],[-70.94532500032966,42.149586000258516],[-70.94133900024255,42.151142000067],[-70.94095699975281,42.15129099992652],[-70.94082799988139,42.15134099968452],[-70.94076799960693,42.1513649999007],[-70.94069700036013,42.151393000030325],[-70.94056299956752,42.15144499966745],[-70.9398799996772,42.15171200003856],[-70.93456600034266,42.15379200032346],[-70.93024600034468,42.155482000169066],[-70.92910099959872,42.15593099982802],[-70.92846200008935,42.156183999921986],[-70.9282899996619,42.156245999990794],[-70.92779300044276,42.15644200017384],[-70.92656800022914,42.15692099981652],[-70.92547799973475,42.15734799975719],[-70.92515399986965,42.157473999986074],[-70.92487699986022,42.157580000312024],[-70.92462999998801,42.15920099978737],[-70.92407099994627,42.16293700015178],[-70.92354899971446,42.166454000125114],[-70.92332399958354,42.16793600020498],[-70.92294399964196,42.17046700029857],[-70.92262999982259,42.172556999762676],[-70.92262200032499,42.17262800023492],[-70.9225670000734,42.172993999763705],[-70.92214299975087,42.17582099971922],[-70.92196500037396,42.176989000089605],[-70.92187800033533,42.17756899990896],[-70.92169800041027,42.17877000001943],[-70.921524000333,42.17993200000384],[-70.92136699997417,42.18098000029911],[-70.92131000007275,42.18135900000517],[-70.92116799978253,42.1823009999464],[-70.92113299962243,42.182549999817994],[-70.92073900033546,42.18516000016392],[-70.92066300016747,42.185668999857256],[-70.92064800009886,42.185767000044365],[-70.920602999893,42.18606800004961],[-70.92005100042229,42.18975100003116],[-70.91989499988836,42.19079299983179],[-70.91945800004535,42.193702999907856],[-70.91868499974338,42.19885900016094],[-70.91856099989481,42.199683999717166],[-70.91850599964323,42.20005200011329],[-70.91829599958093,42.20144799998909],[-70.91771599962279,42.205319999671765],[-70.91760500019303,42.20605900022183],[-70.91757900025377,42.20628800011098],[-70.91719000009132,42.20880100023554],[-70.91699699974748,42.210117999821136],[-70.91674800022547,42.21179500018685],[-70.9166949996237,42.21213800011409],[-70.91667799990526,42.212250000080715],[-70.91662400037691,42.21260500033177],[-70.91657300032327,42.21293699978999],[-70.9164190003375,42.21396300002746],[-70.91626399962847,42.21499600004314],[-70.91620699972708,42.21537899991221],[-70.9160479997184,42.21643900004781],[-70.9158999995804,42.217424999907834],[-70.91558499993613,42.21951700029008],[-70.915441999821,42.22046899986655],[-70.91534800010967,42.221100000267995],[-70.91514399989516,42.222459000093146],[-70.91500699962783,42.22336599975417],[-70.91485600001509,42.224374000022394],[-70.91484099994648,42.224475000193024],[-70.91474499968699,42.22511500012009],[-70.91473200016654,42.22519600021483],[-70.91483900029665,42.22538399977959],[-70.91489700002296,42.22541499982742],[-70.91489600019806,42.22546100029949],[-70.91491700011444,42.225466999809086],[-70.91497900003874,42.22544599986003],[-70.91505699985655,42.22545599993166],[-70.9151809997051,42.22546299991435],[-70.9153000004291,42.22546900008897],[-70.91534499973662,42.22549399992339],[-70.91536999985098,42.22554599984003],[-70.91540199963804,42.22557399972624],[-70.91552200018694,42.22559300002203],[-70.91558699958595,42.225627000046956],[-70.91561599989826,42.225661000053606],[-70.91562799959385,42.225718999983506],[-70.91559099978392,42.22579699989697],[-70.91559800035492,42.22581999999808],[-70.91561900027132,42.225830000010454],[-70.91572999970109,42.2258209997998],[-70.91580800041721,42.225830999812075],[-70.91587000034149,42.22579999996851],[-70.91594399996133,42.22580799971498],[-70.91599099981701,42.2257950002927],[-70.91608799990136,42.22579099975358],[-70.91614700035093,42.22580500030909],[-70.91622599999366,42.22584900022926],[-70.91629999961347,42.225832000278835],[-70.91631100038245,42.22574999986684],[-70.91633399994868,42.225718000180166],[-70.91636599973573,42.22570299980173],[-70.91644299972862,42.22569700031456],[-70.91650899985086,42.22571100022571],[-70.91668999960082,42.22578099973496],[-70.91684100011187,42.22586200030558],[-70.91687399972385,42.22586699997609],[-70.91693599964812,42.22583900021983],[-70.9170329997325,42.225815000323855],[-70.91714200041076,42.225766000036714],[-70.91726700008422,42.22573299988978],[-70.91731399993989,42.225712000029205],[-70.91743799978845,42.22568899988881],[-70.91752800020015,42.225685999812],[-70.91761299969062,42.22569299976918],[-70.91765700007157,42.225685999812],[-70.91774499993512,42.22563600028526],[-70.91779400033892,42.225552000006765],[-70.91784600021744,42.22551199977149],[-70.91809100043984,42.22550099990191],[-70.91839400038853,42.22583900021983],[-70.91850099962035,42.225970000017846],[-70.91861199994842,42.226095999892095],[-70.91870099963688,42.22619799976449],[-70.91879000022367,42.22630000013725],[-70.91886399984351,42.22627800000556],[-70.91893800036166,42.226257000326285],[-70.91898299966918,42.226242999871],[-70.91901799982931,42.22623399971923],[-70.91975500014628,42.22601799968283],[-70.92024800006578,42.22587200031136],[-70.92030999999004,42.225874999714065],[-70.92039399965564,42.22584300009075],[-70.92042100031813,42.2258209997998],[-70.92048999991509,42.22579999996851],[-70.92100100027628,42.225640000169044],[-70.92151199973912,42.22548099977128],[-70.92209000004743,42.22529999983096],[-70.92287400022008,42.22563600028526],[-70.92349000016321,42.22590000005298],[-70.9237079997231,42.2264869999492],[-70.92374000040847,42.227389999843176],[-70.92375100027914,42.22805500030324],[-70.92330799969002,42.228358999719816],[-70.92329000014668,42.228600000328385],[-70.92238999962309,42.22929999980435],[-70.92578999990428,42.23680000007248],[-70.92635599961872,42.23768000032042],[-70.92692300005638,42.23855900000314],[-70.92766600022114,42.23971199979002],[-70.92840799966267,42.24086400022719],[-70.92844700002072,42.24092500017148],[-70.92901899958294,42.24181200025306],[-70.92959100004347,42.24270000003528],[-70.93128999991002,42.2442990000408],[-70.9311900003509,42.24609899973308],[-70.93110999998495,42.24639299993959],[-70.9310000003801,42.246813999987005],[-70.93101700009854,42.24698000010056],[-70.93101899974836,42.24704100011663],[-70.93102399977123,42.24707899974801],[-70.93102899979411,42.24712099987392],[-70.93119100017582,42.24860000025234],[-70.93349099991687,42.24999999995509],[-70.93243499975766,42.252644000225196],[-70.93220299995409,42.25278099981353],[-70.93155500022388,42.252907000021565],[-70.92881299971862,42.25337299985993],[-70.9278319999025,42.253512999943524],[-70.92509100012046,42.25390000027706],[-70.92330799969002,42.25388599996965],[-70.92118100020133,42.25426399986506],[-70.91931999995309,42.2547030000752],[-70.91809300008967,42.25522600001411],[-70.91708100031138,42.2555999998775],[-70.91819099999896,42.26009999984001],[-70.91796900024111,42.26115500009667],[-70.91793900010387,42.26129699999962],[-70.91773800026242,42.262252000009674],[-70.91747799997142,42.26348300010805],[-70.91739000010789,42.26389899978706],[-70.91624500026022,42.26396699976119],[-70.91575499981545,42.263995999747415],[-70.91568500039355,42.263999999859095],[-70.91567600017274,42.26397800023897],[-70.91563599998977,42.26398300021374],[-70.9156250001191,42.26400399997052],[-70.91164200040504,42.26424099996982],[-70.90899000031146,42.26439899991758],[-70.90209000018996,42.26749899983646],[-70.90602600004836,42.27136500021154],[-70.91349000023449,42.2786989996889],[-70.91366400031175,42.281629999925194],[-70.91375700019817,42.283198000309056],[-70.91409100010901,42.288800000002105],[-70.92079100021398,42.28939900029627],[-70.92549100015356,42.28959900005468],[-70.93769100026424,42.27749899999913]]],[[[-71.17884700006893,42.3143790002117],[-71.17893499993247,42.314316000132884],[-71.17585600004163,42.31205599990355],[-71.17439499982648,42.310980999828374],[-71.1711510000792,42.30860299971226],[-71.17018600015659,42.307895000106384],[-71.16980000036722,42.307607000026415],[-71.16936900037199,42.307243000208544],[-71.16880799978213,42.30676800003144],[-71.16865700016938,42.30664000015527],[-71.16849300013786,42.30649999980587],[-71.16839100003061,42.30641499972657],[-71.16831200038789,42.306348000231914],[-71.16689999967821,42.305154000263805],[-71.16655900009468,42.30486499972484],[-71.16642000017751,42.304747000091155],[-71.16631999972009,42.304663000183396],[-71.16616200043464,42.30452900005109],[-71.16609100028953,42.304468999730844],[-71.16549500043787,42.30419499968965],[-71.16501400021393,42.30397400005577],[-71.1647020000444,42.30383000018053],[-71.1645890000665,42.303747000273546],[-71.16343699964783,42.30290099996674],[-71.16316600038449,42.3027019998397],[-71.16287400030645,42.30248699977342],[-71.16151000017565,42.30149400012079],[-71.16010400021209,42.30045399990339],[-71.15874299955605,42.299455000299304],[-71.15771800025732,42.298702999896484],[-71.15720500024632,42.29832699998178],[-71.15697599991746,42.29815900019898],[-71.15683899965012,42.298057999718324],[-71.15574999987895,42.29725799999683],[-71.15563799972595,42.2971760000641],[-71.1555850000225,42.29713700005864],[-71.15555200041054,42.29711300004324],[-71.15550399983165,42.297078000004426],[-71.15546799984664,42.29705099996118],[-71.15545199995313,42.297039999940225],[-71.15544199990737,42.2970229999041],[-71.15541299959504,42.296992999829136],[-71.15487100017008,42.29661300030043],[-71.15483000016218,42.29658300003016],[-71.15469000042009,42.29648000032235],[-71.15449799990117,42.29633899995893],[-71.1536910001623,42.29574600001692],[-71.15345699981056,42.29557499991749],[-71.1525089996064,42.294878999757806],[-71.15221099968058,42.29466000006426],[-71.1521830000915,42.29463799984964],[-71.15214799993137,42.29461300017033],[-71.15211299977128,42.29458799981659],[-71.15202200043299,42.29463599976936],[-71.15189400038648,42.29470299976681],[-71.15113000030533,42.29510000008441],[-71.1503610002013,42.295498999945714],[-71.15033100006407,42.29551399967636],[-71.15030000010194,42.29553000009389],[-71.15001200022184,42.295677999776515],[-71.14878100016045,42.29630800020893],[-71.14860299988523,42.296399000053206],[-71.14828999989078,42.29655799979403],[-71.14791999999493,42.296749000017535],[-71.14749700039562,42.29696299973987],[-71.14748399997683,42.296971999768175],[-71.14728599961012,42.297075000000206],[-71.14703600026318,42.29720100005493],[-71.1468830001023,42.29727999996065],[-71.14682399965275,42.29732199987016],[-71.14596699968517,42.29793899996385],[-71.14414399997008,42.29925399997807],[-71.1440529997335,42.29931999974772],[-71.14347199995045,42.29973800000438],[-71.1423079998362,42.300580999787],[-71.14153399970931,42.301138000331804],[-71.14013500031676,42.30214699968436],[-71.1400959999587,42.30217300027972],[-71.13966300031365,42.302662000021996],[-71.13930900031133,42.30305600027433],[-71.13861399982714,42.30383399975703],[-71.13824099955823,42.304251999944384],[-71.13650200040706,42.30620399980745],[-71.13611200041973,42.30675599986721],[-71.13538900034644,42.307778999835904],[-71.13532900007199,42.30786199974193],[-71.13500799968162,42.308317999682764],[-71.13488499965797,42.308491999847206],[-71.13445899968562,42.309095999907754],[-71.13435900012651,42.309252000050755],[-71.1340980000106,42.30967600027457],[-71.13316300022522,42.31120400032626],[-71.13283400033725,42.31169299967393],[-71.13186299966856,42.31317800024027],[-71.13174899986572,42.31330300021233],[-71.13133399976404,42.313760000330134],[-71.13095499964734,42.3141790001023],[-71.13064199965291,42.314529999933036],[-71.13054200009378,42.31464200016536],[-71.13026300043452,42.3149760002323],[-71.12963700044565,42.315724999786845],[-71.12942200036049,42.31598199989458],[-71.12895899967991,42.316535999945614],[-71.12860100037793,42.316958999905985],[-71.12833000021628,42.31727199969984],[-71.128184999553,42.31744099997062],[-71.12735100004996,42.31840799996826],[-71.12717699997269,42.31860700026313],[-71.12706700036784,42.31873299973723],[-71.12688700044278,42.31893499995972],[-71.12579299975043,42.320155000033395],[-71.12542500040271,42.32056699968284],[-71.12501100012594,42.32102900028556],[-71.12460900044302,42.32147900013879],[-71.12456800043515,42.32152299973621],[-71.1244589997569,42.32164599985144],[-71.12426899978608,42.32185600020536],[-71.12397199968517,42.3223129999827],[-71.12371099956925,42.32271599978189],[-71.12336699961267,42.322571000013006],[-71.12152800000406,42.323881999961436],[-71.120390999654,42.32304200013546],[-71.12014100030706,42.322855999928805],[-71.12011199999475,42.32283499986023],[-71.12004400022269,42.32281600029816],[-71.11996300003185,42.32279299970202],[-71.11992000037412,42.32279299970202],[-71.11986400029764,42.322782000193584],[-71.1195389997093,42.322744999961266],[-71.11943599977714,42.32273500003836],[-71.11894399968254,42.322842000326645],[-71.11887000006271,42.322857999776836],[-71.11878899987185,42.322915999991245],[-71.11876600030564,42.32293200008681],[-71.11869599998542,42.32298200019313],[-71.11850900038768,42.32311600022903],[-71.11847900025046,42.32329999983312],[-71.11847900025046,42.32338200027744],[-71.1183980000596,42.323454999724554],[-71.11828000005882,42.32349099995749],[-71.11800899989717,42.32353599972156],[-71.11778600031441,42.323554000149535],[-71.11745300022848,42.32361700027849],[-71.11706900008892,42.323698000066926],[-71.11677199998799,42.32377000023412],[-71.11667300025381,42.323823999973364],[-71.11664300011657,42.32384900000915],[-71.11653699981136,42.32393900032137],[-71.11642399983344,42.32411700008739],[-71.11636199990919,42.324308999957005],[-71.11640399974198,42.324502000134814],[-71.11632900029721,42.324598000219574],[-71.11634699984056,42.32469199970399],[-71.11635299968835,42.32478999994961],[-71.11627200039581,42.324945999713876],[-71.11625300012923,42.32506500022342],[-71.11620799992338,42.32520199980013],[-71.11614799964893,42.32525699985653],[-71.11613400030355,42.3252710002496],[-71.11608999992262,42.325381000193715],[-71.11603899986899,42.32550899981404],[-71.1159769999447,42.32565800029978],[-71.11594799963238,42.32573499993999],[-71.11594699980748,42.32581099994097],[-71.11592900026413,42.325854999829666],[-71.11594500015767,42.32595399979879],[-71.11596100005119,42.32599100013634],[-71.11602299997546,42.32613499978901],[-71.11601499957953,42.32624599975287],[-71.11596500024915,42.32637899994235],[-71.11581100026336,42.32656100023525],[-71.11576100003464,42.326628000130235],[-71.11568099966868,42.32671199994731],[-71.11556299966793,42.32677999987517],[-71.11552400020817,42.326795000122864],[-71.11544600039038,42.326826000136336],[-71.11534599993294,42.32687500027644],[-71.11527099958988,42.32693400029961],[-71.11523799997792,42.326987999979664],[-71.1150399996112,42.32730800033007],[-71.114836000295,42.327749000158725],[-71.1145469996917,42.32837199991873],[-71.11394400016734,42.32967299970389],[-71.11371300018865,42.33017699975596],[-71.11357500009639,42.33046699976075],[-71.11344799987478,42.330953999921114],[-71.113442000027,42.3310070000083],[-71.11335300033855,42.331730999785165],[-71.11334499994263,42.33177799986051],[-71.11332499985113,42.33190199996144],[-71.1133080001327,42.3320060002646],[-71.11329600043713,42.33209799975085],[-71.11329700026205,42.332175000141376],[-71.11327100032277,42.332217000012825],[-71.11323299978963,42.33223600005615],[-71.11323500033775,42.33228999983331],[-71.11326200010194,42.33233899970168],[-71.11321199987323,42.33245800017173],[-71.1131540001469,42.332530000274275],[-71.11308800002467,42.33260399983262],[-71.11296900019899,42.33269499967266],[-71.11283299975655,42.332848000128614],[-71.11265799985436,42.33307499988066],[-71.11257800038672,42.33320999976006],[-71.11251800011229,42.333312999802736],[-71.11245899966272,42.33343000024623],[-71.1124419999443,42.33344099988507],[-71.11239000006576,42.333529000247104],[-71.11219199969904,42.333800999923625],[-71.11205299978188,42.333902000165615],[-71.11195800024562,42.334027000141894],[-71.11176499990178,42.33416799976386],[-71.11156800025829,42.334373999863054],[-71.1114130004476,42.33452500007776],[-71.11133899992943,42.33460000001444],[-71.11111600034667,42.33473299980624],[-71.11096900003356,42.33487399983753],[-71.11059099974179,42.33524899986592],[-71.11053300001548,42.33532999995024],[-71.11051700012197,42.335403000141795],[-71.11055300010698,42.335464000246034],[-71.11073300003203,42.335533000063975],[-71.11080800037509,42.33558600027692],[-71.1109289998506,42.3356720001891],[-71.11098999994996,42.33575699993275],[-71.1109990001708,42.33582199989357],[-71.11099999999573,42.33583299977811],[-71.11097900007933,42.33594499994203],[-71.11090100026152,42.33601299984935],[-71.11075099957536,42.33616800029101],[-71.11071299994053,42.33621200023964],[-71.11070000042007,42.336261999751535],[-71.11070799991768,42.33630799971891],[-71.11079999997918,42.33643200018515],[-71.11090799993421,42.33654700006166],[-71.11100800039164,42.33660200015924],[-71.11105699989712,42.33662200024316],[-71.11111399979852,42.33666299976448],[-71.1111539999815,42.33671899979631],[-71.11116999987502,42.33677000026806],[-71.11119199961634,42.336869999692865],[-71.11120000001226,42.336906000217134],[-71.11122000010374,42.336989000222175],[-71.1112450002181,42.33702299995261],[-71.11129600027172,42.33708499984341],[-71.11141599992233,42.337185000095346],[-71.11144299968649,42.33720600002182],[-71.11155099964154,42.33729899989646],[-71.11155900003745,42.337381000021665],[-71.1115330000982,42.33745799992043],[-71.11146600015104,42.33754599997392],[-71.11140199967862,42.337629999819505],[-71.11131299999016,42.337901999687894],[-71.11111399979852,42.338364999824314],[-71.11103000013294,42.338564000076],[-71.11093600042162,42.338744000298384],[-71.11088500036799,42.33888399996763],[-71.11085000020789,42.33950800031812],[-71.11076399999416,42.339718000141595],[-71.1106750003057,42.339897999716655],[-71.11068000032857,42.33999100025802],[-71.11070999956749,42.34004300005093],[-71.11071999961324,42.34008200003345],[-71.1107110002907,42.34012999982545],[-71.11066299971182,42.34027099970803],[-71.11063299957459,42.34033299971641],[-71.11059699958959,42.34040500009928],[-71.11057900004623,42.340442999880736],[-71.11056999982539,42.340454000284986],[-71.11046900044138,42.3405920001828],[-71.11035999976313,42.3407329996934],[-71.11017700036334,42.34095900023191],[-71.11008899960147,42.34103199986507],[-71.1099859996693,42.34110700000931],[-71.10985000012519,42.34116899985736],[-71.1097670002845,42.34122199996814],[-71.1096829997206,42.341361000134235],[-71.10965900032949,42.34140099992446],[-71.10959999987993,42.341459000305484],[-71.10955300002426,42.341494000234725],[-71.10935700020569,42.341580999993525],[-71.10904099983819,42.34166499976087],[-71.10877100039976,42.34174800012428],[-71.10849000019238,42.34183700010422],[-71.10843499994077,42.34187299977684],[-71.10841200037456,42.34188799974498],[-71.10829100000073,42.34198099999897],[-71.10825500001572,42.34202899966923],[-71.10823900012221,42.34205800024077],[-71.10822599970342,42.34210799975229],[-71.10822599970342,42.342186999736086],[-71.1082249998785,42.34227199996916],[-71.10819399991637,42.3423300002107],[-71.10811600009856,42.34240600007984],[-71.1080270004101,42.34247800008082],[-71.10788699976969,42.342550999942254],[-71.10744200042907,42.34268700000387],[-71.10724599971219,42.34280400027066],[-71.10721099955208,42.342817000139334],[-71.10720100040466,42.34282500031252],[-71.10714100013021,42.34285900020735],[-71.10706900016018,42.342888999669604],[-71.1069079996034,42.34295400022606],[-71.10666099973119,42.34303499968134],[-71.10658200008845,42.343071999930615],[-71.10651400031641,42.34310599969187],[-71.10630400025413,42.34326199984484],[-71.10624499980457,42.343323000293125],[-71.10622899991107,42.34336899974298],[-71.10622100041343,42.34343299987427],[-71.10617399965946,42.34349099970872],[-71.10607199955221,42.34358300032091],[-71.10605999985664,42.34358899987984],[-71.1058599998401,42.34369200018632],[-71.10569300033384,42.34375099970573],[-71.10560999959486,42.343789000120886],[-71.10551599988351,42.343811999679566],[-71.1055579997163,42.343898000293116],[-71.10558100018085,42.343942000144665],[-71.10566900004439,42.344119999742816],[-71.10577600017452,42.344315999963186],[-71.10579600026601,42.344397000319624],[-71.10582999970289,42.344447999875705],[-71.10591000006883,42.34456600009603],[-71.10625099965236,42.34507000031071],[-71.1063319998432,42.34522199997236],[-71.10634899956163,42.34525300019896],[-71.10638200007193,42.345326000158096],[-71.10647999998122,42.3455460000863],[-71.10651299959318,42.345620000263324],[-71.10652699983687,42.3456460001613],[-71.10657100021783,42.345727000132],[-71.10658600028641,42.3457539998777],[-71.10661600042366,42.34580999978058],[-71.10670900031008,42.34598299995978],[-71.10674000027221,42.34604000021009],[-71.10675600016573,42.3460820001168],[-71.10677700008213,42.3461379997275],[-71.10680499967123,42.34621000010213],[-71.10682099956475,42.34625299977941],[-71.10686300029586,42.34633500017865],[-71.10698999961916,42.346581000070714],[-71.10703300017516,42.34666399991966],[-71.107042000396,42.34668099982718],[-71.10706900016018,42.34673399993903],[-71.10707800038102,42.34675199970382],[-71.10719399983365,42.34697699998],[-71.10721300010024,42.347049000057645],[-71.10712100003872,42.34747000028093],[-71.10710699979502,42.34754400018492],[-71.10706400013731,42.3477660000382],[-71.1070499998936,42.347840000257726],[-71.10703200035026,42.34791500024774],[-71.10697799992359,42.34814299990693],[-71.10696000038024,42.34821900005212],[-71.10689400025801,42.3485879997569],[-71.10685400007503,42.34875899990576],[-71.1068249997627,42.348889000099824],[-71.1067889997777,42.34905200005004],[-71.10670199973906,42.34943300017092],[-71.1065700003929,42.34991200024714],[-71.10663700034006,42.34992000018137],[-71.10682700031086,42.34994300015263],[-71.10690699977847,42.349952999733404],[-71.1073029996136,42.35000199978064],[-71.10848900036746,42.3501470000489],[-71.10888400037767,42.3501959999449],[-71.10899099960947,42.35020900027672],[-71.10931199999985,42.35024799992828],[-71.10941800030506,42.35026100024934],[-71.10950100014573,42.350269000139164],[-71.1095689999178,42.35027499972393],[-71.10974899984285,42.35029199998272],[-71.10983099985862,42.3502999998686],[-71.10994800003448,42.35031600030118],[-71.11029899966375,42.35036400024681],[-71.1104150000147,42.350379999999205],[-71.11049899968029,42.35039199981083],[-71.11075099957536,42.35042600026058],[-71.11083400031437,42.35043800006343],[-71.11088000034512,42.3504419999972],[-71.1108939996905,42.35044299981463],[-71.11091600033014,42.35044400029591],[-71.11093600042162,42.350445999930706],[-71.11111299997363,42.35046700007544],[-71.11128100020312,42.350486999732574],[-71.111506000334,42.35051400008946],[-71.11321500024629,42.350717000311185],[-71.11363500037085,42.350767000238974],[-71.11378400033377,42.35077999978885],[-71.11401399958922,42.35080700001982],[-71.11409399995516,42.35081600031555],[-71.11470099967748,42.35088599969477],[-71.11492900018143,42.35091299988025],[-71.11510599973342,42.35093399986896],[-71.1156320001632,42.350995999984384],[-71.11580799989031,42.35101699994536],[-71.11609400012058,42.35105499995179],[-71.11695100008815,42.35116800002727],[-71.11723700031841,42.35120599994236],[-71.11744499983256,42.35122999991187],[-71.11806900017163,42.35130199976533],[-71.11827699968578,42.3513259996982],[-71.11831000019605,42.3513300002393],[-71.11834000033328,42.35133300031309],[-71.11840700028043,42.35134000026331],[-71.11843900006748,42.35134400013968],[-71.11880899996335,42.35138599982212],[-71.11972299983232,42.35148899996769],[-71.11991799982599,42.351512999829104],[-71.12028600007203,42.3515570003258],[-71.12049100011143,42.35158100016124],[-71.12053499959406,42.35158599982153],[-71.12110600022967,42.351651999814486],[-71.12131100026909,42.35167499981587],[-71.12152999965389,42.35170200032627],[-71.12218300030526,42.35178100020409],[-71.12222900033603,42.35178700030838],[-71.12224299968142,42.35178899990045],[-71.12227500036678,42.35179299974825],[-71.12240000004024,42.35180800000512],[-71.12242599997951,42.351810000260365],[-71.1228550003249,42.35186099977746],[-71.12294200036355,42.3514159998626],[-71.12351800012372,42.35148599990135],[-71.12398799957869,42.351542000009026],[-71.12406700011972,42.35155199999931],[-71.124129000044,42.35152599988852],[-71.12420699986181,42.35149299983458],[-71.12451800020644,42.35127799982337],[-71.1245719997348,42.35124099975649],[-71.12465399975056,42.351192000011245],[-71.12472300024585,42.351151000005395],[-71.12496300044535,42.35100799967846],[-71.1253049998538,42.35080099982199],[-71.12566100040426,42.3505860000992],[-71.12578400042791,42.35051199979293],[-71.1258260002607,42.35048599991583],[-71.12590599972835,42.35044299981463],[-71.12602499955402,42.350380999817624],[-71.12613400023228,42.3503270003058],[-71.12622499957057,42.350288000039406],[-71.12630699958633,42.35025299969461],[-71.12639899964783,42.35021599968826],[-71.12646300012027,42.35019100017404],[-71.1265280004176,42.35016800029357],[-71.12665999976375,42.350123000329816],[-71.12679399965805,42.350080999803446],[-71.12692900027557,42.350042999872116],[-71.12706700036784,42.35000800005474],[-71.12720799993483,42.3499770001813],[-71.1273460000271,42.34995000025766],[-71.12746499985278,42.34992800011458],[-71.12755199989141,42.34991399989881],[-71.12768900015877,42.349895999711705],[-71.12783800012168,42.34987900000966],[-71.1279450002518,42.349870000243676],[-71.1280649999024,42.34985999998579],[-71.12816000033696,42.34985399969755],[-71.12825900007115,42.3498480000726],[-71.12842899995047,42.349840000129205],[-71.12858299993626,42.34983300001188],[-71.12861499972331,42.34967199975459],[-71.1286209995711,42.34965599982198],[-71.12864400003564,42.34960300018198],[-71.12868000002065,42.34953399986975],[-71.12872799970121,42.34946299981573],[-71.12879899984632,42.34937899984469],[-71.12887199964126,42.34930699978014],[-71.12892500024302,42.349264000200165],[-71.12901200028168,42.34920300020517],[-71.12906900018307,42.349170000259434],[-71.12914000032819,42.34913300027952],[-71.12923400003952,42.34908400021873],[-71.12928099989517,42.34906700029714],[-71.1297460002256,42.34885000026899],[-71.13013700003783,42.348659999981145],[-71.13052700002518,42.348476000203206],[-71.13075499963081,42.348367999851796],[-71.13107400037136,42.348215999829755],[-71.13127500021281,42.34812099979529],[-71.13200699960859,42.34777299972178],[-71.1333809997851,42.34712199992309],[-71.1342539996462,42.34657699989125],[-71.13515499999473,42.34602300012918],[-71.13527800001836,42.34594099998692],[-71.13545600029359,42.34579500008417],[-71.1359850001981,42.34536600008157],[-71.13675799960178,42.344744999827384],[-71.13710900012937,42.34446100006836],[-71.13736100002446,42.34425700031009],[-71.13782399980673,42.34387600002382],[-71.13796600009694,42.34376799973705],[-71.13849699965128,42.34333799991534],[-71.13865300018519,42.34321199992307],[-71.13875000026958,42.343133999832965],[-71.13880899982081,42.34308700027675],[-71.13890199970723,42.34301099990283],[-71.139977000133,42.34214000013589],[-71.14007000001942,42.34208900003553],[-71.14071000025203,42.34155199986598],[-71.1410950002165,42.341236000127786],[-71.14129799970776,42.34106999993161],[-71.14132600019516,42.34104800000073],[-71.1413420000887,42.34102500009492],[-71.14142499992937,42.34094999985289],[-71.14148699985365,42.340886999819475],[-71.14154299993015,42.340823999722936],[-71.141588000136,42.340768999998076],[-71.14161099970222,42.340740000160004],[-71.14163300034183,42.340711000308566],[-71.14167599999953,42.340649000008895],[-71.14171000033471,42.34059600007908],[-71.14173799992382,42.34054899995362],[-71.14177300008392,42.34048700015821],[-71.14178099958154,42.34046999990376],[-71.14180900006892,42.34041099996146],[-71.14182499996247,42.34036600031716],[-71.14185500009967,42.34029899978364],[-71.14186900034339,42.34025600001809],[-71.14187900038914,42.34022899990322],[-71.1418989995823,42.34015799996385],[-71.14190799980312,42.34012399993645],[-71.14191799984887,42.34008100005121],[-71.1419339997424,42.340023999710226],[-71.14193899976527,42.34000799997796],[-71.14234399982122,42.34005499984386],[-71.14239499987485,42.340060999739435],[-71.14248699993635,42.34005899977429],[-71.14250799985275,42.34005899977429],[-71.14263099987639,42.340055999826454],[-71.14421199974215,42.340021999743904],[-71.14465500033126,42.3397369999108],[-71.14468799994322,42.33971600016554],[-71.14477900017982,42.33965700017976],[-71.14527499957406,42.33933800023191],[-71.1455599999794,42.33913099979548],[-71.14580400037688,42.33895500001748],[-71.14616199967884,42.33869700011664],[-71.1462150002806,42.33863199980741],[-71.14624500041785,42.338595000265386],[-71.14650599963544,42.33855400001161],[-71.14660600009287,42.338536999898565],[-71.14648899991701,42.33816100020726],[-71.14641600012206,42.3381010000768],[-71.1463419996039,42.33803599981547],[-71.14625899976323,42.33777200001474],[-71.14615599983107,42.33744200019935],[-71.14645399975689,42.337376999920885],[-71.146749000208,42.33731300026554],[-71.14726600041693,42.33720099988187],[-71.1487419998024,42.33686600022357],[-71.14871099984026,42.336790000298556],[-71.148580000319,42.336486999719256],[-71.14855500020465,42.33642299982218],[-71.14851599984658,42.33632999998015],[-71.14849199955714,42.33627400026596],[-71.14848200040973,42.33625300002826],[-71.1484740000138,42.33623099974013],[-71.14829499991366,42.3358069998064],[-71.14852599989234,42.33575199967758],[-71.14959999959488,42.33550100030215],[-71.14965200037173,42.33548800024902],[-71.1500590000775,42.335393000238845],[-71.15010400028336,42.33528199981448],[-71.15013400042058,42.33521000020619],[-71.15046099976041,42.33496799990414],[-71.14995600014534,42.334691000286796],[-71.14985300021318,42.334634999777194],[-71.15496200040666,42.33161599973526],[-71.15626200006503,42.330847000147706],[-71.15703600019192,42.330389999935655],[-71.156887000229,42.330241000032274],[-71.15702399959802,42.33014899982211],[-71.15758400036302,42.3297720003056],[-71.158606000187,42.32908499974143],[-71.1592320001759,42.32861099987025],[-71.15979700006544,42.32818299968091],[-71.15981399978388,42.3281700001075],[-71.15983300005044,42.32815500018772],[-71.15985700033988,42.32813799992011],[-71.15989699962454,42.32810699988903],[-71.16015699991553,42.32791000010587],[-71.16022899988556,42.32785599988903],[-71.16034600006142,42.32776700004539],[-71.16041800003146,42.3277129997058],[-71.16067699959922,42.327521999780664],[-71.16094600011105,42.327325000157906],[-71.16130299958812,42.32706300027012],[-71.16152199987124,42.32689600032481],[-71.16184099971345,42.326665000071415],[-71.16207199969213,42.32649400026897],[-71.16225699964006,42.326357999721395],[-71.16241300017398,42.32624200027218],[-71.16256299996182,42.32613000009714],[-71.16260099959665,42.32609699999568],[-71.16270100005408,42.326030000199374],[-71.16291000029145,42.32587399980226],[-71.1632450000272,42.32562600016282],[-71.16346500013522,42.32546400013286],[-71.16396399990252,42.32509800020206],[-71.16430500038436,42.32484700015101],[-71.16459900011223,42.3246320000069],[-71.16497300020606,42.3243599998654],[-71.16533499970599,42.324098000248334],[-71.16593300010578,42.323665000018124],[-71.16639900026111,42.323328000158874],[-71.16666100020193,42.32313799979126],[-71.1669540001049,42.32292700014039],[-71.16713099965689,42.322798000323225],[-71.16728700019083,42.32268599999458],[-71.16734800029019,42.322641000286715],[-71.16748200018449,42.32260500023162],[-71.16762000027676,42.322569000155845],[-71.16771499981299,42.322543000014555],[-71.16781899957007,42.322515000003634],[-71.16799299964732,42.32246800031316],[-71.16822299980112,42.3224059999611],[-71.16892199958492,42.32221900026478],[-71.1692839999832,42.322120999999505],[-71.16922299988381,42.321993999733635],[-71.16917400037832,42.321890999753364],[-71.16967800016847,42.32175499988226],[-71.16971499997841,42.32174499980201],[-71.16980200001704,42.32172200014269],[-71.16993300043661,42.32168699983647],[-71.17012400023232,42.32163500014254],[-71.17048499990736,42.32153799990895],[-71.1704120001124,42.321389000292776],[-71.17022700016449,42.32101500027688],[-71.17006800015582,42.320680000088984],[-71.17063200022044,42.32027400030594],[-71.17081700016836,42.320140000195174],[-71.17118399969115,42.31987600033167],[-71.17172000016669,42.319490000228235],[-71.17220399986535,42.31914300009653],[-71.1728680003874,42.31866299976533],[-71.17309799964285,42.3184960001062],[-71.173240999758,42.31839400004066],[-71.17362599972245,42.318116000168814],[-71.17371500030922,42.318050999844814],[-71.17378700027925,42.31800000013631],[-71.17405000004497,42.317810999957416],[-71.17465400029258,42.31737800030003],[-71.17504099990686,42.31709999992519],[-71.17603599996669,42.31638699977706],[-71.17634200028844,42.31617100025268],[-71.17760199976382,42.31526899970055],[-71.17884700006893,42.3143790002117]]],[[[-70.8533800001589,42.239606999727904],[-70.85330700036394,42.239451000016025],[-70.85321899960208,42.239267000133026],[-70.85048600021598,42.23351299975959],[-70.85038099973566,42.23328600017702],[-70.84941599981308,42.23125800017882],[-70.84935700026183,42.231136000166046],[-70.84904900029026,42.23049600008492],[-70.84904400026738,42.23047900005563],[-70.84896100042673,42.230337999675186],[-70.84833600026275,42.22899700001475],[-70.84801999989523,42.2283230003117],[-70.84649799958073,42.22511800022404],[-70.84581899988838,42.22368700033084],[-70.84525300017394,42.22249600003869],[-70.84472000007146,42.22137200001953],[-70.84251700041479,42.21673200011118],[-70.84194499995425,42.21552900012084],[-70.8410469999788,42.21363899993212],[-70.84080000010658,42.21311799990784],[-70.84048200008928,42.21283399977805],[-70.8404350002336,42.212793000127036],[-70.84021000010272,42.212591000176005],[-70.83716399982384,42.209869000090215],[-70.83676799998872,42.20951399976524],[-70.83464999982253,42.20762499999245],[-70.83459000044638,42.20756800016788],[-70.83456600015695,42.20754700025454],[-70.83380799992358,42.20687299980439],[-70.8332670003235,42.20639000004139],[-70.8328310003054,42.20600499999627],[-70.83227800011144,42.20550600027491],[-70.82930100032786,42.20284300013309],[-70.82887100015755,42.20246800015179],[-70.82827000028303,42.20192099979919],[-70.82708199987934,42.200864999700116],[-70.82701499993219,42.20078600006893],[-70.82699999986357,42.200791999926466],[-70.82497100028417,42.201972000315735],[-70.82329400015892,42.202949000292186],[-70.82267800021579,42.20330700005482],[-70.82244100038933,42.20344499977851],[-70.82181899970007,42.20380599984343],[-70.82174199970719,42.20385099993733],[-70.82003899964269,42.20484300015123],[-70.81764000016743,42.20623899997497],[-70.8139639997017,42.20837499972283],[-70.81276899962533,42.20907000019626],[-70.81257799982963,42.209179000084255],[-70.79763100008913,42.217871999739565],[-70.79711100040544,42.21817600028953],[-70.79419700037104,42.219868999921864],[-70.79369799970544,42.2201589996978],[-70.79298800005097,42.220572000066454],[-70.79249599995637,42.22085799975353],[-70.79242300016145,42.2209000000358],[-70.79215799984757,42.2210539999447],[-70.7914769996071,42.22145099985256],[-70.79137200002512,42.22151199993387],[-70.79012000004732,42.22223899968172],[-70.79009999995584,42.22225099997795],[-70.78914199970595,42.22280799974174],[-70.78863799991578,42.2231010001891],[-70.78843299987636,42.223221000079754],[-70.78834099981486,42.2232710001886],[-70.78832499992133,42.22327200003075],[-70.78826999966974,42.2232760000643],[-70.7882379998827,42.22330699981673],[-70.78826999966974,42.22335000030653],[-70.78836000008144,42.22345100011964],[-70.78841100013504,42.22352799967103],[-70.78858100001436,42.22364400007056],[-70.78862799987003,42.22373600023594],[-70.78886999971938,42.22474300009976],[-70.78893699966653,42.22547500026302],[-70.78876000011452,42.225556999701766],[-70.78874199967287,42.22556500014425],[-70.78871400008376,42.225578000279114],[-70.78829899998206,42.22576999991225],[-70.7881669997376,42.225830999812075],[-70.78695400011786,42.2258209997998],[-70.78638199965732,42.22527700020563],[-70.78623100004458,42.225239999894214],[-70.78561500010144,42.22509000013559],[-70.78508100017406,42.22527599973007],[-70.78481400021037,42.22588099984953],[-70.78500400018116,42.22609899994937],[-70.78521000004548,42.226190999863256],[-70.78555700037512,42.22634500017106],[-70.785562000398,42.22644400026561],[-70.7855690000707,42.22659400013315],[-70.78557400009356,42.22669800010702],[-70.78557599974339,42.226742000070004],[-70.78557599974339,42.22675199993634],[-70.78560400023079,42.226873999774895],[-70.78582900036169,42.22782199976598],[-70.78582000014084,42.22787000001836],[-70.78570899981277,42.22846699981652],[-70.78564799971339,42.22879400025754],[-70.78564500023867,42.22880899990152],[-70.7856400002158,42.22883599991679],[-70.78552300003994,42.229463999946574],[-70.78681000017781,42.229438999688774],[-70.78692800017859,42.229401000076194],[-70.78788300005546,42.22910000027107],[-70.7879910000105,42.229374000302535],[-70.78799500020845,42.22938399975199],[-70.78799900040642,42.22939399986499],[-70.78804799991188,42.229518000070485],[-70.7881180002321,42.22969800014998],[-70.78812400007988,42.22971300024427],[-70.7881390001485,42.229750999669065],[-70.78814300034645,42.2297620001284],[-70.78814699964609,42.22977299992071],[-70.78815599986693,42.22979599990351],[-70.78819600004991,42.229897999784065],[-70.78821199994343,42.229939000302586],[-70.78822100016426,42.2299620002249],[-70.78822899966185,42.229980999865184],[-70.78829099958612,42.230140000236744],[-70.78838799967052,42.230386000009865],[-70.78843100022655,42.23053000012979],[-70.78850099964842,42.23076799993118],[-70.78837500015004,42.23106399984068],[-70.78867200025097,42.23255800023899],[-70.78867999974857,42.23259700030605],[-70.78726299991435,42.23322599984911],[-70.78677099981975,42.23404100014872],[-70.786584000222,42.23410099970179],[-70.78645100015262,42.23410600004996],[-70.7845139997364,42.23469300012718],[-70.78448100012443,42.23471400032563],[-70.78446199985787,42.23472600024588],[-70.78333100025391,42.23546299995311],[-70.78215100024615,42.23626199979879],[-70.78203900009315,42.23636900004059],[-70.78197299997092,42.23643200027216],[-70.78214000037548,42.236517999969394],[-70.78223499991172,42.23656699989147],[-70.78226000002608,42.23657999975582],[-70.78232899962306,42.23661500014466],[-70.78258200024138,42.23673099977455],[-70.78304800039669,42.23708499978071],[-70.78360800026334,42.237305000332164],[-70.78394100034927,42.23764699975114],[-70.78377200029486,42.23783500014354],[-70.783655000119,42.23796600031935],[-70.78379800023413,42.23823700029205],[-70.78367100001255,42.23886199977983],[-70.78348100004173,42.23907400006232],[-70.78329000024601,42.23948699972799],[-70.7833379999266,42.24020700029479],[-70.78335399982012,42.24051399974507],[-70.78372600026411,42.240742000161745],[-70.7842819999328,42.24066200029607],[-70.78450200004083,42.240525999892526],[-70.78514399992324,42.24013100004637],[-70.78661699983397,42.23957199966838],[-70.78787399983463,42.23953199967157],[-70.78818500017925,42.2397030002286],[-70.788371999777,42.239748000018146],[-70.78846600038663,42.2397929997756],[-70.78850200037165,42.239825000307775],[-70.78851099969417,42.23987999979203],[-70.7890410003219,42.24017000008903],[-70.78857099996863,42.240653000205036],[-70.78737800044038,42.24187799967822],[-70.786724999789,42.24254999987088],[-70.78482099988305,42.24629899992756],[-70.78460800034604,42.246452999718414],[-70.78393999962603,42.24693400001668],[-70.78327199980437,42.24741499997237],[-70.78081600042768,42.24918300010429],[-70.78071699979516,42.2519439996884],[-70.78048599981649,42.25841199994567],[-70.78040799999869,42.25850300001149],[-70.77770200037676,42.26169400008206],[-70.76736199979108,42.27388100008016],[-70.76651099967128,42.27488500030273],[-70.75720700005164,42.285854000329756],[-70.75665999970546,42.28650000006297],[-70.75104900026997,42.29311399998622],[-70.74948699977247,42.29535599998632],[-70.67571899974406,42.37506500028604],[-70.67569000033008,42.375097999906515],[-70.68639499989042,42.3748479997757],[-70.71850799981995,42.374098000048456],[-70.72921199955539,42.37384799991878],[-70.7292199999513,42.37383399972281],[-70.72923099982195,42.373827999732676],[-70.73378000014878,42.36887600001812],[-70.74948799959739,42.35177800015173],[-70.75058800013753,42.35052299976324],[-70.75092399969819,42.35013999996582],[-70.80034599993188,42.29311299992183],[-70.80043399979542,42.29301400011858],[-70.82068300007326,42.27037999985824],[-70.82554000037165,42.26495199994053],[-70.82564499995362,42.264833000134786],[-70.82571000025096,42.264771000191736],[-70.82568599996151,42.26471300025411],[-70.82563800028093,42.26463300020671],[-70.82573500036531,42.26461399969859],[-70.82590799971936,42.2645800000696],[-70.82628699983604,42.26450700015895],[-70.82636800002689,42.26448800027762],[-70.82673999957258,42.26440399985896],[-70.82698599961986,42.26436799974027],[-70.82751299987456,42.26439800006223],[-70.83045600022128,42.26456399976857],[-70.83049600040424,42.26456600013879],[-70.83218100002705,42.26466699980716],[-70.83220699996633,42.26466900017412],[-70.83222000038512,42.26467000002518],[-70.83225800001996,42.26467199972729],[-70.832514000113,42.264687000150104],[-70.83502300009143,42.26483700019336],[-70.83509599988638,42.26483200028631],[-70.83574000031692,42.26479199968605],[-70.83619899990123,42.2646740000941],[-70.83623700043438,42.26466400025376],[-70.83695899978443,42.264324000084315],[-70.83698300007387,42.264313000331725],[-70.8369980001425,42.2643060000047],[-70.8370120003862,42.26429899967687],[-70.83810000033243,42.26378599984374],[-70.83864400030556,42.263498000148985],[-70.83889700002555,42.263244000171284],[-70.83900300033078,42.26313800017636],[-70.83927199994429,42.26246900023602],[-70.83930999957913,42.26240400030173],[-70.839610999878,42.26188600019978],[-70.83970799996237,42.261779999916214],[-70.84016499989687,42.26127699991091],[-70.8401749999426,42.2612699999116],[-70.84047899971623,42.261081000301424],[-70.84062699985424,42.260989000057535],[-70.84065799981637,42.260979000297525],[-70.84098000003165,42.260878000039845],[-70.840997999575,42.26087199990757],[-70.84154400009626,42.2606969998974],[-70.842095999567,42.26060499975806],[-70.84210800016086,42.260602000011396],[-70.84240000023891,42.26055499997291],[-70.84256900029331,42.26054799989344],[-70.8430470001442,42.260530000065444],[-70.84308099958108,42.26052900014873],[-70.84309700037292,42.26052800023201],[-70.84359899961494,42.26050799989933],[-70.84370599974505,42.26050799989933],[-70.84370599974505,42.26049000005997],[-70.84373900025534,42.2604679998799],[-70.84377100004238,42.26044599969216],[-70.84419199999188,42.260410999891434],[-70.84442299997055,42.26041500023056],[-70.84459399967477,42.26042500007997],[-70.84462700018504,42.260425999998375],[-70.84463399985775,42.2603830001698],[-70.84465300012431,42.26031299981413],[-70.84466499981988,42.26026899998767],[-70.84467700041377,42.26019900017031],[-70.84470800037592,42.25995999975228],[-70.84475299968344,42.259779000298856],[-70.84478100017084,42.25969500025483],[-70.8448060002852,42.25965099999713],[-70.84485999981354,42.25955200013615],[-70.84512099992946,42.25930399983556],[-70.84523599955719,42.259137000303404],[-70.84524999980088,42.259119000072616],[-70.84531300044839,42.259024999744355],[-70.84532400031905,42.259009999968995],[-70.84533199981665,42.258988999878575],[-70.84552000013764,42.258520999753244],[-70.84561300002404,42.258287000050245],[-70.84567999997121,42.25811799990944],[-70.84569800041287,42.258071999969694],[-70.84578399972828,42.257854999902726],[-70.84594100008711,42.25745700028414],[-70.84620700022589,42.256783000025806],[-70.84622700031738,42.25673299986953],[-70.84624499986073,42.25668600027163],[-70.84640300004448,42.256288999907916],[-70.84644999990014,42.256167999737265],[-70.84647699966433,42.256098000021524],[-70.84660800008388,42.25585300007229],[-70.84701499978966,42.2552640000339],[-70.84711400042218,42.255009000127316],[-70.84715600025497,42.25485399994101],[-70.84721099960825,42.254416000130696],[-70.84729000014927,42.25410099969372],[-70.84756899980853,42.2537460000491],[-70.84787599995519,42.25350499971917],[-70.84792700000884,42.25347600022712],[-70.84803400013895,42.25341599981418],[-70.84812500037553,42.25335199988709],[-70.84825900026983,42.25324599988573],[-70.84840599968462,42.25308899995154],[-70.84845000006554,42.25304000022663],[-70.84850100011917,42.25297799999094],[-70.84856899989124,42.252896000271974],[-70.84869899958758,42.25271699990696],[-70.8487980002201,42.25253799969883],[-70.84888600008364,42.25230399973792],[-70.84889199993142,42.252280999979014],[-70.84893700013725,42.25213999977068],[-70.84894499963487,42.25198100030354],[-70.8489460003581,42.25191099993011],[-70.84894100033522,42.25187399993885],[-70.84892000041883,42.251769000168856],[-70.84885000009864,42.25159699967404],[-70.8487499996412,42.25144099968556],[-70.84851500036288,42.25112999994682],[-70.84849299972325,42.25111100002425],[-70.84848000020278,42.25108200009642],[-70.84838300011839,42.25087299980944],[-70.84831000032347,42.25070000012343],[-70.8482690003156,42.250535999975256],[-70.84823900017835,42.250338000071544],[-70.84822699958448,42.25024600011302],[-70.84823300033058,42.250173000231115],[-70.84826400029272,42.24979800001629],[-70.8482569997217,42.24942800003091],[-70.84824599985104,42.24914400031314],[-70.84824400020122,42.24912300026216],[-70.84821200041418,42.248812999836325],[-70.84822300028483,42.248707000186315],[-70.84821999991179,42.24867099975024],[-70.84825900026983,42.24849300013685],[-70.84829199988181,42.24839000027682],[-70.84830399957737,42.248356999989106],[-70.84830899960023,42.248341000226276],[-70.84837200024774,42.24819899974266],[-70.84839800018702,42.24815500010865],[-70.8485039995939,42.24799800013666],[-70.84854399977688,42.247963000076915],[-70.84867400037155,42.24781399990935],[-70.84872500042515,42.247755000214305],[-70.84927699989589,42.24733100008406],[-70.8490450000923,42.24725300018262],[-70.84813399969806,42.24694600027309],[-70.84795899979586,42.24686400002713],[-70.84499500043108,42.24584100022811],[-70.8449629997457,42.245828999761514],[-70.84434199977969,42.245616000076886],[-70.84363799997301,42.245373000289014],[-70.84180699986197,42.244741000283796],[-70.8413569996002,42.24458600013437],[-70.84124100014756,42.24454599999108],[-70.84123799977452,42.24451600019951],[-70.84124100014756,42.24448299988023],[-70.84115199956078,42.243345999860324],[-70.84466399999498,42.24227100014622],[-70.84521700018892,42.24210599982141],[-70.84759100044816,42.2413790000953],[-70.8484540002635,42.241113999668],[-70.85043199978931,42.24050899990462],[-70.85152099956048,42.24017499995634],[-70.8528329998127,42.23977500000947],[-70.8533800001589,42.239606999727904]]]]},"properties":{"GEOID":"25021","BASENAME":"Norfolk","STATE":"25","COUNTY":"021","AREALAND":"1025902570","NAME":"Norfolk"}},{"type":"Feature","geometry":{"type":"Polygon","coordinates":[[[-70.85119099984759,42.37249900007093],[-70.86949199983853,42.37246099975848],[-70.89429200009299,42.37239900024715],[-70.89480500010397,42.36990400022228],[-70.89625500044848,42.362855000003265],[-70.90054799978394,42.34199599994135],[-70.90324799955809,42.32887699992948],[-70.9032900002892,42.32867000025757],[-70.90333299994691,42.32846299990453],[-70.90451299995468,42.32273099967022],[-70.90569200013752,42.31699899993881],[-70.91709100035713,42.31419800027948],[-70.92072099989379,42.3127239998052],[-70.92319200023739,42.31172099985036],[-70.92719099984498,42.3100980000461],[-70.92789100035205,42.310169000038144],[-70.93709100021461,42.311097999955756],[-70.9451379998336,42.30447100016322],[-70.94899099985133,42.301298000000735],[-70.96019199970424,42.29949800005],[-70.96020599994795,42.29863900009786],[-70.96021500016876,42.298123000092296],[-70.96025100015378,42.29603699992314],[-70.96025500035174,42.29579399975158],[-70.96022699986433,42.29577600002146],[-70.95997400014433,42.29566300008493],[-70.95997499996925,42.2955840001441],[-70.9601270003052,42.29566300008493],[-70.96022199984145,42.29567599972925],[-70.96025700000155,42.29566100003719],[-70.96026700004731,42.295081000122856],[-70.96027100024526,42.29485800032083],[-70.9602729998951,42.2947559998234],[-70.96039199972077,42.28769900030306],[-70.96033999984223,42.28767600016453],[-70.9477210003302,42.282005999830425],[-70.93769100026424,42.27749899999913],[-70.92549100015356,42.28959900005468],[-70.92079100021398,42.28939900029627],[-70.91409100010901,42.288800000002105],[-70.91375700019817,42.283198000309056],[-70.91366400031175,42.281629999925194],[-70.91349000023449,42.2786989996889],[-70.90602600004836,42.27136500021154],[-70.90209000018996,42.26749899983646],[-70.90899000031146,42.26439899991758],[-70.91164200040504,42.26424099996982],[-70.9156250001191,42.26400399997052],[-70.91563599998977,42.26398300021374],[-70.91567600017274,42.26397800023897],[-70.91568500039355,42.263999999859095],[-70.91575499981545,42.263995999747415],[-70.91624500026022,42.26396699976119],[-70.91739000010789,42.26389899978706],[-70.91747799997142,42.26348300010805],[-70.91773800026242,42.262252000009674],[-70.91793900010387,42.26129699999962],[-70.91796900024111,42.26115500009667],[-70.91819099999896,42.26009999984001],[-70.91708100031138,42.2555999998775],[-70.91809300008967,42.25522600001411],[-70.91931999995309,42.2547030000752],[-70.92118100020133,42.25426399986506],[-70.92330799969002,42.25388599996965],[-70.92509100012046,42.25390000027706],[-70.9278319999025,42.253512999943524],[-70.92881299971862,42.25337299985993],[-70.93155500022388,42.252907000021565],[-70.93220299995409,42.25278099981353],[-70.93243499975766,42.252644000225196],[-70.93349099991687,42.24999999995509],[-70.93119100017582,42.24860000025234],[-70.93102899979411,42.24712099987392],[-70.93102399977123,42.24707899974801],[-70.93101899974836,42.24704100011663],[-70.93101700009854,42.24698000010056],[-70.9310000003801,42.246813999987005],[-70.93110999998495,42.24639299993959],[-70.9311900003509,42.24609899973308],[-70.93128999991002,42.2442990000408],[-70.92959100004347,42.24270000003528],[-70.92901899958294,42.24181200025306],[-70.92844700002072,42.24092500017148],[-70.92840799966267,42.24086400022719],[-70.92766600022114,42.23971199979002],[-70.92692300005638,42.23855900000314],[-70.92635599961872,42.23768000032042],[-70.92578999990428,42.23680000007248],[-70.92238999962309,42.22929999980435],[-70.92329000014668,42.228600000328385],[-70.92330799969002,42.228358999719816],[-70.92375100027914,42.22805500030324],[-70.92374000040847,42.227389999843176],[-70.9237079997231,42.2264869999492],[-70.92349000016321,42.22590000005298],[-70.92287400022008,42.22563600028526],[-70.92209000004743,42.22529999983096],[-70.92151199973912,42.22548099977128],[-70.92100100027628,42.225640000169044],[-70.92048999991509,42.22579999996851],[-70.92042100031813,42.2258209997998],[-70.92039399965564,42.22584300009075],[-70.92030999999004,42.225874999714065],[-70.92024800006578,42.22587200031136],[-70.91975500014628,42.22601799968283],[-70.91901799982931,42.22623399971923],[-70.91898299966918,42.226242999871],[-70.91893800036166,42.226257000326285],[-70.91886399984351,42.22627800000556],[-70.91879000022367,42.22630000013725],[-70.91870099963688,42.22619799976449],[-70.91861199994842,42.226095999892095],[-70.91850099962035,42.225970000017846],[-70.91839400038853,42.22583900021983],[-70.91809100043984,42.22550099990191],[-70.91784600021744,42.22551199977149],[-70.91779400033892,42.225552000006765],[-70.91774499993512,42.22563600028526],[-70.91765700007157,42.225685999812],[-70.91761299969062,42.22569299976918],[-70.91752800020015,42.225685999812],[-70.91743799978845,42.22568899988881],[-70.91731399993989,42.225712000029205],[-70.91726700008422,42.22573299988978],[-70.91714200041076,42.225766000036714],[-70.9170329997325,42.225815000323855],[-70.91693599964812,42.22583900021983],[-70.91687399972385,42.22586699997609],[-70.91684100011187,42.22586200030558],[-70.91668999960082,42.22578099973496],[-70.91650899985086,42.22571100022571],[-70.91644299972862,42.22569700031456],[-70.91636599973573,42.22570299980173],[-70.91633399994868,42.225718000180166],[-70.91631100038245,42.22574999986684],[-70.91629999961347,42.225832000278835],[-70.91622599999366,42.22584900022926],[-70.91614700035093,42.22580500030909],[-70.91608799990136,42.22579099975358],[-70.91599099981701,42.2257950002927],[-70.91594399996133,42.22580799971498],[-70.91587000034149,42.22579999996851],[-70.91580800041721,42.225830999812075],[-70.91572999970109,42.2258209997998],[-70.91561900027132,42.225830000010454],[-70.91559800035492,42.22581999999808],[-70.91559099978392,42.22579699989697],[-70.91562799959385,42.225718999983506],[-70.91561599989826,42.225661000053606],[-70.91558699958595,42.225627000046956],[-70.91552200018694,42.22559300002203],[-70.91540199963804,42.22557399972624],[-70.91536999985098,42.22554599984003],[-70.91534499973662,42.22549399992339],[-70.9153000004291,42.22546900008897],[-70.9151809997051,42.22546299991435],[-70.91505699985655,42.22545599993166],[-70.91497900003874,42.22544599986003],[-70.91491700011444,42.225466999809086],[-70.91489600019806,42.22546100029949],[-70.91489700002296,42.22541499982742],[-70.91483900029665,42.22538399977959],[-70.91473200016654,42.22519600021483],[-70.91474499968699,42.22511500012009],[-70.91484099994648,42.224475000193024],[-70.91485600001509,42.224374000022394],[-70.91500699962783,42.22336599975417],[-70.91514399989516,42.222459000093146],[-70.91534800010967,42.221100000267995],[-70.915441999821,42.22046899986655],[-70.91558499993613,42.21951700029008],[-70.9158999995804,42.217424999907834],[-70.9160479997184,42.21643900004781],[-70.91620699972708,42.21537899991221],[-70.91626399962847,42.21499600004314],[-70.9164190003375,42.21396300002746],[-70.91657300032327,42.21293699978999],[-70.91662400037691,42.21260500033177],[-70.91667799990526,42.212250000080715],[-70.9166949996237,42.21213800011409],[-70.91674800022547,42.21179500018685],[-70.91699699974748,42.210117999821136],[-70.91719000009132,42.20880100023554],[-70.91757900025377,42.20628800011098],[-70.91760500019303,42.20605900022183],[-70.91771599962279,42.205319999671765],[-70.91829599958093,42.20144799998909],[-70.91850599964323,42.20005200011329],[-70.91856099989481,42.199683999717166],[-70.91868499974338,42.19885900016094],[-70.91945800004535,42.193702999907856],[-70.91989499988836,42.19079299983179],[-70.92005100042229,42.18975100003116],[-70.920602999893,42.18606800004961],[-70.92064800009886,42.185767000044365],[-70.92066300016747,42.185668999857256],[-70.92073900033546,42.18516000016392],[-70.92113299962243,42.182549999817994],[-70.92116799978253,42.1823009999464],[-70.92131000007275,42.18135900000517],[-70.92136699997417,42.18098000029911],[-70.921524000333,42.17993200000384],[-70.92169800041027,42.17877000001943],[-70.92187800033533,42.17756899990896],[-70.92196500037396,42.176989000089605],[-70.92214299975087,42.17582099971922],[-70.9225670000734,42.172993999763705],[-70.92262200032499,42.17262800023492],[-70.92262999982259,42.172556999762676],[-70.92294399964196,42.17046700029857],[-70.92332399958354,42.16793600020498],[-70.92354899971446,42.166454000125114],[-70.92407099994627,42.16293700015178],[-70.92462999998801,42.15920099978737],[-70.92487699986022,42.157580000312024],[-70.92515399986965,42.157473999986074],[-70.92547799973475,42.15734799975719],[-70.92656800022914,42.15692099981652],[-70.92779300044276,42.15644200017384],[-70.9282899996619,42.156245999990794],[-70.92846200008935,42.156183999921986],[-70.92910099959872,42.15593099982802],[-70.93024600034468,42.155482000169066],[-70.93456600034266,42.15379200032346],[-70.9398799996772,42.15171200003856],[-70.94056299956752,42.15144499966745],[-70.94069700036013,42.151393000030325],[-70.94076799960693,42.1513649999007],[-70.94082799988139,42.15134099968452],[-70.94095699975281,42.15129099992652],[-70.94133900024255,42.151142000067],[-70.94532500032966,42.149586000258516],[-70.94549799968372,42.14951600024383],[-70.948784999987,42.14822700017953],[-70.94892800010214,42.148167000310735],[-70.94896300026224,42.148156000295295],[-70.95130099963815,42.14724400005783],[-70.95458000044383,42.14595899995303],[-70.95462200027663,42.14594800021998],[-70.95464499984284,42.14593899995258],[-70.95563599970473,42.14555100015912],[-70.95739700039385,42.1448559999524],[-70.95930700014756,42.144110000245476],[-70.96781400007409,42.14077899989372],[-70.97087500042159,42.13958000024563],[-70.97264999955777,42.13888600028528],[-70.97314699967525,42.13869100020895],[-70.97743700043429,42.13701099978798],[-70.98027299975256,42.135901999764386],[-70.98092800005377,42.135645000289735],[-70.98127000036052,42.13551100005408],[-70.98424100029634,42.13434399993015],[-70.98451199955967,42.13423700007733],[-70.99311399992077,42.130855000110884],[-71.001346000386,42.12762000033089],[-71.00215200029993,42.12730400027115],[-71.00197400002472,42.12652599970619],[-71.0020290002763,42.126506000230236],[-71.00702899979152,42.12454799978176],[-71.00939700020295,42.12362200010652],[-71.00952299970133,42.12357199977923],[-71.01074600026512,42.123093999749],[-71.01102999994724,42.122982999829574],[-71.01163599984466,42.122744999809136],[-71.01182199961748,42.12267199980005],[-71.0119420001664,42.12262599979679],[-71.01203599987772,42.12258900001618],[-71.01212999958905,42.12255200021391],[-71.01235600044319,42.12246399975112],[-71.01249600018527,42.122408999982774],[-71.01601699994198,42.1210299997452],[-71.01662200001446,42.1207929998489],[-71.01672300029679,42.12075299993645],[-71.0170110001769,42.120640999780626],[-71.01880899977763,42.11993800021887],[-71.01972900039272,42.11957799990415],[-71.01983099960164,42.11953299980429],[-71.0200530002578,42.11945100005842],[-71.02061700032242,42.11923000007677],[-71.02083099968435,42.11914699978207],[-71.02180900002575,42.11876399989599],[-71.02185900025445,42.118745000131895],[-71.02228199985377,42.118577999996525],[-71.02515099968231,42.117445000009454],[-71.02553399999695,42.11729299990626],[-71.02570499970118,42.11722600006945],[-71.0267969998454,42.116794999942776],[-71.02715400022078,42.11664600020197],[-71.02751800026884,42.11651100022374],[-71.02832800038075,42.116190999916434],[-71.02920999956437,42.11584300014708],[-71.02957399961244,42.11569899989038],[-71.02977299980405,42.115621000031155],[-71.03016399961632,42.11546600023963],[-71.03034699991443,42.11539400005706],[-71.03144200043168,42.11496199990928],[-71.03188299957434,42.11478899978023],[-71.03236100032353,42.11459899996101],[-71.03307900037395,42.11431599996343],[-71.0337599997161,42.114047000025735],[-71.03402500002997,42.113936000251314],[-71.03405400034228,42.11392500028712],[-71.03418800023658,42.113872000251014],[-71.03525400044153,42.11345699991979],[-71.0359080000195,42.113198999760364],[-71.03729899991446,42.11264999973843],[-71.03853699964854,42.1121609996804],[-71.0392730001406,42.1118710002242],[-71.03986300014449,42.1116279997409],[-71.04055600008054,42.111366999961206],[-71.04105599967274,42.1111690002847],[-71.04110699972634,42.11115000024279],[-71.04151900035332,42.1109869998951],[-71.04162800013326,42.11094100007275],[-71.04248799957556,42.110600999799985],[-71.04360599965905,42.11016000028294],[-71.04430500034118,42.10987800009424],[-71.04448400044133,42.1098139999949],[-71.0445110002055,42.10980299998173],[-71.04480300028355,42.1096909997996],[-71.04506500022438,42.109586999881685],[-71.04571399977948,42.10932700000679],[-71.04650600034805,42.10901499994886],[-71.04783199994567,42.10847000030964],[-71.04852700042986,42.10821700015765],[-71.04903299986984,42.108016999973536],[-71.04950400004803,42.10783400019526],[-71.05015400032636,42.10757599980714],[-71.05037799973402,42.10748700019944],[-71.05069999994932,42.107360000116024],[-71.05266800032767,42.10658600001114],[-71.05681199970022,42.104947000176665],[-71.05697499990684,42.10488299976436],[-71.05734399997777,42.10473699983157],[-71.05776599975218,42.104570000107906],[-71.05793800017962,42.10450199976315],[-71.05830800007547,42.104357000009635],[-71.05903199997366,42.10407099975343],[-71.06010599967621,42.10364700029008],[-71.06125600044506,42.10319400014801],[-71.06131400017138,42.103171000079506],[-71.06165599957983,42.10303699980407],[-71.06271099991412,42.102623000267656],[-71.06390099996761,42.102142000241685],[-71.06700599979771,42.10090500020956],[-71.06707000027014,42.1008799997538],[-71.07062500036203,42.099463999678285],[-71.07196199983031,42.09893200010373],[-71.07502599965254,42.097708999705354],[-71.0758969998638,42.097364999785526],[-71.07669600010507,42.09704699981585],[-71.07807600012937,42.09649799988838],[-71.07934300017575,42.09599300019877],[-71.07941400032087,42.095965000238245],[-71.08017599985389,42.09566299968766],[-71.08048300000056,42.09553900017082],[-71.08044500036573,42.0953780000762],[-71.07931600041158,42.09062499994698],[-71.07886199995181,42.08871500015838],[-71.07878099976097,42.08837999990077],[-71.07875800019475,42.08827399973739],[-71.07875200034698,42.08825200023474],[-71.07855099960719,42.087401000284096],[-71.07799199956547,42.08505400003632],[-71.0775930002556,42.083365999691495],[-71.07641499989768,42.078414000186854],[-71.07623099977465,42.07763699972193],[-71.07606900029127,42.07695399977607],[-71.07564499996874,42.075170999932475],[-71.07451500018968,42.07041699991015],[-71.0744880004255,42.070300000213805],[-71.07444800024254,42.070129999712165],[-71.07441200025752,42.069983000197944],[-71.07420600039319,42.069116000153066],[-71.07407999999651,42.068586000027636],[-71.07394399955406,42.06801100015278],[-71.0737700003751,42.06728899998682],[-71.07374100006278,42.067164000048784],[-71.07191900017263,42.0594919997164],[-71.07119699992425,42.05645899994131],[-71.07112099975627,42.05613100019593],[-71.0709049998462,42.055226000172205],[-71.07080799976183,42.05482000011974],[-71.07051999988174,42.0536130001538],[-71.06963500032506,42.04987500006037],[-71.06960799966258,42.04975999969782],[-71.0695950001421,42.049704000316],[-71.06959000011923,42.04968499987125],[-71.06915499992604,42.047791999713965],[-71.06892399994737,42.046794999679115],[-71.06875800026602,42.04607099980531],[-71.06788200003187,42.042260999715644],[-71.06772499967302,42.04158599980048],[-71.06758999995382,42.04101200032537],[-71.06725400039315,42.039531000063626],[-71.06725000019519,42.039515000147134],[-71.06676099957534,42.037393000042776],[-71.06642500001468,42.03592899979405],[-71.06581800029235,42.033293000290485],[-71.06463699956136,42.02815700000647],[-71.06386699963244,42.02480200000214],[-71.06275899959468,42.02000299968101],[-71.06132199966899,42.013761000331876],[-71.06072499999242,42.011171000117315],[-71.060119000095,42.00853800028993],[-71.05836099977894,42.00089500031978],[-71.05715999985478,41.995674999731946],[-71.056276000123,41.99183600012375],[-71.0553029998045,41.987607000076615],[-71.05503500001589,41.98644199992398],[-71.0547179998235,41.985057000181186],[-71.05460499984558,41.98455999966818],[-71.05422900010194,41.982909999990454],[-71.0541839998961,41.982716000081105],[-71.05379399990875,41.98109199991908],[-71.05356399975499,41.98012899989656],[-71.05259299998461,41.97607400000644],[-71.05246400011316,41.9755309997085],[-71.0522769996171,41.974735999957424],[-71.05206699955481,41.97387300027493],[-71.05179999959114,41.97277500008447],[-71.05164300013062,41.97210699977947],[-71.05131199969449,41.97071100005582],[-71.05045899992489,41.96716199988415],[-71.05028700039576,41.96644400025652],[-71.05027599962679,41.96639999966643],[-71.05007399996042,41.965556000135095],[-71.04988800018758,41.9647770001428],[-71.04980600017181,41.964433000109544],[-71.04977600003458,41.964307000312225],[-71.04949800020024,41.963150000246635],[-71.04948499978146,41.96309400005623],[-71.04886700018848,41.9627820000028],[-71.04851200036124,41.962605000083286],[-71.0472200002005,41.96194800025989],[-71.04663500021947,41.961658999845405],[-71.04629700011068,41.96148899993233],[-71.0454679997322,41.9610710000013],[-71.0444819998932,41.96057399999712],[-71.04390799978283,41.960285000030815],[-71.04384000001077,41.96024399983004],[-71.0432369995881,41.95988300013316],[-71.04303999994461,41.959763999997676],[-71.0429620001268,41.9597170001468],[-71.04274100019386,41.959584999712135],[-71.04262700039105,41.95951599972535],[-71.04217700012924,41.959245999726676],[-71.03934500011063,41.95754800004354],[-71.03854099984649,41.957063999789376],[-71.03690999975204,41.956085999737255],[-71.03520599986264,41.955063000237935],[-71.03415200025157,41.95443000007227],[-71.03087699964384,41.952463999881196],[-71.02796900035554,41.9507190000797],[-71.02650599959225,41.94984200028719],[-71.02640600003313,41.94978199981545],[-71.0260589997035,41.949573999702665],[-71.02333499963991,41.94779900011824],[-71.02226900033328,41.947103999930924],[-71.02104599976951,41.94640699977247],[-71.02085900017175,41.946300999892735],[-71.02030299960474,41.945982999864235],[-71.01963800015612,41.94560400030922],[-71.0192640000623,41.94539100015396],[-71.01859600024062,41.945009999964654],[-71.0176160002494,41.94445099970826],[-71.01686700023686,41.94402400009295],[-71.01658799967929,41.94386499994362],[-71.01499199974491,41.94286199996869],[-71.01472599960613,41.94269399988911],[-71.0140190003247,41.94224999993433],[-71.01297999988394,41.94159600025722],[-71.01284599998964,41.94151199994132],[-71.01282500007324,41.94149900027231],[-71.01276700034691,41.941461999812105],[-71.01205099994634,41.94101299984838],[-71.01157899994324,41.940715999696096],[-71.01138399994957,41.940593000004164],[-71.01133000042121,41.940558999911666],[-71.01113799990227,41.940437999848086],[-71.01056700016495,41.94007900016931],[-71.01043300027065,41.93995099971688],[-71.01026900023913,41.93979499969512],[-71.00997200013822,41.939507999686164],[-71.00954799981568,41.939099999792354],[-71.00909400025424,41.93866499981135],[-71.00858899974087,41.93817899983927],[-71.00810300039238,41.93771199999966],[-71.00767400004696,41.9372999999161],[-71.00731099982382,41.936951999834974],[-71.00715199981515,41.936799000229534],[-71.00602100021119,41.93571400017907],[-71.00578699985948,41.93548600008555],[-71.00355599971537,41.933343000078544],[-71.0035299997761,41.93331700008039],[-71.00337199959236,41.93316500018776],[-71.00123300040809,41.93108900025259],[-70.99988699982066,41.929782000309984],[-70.99977300001784,41.92967099985633],[-70.99978499971341,41.92965300010773],[-70.99979399993425,41.929639000225485],[-70.99981300020082,41.92960900018112],[-70.99988500017085,41.92949299974308],[-70.99991600013298,41.92937299987457],[-70.99994600027021,41.929262999852526],[-70.99997200020947,41.92904900010453],[-70.99997300003439,41.928900000171524],[-70.99995899979068,41.92879300011256],[-70.99992000033095,41.92868899998943],[-70.99986099988139,41.9286150002227],[-70.99977999969055,41.92855199970344],[-70.9996290000778,41.92846500012516],[-70.9994800001149,41.92841899973943],[-70.99938800005339,41.92839000027833],[-70.99932299975605,41.92837399980945],[-70.99927800044853,41.928361999956465],[-70.99901499978446,41.928291999766294],[-70.9985949996599,41.928199000225554],[-70.99820200019784,41.92807899992786],[-70.99778200007326,41.92795400026888],[-70.9974819995993,41.927818000238716],[-70.99733000016164,41.927740999970226],[-70.99722200020662,41.92766199994537],[-70.99702800003784,41.92755799998341],[-70.99680399973187,41.92740400006256],[-70.99675199985333,41.92736899978565],[-70.99642100031554,41.92704999973773],[-70.99603700017599,41.926569999909354],[-70.99590800030454,41.92635199973881],[-70.99573800042523,41.92605799972092],[-70.99567399995283,41.92588299979908],[-70.99563299994493,41.92569999982943],[-70.99556299962474,41.92535399968694],[-70.99553300038583,41.92505299997223],[-70.99554400025649,41.92492000006561],[-70.99558000024149,41.92476400003793],[-70.995700999717,41.924520000138024],[-70.99574400027302,41.924425000012285],[-70.99591199960419,41.9242019997664],[-70.9960670003132,41.92404400021144],[-70.99623700019252,41.92390699997602],[-70.99644800007971,41.92378599973327],[-70.99655100001188,41.9237270000343],[-70.99681899980048,41.92355300029863],[-70.9969190002579,41.923488000333236],[-70.99705800017509,41.92337900008841],[-70.99716000028234,41.923281999799805],[-70.99720499958987,41.92319999989559],[-70.99722300003152,41.92311099989656],[-70.99722600040458,41.92302600005945],[-70.99720899978783,41.922467000259964],[-70.9971779998257,41.922376999992366],[-70.99706400002286,41.92206299998069],[-70.99698500038015,41.92173400022447],[-70.9968830002729,41.92146000023394],[-70.99683800006706,41.921287000263334],[-70.99681399977761,41.92117499980045],[-70.99682499964827,41.92101600016633],[-70.9968559996104,41.92088599967926],[-70.99697799980913,41.92057800000814],[-70.99703899990851,41.920422000058934],[-70.99714699986356,41.920183999958645],[-70.99722399985644,41.91981900017825],[-70.99732599996369,41.919188000277686],[-70.99734699988008,41.91896799968018],[-70.99736399959852,41.91879199972558],[-70.9973750003675,41.91864999971223],[-70.9973970001088,41.918398999988966],[-70.99740899980436,41.9180990001991],[-70.99742100039825,41.917810000184105],[-70.99741800002518,41.917623999819895],[-70.99739499956065,41.91740199986156],[-70.9973269997886,41.91713999994697],[-70.99713199979493,41.91668199984971],[-70.9969119996869,41.91631000002554],[-70.99666700036282,41.9159830000497],[-70.99634699979738,41.915626999820766],[-70.99604300002376,41.91537500021593],[-70.99582200009083,41.91524000013768],[-70.995672000303,41.9151759997532],[-70.9955230003401,41.915114000029824],[-70.99544899982192,41.9150829998113],[-70.99508200029912,41.914967999731715],[-70.99483399970369,41.914922999673195],[-70.99464600028104,41.91491400005877],[-70.99461199994585,41.91492100027892],[-70.99451700040959,41.91494000020409],[-70.99442199997503,41.91499499988527],[-70.99436699972345,41.91506499995785],[-70.99434099978419,41.915236000031946],[-70.99437199974632,41.915455000102774],[-70.99439600003578,41.91578000007424],[-70.99430999982205,41.91600200032718],[-70.99424500042304,41.916105999740445],[-70.99413400009496,41.91621999976389],[-70.99395499999481,41.9163489997207],[-70.99377599989465,41.916429999731335],[-70.99366600028982,41.91645899994946],[-70.99352200034976,41.916473000050075],[-70.99336800036397,41.91647600007122],[-70.99327899977719,41.91646499999297],[-70.99315499992863,41.91643099973907],[-70.99284899960689,41.91632900020567],[-70.99250700019844,41.916175999931426],[-70.99223199983882,41.91599600024014],[-70.99212800008175,41.91590800023604],[-70.99207399965509,41.915830000282874],[-70.9920329996472,41.915751000216005],[-70.99197800029393,41.91560199997605],[-70.99189499955493,41.915210000007214],[-70.99181199971426,41.91479899967463],[-70.99169100023875,41.91404899970197],[-70.99159499997928,41.91360400016037],[-70.99152899985704,41.91318100014742],[-70.99142699974979,41.91232100006218],[-70.99137499987127,41.91203899982176],[-70.99126400044149,41.91156100021441],[-70.99115300011341,41.91118599968675],[-70.99109600021201,41.91093000022181],[-70.9910250000669,41.91053299980437],[-70.990984000059,41.91005900004613],[-70.99103099991467,41.90966600001493],[-70.99114999974036,41.90913300001408],[-70.99132499964256,41.90870200009427],[-70.99145500023721,41.90833999989708],[-70.99158400010862,41.908073000196296],[-70.99175499981285,41.90778999976508],[-70.99192600041539,41.90750700008495],[-70.99211800003602,41.90727000010813],[-70.99230700018191,41.907058999932836],[-70.9925470003814,41.906854000007186],[-70.99281699981984,41.90667699991359],[-70.9931519995556,41.90644499968235],[-70.9930889998064,41.906379000177196],[-70.99300299959269,41.906288999951904],[-70.99295400008718,41.90623999979077],[-70.9929330001708,41.90622799978651],[-70.99288799996495,41.90620499993917],[-70.99283799973622,41.90619199976018],[-70.99280500012426,41.90621100027803],[-70.99280799959901,41.906260999959976],[-70.99281199979697,41.906319999761585],[-70.99279500007853,41.90636300020583],[-70.99277099978907,41.90637999967384],[-70.99274499984983,41.90640000030067],[-70.99267000040507,41.90640000030067],[-70.99257099977255,41.90637699984673],[-70.9925049996503,41.90634300023601],[-70.9924610001677,41.906294000116326],[-70.99244299972602,41.90625900029433],[-70.99241000011405,41.906246000126345],[-70.99237199958091,41.90625500029438],[-70.99234700036486,41.90631400010149],[-70.992342000342,41.90633900024129],[-70.99232600044849,41.90636399970277],[-70.99228899974024,41.90636399970277],[-70.99225500030336,41.906354000053064],[-70.99221400029549,41.90633900024129],[-70.9922009998767,41.90632899991915],[-70.99215900004388,41.906294000116326],[-70.99213200027971,41.906251000294134],[-70.99210700016536,41.90620499993917],[-70.9921029999674,41.906163999725706],[-70.9918490004225,41.90608099971839],[-70.99165799972849,41.9062079997744],[-70.99140800038153,41.90637500018472],[-70.99133999971114,41.90655299994101],[-70.9910190002191,41.90659500006653],[-70.99059099969861,41.90668899983346],[-70.99037599961346,41.90655900024716],[-70.99009199993134,41.90648000007095],[-70.98990899963323,41.906600999700174],[-70.98967900037778,41.90649300019129],[-70.9895479999582,41.906294000116326],[-70.98947500016327,41.90616499989429],[-70.98943800035335,41.90609900009968],[-70.98941599971373,41.906060000158554],[-70.9892240000931,41.90595800009712],[-70.98902300025166,41.905862000244404],[-70.98897999969563,41.90584200011765],[-70.98890199987783,41.90580400019377],[-70.98866699970118,41.90578599972937],[-70.98861800019571,41.9057829998743],[-70.98856299994411,41.90577000027797],[-70.98815799988816,41.90567599982647],[-70.98813299977381,41.90567599982647],[-70.98783700039611,41.90567700000269],[-70.9877379997636,41.905698999864384],[-70.98755600018872,41.90573999970794],[-70.9874070002258,41.9057740003083],[-70.98725599971476,41.905808000222024],[-70.98656399960363,41.90371900000394],[-70.98604300009502,41.902126000220356],[-70.98363000037605,41.89480500001292],[-70.98170600037862,41.88891099998428],[-70.98148999957024,41.888238999813986],[-70.9814159999504,41.88800899970427],[-70.98133999978243,41.88777900010407],[-70.9810779998416,41.88697899966858],[-70.98097400008452,41.88666299978942],[-70.98094499977222,41.88657200005708],[-70.98090399976432,41.88644900030843],[-70.9808870000459,41.886394999919844],[-70.98084199984005,41.886260000086345],[-70.98082900031956,41.88622000025426],[-70.98028399962323,41.8845550003256],[-70.97971000041117,41.88318900000625],[-70.97959999990802,41.882789999924285],[-70.97957999981651,41.88271599977428],[-70.97955700025031,41.8826079999981],[-70.9795000003489,41.882397999799245],[-70.9791909996541,41.8815009999602],[-70.97888600005557,41.88055000025877],[-70.97868900041206,41.880012999702856],[-70.97866699977246,41.87994200008123],[-70.97856999968806,41.879620000015805],[-70.97848000017471,41.87936000005852],[-70.97837499969441,41.87889700018052],[-70.97830699992234,41.878668999743205],[-70.97825500004382,41.87845299970499],[-70.97812299979933,41.878141000218875],[-70.9779660003388,41.87764000024322],[-70.97758700022212,41.87643299995453],[-70.9771629998996,41.87514900011085],[-70.97716899974738,41.87469599975045],[-70.97692900044618,41.8737220002768],[-70.9768890002632,41.873572000273754],[-70.97380299980136,41.86121599968052],[-70.97371699958764,41.860878999823974],[-70.97456799970742,41.86020099992715],[-70.97505700032727,41.85981100019335],[-70.97641200023722,41.85872600001759],[-70.97647499998642,41.85867299986303],[-70.97724999993822,41.85798399987789],[-70.97830799974726,41.85724600022003],[-70.97980800032047,41.85647299973575],[-70.98240699981227,41.85558800018772],[-70.9827390000733,41.85540899995976],[-70.98304200002198,41.85529499977029],[-70.98349099956056,41.85510899997565],[-70.98355500003298,41.855083000227495],[-70.9837740003161,41.854989000123304],[-70.98450499988698,41.85467400027594],[-70.98513300042401,41.85438399994772],[-70.98554400032775,41.854187000079904],[-70.98577899960607,41.854057999674666],[-70.98593400031508,41.853956999860465],[-70.98621799999722,41.853737000011215],[-70.98630000001297,41.85366500032202],[-70.98635299971642,41.8536190002365],[-70.98657000034972,41.85340600016575],[-70.98686900010046,41.85308099992241],[-70.98745900010434,41.85239700028233],[-70.9877090003496,41.852128000235574],[-70.98804200043553,41.85180599990346],[-70.98829699980534,41.85157100005722],[-70.98851600008844,41.85138399978199],[-70.98884599980133,41.851135999715126],[-70.99045400032959,41.850070999773585],[-70.99090200004325,41.84979900017485],[-70.99138300026718,41.849539999755095],[-70.99163599998717,41.849418999773135],[-70.99224500025763,41.84914400024049],[-70.99253300013771,41.849008000287796],[-70.99326200005876,41.84857500004789],[-70.99354300026614,41.848407999761],[-70.99388300002478,41.84821900013262],[-70.9942999997763,41.84798000018891],[-70.99473199959644,41.8477389998624],[-70.99559699995991,41.84722300020593],[-70.99590499993151,41.8470220000032],[-70.99618899961364,41.84680999980755],[-70.99636299969089,41.8466940001607],[-70.99645899995038,41.84662900024931],[-70.99663499967748,41.846494999832444],[-70.99681999962539,41.846359000270944],[-70.99778999957087,41.845646999894974],[-70.99820499967257,41.845357000130775],[-70.99861399992648,41.845062000118126],[-70.9988830004383,41.84487200018375],[-70.99910600002107,41.84471599999199],[-70.99973200000997,41.84427499974742],[-70.99996399981355,41.8441109996869],[-71.00060700041921,41.84366799967036],[-71.00074899981111,41.843581000199606],[-71.00086000013918,41.84351800009364],[-71.00096399989626,41.84345899984249],[-71.0012479995784,41.843155000090945],[-71.00581199997383,41.83972100021358],[-71.00627800012916,41.8393699999357],[-71.00632300033499,41.83933600013445],[-71.00664300000213,41.83909500004127],[-71.00676000017799,41.83900699982552],[-71.00715900038617,41.83870699988393],[-71.00745499976387,41.83848500001232],[-71.00805399998856,41.83803200022764],[-71.00848699963362,41.837708999987456],[-71.01094399973353,41.835855000042365],[-71.0129480000969,41.834342999951794],[-71.01725999969892,41.831091000283266],[-71.01740399963899,41.83098100029382],[-71.02117100034128,41.82814000012542],[-71.02119100043278,41.828127000127516],[-71.02215700018029,41.82739699992104],[-71.02394999975816,41.82604699992781],[-71.02407699997975,41.82594600007398],[-71.02583699994565,41.8246210002595],[-71.03213000034485,41.81987700016963],[-71.03279899999144,41.819370999995364],[-71.03577199957707,41.817127999845376],[-71.03593999980656,41.81700199971281],[-71.03656999999342,41.81652500031293],[-71.03647299990902,41.81645099979157],[-71.0363080000526,41.8163240000998],[-71.03610999968588,41.81616999975618],[-71.03563500020803,41.815803999905654],[-71.03089300043568,41.81214499981929],[-71.03017200001223,41.81158900008531],[-71.03012000013369,41.8115489997353],[-71.02984599959899,41.81133699987376],[-71.02801200001325,41.809921999715066],[-71.0274449995756,41.80948100010699],[-71.02700799973259,41.80914800030435],[-71.023157000263,41.806175999668994],[-71.02249899958873,41.805668999993756],[-71.01788900006088,41.80211200010839],[-71.01758799976199,41.801877999719395],[-71.01715900031489,41.80154799996786],[-71.0145909998869,41.799567999922985],[-71.01463799974258,41.79948299977418],[-71.0160110000942,41.7970580000377],[-71.01648800012016,41.79621899971746],[-71.01698799971236,41.79532999976684],[-71.01732599982117,41.79474000005776],[-71.01803100035109,41.79348700008178],[-71.02088099991305,41.7884479996764],[-71.02606999957415,41.7792739998096],[-71.02628800003237,41.7788879998786],[-71.01404400043906,41.78033299988068],[-71.00242900030938,41.78170700000039],[-70.98796299989449,41.78341500019224],[-70.987393999807,41.78348699986454],[-70.987209999684,41.78350800017239],[-70.98622700021804,41.7836239997713],[-70.98361799978217,41.78393299988466],[-70.98042699973836,41.78430999966883],[-70.97957499979366,41.784411000204656],[-70.97838499974014,41.784551999724954],[-70.97832500036401,41.7845590001586],[-70.97149499966439,41.78536600015224],[-70.97061099993262,41.785469999837524],[-70.96183700004241,41.78650800007559],[-70.96106499956532,41.786599000198],[-70.96064799981382,41.786648000313455],[-70.96002100000001,41.786722999788836],[-70.95314400034304,41.78753600009957],[-70.95042600012721,41.78785800025087],[-70.95002100007126,41.78790500005452],[-70.94789399968425,41.78815699999583],[-70.94251000002949,41.78879299984438],[-70.94013599977025,41.789074000073015],[-70.93963899965279,41.78913300021244],[-70.93218899971038,41.79001399989959],[-70.93165999980586,41.7900759997713],[-70.93020399961357,41.79024800007362],[-70.92984899978634,41.79029000027206],[-70.92178200007585,41.791243999759764],[-70.92158600025728,41.790869999783666],[-70.9215519999221,41.790805000116805],[-70.92017400044593,41.788193000193615],[-70.92007499981341,41.78800500027734],[-70.92000899969116,41.787879999806975],[-70.91983200013917,41.78754300020741],[-70.91975500014628,41.78739699980904],[-70.91973099985682,41.78735100032115],[-70.91924100031038,41.786420999955546],[-70.91876699975911,41.785521000239854],[-70.91848899992478,41.78499500020976],[-70.91839500021345,41.78481500008709],[-70.91591999967189,41.7801190003072],[-70.91585299972473,41.77999200027271],[-70.91518300025324,41.77871999985635],[-70.9147510004331,41.77789999981107],[-70.91469799983133,41.777799999905206],[-70.91465000015076,41.77770900002286],[-70.91438800020994,41.777211999984466],[-70.91281499984179,41.77422699993612],[-70.911266999588,41.77128999983959],[-70.91092900037751,41.77064899984683],[-70.91068499998003,41.77018700000975],[-70.90876900037853,41.76655000027163],[-70.90752800027138,41.764193999766995],[-70.90721699992677,41.76360500002662],[-70.90718400031481,41.76354300002152],[-70.90708999970518,41.76336500010637],[-70.90578500002394,41.76086300007911],[-70.90521099991359,41.75981900019897],[-70.90445000020547,41.75802699981698],[-70.9044379996116,41.75799999970158],[-70.90426799973228,41.758021000313555],[-70.90302800034837,41.75817399987386],[-70.90294899980736,41.758183999915666],[-70.89635599983251,41.75900400004939],[-70.88643899974444,41.76023200015964],[-70.88560699989122,41.75789899978957],[-70.88497000003167,41.75611500009764],[-70.88356200041828,41.75216600028354],[-70.87884400003708,41.73894800017994],[-70.87064000005924,41.71595699988826],[-70.8678630002922,41.70817700000234],[-70.8652940000393,41.7009800001591],[-70.86519299975696,41.70069599969344],[-70.86500299978617,41.700164000320264],[-70.86498500024281,41.70011199978233],[-70.86136800022665,41.68999200015398],[-70.8595990000399,41.685044000219385],[-70.85948900043506,41.68473599992461],[-70.85937800010699,41.68442399971719],[-70.85876600036178,41.682711999933076],[-70.85849699984996,41.68195699980913],[-70.8582259996883,41.68120000022917],[-70.85821200034293,41.68116700004578],[-70.85818600040365,41.68109100033168],[-70.85818100038077,41.68107200005367],[-70.85523600038425,41.67255500007942],[-70.85227899979384,41.66430199991636],[-70.85214099970158,41.6639159999559],[-70.84966199986037,41.65700699967154],[-70.84942900023186,41.65634799980363],[-70.84926100000237,41.65587600001624],[-70.84803599978878,41.65246299991599],[-70.84765199964922,41.651390000099745],[-70.84742800024154,41.650765999757944],[-70.8462139998986,41.647379000201454],[-70.84590599992701,41.646517999704606],[-70.84565999987971,41.64583299987195],[-70.84524200030329,41.64466499969866],[-70.84481999963057,41.64135200012738],[-70.8445180004051,41.63898800001145],[-70.84435799967324,41.63773400011104],[-70.84393400024902,41.634418999938006],[-70.84382200009603,41.63351499975589],[-70.84317799966546,41.62849400018491],[-70.84317000016786,41.62846000003801],[-70.84345600039812,41.62861699977669],[-70.84352599982,41.62865600020422],[-70.84266800002752,41.62580200004877],[-70.84226399979649,41.62445700000371],[-70.84047100021861,41.618833000327776],[-70.84004500024626,41.617493999839944],[-70.8391749998599,41.614760999707165],[-70.8295080000171,41.612237999853086],[-70.82738400000314,41.61168299985003],[-70.81336700002514,41.60802500011508],[-70.81327400013872,41.607960000086074],[-70.75250000043937,41.56589799999629],[-70.7524240002714,41.565850999767086],[-70.74947599990182,41.56840599996102],[-70.72984500011528,41.59155799973617],[-70.72983300041972,41.59156899987507],[-70.72976599957425,41.591678000111926],[-70.70913300005519,41.625105999797874],[-70.70917200041325,41.625105999797874],[-70.70842000002766,41.62637800008546],[-70.70563599968962,41.63183400016557],[-70.69957400016742,41.64371900017455],[-70.6971079998467,41.64855400000083],[-70.69096400030871,41.66045699993634],[-70.68831899988785,41.66564099985234],[-70.68619599969878,41.66980099996796],[-70.68429199979285,41.67389700013532],[-70.67997299961978,41.683545000099706],[-70.6766290003134,41.69112899993937],[-70.67528899957375,41.69021399988555],[-70.6744040000171,41.68960899987976],[-70.67337200014734,41.690542999988494],[-70.67324999994861,41.690653000157276],[-70.67083200020676,41.69284499973061],[-70.66659599987439,41.69668100018185],[-70.65760400042427,41.70488900027485],[-70.65291500035538,41.70910300022243],[-70.65064400002831,41.711145000318574],[-70.64661199991043,41.71485700008023],[-70.64370000042418,41.71746500027677],[-70.64349200001172,41.71772099970548],[-70.6430600001916,41.71823300019748],[-70.64302400020658,41.71827599969297],[-70.6422440002319,41.71922499997792],[-70.64027599985353,41.72360900012531],[-70.64075600025255,41.724856999886114],[-70.63947599978736,41.726472999919],[-70.63938999957364,41.72801800030851],[-70.63933199984733,41.72904899984903],[-70.63257999986382,41.73365699970714],[-70.63326799977699,41.73546499985321],[-70.63270600026053,41.73775899979612],[-70.63267600012328,41.73788099972036],[-70.62598799971389,41.74496899969794],[-70.62447600034344,41.74541000010565],[-70.62423100012104,41.74544900017375],[-70.6231930004035,41.74561500019851],[-70.62234399993353,41.74591999979564],[-70.62194999974824,41.74605900016641],[-70.62176300015048,41.74618299971762],[-70.62157099963154,41.746418000291044],[-70.62140999997307,41.74664000022797],[-70.62113899981141,41.74701800002086],[-70.62078499980909,41.74753000028026],[-70.62101400013795,41.748302999835644],[-70.62162199968517,41.74897199974592],[-70.62188799982395,41.74910599981857],[-70.62231799999427,41.749323000138176],[-70.62364600014003,41.750105000251985],[-70.62388899981428,41.75031600032194],[-70.62412800018888,41.75056500008726],[-70.62447600034344,41.75075700019152],[-70.62515599986068,41.751143999755904],[-70.62501199992063,41.7540400000484],[-70.62545600033465,41.754640000247456],[-70.62586999971312,41.75519899967812],[-70.6283400002318,41.75853599999151],[-70.62880600038713,41.759122999777546],[-70.62927099981921,41.75971000022519],[-70.62947199966067,41.75996399995091],[-70.62967300040044,41.76021700024004],[-70.62969000011888,41.76032099983389],[-70.62982700038621,41.76060699969057],[-70.62984499992959,41.760671999815294],[-70.62990600002895,41.76076199998234],[-70.6299729999761,41.760809999975166],[-70.63000999978603,41.7608409999654],[-70.63008099993114,41.76089900018796],[-70.63008500012909,41.760963000257135],[-70.63003700044851,41.76101300028766],[-70.62997799999897,41.7611339998252],[-70.62999999974028,41.76125600022992],[-70.6301410002056,41.761393000050894],[-70.63024599978758,41.76144700009559],[-70.63036499961326,41.76144100024176],[-70.63048400033725,41.76148799997509],[-70.63062099970631,41.76155500004871],[-70.63065900023945,41.76162900030871],[-70.63069199985141,41.76166200007117],[-70.6308109996771,41.76167000007192],[-70.63091100013453,41.761699000150124],[-70.63097700025676,41.761768000168],[-70.63108199983874,41.76178600030608],[-70.63115700018182,41.76185500023041],[-70.63118899996887,41.76196199975257],[-70.63111600017393,41.76207300007665],[-70.63112899969441,41.76215800024326],[-70.63122400012897,41.762215999945454],[-70.63136100039631,41.76228200018975],[-70.63143199964311,41.76235799975754],[-70.63150799981109,41.76238000002118],[-70.63154999964388,41.7624189998304],[-70.63156399988758,41.76254500008295],[-70.63145099990967,41.76265800020537],[-70.63147100000118,41.762709999720435],[-70.63158200032926,41.76273199986344],[-70.63174899983552,41.762696999845616],[-70.63195200022513,41.762631000028186],[-70.63199599970773,41.76257000015682],[-70.63206400037811,41.76253299991002],[-70.63212600030239,41.7625340003154],[-70.63230600022744,41.76261300012709],[-70.6324640004112,41.76273899999869],[-70.63255499974947,41.762903999807385],[-70.62991699989959,41.7639560001361],[-70.62945300029243,41.764140999734146],[-70.62906699960473,41.76429499982216],[-70.6272349996688,41.765023999803965],[-70.62716199987388,41.765054000072446],[-70.62643600032587,41.76533699986024],[-70.62611199956245,41.76547200029943],[-70.62515699968559,41.7658519997872],[-70.62489200027002,41.765958000332574],[-70.62405600021886,41.76628999974426],[-70.62267600019456,41.766839999848784],[-70.62238199956838,41.76695699978302],[-70.62187899960311,41.76715699974916],[-70.62169500037841,41.767229999916495],[-70.62058999981542,41.76766999982673],[-70.62029400043772,41.767787999910766],[-70.61971100010653,41.76802000015855],[-70.61789900026211,41.76874199987612],[-70.61756100015332,41.768876000214036],[-70.61650800036715,41.769294999959676],[-70.61555400031519,41.769675000253635],[-70.61307399975075,41.77066200012043],[-70.60394500003329,41.77429599987977],[-70.60293900010281,41.774696000323694],[-70.60137999997836,41.7751929997615],[-70.59772699997718,41.77635799967015],[-70.594482000405,41.77739200001325],[-70.59410599976303,41.777506000283786],[-70.59388300018027,41.77757799989187],[-70.59340699997921,41.77773199988019],[-70.5930820002892,41.77783599988929],[-70.59236599988861,41.77806699980866],[-70.59197300042656,41.778191999983534],[-70.59184100018207,41.77823699985287],[-70.59178799958032,41.77825299973929],[-70.5915199997917,41.77833600025818],[-70.59054900002131,41.77864599988233],[-70.59049200011991,41.778663999974384],[-70.59045799978473,41.778675000325926],[-70.59016900007973,41.77876700032957],[-70.5891890000885,41.7790790001748],[-70.58900900016344,41.77913599984082],[-70.58119799964769,41.78162499993299],[-70.57988499957054,41.78204300003093],[-70.57931399983323,41.782225000093874],[-70.57105499960382,41.784854999711484],[-70.56881699978703,41.78556799974727],[-70.56877599977916,41.78558199972214],[-70.56856999991483,41.78564699999604],[-70.56536299997747,41.7866690002558],[-70.56534100023617,41.786688000133886],[-70.56528099996171,41.786704999949556],[-70.56472100009505,41.78719099986508],[-70.56436299989477,41.78750300025061],[-70.56154099992189,41.78997900003199],[-70.56088099959781,41.79054400015205],[-70.56019199985973,41.79114000006423],[-70.56017500014129,41.79115300020283],[-70.55947600035746,41.79175800002765],[-70.55825100014385,41.79281600026336],[-70.55810700020382,41.7929409998157],[-70.55297200007108,41.79737800018384],[-70.54770399986894,41.80193000025171],[-70.54755900010399,41.802055999898435],[-70.54718699966001,41.80237700031835],[-70.5466369998391,41.802851999720765],[-70.54588700000164,41.80350000029002],[-70.54586899955997,41.803515999898735],[-70.54562800043387,41.803723999805804],[-70.54557400000718,41.80377300022329],[-70.54345099981813,41.80560499966765],[-70.53843799988414,41.80993599972727],[-70.53773200042761,41.81050800028912],[-70.53750100044893,41.810674999712305],[-70.5374009999915,41.810761000067345],[-70.53676900015483,41.81131599997872],[-70.5260660002443,41.82072900016382],[-70.52516400007089,41.821522999965694],[-70.49947300041198,41.84411699983526],[-70.48512099979992,41.859611999858735],[-70.47076999991108,41.87510800002584],[-70.41288699978159,41.93760599969722],[-70.35500399965213,42.00010400027944],[-70.35073700025592,42.009460999742416],[-70.34638399974769,42.01944600017721],[-70.3419700000384,42.03255299969363],[-70.33781300024704,42.04448400012687],[-70.33236900031783,42.07062500002333],[-70.33230900004338,42.07091099973287],[-70.32252199965164,42.117914999933234],[-70.37447399978018,42.1215499996952],[-70.41145400005385,42.12509900013075],[-70.41480300028142,42.125098000067965],[-70.49947699971162,42.1307389999302],[-70.60838100038221,42.13847900005962],[-70.62257999993508,42.15442400026083],[-70.62448200019121,42.15722499994184],[-70.63658799969225,42.170975999761026],[-70.64294600038878,42.178184999782374],[-70.63916500034107,42.1909190000054],[-70.6363299999494,42.20290300005667],[-70.6363299999494,42.21638599999784],[-70.64011299964693,42.228371999944464],[-70.64862200012159,42.23736000001761],[-70.66280999980383,42.24485099994432],[-70.67602900026377,42.250101999763984],[-70.68055299957793,42.25228700026384],[-70.68406099981416,42.253836000176186],[-70.68870399985231,42.263468000063604],[-70.6887730003476,42.268330999955154],[-70.68902500024268,42.272390000253324],[-70.68964299983566,42.275208000068254],[-70.6903929996731,42.2789989998625],[-70.65872300033267,42.375097999906515],[-70.67569000033008,42.375097999906515],[-70.67571899974406,42.37506500028604],[-70.74948699977247,42.29535599998632],[-70.75104900026997,42.29311399998622],[-70.75665999970546,42.28650000006297],[-70.75720700005164,42.285854000329756],[-70.76651099967128,42.27488500030273],[-70.76736199979108,42.27388100008016],[-70.77770200037676,42.26169400008206],[-70.78040799999869,42.25850300001149],[-70.78048599981649,42.25841199994567],[-70.78071699979516,42.2519439996884],[-70.78081600042768,42.24918300010429],[-70.78327199980437,42.24741499997237],[-70.78393999962603,42.24693400001668],[-70.78460800034604,42.246452999718414],[-70.78482099988305,42.24629899992756],[-70.786724999789,42.24254999987088],[-70.78737800044038,42.24187799967822],[-70.78857099996863,42.240653000205036],[-70.7890410003219,42.24017000008903],[-70.78851099969417,42.23987999979203],[-70.78850200037165,42.239825000307775],[-70.78846600038663,42.2397929997756],[-70.788371999777,42.239748000018146],[-70.78818500017925,42.2397030002286],[-70.78787399983463,42.23953199967157],[-70.78661699983397,42.23957199966838],[-70.78514399992324,42.24013100004637],[-70.78450200004083,42.240525999892526],[-70.7842819999328,42.24066200029607],[-70.78372600026411,42.240742000161745],[-70.78335399982012,42.24051399974507],[-70.7833379999266,42.24020700029479],[-70.78329000024601,42.23948699972799],[-70.78348100004173,42.23907400006232],[-70.78367100001255,42.23886199977983],[-70.78379800023413,42.23823700029205],[-70.783655000119,42.23796600031935],[-70.78377200029486,42.23783500014354],[-70.78394100034927,42.23764699975114],[-70.78360800026334,42.237305000332164],[-70.78304800039669,42.23708499978071],[-70.78258200024138,42.23673099977455],[-70.78232899962306,42.23661500014466],[-70.78226000002608,42.23657999975582],[-70.78223499991172,42.23656699989147],[-70.78214000037548,42.236517999969394],[-70.78197299997092,42.23643200027216],[-70.78203900009315,42.23636900004059],[-70.78215100024615,42.23626199979879],[-70.78333100025391,42.23546299995311],[-70.78446199985787,42.23472600024588],[-70.78448100012443,42.23471400032563],[-70.7845139997364,42.23469300012718],[-70.78645100015262,42.23410600004996],[-70.786584000222,42.23410099970179],[-70.78677099981975,42.23404100014872],[-70.78726299991435,42.23322599984911],[-70.78867999974857,42.23259700030605],[-70.78867200025097,42.23255800023899],[-70.78837500015004,42.23106399984068],[-70.78850099964842,42.23076799993118],[-70.78843100022655,42.23053000012979],[-70.78838799967052,42.230386000009865],[-70.78829099958612,42.230140000236744],[-70.78822899966185,42.229980999865184],[-70.78822100016426,42.2299620002249],[-70.78821199994343,42.229939000302586],[-70.78819600004991,42.229897999784065],[-70.78815599986693,42.22979599990351],[-70.78814699964609,42.22977299992071],[-70.78814300034645,42.2297620001284],[-70.7881390001485,42.229750999669065],[-70.78812400007988,42.22971300024427],[-70.7881180002321,42.22969800014998],[-70.78804799991188,42.229518000070485],[-70.78799900040642,42.22939399986499],[-70.78799500020845,42.22938399975199],[-70.7879910000105,42.229374000302535],[-70.78788300005546,42.22910000027107],[-70.78692800017859,42.229401000076194],[-70.78681000017781,42.229438999688774],[-70.78552300003994,42.229463999946574],[-70.7856400002158,42.22883599991679],[-70.78564500023867,42.22880899990152],[-70.78564799971339,42.22879400025754],[-70.78570899981277,42.22846699981652],[-70.78582000014084,42.22787000001836],[-70.78582900036169,42.22782199976598],[-70.78560400023079,42.226873999774895],[-70.78557599974339,42.22675199993634],[-70.78557599974339,42.226742000070004],[-70.78557400009356,42.22669800010702],[-70.7855690000707,42.22659400013315],[-70.785562000398,42.22644400026561],[-70.78555700037512,42.22634500017106],[-70.78521000004548,42.226190999863256],[-70.78500400018116,42.22609899994937],[-70.78481400021037,42.22588099984953],[-70.78508100017406,42.22527599973007],[-70.78561500010144,42.22509000013559],[-70.78623100004458,42.225239999894214],[-70.78638199965732,42.22527700020563],[-70.78695400011786,42.2258209997998],[-70.7881669997376,42.225830999812075],[-70.78829899998206,42.22576999991225],[-70.78871400008376,42.225578000279114],[-70.78874199967287,42.22556500014425],[-70.78876000011452,42.225556999701766],[-70.78893699966653,42.22547500026302],[-70.78886999971938,42.22474300009976],[-70.78862799987003,42.22373600023594],[-70.78858100001436,42.22364400007056],[-70.78841100013504,42.22352799967103],[-70.78836000008144,42.22345100011964],[-70.78826999966974,42.22335000030653],[-70.7882379998827,42.22330699981673],[-70.78826999966974,42.2232760000643],[-70.78832499992133,42.22327200003075],[-70.78834099981486,42.2232710001886],[-70.78843299987636,42.223221000079754],[-70.78863799991578,42.2231010001891],[-70.78914199970595,42.22280799974174],[-70.79009999995584,42.22225099997795],[-70.79012000004732,42.22223899968172],[-70.79137200002512,42.22151199993387],[-70.7914769996071,42.22145099985256],[-70.79215799984757,42.2210539999447],[-70.79242300016145,42.2209000000358],[-70.79249599995637,42.22085799975353],[-70.79298800005097,42.220572000066454],[-70.79369799970544,42.2201589996978],[-70.79419700037104,42.219868999921864],[-70.79711100040544,42.21817600028953],[-70.79763100008913,42.217871999739565],[-70.81257799982963,42.209179000084255],[-70.81276899962533,42.20907000019626],[-70.8139639997017,42.20837499972283],[-70.81764000016743,42.20623899997497],[-70.82003899964269,42.20484300015123],[-70.82174199970719,42.20385099993733],[-70.82181899970007,42.20380599984343],[-70.82244100038933,42.20344499977851],[-70.82267800021579,42.20330700005482],[-70.82329400015892,42.202949000292186],[-70.82497100028417,42.201972000315735],[-70.82699999986357,42.200791999926466],[-70.82701499993219,42.20078600006893],[-70.82708199987934,42.200864999700116],[-70.82827000028303,42.20192099979919],[-70.82887100015755,42.20246800015179],[-70.82930100032786,42.20284300013309],[-70.83227800011144,42.20550600027491],[-70.8328310003054,42.20600499999627],[-70.8332670003235,42.20639000004139],[-70.83380799992358,42.20687299980439],[-70.83456600015695,42.20754700025454],[-70.83459000044638,42.20756800016788],[-70.83464999982253,42.20762499999245],[-70.83676799998872,42.20951399976524],[-70.83716399982384,42.209869000090215],[-70.84021000010272,42.212591000176005],[-70.8404350002336,42.212793000127036],[-70.84048200008928,42.21283399977805],[-70.84080000010658,42.21311799990784],[-70.8410469999788,42.21363899993212],[-70.84194499995425,42.21552900012084],[-70.84251700041479,42.21673200011118],[-70.84472000007146,42.22137200001953],[-70.84525300017394,42.22249600003869],[-70.84581899988838,42.22368700033084],[-70.84649799958073,42.22511800022404],[-70.84801999989523,42.2283230003117],[-70.84833600026275,42.22899700001475],[-70.84896100042673,42.230337999675186],[-70.84904400026738,42.23047900005563],[-70.84904900029026,42.23049600008492],[-70.84935700026183,42.231136000166046],[-70.84941599981308,42.23125800017882],[-70.85038099973566,42.23328600017702],[-70.85048600021598,42.23351299975959],[-70.85321899960208,42.239267000133026],[-70.85330700036394,42.239451000016025],[-70.8533800001589,42.239606999727904],[-70.8528329998127,42.23977500000947],[-70.85152099956048,42.24017499995634],[-70.85043199978931,42.24050899990462],[-70.8484540002635,42.241113999668],[-70.84759100044816,42.2413790000953],[-70.84521700018892,42.24210599982141],[-70.84466399999498,42.24227100014622],[-70.84115199956078,42.243345999860324],[-70.84124100014756,42.24448299988023],[-70.84123799977452,42.24451600019951],[-70.84124100014756,42.24454599999108],[-70.8413569996002,42.24458600013437],[-70.84180699986197,42.244741000283796],[-70.84363799997301,42.245373000289014],[-70.84434199977969,42.245616000076886],[-70.8449629997457,42.245828999761514],[-70.84499500043108,42.24584100022811],[-70.84795899979586,42.24686400002713],[-70.84813399969806,42.24694600027309],[-70.8490450000923,42.24725300018262],[-70.84927699989589,42.24733100008406],[-70.84872500042515,42.247755000214305],[-70.84867400037155,42.24781399990935],[-70.84854399977688,42.247963000076915],[-70.8485039995939,42.24799800013666],[-70.84839800018702,42.24815500010865],[-70.84837200024774,42.24819899974266],[-70.84830899960023,42.248341000226276],[-70.84830399957737,42.248356999989106],[-70.84829199988181,42.24839000027682],[-70.84825900026983,42.24849300013685],[-70.84821999991179,42.24867099975024],[-70.84822300028483,42.248707000186315],[-70.84821200041418,42.248812999836325],[-70.84824400020122,42.24912300026216],[-70.84824599985104,42.24914400031314],[-70.8482569997217,42.24942800003091],[-70.84826400029272,42.24979800001629],[-70.84823300033058,42.250173000231115],[-70.84822699958448,42.25024600011302],[-70.84823900017835,42.250338000071544],[-70.8482690003156,42.250535999975256],[-70.84831000032347,42.25070000012343],[-70.84838300011839,42.25087299980944],[-70.84848000020278,42.25108200009642],[-70.84849299972325,42.25111100002425],[-70.84851500036288,42.25112999994682],[-70.8487499996412,42.25144099968556],[-70.84885000009864,42.25159699967404],[-70.84892000041883,42.251769000168856],[-70.84894100033522,42.25187399993885],[-70.8489460003581,42.25191099993011],[-70.84894499963487,42.25198100030354],[-70.84893700013725,42.25213999977068],[-70.84889199993142,42.252280999979014],[-70.84888600008364,42.25230399973792],[-70.8487980002201,42.25253799969883],[-70.84869899958758,42.25271699990696],[-70.84856899989124,42.252896000271974],[-70.84850100011917,42.25297799999094],[-70.84845000006554,42.25304000022663],[-70.84840599968462,42.25308899995154],[-70.84825900026983,42.25324599988573],[-70.84812500037553,42.25335199988709],[-70.84803400013895,42.25341599981418],[-70.84792700000884,42.25347600022712],[-70.84787599995519,42.25350499971917],[-70.84756899980853,42.2537460000491],[-70.84729000014927,42.25410099969372],[-70.84721099960825,42.254416000130696],[-70.84715600025497,42.25485399994101],[-70.84711400042218,42.255009000127316],[-70.84701499978966,42.2552640000339],[-70.84660800008388,42.25585300007229],[-70.84647699966433,42.256098000021524],[-70.84644999990014,42.256167999737265],[-70.84640300004448,42.256288999907916],[-70.84624499986073,42.25668600027163],[-70.84622700031738,42.25673299986953],[-70.84620700022589,42.256783000025806],[-70.84594100008711,42.25745700028414],[-70.84578399972828,42.257854999902726],[-70.84569800041287,42.258071999969694],[-70.84567999997121,42.25811799990944],[-70.84561300002404,42.258287000050245],[-70.84552000013764,42.258520999753244],[-70.84533199981665,42.258988999878575],[-70.84532400031905,42.259009999968995],[-70.84531300044839,42.259024999744355],[-70.84524999980088,42.259119000072616],[-70.84523599955719,42.259137000303404],[-70.84512099992946,42.25930399983556],[-70.84485999981354,42.25955200013615],[-70.8448060002852,42.25965099999713],[-70.84478100017084,42.25969500025483],[-70.84475299968344,42.259779000298856],[-70.84470800037592,42.25995999975228],[-70.84467700041377,42.26019900017031],[-70.84466499981988,42.26026899998767],[-70.84465300012431,42.26031299981413],[-70.84463399985775,42.2603830001698],[-70.84462700018504,42.260425999998375],[-70.84459399967477,42.26042500007997],[-70.84442299997055,42.26041500023056],[-70.84419199999188,42.260410999891434],[-70.84377100004238,42.26044599969216],[-70.84373900025534,42.2604679998799],[-70.84370599974505,42.26049000005997],[-70.84370599974505,42.26050799989933],[-70.84359899961494,42.26050799989933],[-70.84309700037292,42.26052800023201],[-70.84308099958108,42.26052900014873],[-70.8430470001442,42.260530000065444],[-70.84256900029331,42.26054799989344],[-70.84240000023891,42.26055499997291],[-70.84210800016086,42.260602000011396],[-70.842095999567,42.26060499975806],[-70.84154400009626,42.2606969998974],[-70.840997999575,42.26087199990757],[-70.84098000003165,42.260878000039845],[-70.84065799981637,42.260979000297525],[-70.84062699985424,42.260989000057535],[-70.84047899971623,42.261081000301424],[-70.8401749999426,42.2612699999116],[-70.84016499989687,42.26127699991091],[-70.83970799996237,42.261779999916214],[-70.839610999878,42.26188600019978],[-70.83930999957913,42.26240400030173],[-70.83927199994429,42.26246900023602],[-70.83900300033078,42.26313800017636],[-70.83889700002555,42.263244000171284],[-70.83864400030556,42.263498000148985],[-70.83810000033243,42.26378599984374],[-70.8370120003862,42.26429899967687],[-70.8369980001425,42.2643060000047],[-70.83698300007387,42.264313000331725],[-70.83695899978443,42.264324000084315],[-70.83623700043438,42.26466400025376],[-70.83619899990123,42.2646740000941],[-70.83574000031692,42.26479199968605],[-70.83509599988638,42.26483200028631],[-70.83502300009143,42.26483700019336],[-70.832514000113,42.264687000150104],[-70.83225800001996,42.26467199972729],[-70.83222000038512,42.26467000002518],[-70.83220699996633,42.26466900017412],[-70.83218100002705,42.26466699980716],[-70.83049600040424,42.26456600013879],[-70.83045600022128,42.26456399976857],[-70.82751299987456,42.26439800006223],[-70.82698599961986,42.26436799974027],[-70.82673999957258,42.26440399985896],[-70.82636800002689,42.26448800027762],[-70.82628699983604,42.26450700015895],[-70.82590799971936,42.2645800000696],[-70.82573500036531,42.26461399969859],[-70.82563800028093,42.26463300020671],[-70.82568599996151,42.26471300025411],[-70.82571000025096,42.264771000191736],[-70.82564499995362,42.264833000134786],[-70.82554000037165,42.26495199994053],[-70.82068300007326,42.27037999985824],[-70.80043399979542,42.29301400011858],[-70.80034599993188,42.29311299992183],[-70.75092399969819,42.35013999996582],[-70.75058800013753,42.35052299976324],[-70.74948799959739,42.35177800015173],[-70.73378000014878,42.36887600001812],[-70.72923099982195,42.373827999732676],[-70.7292199999513,42.37383399972281],[-70.72921199955539,42.37384799991878],[-70.73204899959688,42.37377700012523],[-70.74947000005405,42.37333999972204],[-70.74948799959739,42.37333999972204],[-70.75056399984807,42.37333999972204],[-70.75145599997575,42.37333999972204],[-70.85119099984759,42.37249900007093]]]},"properties":{"GEOID":"25023","BASENAME":"Plymouth","STATE":"25","COUNTY":"023","AREALAND":"1705562518","NAME":"Plymouth"}},{"type":"Feature","geometry":{"type":"Polygon","coordinates":[[[-71.0330140000766,42.414611000010034],[-71.03318099958287,42.41420600014372],[-71.03322900016175,42.414055999848905],[-71.03328100004028,42.41389099983971],[-71.03330899962938,42.41380199978719],[-71.03335700020827,42.413660999765824],[-71.03344199969878,42.41338000024079],[-71.0338230003636,42.41273100012297],[-71.03414600040378,42.412173000085],[-71.03451899977438,42.41154700004581],[-71.03461699968366,42.411371000142786],[-71.03483199976881,42.41100400013572],[-71.03490999958663,42.41087600017214],[-71.03518400012132,42.410396999995946],[-71.03529499955108,42.41021400016067],[-71.03562900036025,42.40964099990899],[-71.0357869996457,42.40937300030858],[-71.03586299981367,42.40928500002175],[-71.03592999976082,42.40920799991824],[-71.0359919996851,42.4091610000412],[-71.03602699984519,42.40910299980568],[-71.03625199997609,42.40873100003905],[-71.03632700031918,42.40860799984486],[-71.03673599967478,42.4079899998781],[-71.03667700012355,42.40796699993357],[-71.03709700024811,42.40731500013151],[-71.03774300032849,42.40631800013013],[-71.03786600035212,42.40612900011426],[-71.03803899970619,42.40586100010178],[-71.03825499961626,42.40552800017177],[-71.03838000018803,42.40533399974029],[-71.03848999979289,42.405165000236266],[-71.03855000006733,42.40507199996963],[-71.0386399995807,42.40493899978384],[-71.03907499977389,42.404263000086566],[-71.03948700040084,42.40362600008424],[-71.03981999958847,42.40311400013094],[-71.04005599959001,42.40274900019788],[-71.04040299991966,42.40222899981523],[-71.04056799977609,42.40198199989815],[-71.04088699961832,42.40174900028022],[-71.04142300009384,42.4013759996884],[-71.04180600040849,42.40110399991109],[-71.04245400013869,42.40064600003128],[-71.04322300024272,42.40011399986719],[-71.04417899994449,42.399433999793544],[-71.0448209998269,42.39897900011675],[-71.04570700010679,42.398354999857595],[-71.04614800014777,42.398043999777904],[-71.04616099966823,42.39803500027738],[-71.04629399973763,42.39793900021781],[-71.04637900012644,42.39788199994705],[-71.04679000003019,42.39759199982794],[-71.04696400010745,42.39746899968602],[-71.04706100019183,42.39740099993018],[-71.04720500013188,42.39729899982653],[-71.04732800015552,42.39721200025097],[-71.04774900010501,42.39691399976902],[-71.04814499994013,42.39663399993221],[-71.0482420000245,42.39667099980225],[-71.04834599978157,42.39670300026388],[-71.04841399955365,42.39672400020554],[-71.04847100035335,42.39674200024474],[-71.04850099959228,42.39675800012779],[-71.04862799981389,42.396827000323114],[-71.04874699963956,42.39689200014927],[-71.04983799995887,42.39748599977933],[-71.05001799988392,42.397569999782476],[-71.05021200005268,42.39763500016584],[-71.05031300033501,42.39765900031077],[-71.05063399982706,42.39771300027161],[-71.05080700007943,42.39774099996277],[-71.05107599969296,42.39778099968936],[-71.05127999990746,42.3977879997716],[-71.05148199957381,42.39777000003248],[-71.05167699956748,42.39772699978703],[-71.0519450002544,42.397618999843],[-71.05214100007298,42.397495000021934],[-71.05262099957369,42.39716299987269],[-71.05285800029846,42.39694499970255],[-71.05302599962964,42.396740000093224],[-71.05316100024717,42.39652300019133],[-71.05321599960044,42.39641000009207],[-71.0532969997913,42.39617800010185],[-71.05334000034732,42.39595399996083],[-71.05334899966982,42.39584100016379],[-71.05334899966982,42.395728000163324],[-71.05334199999714,42.39561599972135],[-71.05332600010361,42.39550299997913],[-71.05330099998926,42.39539200022798],[-71.05317299994273,42.39525800032065],[-71.05309500012493,42.39519000015921],[-71.05301399993408,42.395132000275474],[-71.05295899968249,42.39509099975346],[-71.05285699957525,42.39502800025824],[-71.05275199999325,42.39497199976935],[-71.05252100001458,42.394874999894114],[-71.0522759997922,42.39480300021804],[-71.05201999969916,42.39475699993951],[-71.05180799998705,42.39473999977035],[-71.05168699961322,42.39473600000306],[-71.05154699987114,42.39473000001993],[-71.0512120001354,42.394715999835874],[-71.05113500014251,42.39470999985084],[-71.051043000081,42.394697000102404],[-71.05094900036966,42.39467600014587],[-71.05085899995797,42.3946490001914],[-71.05077199991933,42.39461499978996],[-71.05068999990358,42.39457599981416],[-71.05058299977345,42.394512000022395],[-71.05055500018436,42.39449100000396],[-71.0504730001686,42.39440999986701],[-71.0503829997569,42.39430899999206],[-71.05032400020568,42.39423599988273],[-71.0502970004415,42.39420299970545],[-71.05022100027351,42.3941059999685],[-71.05019299978612,42.39406999969971],[-71.05014599993045,42.3940009997902],[-71.05013099986182,42.393980000264165],[-71.05016099999906,42.39393799986425],[-71.05020200000693,42.39383399985866],[-71.05022899977111,42.393776000048625],[-71.05004999967097,42.393535000126576],[-71.05000199999041,42.39347099993669],[-71.05015500015128,42.39314600032887],[-71.05061200008576,42.39217300032953],[-71.05069499992644,42.39199599999202],[-71.05080600025452,42.39187799993204],[-71.05094199979865,42.39173199994426],[-71.05114600001313,42.391514999975755],[-71.05135100005256,42.391297000089665],[-71.05148699959669,42.39115199991048],[-71.05206999992788,42.390531000304534],[-71.05294399961387,42.38960000025188],[-71.05381900002311,42.388667999787494],[-71.05440200035432,42.388048000037756],[-71.05458099955612,42.38785700028719],[-71.05484800041815,42.38757199973863],[-71.05511700003166,42.38728599999198],[-71.05529500030688,42.387096999708845],[-71.05534100033763,42.387100999962946],[-71.05547699988176,42.38711399995772],[-71.05552399973743,42.38711900010811],[-71.05589700000633,42.38715499971933],[-71.05702000011269,42.38726099996613],[-71.0573950000314,42.387297000159485],[-71.05748999956765,42.387288999675945],[-71.05777699962283,42.3872650002098],[-71.05787299988229,42.387256999722226],[-71.06070499990092,42.38701799977996],[-71.06344900005601,42.38678499967098],[-71.06569500026872,42.38659599986991],[-71.06701599984345,42.38720499984554],[-71.06888899978728,42.388070000103674],[-71.07089599962536,42.38899600029029],[-71.070729999944,42.38949499983337],[-71.07069599960883,42.38959600015702],[-71.07068300008837,42.38961599996532],[-71.07066999966956,42.38963599976726],[-71.07058400035416,42.38969199970962],[-71.07051599968378,42.38978399969596],[-71.07049099956942,42.389836000090156],[-71.07048200024688,42.389850999889674],[-71.06912099959085,42.391780000095885],[-71.06815999986621,42.392732000273156],[-71.06741000002877,42.39347600024414],[-71.06708199996571,42.39404999998372],[-71.06703099991208,42.39413499972776],[-71.06697099963762,42.39424599971185],[-71.06702900026225,42.394532000254586],[-71.06694399987344,42.39475499972473],[-71.06685799965972,42.39497900016488],[-71.06736700037106,42.39529600010558],[-71.06759099977872,42.395110000031075],[-71.06801299955312,42.39475199973412],[-71.06885700000022,42.394037000098585],[-71.06895499990951,42.39394799974086],[-71.06903699992527,42.39388499976171],[-71.06912700033695,42.39391999968422],[-71.06918400023837,42.39394900019286],[-71.06925500038348,42.39397800002462],[-71.06932200033062,42.394021999972594],[-71.07011400000087,42.39329799980173],[-71.0704119999267,42.393009000196066],[-71.07085999964035,42.39257499971414],[-71.07130700042742,42.392141000211794],[-71.07160600017816,42.39185199992269],[-71.07200700003617,42.39146300030905],[-71.07269599977424,42.39079599993489],[-71.07314600003605,42.39135799968977],[-71.07349599984042,42.39179599991712],[-71.07361300001627,42.39161199973647],[-71.07378899974337,42.3913360001127],[-71.07396500036877,42.391059999938804],[-71.07408199964634,42.390876000254366],[-71.07411900035456,42.39081699986278],[-71.07419600034746,42.39069600005556],[-71.07423300015739,42.39064299986919],[-71.07427300034037,42.39058700011184],[-71.0746220003198,42.390091000174785],[-71.07559599956494,42.388707000117094],[-71.07566900025817,42.388603000068976],[-71.07594500044272,42.388216999863914],[-71.07601300021476,42.38812100004594],[-71.0761350004135,42.38794900030904],[-71.07626099991188,42.38777299988983],[-71.0763539997983,42.38764199996996],[-71.07644000001203,42.38752100001385],[-71.07653899974622,42.38738199975995],[-71.07660400004356,42.38729100012867],[-71.07662999998283,42.387254000036734],[-71.07680200041027,42.38701300028504],[-71.07700699955137,42.386724000271286],[-71.07714999966649,42.38652499989242],[-71.07740499993463,42.38616699972653],[-71.07754200020197,42.38597199989861],[-71.07755700027059,42.38594799992896],[-71.07763799956314,42.385837999784805],[-71.07765299963174,42.38581800009984],[-71.07775700028714,42.38567000010952],[-71.07803900031945,42.38527399985443],[-71.0784650002918,42.38467399981554],[-71.07872700023262,42.384306000289925],[-71.07893899994473,42.38400800023661],[-71.07942799966625,42.383319999832224],[-71.07947799989498,42.38325100004889],[-71.07971300007162,42.382921000122984],[-71.07976999997302,42.38289499972135],[-71.08047600032785,42.38257900015504],[-71.08081199988852,42.382421000107314],[-71.08087499963771,42.38238199985371],[-71.08093800028522,42.38234400021287],[-71.08097099989718,42.38232300010467],[-71.08095300035384,42.3822349997011],[-71.08093200043744,42.38213300016485],[-71.08070099956045,42.38103900014453],[-71.08060000017642,42.381023000235714],[-71.08015499993749,42.38094799994526],[-71.07977699964572,42.38088500018941],[-71.07936400009216,42.380815999720774],[-71.07884299968525,42.38072899985844],[-71.07866799978308,42.380699999877535],[-71.07850700012459,42.38067199988327],[-71.07821400022162,42.380623999864056],[-71.07805600003788,42.38059699983709],[-71.07801900022795,42.380590999829515],[-71.07776700033288,42.38054799975855],[-71.07763699973822,42.38052699971316],[-71.07761099979896,42.38052299970375],[-71.07757900001191,42.3805169996891],[-71.07745699981318,42.38049700029977],[-71.07744299956947,42.38049400029128],[-71.07739499988888,42.380486000267936],[-71.07732000044413,42.38047400023104],[-71.07724099990311,42.380461000188454],[-71.07721699961364,42.380457000174836],[-71.077169999758,42.38044900014679],[-71.07708299971935,42.38043400009145],[-71.07701999997016,42.38042400005252],[-71.07694100032745,42.380409999995436],[-71.07686699980928,42.380397999944016],[-71.07680499988501,42.380387999899355],[-71.07672799989211,42.38037499983901],[-71.07668799970914,42.38036799980536],[-71.07656899988345,42.38034799970498],[-71.07649899956326,42.38033700031063],[-71.07646000010351,42.38033000027277],[-71.07619499978964,42.38028600001689],[-71.07597899987957,42.38024899977784],[-71.07584900018323,42.38022800029605],[-71.0756569996643,42.380196000061055],[-71.07557100034889,42.379996000213424],[-71.07531500025584,42.379398000206976],[-71.07522999986702,42.379197999808326],[-71.07513299978267,42.37897300009153],[-71.07501899997983,42.37870700028883],[-71.07486699964387,42.378352000113985],[-71.07471000018336,42.37798400003113],[-71.07462599961944,42.377786999912],[-71.07449900029616,42.3774910002082],[-71.07442800015106,42.377325000203086],[-71.0743970001889,42.3772520002498],[-71.0743050001274,42.377037000112566],[-71.07392799966054,42.37615700005795],[-71.07388599982774,42.37606900030332],[-71.07382399990348,42.37591500010417],[-71.07377899969762,42.37581100010081],[-71.07375100010853,42.37574699975787],[-71.07372799964399,42.37569799987638],[-71.0737069997276,42.37565499977283],[-71.07369599985695,42.375629999760804],[-71.07367199956751,42.3755749999648],[-71.07363300010776,42.37548299972773],[-71.07356100013773,42.37531400013132],[-71.07341999967242,42.374983000208836],[-71.07325499981599,42.374582999851214],[-71.07309099978445,42.374191999866355],[-71.0729319997758,42.37383900026719],[-71.07287300022456,42.373694000246104],[-71.0727700002924,42.37344100015372],[-71.07275100002583,42.37338699988398],[-71.07274199980499,42.37336200029644],[-71.0727279995613,42.37332200027198],[-71.07268900010155,42.37322199976758],[-71.07260000041309,42.3729979999978],[-71.07251099982632,42.37277199984117],[-71.07246599962048,42.37265799999388],[-71.07180899966944,42.37255500003547],[-71.07138900044318,42.37248900009574],[-71.07100500030363,42.37242800007971],[-71.07077199977681,42.372391999988025],[-71.07054499999609,42.37235599987576],[-71.07050300016328,42.37234900027552],[-71.07044999956155,42.372340999878176],[-71.07042199997245,42.37233700001094],[-71.07032900008602,42.372322000008815],[-71.07021500028321,42.372304000267064],[-71.07011700037391,42.372289000257055],[-71.07006399977216,42.37227999971841],[-71.06990599958841,42.37225499969022],[-71.06974300028011,42.37223000031571],[-71.06968700020361,42.3722209997686],[-71.06965600024147,42.37221599975908],[-71.06944500035428,42.37218199981639],[-71.06931800013265,42.37216299989893],[-71.06911200026833,42.37213000006364],[-71.06905700001676,42.372122000302014],[-71.06900400031331,42.372113999875765],[-71.06895300025968,42.3721049999757],[-71.06869999964138,42.37206499981437],[-71.06844400044666,42.37202500029123],[-71.06830200015642,42.37200299991213],[-71.06821699976761,42.371988999968565],[-71.06814999982046,42.37197799977369],[-71.06800099985755,42.371954999903],[-71.0679060003213,42.37193899967055],[-71.06777200042701,42.37191900020388],[-71.06766699994671,42.37190299996231],[-71.06761400024325,42.37189400003201],[-71.06745100003664,42.37186899985014],[-71.06738699956425,42.371858999774645],[-71.0671589999586,42.3718230000205],[-71.06711499957765,42.37181599969718],[-71.06697900003354,42.371693000146614],[-71.06669899965105,42.37143200010821],[-71.06657999982536,42.37132299990079],[-71.06650899968025,42.37125800014373],[-71.06643500006041,42.371188999715415],[-71.06636899993818,42.37112799976412],[-71.06623900024184,42.37100900014568],[-71.0659909996464,42.370780999817434],[-71.06570699996426,42.370518000311634],[-71.06561599972768,42.37043500010778],[-71.06540999986335,42.370245000035794],[-71.06534000044147,42.370180999993906],[-71.06521200039494,42.37006400024658],[-71.06508500017335,42.369946000110474],[-71.06497200019545,42.369842999686774],[-71.06492500033977,42.36979900004707],[-71.06477600037685,42.36966099989118],[-71.06471199990445,42.36960200013598],[-71.06464199958424,42.36953699992534],[-71.06453100015447,42.36943599985254],[-71.06435399970415,42.369272000157245],[-71.06421399996206,42.369144000016604],[-71.06412899957324,42.36906500006409],[-71.06405900015137,42.369001000147314],[-71.06398399980829,42.36893199989434],[-71.06428299955904,42.36894000006225],[-71.06448099992576,42.36894100024906],[-71.06470799970647,42.36894700004235],[-71.0649909995637,42.36895299983506],[-71.0650330002948,42.368954000021716],[-71.06506300043203,42.368954000021716],[-71.06508699982317,42.36895500020834],[-71.06510799973957,42.36895500020834],[-71.06520999984681,42.36895800010439],[-71.06527699979395,42.368959999813754],[-71.06542599975688,42.36896200018676],[-71.06559200033655,42.36896600026894],[-71.06564300039017,42.368966999791674],[-71.06573600027659,42.368969000164455],[-71.06584199968349,42.36897099987352],[-71.06599400001944,42.36897399976881],[-71.06617599959434,42.36897799985016],[-71.06638099963374,42.368981999931314],[-71.06693999967548,42.36899400017319],[-71.06773399989386,42.36900999982844],[-71.0678920000776,42.36901299972186],[-71.06806500032997,42.369016999800785],[-71.06832600044588,42.36902200006497],[-71.06947799996624,42.36904599986744],[-71.06951300012634,42.36901600027885],[-71.06983699999144,42.36870900028032],[-71.07002500031241,42.3685309999637],[-71.07043600021613,42.36814799973851],[-71.07049800014043,42.368091000290356],[-71.07054699964591,42.368041999745344],[-71.0705600000647,42.36802800024629],[-71.07057500013332,42.36801500028199],[-71.0706439997303,42.367949000217614],[-71.07082600020348,42.36777900005428],[-71.07133800038956,42.367297999668615],[-71.07138699989505,42.367251000259955],[-71.07141799985718,42.3672230002425],[-71.0714470001695,42.36719500021255],[-71.07153699968289,42.36710999983184],[-71.07196500020336,42.36670799999468],[-71.07372099997131,42.36505599983597],[-71.07388400017793,42.36485999990423],[-71.07479200019911,42.36377300020323],[-71.07494100016203,42.36350800001435],[-71.07509500014783,42.363203000204365],[-71.07554500040962,42.361930000231716],[-71.0756569996643,42.361612999740764],[-71.07571000026606,42.36146299983674],[-71.07609199985748,42.36037999974062],[-71.07640300020209,42.359956000033456],[-71.07642699959324,42.35992400008975],[-71.07666000012006,42.359667999953295],[-71.07680999990788,42.35950399998157],[-71.07733399978952,42.35908399972127],[-71.0779520002808,42.35873500025381],[-71.0793609997191,42.35826700031634],[-71.08339799985984,42.35692499974663],[-71.0851750004425,42.356333000130164],[-71.08751100016858,42.35555699995531],[-71.09100199978806,42.35439699999651],[-71.09123500031488,42.35433799984704],[-71.09300199995347,42.35389399997208],[-71.09323700013012,42.35385199997402],[-71.09329400003152,42.353843000113024],[-71.0940249996024,42.353722999851875],[-71.09498500040046,42.353563999800244],[-71.09598700013298,42.35339900006034],[-71.09724400013363,42.353190999674446],[-71.09762700044827,42.35314899987045],[-71.09789000021401,42.353119999768126],[-71.10181500020175,42.352687999955876],[-71.10239900035785,42.352623000169736],[-71.10303200001944,42.352513999856555],[-71.10340699993817,42.35244899989043],[-71.10431599978426,42.35240299978186],[-71.10600899980302,42.35247399983428],[-71.10663700034006,42.35248699969494],[-71.1074709998431,42.35250300023467],[-71.10921800028852,42.35254600025435],[-71.1100829997537,42.352549000270045],[-71.11035800011331,42.35258600023081],[-71.11058900009198,42.35261599969853],[-71.111210000058,42.352699000209256],[-71.11130299994441,42.35271100024203],[-71.11138400013527,42.352721999827466],[-71.1115130000067,42.3527390000883],[-71.11160000004534,42.352754000119404],[-71.11186299981107,42.35279999997106],[-71.11214900004134,42.35284899979044],[-71.11246000038597,42.35290299979102],[-71.1126949996643,42.35296799995152],[-71.11283399958145,42.35300199967163],[-71.11292499981805,42.35302900027584],[-71.11319599997971,42.353110000027364],[-71.11371400001357,42.35331100028748],[-71.11408700028247,42.35345100004924],[-71.11491599976263,42.353860999833714],[-71.11517000020585,42.35403200024225],[-71.11590999999756,42.354531000152754],[-71.11653000013867,42.35502799993152],[-71.11654299965916,42.355048999873034],[-71.11685200035394,42.35538499997432],[-71.11690199968434,42.35549699983018],[-71.11706599971586,42.355865999958326],[-71.11707699958653,42.355979999743326],[-71.11711299957155,42.35637299968787],[-71.1171650003484,42.356996999714305],[-71.11707199956365,42.357545000120936],[-71.11697799985232,42.3578199998918],[-71.11673400035318,42.35853099968834],[-71.11668099975141,42.35873599993933],[-71.11664899996435,42.358838999987846],[-71.11659700008582,42.35918499984271],[-71.11657799981926,42.35956699994445],[-71.11660799995647,42.360084999973246],[-71.11670099984289,42.36118400016468],[-71.11670400021595,42.36125500025343],[-71.11684099958498,42.36275100027864],[-71.11693600001952,42.363677000181255],[-71.1169209999509,42.364246000264394],[-71.11689300036183,42.36530500020154],[-71.11687300027035,42.365885000078514],[-71.11696799980658,42.36665099990365],[-71.11708199960941,42.36703299974683],[-71.11714699990672,42.367180999861006],[-71.11722999974741,42.367366999725334],[-71.11754000026711,42.36787499978141],[-71.11769199970476,42.368146000003236],[-71.1179339995541,42.36838500010301],[-71.11818999964714,42.36852900024062],[-71.11844400009036,42.368615999749],[-71.11852399955798,42.36864399980927],[-71.11895999957608,42.36876000002078],[-71.11954999957995,42.36883800016845],[-71.12009000025343,42.36882100028065],[-71.12075800007513,42.368785000112695],[-71.12126100004036,42.368743000111905],[-71.12146199988182,42.368730999822084],[-71.1215940001263,42.368710999997624],[-71.1220440003881,42.3687029998006],[-71.12248000040618,42.3687619997365],[-71.12311300006776,42.368905999673586],[-71.12320400030437,42.36893799968849],[-71.12332099958192,42.36897799985016],[-71.12334300022155,42.368984999826075],[-71.12340000012294,42.369005000226956],[-71.12382699992021,42.369156999747254],[-71.12417300042493,42.36933000004177],[-71.12445399973402,42.36951200013272],[-71.12450099958969,42.36956599975193],[-71.12454199959755,42.369614999771834],[-71.12458199978053,42.36963600014791],[-71.12459299965118,42.3696550001661],[-71.12460000022219,42.369667999790984],[-71.12460600006997,42.36969000032422],[-71.12465399975056,42.369757000060574],[-71.12472400007076,42.36985300008324],[-71.12490200034598,42.37009900017686],[-71.12499000020954,42.3702439998697],[-71.12505100030891,42.370346000135115],[-71.12511300023317,42.37044999989686],[-71.12517699980728,42.370555999808616],[-71.12520799976943,42.37060800020085],[-71.12524499957934,42.37066899999342],[-71.1252909996101,42.370749000077694],[-71.12535599990743,42.370868999681235],[-71.12539100006752,42.37093200019434],[-71.12540500031123,42.37095800024017],[-71.12542299985458,42.37098999987339],[-71.12545899983958,42.37105499990779],[-71.12553300035776,42.37119100001744],[-71.12602399972913,42.37194800025807],[-71.12646899996804,42.372378000131164],[-71.12668800025115,42.3725670002584],[-71.12700999956812,42.37283900027192],[-71.12727700043013,42.37302299973023],[-71.12763399990718,42.37325900016523],[-71.12792199978728,42.37342900009778],[-71.12820299999467,42.373571999840884],[-71.12862800014211,42.37374100014318],[-71.1289510001823,42.373834999831736],[-71.12962499985176,42.3739440003252],[-71.13016899982489,42.37396100015375],[-71.13064400020106,42.373924000169666],[-71.13068500020893,42.37392199995469],[-71.13099700037847,42.3738920000403],[-71.1311470001663,42.373868000098504],[-71.13152499955974,42.373802000211235],[-71.13207000025609,42.3735949997831],[-71.1324569998704,42.37338199996728],[-71.13271899981122,42.37319899968876],[-71.13296200038377,42.37294000018199],[-71.13310100030095,42.37270100015851],[-71.13314999980643,42.37256299974189],[-71.13316400005014,42.37244699991696],[-71.13317900011874,42.3723380001437],[-71.13314200030882,42.37216600030544],[-71.13309100025519,42.37197600016036],[-71.13304400039955,42.371910000275875],[-71.13298800032305,42.371825999779574],[-71.13296599968342,42.37179500004996],[-71.13295200033804,42.37177700015717],[-71.13288200001782,42.371692000003634],[-71.13282500011643,42.37162300005205],[-71.13276599966687,42.371551000252644],[-71.13269500042007,42.37146599979326],[-71.13256800019849,42.371312999738365],[-71.13233899986962,42.371070000212505],[-71.1321820004091,42.37090100002348],[-71.13208699997455,42.37074799991967],[-71.1319849998673,42.3705330000809],[-71.13186199984364,42.37028299969794],[-71.13178800022378,42.37006499975184],[-71.13177999982787,42.37000400003634],[-71.13176200028452,42.36986399998663],[-71.13177399998008,42.369788000132345],[-71.13178999987362,42.3696860002882],[-71.13187400043752,42.36949700011963],[-71.13197099962359,42.3693340001005],[-71.13211700011176,42.369145999720054],[-71.13237300020481,42.3688910001795],[-71.1329360004445,42.36848700006867],[-71.13344400043262,42.36815499980686],[-71.1338029995595,42.367942000126305],[-71.1341680003308,42.36775899992671],[-71.1347239999995,42.36756800017985],[-71.13506499958304,42.36748200009384],[-71.13522000029205,42.36743399994829],[-71.13535300036142,42.36739299991938],[-71.13550999982195,42.367342999945045],[-71.13559400038585,42.36731499996859],[-71.13571900005932,42.36727399986201],[-71.13581199994576,42.36722900019987],[-71.13603000040396,42.367121999767605],[-71.13631400008607,42.36695999977737],[-71.13643700010972,42.366889000162146],[-71.13665800004266,42.366751999808336],[-71.13691400013569,42.36654300025299],[-71.13753599992664,42.36599999984144],[-71.13856000029878,42.365098999894926],[-71.13897399967725,42.36481499984039],[-71.13914699992962,42.36470299999875],[-71.13946400012202,42.36455600027692],[-71.13969199972765,42.364475000012334],[-71.13989199974421,42.36444000026719],[-71.14012600009592,42.36441600003248],[-71.14040800012823,42.36440100012999],[-71.14064199958163,42.36442200025796],[-71.14099899995702,42.36449499985793],[-71.14139099959418,42.364572999991424],[-71.14190600015331,42.364732000065786],[-71.142137000132,42.364812999999025],[-71.1424829997384,42.36493800024831],[-71.14290899971076,42.365025999669314],[-71.14329399967521,42.365084000155555],[-71.14366699994412,42.365081000074504],[-71.14380199966332,42.365055000251004],[-71.14406500032737,42.36500400015747],[-71.14449200012463,42.36482200028019],[-71.1447349997989,42.36463399967097],[-71.14495599973182,42.36443599989686],[-71.14524000031226,42.364150000301464],[-71.14539500012297,42.36394400019005],[-71.14554900010876,42.36369900015778],[-71.14564100017026,42.363446999905335],[-71.14576500001883,42.36324100014394],[-71.14592700040053,42.36293899988499],[-71.14613499991466,42.362688999811986],[-71.14633599975613,42.36247499989386],[-71.14665399977345,42.3622109998343],[-71.14697900036177,42.36193700032921],[-71.14717000015749,42.361753999894894],[-71.14723899975445,42.361691000133476],[-71.1472970003791,42.3616360000794],[-71.1475729996653,42.36143800014981],[-71.14780799984193,42.361306000071394],[-71.14808400002646,42.36120500004035],[-71.14833199972357,42.36111899987277],[-71.14864200024327,42.36106900021521],[-71.14902700020777,42.36103500021296],[-71.14944700033233,42.361005000117565],[-71.14973299966428,42.360978000285],[-71.15007300032121,42.36094600019798],[-71.15064499988343,42.360885999907914],[-71.15144999997247,42.36081700003456],[-71.1519939999456,42.3607579999384],[-71.15247599999444,42.36067799974208],[-71.1529449996245,42.36051599972949],[-71.15370500040599,42.360254999715764],[-71.15414600044697,42.36012600012503],[-71.15447500033494,42.36003599982147],[-71.15481900029152,42.359964999682816],[-71.1552460000888,42.35989499979477],[-71.15561099996177,42.35987099981523],[-71.15636099979922,42.359852000156785],[-71.1567249998473,42.35988899980075],[-71.15706499960592,42.359938999733494],[-71.15708200022267,42.359938999733494],[-71.15709700029129,42.35994099973],[-71.15745399976834,42.35998300030522],[-71.15781899964132,42.35998399997088],[-71.15827300010108,42.35998100031004],[-71.15850099970672,42.359973000328864],[-71.1588299995947,42.35996200002113],[-71.15927800020665,42.35990200011897],[-71.15974600001181,42.35978099981022],[-71.16051799959057,42.35949700027683],[-71.16096000035475,42.35928999983623],[-71.16134600014412,42.35907099989761],[-71.16150799962753,42.3589720002841],[-71.16169099992564,42.358857999952576],[-71.1618780004217,42.35873599993933],[-71.16210500020243,42.35863499976001],[-71.16228500012748,42.358564000029716],[-71.16260099959665,42.35850899989368],[-71.16300800020075,42.358468999704165],[-71.16327400033954,42.3584630002378],[-71.16342300030243,42.35846500028124],[-71.16362900016676,42.35849199986605],[-71.16388799973454,42.358523000186324],[-71.16421800034574,42.35863099968383],[-71.16457399999788,42.35880500010649],[-71.16523299959874,42.359367999793726],[-71.16534800012478,42.35946599977326],[-71.16569100025644,42.359706999709566],[-71.1658770000293,42.359794999819464],[-71.16615800023668,42.35990699978112],[-71.16648799994958,42.35997799998531],[-71.16682400040854,42.36003599982147],[-71.16729700023657,42.360069000036255],[-71.16739500014585,42.36007500001308],[-71.16750899994868,42.360082999981316],[-71.16760799968289,42.36009499993178],[-71.16762500029964,42.36007300002088],[-71.16764200001806,42.36005100010228],[-71.1680660003406,42.35952800010135],[-71.16825499958816,42.359332000182825],[-71.16827899987761,42.3593079999882],[-71.16852699957472,42.35905100031679],[-71.1686239996591,42.3589560000637],[-71.16947399995398,42.35804699977113],[-71.16989400007854,42.357641000218685],[-71.16989999992633,42.35762600002637],[-71.17006399995786,42.35746699989198],[-71.17039700004378,42.35711500027584],[-71.17065599961157,42.35684799979134],[-71.1709960002685,42.35649500030584],[-71.17117000034577,42.35631499978984],[-71.17138700008076,42.35608900001985],[-71.17154799973923,42.35592200014643],[-71.17231000017058,42.355131999826064],[-71.172579999609,42.35485200017751],[-71.1726929995869,42.35473499976276],[-71.17277299995284,42.35465100019879],[-71.17288699975566,42.35453300032133],[-71.17353299983604,42.353863000023615],[-71.17391600015067,42.35346500014107],[-71.17393500041725,42.353396999855626],[-71.17399700034154,42.353195000096896],[-71.17402900012857,42.35308300012177],[-71.17413200006074,42.3527399998692],[-71.17426000010725,42.35231100012763],[-71.17430399958988,42.35216499975043],[-71.1743759995599,42.35192499989395],[-71.1744040000473,42.35183000015406],[-71.17443800038248,42.35171699994097],[-71.17446299959853,42.351634000125046],[-71.17457200027681,42.351266000180836],[-71.17462599980516,42.351085000150256],[-71.17464199969868,42.35103199972353],[-71.17470600017111,42.350817000127044],[-71.17475200020186,42.35066400023805],[-71.17479800023261,42.35051000016027],[-71.17485000011115,42.350336999825494],[-71.17479800023261,42.35027700002796],[-71.17479800023261,42.350265000194376],[-71.17470799982092,42.350154999953276],[-71.17426500013015,42.34958400007472],[-71.17341800020831,42.34853099982521],[-71.17317100033608,42.34820799967866],[-71.17232000021632,42.347172999924325],[-71.17189800044191,42.346654999693364],[-71.17000299985848,42.344252000066845],[-71.16942100025054,42.3435310001358],[-71.16832300025854,42.342168000043195],[-71.16812400006691,42.341916999717576],[-71.16698900026499,42.340464000047206],[-71.16668299994325,42.34010400030232],[-71.16668700014121,42.3400740001752],[-71.16669899983677,42.34000899996136],[-71.16673999984464,42.33985399969103],[-71.16680799961671,42.339289999835316],[-71.16770099956928,42.33896500001809],[-71.1677290000567,42.33895500001748],[-71.16831499986262,42.3387420002914],[-71.16863299987993,42.338628999791496],[-71.16893599982863,42.338448999903896],[-71.1690870003397,42.33824499989537],[-71.16921700003604,42.33806800027942],[-71.16919199992168,42.33788300002827],[-71.16912199960147,42.337375999895634],[-71.16885899983575,42.33630400021392],[-71.16888599959994,42.33582600009327],[-71.16857000013074,42.33514300015542],[-71.16847100039654,42.33508499992496],[-71.16841000029717,42.33502199999187],[-71.16819100001405,42.33479099969727],[-71.16802100013476,42.334426000316526],[-71.16756500002516,42.33344099988507],[-71.1667659997839,42.33352800016067],[-71.16646100018538,42.33356099968417],[-71.16543699981325,42.333671999825725],[-71.16518999994103,42.333691000093594],[-71.16477599966426,42.3337470001156],[-71.16431000040724,42.33379799967724],[-71.16403199967458,42.33382900022392],[-71.16366699980159,42.33387000023797],[-71.16297200021573,42.33394699978726],[-71.16273200001622,42.3339610002385],[-71.16252500032697,42.33396599997204],[-71.16229799964795,42.33396499989255],[-71.16209900035463,42.33394400021191],[-71.16172100006285,42.33388600020382],[-71.16129500009052,42.333782999771394],[-71.16091699979873,42.33363899969645],[-71.16034699988634,42.33336499980534],[-71.1602599998477,42.333318999677516],[-71.16017000033433,42.333272000089664],[-71.15972300044558,42.333036000200956],[-71.15932500006232,42.33276800026649],[-71.15895599999139,42.33242399996555],[-71.15871599979188,42.33216200006483],[-71.15854599991256,42.33198399981887],[-71.15766700020369,42.331058999925176],[-71.15750800019502,42.33088599985658],[-71.15734599981332,42.33071400010739],[-71.15711300018481,42.33046600028974],[-71.15703600019192,42.330389999935655],[-71.15626200006503,42.330847000147706],[-71.15496200040666,42.33161599973526],[-71.14985300021318,42.334634999777194],[-71.14995600014534,42.334691000286796],[-71.15046099976041,42.33496799990414],[-71.15013400042058,42.33521000020619],[-71.15010400028336,42.33528199981448],[-71.1500590000775,42.335393000238845],[-71.14965200037173,42.33548800024902],[-71.14959999959488,42.33550100030215],[-71.14852599989234,42.33575199967758],[-71.14829499991366,42.3358069998064],[-71.1484740000138,42.33623099974013],[-71.14848200040973,42.33625300002826],[-71.14849199955714,42.33627400026596],[-71.14851599984658,42.33632999998015],[-71.14855500020465,42.33642299982218],[-71.148580000319,42.336486999719256],[-71.14871099984026,42.336790000298556],[-71.1487419998024,42.33686600022357],[-71.14726600041693,42.33720099988187],[-71.146749000208,42.33731300026554],[-71.14645399975689,42.337376999920885],[-71.14615599983107,42.33744200019935],[-71.14625899976323,42.33777200001474],[-71.1463419996039,42.33803599981547],[-71.14641600012206,42.3381010000768],[-71.14648899991701,42.33816100020726],[-71.14660600009287,42.338536999898565],[-71.14650599963544,42.33855400001161],[-71.14624500041785,42.338595000265386],[-71.1462150002806,42.33863199980741],[-71.14616199967884,42.33869700011664],[-71.14580400037688,42.33895500001748],[-71.1455599999794,42.33913099979548],[-71.14527499957406,42.33933800023191],[-71.14477900017982,42.33965700017976],[-71.14468799994322,42.33971600016554],[-71.14465500033126,42.3397369999108],[-71.14421199974215,42.340021999743904],[-71.14263099987639,42.340055999826454],[-71.14250799985275,42.34005899977429],[-71.14248699993635,42.34005899977429],[-71.14239499987485,42.340060999739435],[-71.14234399982122,42.34005499984386],[-71.14193899976527,42.34000799997796],[-71.1419339997424,42.340023999710226],[-71.14191799984887,42.34008100005121],[-71.14190799980312,42.34012399993645],[-71.1418989995823,42.34015799996385],[-71.14187900038914,42.34022899990322],[-71.14186900034339,42.34025600001809],[-71.14185500009967,42.34029899978364],[-71.14182499996247,42.34036600031716],[-71.14180900006892,42.34041099996146],[-71.14178099958154,42.34046999990376],[-71.14177300008392,42.34048700015821],[-71.14173799992382,42.34054899995362],[-71.14171000033471,42.34059600007908],[-71.14167599999953,42.340649000008895],[-71.14163300034183,42.340711000308566],[-71.14161099970222,42.340740000160004],[-71.141588000136,42.340768999998076],[-71.14154299993015,42.340823999722936],[-71.14148699985365,42.340886999819475],[-71.14142499992937,42.34094999985289],[-71.1413420000887,42.34102500009492],[-71.14132600019516,42.34104800000073],[-71.14129799970776,42.34106999993161],[-71.1410950002165,42.341236000127786],[-71.14071000025203,42.34155199986598],[-71.14007000001942,42.34208900003553],[-71.139977000133,42.34214000013589],[-71.13890199970723,42.34301099990283],[-71.13880899982081,42.34308700027675],[-71.13875000026958,42.343133999832965],[-71.13865300018519,42.34321199992307],[-71.13849699965128,42.34333799991534],[-71.13796600009694,42.34376799973705],[-71.13782399980673,42.34387600002382],[-71.13736100002446,42.34425700031009],[-71.13710900012937,42.34446100006836],[-71.13675799960178,42.344744999827384],[-71.1359850001981,42.34536600008157],[-71.13545600029359,42.34579500008417],[-71.13527800001836,42.34594099998692],[-71.13515499999473,42.34602300012918],[-71.1342539996462,42.34657699989125],[-71.1333809997851,42.34712199992309],[-71.13200699960859,42.34777299972178],[-71.13127500021281,42.34812099979529],[-71.13107400037136,42.348215999829755],[-71.13075499963081,42.348367999851796],[-71.13052700002518,42.348476000203206],[-71.13013700003783,42.348659999981145],[-71.1297460002256,42.34885000026899],[-71.12928099989517,42.34906700029714],[-71.12923400003952,42.34908400021873],[-71.12914000032819,42.34913300027952],[-71.12906900018307,42.349170000259434],[-71.12901200028168,42.34920300020517],[-71.12892500024302,42.349264000200165],[-71.12887199964126,42.34930699978014],[-71.12879899984632,42.34937899984469],[-71.12872799970121,42.34946299981573],[-71.12868000002065,42.34953399986975],[-71.12864400003564,42.34960300018198],[-71.1286209995711,42.34965599982198],[-71.12861499972331,42.34967199975459],[-71.12858299993626,42.34983300001188],[-71.12842899995047,42.349840000129205],[-71.12825900007115,42.3498480000726],[-71.12816000033696,42.34985399969755],[-71.1280649999024,42.34985999998579],[-71.1279450002518,42.349870000243676],[-71.12783800012168,42.34987900000966],[-71.12768900015877,42.349895999711705],[-71.12755199989141,42.34991399989881],[-71.12746499985278,42.34992800011458],[-71.1273460000271,42.34995000025766],[-71.12720799993483,42.3499770001813],[-71.12706700036784,42.35000800005474],[-71.12692900027557,42.350042999872116],[-71.12679399965805,42.350080999803446],[-71.12665999976375,42.350123000329816],[-71.1265280004176,42.35016800029357],[-71.12646300012027,42.35019100017404],[-71.12639899964783,42.35021599968826],[-71.12630699958633,42.35025299969461],[-71.12622499957057,42.350288000039406],[-71.12613400023228,42.3503270003058],[-71.12602499955402,42.350380999817624],[-71.12590599972835,42.35044299981463],[-71.1258260002607,42.35048599991583],[-71.12578400042791,42.35051199979293],[-71.12566100040426,42.3505860000992],[-71.1253049998538,42.35080099982199],[-71.12496300044535,42.35100799967846],[-71.12472300024585,42.351151000005395],[-71.12465399975056,42.351192000011245],[-71.1245719997348,42.35124099975649],[-71.12451800020644,42.35127799982337],[-71.12420699986181,42.35149299983458],[-71.124129000044,42.35152599988852],[-71.12406700011972,42.35155199999931],[-71.12398799957869,42.351542000009026],[-71.12351800012372,42.35148599990135],[-71.12294200036355,42.3514159998626],[-71.1228550003249,42.35186099977746],[-71.12242599997951,42.351810000260365],[-71.12240000004024,42.35180800000512],[-71.12227500036678,42.35179299974825],[-71.12224299968142,42.35178899990045],[-71.12222900033603,42.35178700030838],[-71.12218300030526,42.35178100020409],[-71.12152999965389,42.35170200032627],[-71.12131100026909,42.35167499981587],[-71.12110600022967,42.351651999814486],[-71.12053499959406,42.35158599982153],[-71.12049100011143,42.35158100016124],[-71.12028600007203,42.3515570003258],[-71.11991799982599,42.351512999829104],[-71.11972299983232,42.35148899996769],[-71.11880899996335,42.35138599982212],[-71.11843900006748,42.35134400013968],[-71.11840700028043,42.35134000026331],[-71.11834000033328,42.35133300031309],[-71.11831000019605,42.3513300002393],[-71.11827699968578,42.3513259996982],[-71.11806900017163,42.35130199976533],[-71.11744499983256,42.35122999991187],[-71.11723700031841,42.35120599994236],[-71.11695100008815,42.35116800002727],[-71.11609400012058,42.35105499995179],[-71.11580799989031,42.35101699994536],[-71.1156320001632,42.350995999984384],[-71.11510599973342,42.35093399986896],[-71.11492900018143,42.35091299988025],[-71.11470099967748,42.35088599969477],[-71.11409399995516,42.35081600031555],[-71.11401399958922,42.35080700001982],[-71.11378400033377,42.35077999978885],[-71.11363500037085,42.350767000238974],[-71.11321500024629,42.350717000311185],[-71.111506000334,42.35051400008946],[-71.11128100020312,42.350486999732574],[-71.11111299997363,42.35046700007544],[-71.11093600042162,42.350445999930706],[-71.11091600033014,42.35044400029591],[-71.1108939996905,42.35044299981463],[-71.11088000034512,42.3504419999972],[-71.11083400031437,42.35043800006343],[-71.11075099957536,42.35042600026058],[-71.11049899968029,42.35039199981083],[-71.1104150000147,42.350379999999205],[-71.11029899966375,42.35036400024681],[-71.10994800003448,42.35031600030118],[-71.10983099985862,42.3502999998686],[-71.10974899984285,42.35029199998272],[-71.1095689999178,42.35027499972393],[-71.10950100014573,42.350269000139164],[-71.10941800030506,42.35026100024934],[-71.10931199999985,42.35024799992828],[-71.10899099960947,42.35020900027672],[-71.10888400037767,42.3501959999449],[-71.10848900036746,42.3501470000489],[-71.1073029996136,42.35000199978064],[-71.10690699977847,42.349952999733404],[-71.10682700031086,42.34994300015263],[-71.10663700034006,42.34992000018137],[-71.1065700003929,42.34991200024714],[-71.10670199973906,42.34943300017092],[-71.1067889997777,42.34905200005004],[-71.1068249997627,42.348889000099824],[-71.10685400007503,42.34875899990576],[-71.10689400025801,42.3485879997569],[-71.10696000038024,42.34821900005212],[-71.10697799992359,42.34814299990693],[-71.10703200035026,42.34791500024774],[-71.1070499998936,42.347840000257726],[-71.10706400013731,42.3477660000382],[-71.10710699979502,42.34754400018492],[-71.10712100003872,42.34747000028093],[-71.10721300010024,42.347049000057645],[-71.10719399983365,42.34697699998],[-71.10707800038102,42.34675199970382],[-71.10706900016018,42.34673399993903],[-71.107042000396,42.34668099982718],[-71.10703300017516,42.34666399991966],[-71.10698999961916,42.346581000070714],[-71.10686300029586,42.34633500017865],[-71.10682099956475,42.34625299977941],[-71.10680499967123,42.34621000010213],[-71.10677700008213,42.3461379997275],[-71.10675600016573,42.3460820001168],[-71.10674000027221,42.34604000021009],[-71.10670900031008,42.34598299995978],[-71.10661600042366,42.34580999978058],[-71.10658600028641,42.3457539998777],[-71.10657100021783,42.345727000132],[-71.10652699983687,42.3456460001613],[-71.10651299959318,42.345620000263324],[-71.10647999998122,42.3455460000863],[-71.10638200007193,42.345326000158096],[-71.10634899956163,42.34525300019896],[-71.1063319998432,42.34522199997236],[-71.10625099965236,42.34507000031071],[-71.10591000006883,42.34456600009603],[-71.10582999970289,42.344447999875705],[-71.10579600026601,42.344397000319624],[-71.10577600017452,42.344315999963186],[-71.10566900004439,42.344119999742816],[-71.10558100018085,42.343942000144665],[-71.1055579997163,42.343898000293116],[-71.10551599988351,42.343811999679566],[-71.10560999959486,42.343789000120886],[-71.10569300033384,42.34375099970573],[-71.1058599998401,42.34369200018632],[-71.10605999985664,42.34358899987984],[-71.10607199955221,42.34358300032091],[-71.10617399965946,42.34349099970872],[-71.10622100041343,42.34343299987427],[-71.10622899991107,42.34336899974298],[-71.10624499980457,42.343323000293125],[-71.10630400025413,42.34326199984484],[-71.10651400031641,42.34310599969187],[-71.10658200008845,42.343071999930615],[-71.10666099973119,42.34303499968134],[-71.1069079996034,42.34295400022606],[-71.10706900016018,42.342888999669604],[-71.10714100013021,42.34285900020735],[-71.10720100040466,42.34282500031252],[-71.10721099955208,42.342817000139334],[-71.10724599971219,42.34280400027066],[-71.10744200042907,42.34268700000387],[-71.10788699976969,42.342550999942254],[-71.1080270004101,42.34247800008082],[-71.10811600009856,42.34240600007984],[-71.10819399991637,42.3423300002107],[-71.1082249998785,42.34227199996916],[-71.10822599970342,42.342186999736086],[-71.10822599970342,42.34210799975229],[-71.10823900012221,42.34205800024077],[-71.10825500001572,42.34202899966923],[-71.10829100000073,42.34198099999897],[-71.10841200037456,42.34188799974498],[-71.10843499994077,42.34187299977684],[-71.10849000019238,42.34183700010422],[-71.10877100039976,42.34174800012428],[-71.10904099983819,42.34166499976087],[-71.10935700020569,42.341580999993525],[-71.10955300002426,42.341494000234725],[-71.10959999987993,42.341459000305484],[-71.10965900032949,42.34140099992446],[-71.1096829997206,42.341361000134235],[-71.1097670002845,42.34122199996814],[-71.10985000012519,42.34116899985736],[-71.1099859996693,42.34110700000931],[-71.11008899960147,42.34103199986507],[-71.11017700036334,42.34095900023191],[-71.11035999976313,42.3407329996934],[-71.11046900044138,42.3405920001828],[-71.11056999982539,42.340454000284986],[-71.11057900004623,42.340442999880736],[-71.11059699958959,42.34040500009928],[-71.11063299957459,42.34033299971641],[-71.11066299971182,42.34027099970803],[-71.1107110002907,42.34012999982545],[-71.11071999961324,42.34008200003345],[-71.11070999956749,42.34004300005093],[-71.11068000032857,42.33999100025802],[-71.1106750003057,42.339897999716655],[-71.11076399999416,42.339718000141595],[-71.11085000020789,42.33950800031812],[-71.11088500036799,42.33888399996763],[-71.11093600042162,42.338744000298384],[-71.11103000013294,42.338564000076],[-71.11111399979852,42.338364999824314],[-71.11131299999016,42.337901999687894],[-71.11140199967862,42.337629999819505],[-71.11146600015104,42.33754599997392],[-71.1115330000982,42.33745799992043],[-71.11155900003745,42.337381000021665],[-71.11155099964154,42.33729899989646],[-71.11144299968649,42.33720600002182],[-71.11141599992233,42.337185000095346],[-71.11129600027172,42.33708499984341],[-71.1112450002181,42.33702299995261],[-71.11122000010374,42.336989000222175],[-71.11120000001226,42.336906000217134],[-71.11119199961634,42.336869999692865],[-71.11116999987502,42.33677000026806],[-71.1111539999815,42.33671899979631],[-71.11111399979852,42.33666299976448],[-71.11105699989712,42.33662200024316],[-71.11100800039164,42.33660200015924],[-71.11090799993421,42.33654700006166],[-71.11079999997918,42.33643200018515],[-71.11070799991768,42.33630799971891],[-71.11070000042007,42.336261999751535],[-71.11071299994053,42.33621200023964],[-71.11075099957536,42.33616800029101],[-71.11090100026152,42.33601299984935],[-71.11097900007933,42.33594499994203],[-71.11099999999573,42.33583299977811],[-71.1109990001708,42.33582199989357],[-71.11098999994996,42.33575699993275],[-71.1109289998506,42.3356720001891],[-71.11080800037509,42.33558600027692],[-71.11073300003203,42.335533000063975],[-71.11055300010698,42.335464000246034],[-71.11051700012197,42.335403000141795],[-71.11053300001548,42.33532999995024],[-71.11059099974179,42.33524899986592],[-71.11096900003356,42.33487399983753],[-71.11111600034667,42.33473299980624],[-71.11133899992943,42.33460000001444],[-71.1114130004476,42.33452500007776],[-71.11156800025829,42.334373999863054],[-71.11176499990178,42.33416799976386],[-71.11195800024562,42.334027000141894],[-71.11205299978188,42.333902000165615],[-71.11219199969904,42.333800999923625],[-71.11239000006576,42.333529000247104],[-71.1124419999443,42.33344099988507],[-71.11245899966272,42.33343000024623],[-71.11251800011229,42.333312999802736],[-71.11257800038672,42.33320999976006],[-71.11265799985436,42.33307499988066],[-71.11283299975655,42.332848000128614],[-71.11296900019899,42.33269499967266],[-71.11308800002467,42.33260399983262],[-71.1131540001469,42.332530000274275],[-71.11321199987323,42.33245800017173],[-71.11326200010194,42.33233899970168],[-71.11323500033775,42.33228999983331],[-71.11323299978963,42.33223600005615],[-71.11327100032277,42.332217000012825],[-71.11329700026205,42.332175000141376],[-71.11329600043713,42.33209799975085],[-71.1133080001327,42.3320060002646],[-71.11332499985113,42.33190199996144],[-71.11334499994263,42.33177799986051],[-71.11335300033855,42.331730999785165],[-71.113442000027,42.3310070000083],[-71.11344799987478,42.330953999921114],[-71.11357500009639,42.33046699976075],[-71.11371300018865,42.33017699975596],[-71.11394400016734,42.32967299970389],[-71.1145469996917,42.32837199991873],[-71.114836000295,42.327749000158725],[-71.1150399996112,42.32730800033007],[-71.11523799997792,42.326987999979664],[-71.11527099958988,42.32693400029961],[-71.11534599993294,42.32687500027644],[-71.11544600039038,42.326826000136336],[-71.11552400020817,42.326795000122864],[-71.11556299966793,42.32677999987517],[-71.11568099966868,42.32671199994731],[-71.11576100003464,42.326628000130235],[-71.11581100026336,42.32656100023525],[-71.11596500024915,42.32637899994235],[-71.11601499957953,42.32624599975287],[-71.11602299997546,42.32613499978901],[-71.11596100005119,42.32599100013634],[-71.11594500015767,42.32595399979879],[-71.11592900026413,42.325854999829666],[-71.11594699980748,42.32581099994097],[-71.11594799963238,42.32573499993999],[-71.1159769999447,42.32565800029978],[-71.11603899986899,42.32550899981404],[-71.11608999992262,42.325381000193715],[-71.11613400030355,42.3252710002496],[-71.11614799964893,42.32525699985653],[-71.11620799992338,42.32520199980013],[-71.11625300012923,42.32506500022342],[-71.11627200039581,42.324945999713876],[-71.11635299968835,42.32478999994961],[-71.11634699984056,42.32469199970399],[-71.11632900029721,42.324598000219574],[-71.11640399974198,42.324502000134814],[-71.11636199990919,42.324308999957005],[-71.11642399983344,42.32411700008739],[-71.11653699981136,42.32393900032137],[-71.11664300011657,42.32384900000915],[-71.11667300025381,42.323823999973364],[-71.11677199998799,42.32377000023412],[-71.11706900008892,42.323698000066926],[-71.11745300022848,42.32361700027849],[-71.11778600031441,42.323554000149535],[-71.11800899989717,42.32353599972156],[-71.11828000005882,42.32349099995749],[-71.1183980000596,42.323454999724554],[-71.11847900025046,42.32338200027744],[-71.11847900025046,42.32329999983312],[-71.11850900038768,42.32311600022903],[-71.11869599998542,42.32298200019313],[-71.11876600030564,42.32293200008681],[-71.11878899987185,42.322915999991245],[-71.11887000006271,42.322857999776836],[-71.11894399968254,42.322842000326645],[-71.11943599977714,42.32273500003836],[-71.1195389997093,42.322744999961266],[-71.11986400029764,42.322782000193584],[-71.11992000037412,42.32279299970202],[-71.11996300003185,42.32279299970202],[-71.12004400022269,42.32281600029816],[-71.12011199999475,42.32283499986023],[-71.12014100030706,42.322855999928805],[-71.120390999654,42.32304200013546],[-71.12152800000406,42.323881999961436],[-71.12336699961267,42.322571000013006],[-71.12371099956925,42.32271599978189],[-71.12397199968517,42.3223129999827],[-71.12426899978608,42.32185600020536],[-71.1244589997569,42.32164599985144],[-71.12456800043515,42.32152299973621],[-71.12460900044302,42.32147900013879],[-71.12501100012594,42.32102900028556],[-71.12542500040271,42.32056699968284],[-71.12579299975043,42.320155000033395],[-71.12688700044278,42.31893499995972],[-71.12706700036784,42.31873299973723],[-71.12717699997269,42.31860700026313],[-71.12735100004996,42.31840799996826],[-71.128184999553,42.31744099997062],[-71.12833000021628,42.31727199969984],[-71.12860100037793,42.316958999905985],[-71.12895899967991,42.316535999945614],[-71.12942200036049,42.31598199989458],[-71.12963700044565,42.315724999786845],[-71.13026300043452,42.3149760002323],[-71.13054200009378,42.31464200016536],[-71.13064199965291,42.314529999933036],[-71.13095499964734,42.3141790001023],[-71.13133399976404,42.313760000330134],[-71.13174899986572,42.31330300021233],[-71.13186299966856,42.31317800024027],[-71.13283400033725,42.31169299967393],[-71.13316300022522,42.31120400032626],[-71.1340980000106,42.30967600027457],[-71.13435900012651,42.309252000050755],[-71.13445899968562,42.309095999907754],[-71.13488499965797,42.308491999847206],[-71.13500799968162,42.308317999682764],[-71.13532900007199,42.30786199974193],[-71.13538900034644,42.307778999835904],[-71.13611200041973,42.30675599986721],[-71.13650200040706,42.30620399980745],[-71.13824099955823,42.304251999944384],[-71.13861399982714,42.30383399975703],[-71.13930900031133,42.30305600027433],[-71.13966300031365,42.302662000021996],[-71.1400959999587,42.30217300027972],[-71.14013500031676,42.30214699968436],[-71.14153399970931,42.301138000331804],[-71.1423079998362,42.300580999787],[-71.14347199995045,42.29973800000438],[-71.1440529997335,42.29931999974772],[-71.14414399997008,42.29925399997807],[-71.14596699968517,42.29793899996385],[-71.14682399965275,42.29732199987016],[-71.1468830001023,42.29727999996065],[-71.14703600026318,42.29720100005493],[-71.14728599961012,42.297075000000206],[-71.14748399997683,42.296971999768175],[-71.14749700039562,42.29696299973987],[-71.14791999999493,42.296749000017535],[-71.14828999989078,42.29655799979403],[-71.14860299988523,42.296399000053206],[-71.14878100016045,42.29630800020893],[-71.15001200022184,42.295677999776515],[-71.15030000010194,42.29553000009389],[-71.15033100006407,42.29551399967636],[-71.1503610002013,42.295498999945714],[-71.15113000030533,42.29510000008441],[-71.15189400038648,42.29470299976681],[-71.15202200043299,42.29463599976936],[-71.15211299977128,42.29458799981659],[-71.15214799993137,42.29461300017033],[-71.1521830000915,42.29463799984964],[-71.15221099968058,42.29466000006426],[-71.1525089996064,42.294878999757806],[-71.15345699981056,42.29557499991749],[-71.1536910001623,42.29574600001692],[-71.15449799990117,42.29633899995893],[-71.15469000042009,42.29648000032235],[-71.15483000016218,42.29658300003016],[-71.15487100017008,42.29661300030043],[-71.15541299959504,42.296992999829136],[-71.15544199990737,42.2970229999041],[-71.15545199995313,42.297039999940225],[-71.15546799984664,42.29705099996118],[-71.15550399983165,42.297078000004426],[-71.15555200041054,42.29711300004324],[-71.1555850000225,42.29713700005864],[-71.15563799972595,42.2971760000641],[-71.15574999987895,42.29725799999683],[-71.15683899965012,42.298057999718324],[-71.15697599991746,42.29815900019898],[-71.15720500024632,42.29832699998178],[-71.15771800025732,42.298702999896484],[-71.15874299955605,42.299455000299304],[-71.16010400021209,42.30045399990339],[-71.16151000017565,42.30149400012079],[-71.16287400030645,42.30248699977342],[-71.16316600038449,42.3027019998397],[-71.16343699964783,42.30290099996674],[-71.1645890000665,42.303747000273546],[-71.1647020000444,42.30383000018053],[-71.16512200016898,42.30355199975731],[-71.16653900000318,42.30261199971585],[-71.16710800009068,42.30223400005],[-71.16724700000785,42.3021430000007],[-71.16734099971917,42.30206799990496],[-71.16791599965444,42.301687999774394],[-71.16810200032559,42.301561000130384],[-71.16826600035712,42.30145799992754],[-71.16828899992335,42.30144899987604],[-71.16842399964257,42.30136199975449],[-71.16980799986482,42.3004429998125],[-71.17043899987658,42.300020999766424],[-71.17636200037991,42.29610199972529],[-71.17861100006735,42.29461000004868],[-71.17863600018173,42.29459500010272],[-71.18634999971479,42.28745999981161],[-71.1873780002849,42.28651499994312],[-71.18838000001742,42.285580999885354],[-71.19011200039424,42.28398100027938],[-71.19069999984998,42.28343600013687],[-71.19090400006448,42.28324800007942],[-71.19115500013464,42.28305899990157],[-71.1911869999217,42.28303600006277],[-71.19123399977735,42.28300199973666],[-71.19124700019616,42.282992000145505],[-71.1912299995794,42.28265199980899],[-71.19113099984519,42.2823639999104],[-71.19097400038467,42.28212400020781],[-71.19075299955342,42.28184000019841],[-71.19050999987917,42.2816479997102],[-71.19025200013631,42.28149799979397],[-71.18992999992105,42.28128899996223],[-71.18952900006305,42.28111700023574],[-71.18908399982413,42.28090799980486],[-71.18866200004973,42.28069900000994],[-71.18839599991095,42.28055599968088],[-71.18831999974297,42.280500000174676],[-71.18821199978792,42.2804379996901],[-71.1881669995821,42.28041200009051],[-71.18809499961208,42.28037599980921],[-71.18802199981714,42.2803389999048],[-71.18799500005296,42.28032700002095],[-71.18777300029511,42.28022699979233],[-71.18745199990475,42.28014099986752],[-71.1872309999718,42.28006400027578],[-71.18718400011613,42.28005600009702],[-71.18711200014612,42.28005100006785],[-71.18706000026759,42.28003400009862],[-71.18598999986467,42.279770999795154],[-71.18551100018888,42.279681999744604],[-71.18542300032534,42.27964100031377],[-71.18535700020308,42.27959099967492],[-71.18531600019521,42.279519999763046],[-71.18530699997437,42.279496999961644],[-71.18529199990576,42.27946599989817],[-71.18524800042314,42.27938999976382],[-71.18510000028515,42.27913700030019],[-71.18505699972911,42.279076000090996],[-71.18503599981271,42.27902800024449],[-71.18500200037585,42.27896899984294],[-71.18495200014713,42.278883000195144],[-71.18477600042004,42.2785839997643],[-71.1846530003964,42.27837500023675],[-71.1845479999161,42.27819700005441],[-71.1839289995999,42.27713999987561],[-71.183887999592,42.27706899986075],[-71.18386400020088,42.27702800005914],[-71.1837880000329,42.27690299985085],[-71.18349299958182,42.27639699987761],[-71.18325699958025,42.27599300030017],[-71.18315899967097,42.27591299994498],[-71.18304800024119,42.27585300027669],[-71.18289500008032,42.27585300027669],[-71.18277999955426,42.275880000101225],[-71.18249500004723,42.275965999859295],[-71.18124200024455,42.27620599975358],[-71.18040700001826,42.27637000027452],[-71.17976500013584,42.276487000243435],[-71.17913900014698,42.276598999692084],[-71.17855300034104,42.276709999946306],[-71.17746100019683,42.276867999881034],[-71.17710899984432,42.27685900030348],[-71.17692399989642,42.27683699985358],[-71.17678099978127,42.276799000206445],[-71.17636400002974,42.27664500007264],[-71.1759320002096,42.27646500032834],[-71.175444000313,42.276243000090744],[-71.17497200030988,42.27600400000871],[-71.17476399989742,42.275841999877095],[-71.17460499988876,42.27566300017462],[-71.1745649997058,42.27557600032505],[-71.17451000035251,42.27547199982006],[-71.17446799962141,42.27537199986292],[-71.17443800038248,42.275298999820556],[-71.17441800029101,42.27504199980903],[-71.17451299982727,42.27478099998683],[-71.17461099973654,42.27457900032724],[-71.17477200029333,42.274330000280465],[-71.1748199999739,42.27421899982244],[-71.17482499999679,42.27420099990936],[-71.17484500008827,42.27405899982427],[-71.17485699978384,42.27380900001097],[-71.1748469997381,42.273729000206934],[-71.17482199962373,42.273530000295466],[-71.17474999965371,42.273321999672945],[-71.17461300028468,42.273011999880765],[-71.1743270000544,42.27261700005924],[-71.17403999999924,42.27226599988227],[-71.17385900024927,42.27198699998351],[-71.17370600008839,42.271693000097464],[-71.17361599967671,42.271470999668225],[-71.17359800013337,42.27144899999634],[-71.17358300006475,42.271415000065275],[-71.17352699998825,42.271113999934265],[-71.17341200036051,42.27091300023895],[-71.17334200004032,42.270849000122055],[-71.17318399985658,42.27069899975962],[-71.17315399971933,42.27067000019788],[-71.17299100041103,42.27043400019677],[-71.1729529998779,42.27029800016666],[-71.17296399974855,42.27013300003428],[-71.17302200037318,42.270025999890834],[-71.17321599964363,42.26977699980433],[-71.17342400005609,42.26956900009132],[-71.17347699975953,42.26949800018872],[-71.17352899963808,42.269437999731245],[-71.1735589997753,42.26941000003001],[-71.17366099988256,42.269333999733554],[-71.17381499986833,42.26924500023211],[-71.17416200019798,42.26899400015455],[-71.17428799969636,42.26888499983872],[-71.17431500035885,42.268855000322475],[-71.17450100013168,42.268651000042674],[-71.17460900008672,42.268372999888896],[-71.17460200041403,42.268136000133566],[-71.17460499988876,42.26807300031796],[-71.17459599966793,42.267893999822945],[-71.17457999977441,42.267823999829055],[-71.17452600024606,42.267607999889805],[-71.17444099985724,42.26734299996275],[-71.17431700000867,42.26717899988386],[-71.17415399980206,42.26702100025555],[-71.17392399964828,42.26688900010258],[-71.17390199990699,42.26687599983586],[-71.17368900036996,42.26675599985526],[-71.17355999960022,42.26670499981093],[-71.17333000034478,42.2666450000188],[-71.17318200020675,42.266626000117064],[-71.17315799991731,42.26661900004683],[-71.17279499969415,42.26654400019545],[-71.17246499998127,42.266515999873526],[-71.1724249997983,42.266507000147286],[-71.17214899961377,42.26643600011973],[-71.17210400030625,42.26642400024762],[-71.1720160004427,42.26639299973647],[-71.17183200031968,42.266346999850605],[-71.17179600033467,42.26633300031218],[-71.17169500005234,42.2662779999588],[-71.17154100006654,42.26614200026888],[-71.17143700030948,42.26598999968169],[-71.17137899968483,42.26590500010325],[-71.17132299960834,42.265690999906305],[-71.17132199978344,42.26534600009089],[-71.17120899980551,42.26525499992892],[-71.17104800014704,42.265124999754626],[-71.17102800005556,42.26511000010084],[-71.17066200035765,42.264813999686936],[-71.16874800040597,42.26327399969849],[-71.16860399956761,42.2631600000896],[-71.16849599961259,42.263074000143305],[-71.16836799956609,42.262972999917444],[-71.16739299959771,42.26219700008489],[-71.1672229997184,42.26206200012649],[-71.16699199973972,42.26187799970792],[-71.16686399969319,42.26177700022545],[-71.16647700007891,42.26146899996876],[-71.1648569998551,42.260181000242675],[-71.16339300016521,42.259022999863134],[-71.1631310002244,42.258811000129384],[-71.16301599969833,42.25871799995229],[-71.16166599981128,42.25762900009006],[-71.16157399974976,42.25754599980549],[-71.16155899968115,42.25754199994923],[-71.16098999959367,42.25708200015936],[-71.16082399991231,42.25694899983473],[-71.16042399987924,42.256625000274425],[-71.15858400044571,42.25515499991582],[-71.15829700039053,42.25529900003191],[-71.15812900016104,42.25538499994442],[-71.1573940003922,42.25575700020984],[-71.15669899990802,42.25610899987755],[-71.1562810003316,42.25632200003509],[-71.1559580002914,42.2564849997852],[-71.15522400034747,42.25685800018583],[-71.15421300039411,42.2573719998396],[-71.15315800005983,42.25791000029061],[-71.1523119999629,42.258335999687745],[-71.15211799979416,42.25824699995161],[-71.15158200021695,42.258004000286405],[-71.15038600031565,42.257460000180416],[-71.14942800006575,42.257023999797326],[-71.14873400030481,42.25670699979923],[-71.1477359998719,42.25625299980998],[-71.14664200007788,42.25575500022503],[-71.1466150003137,42.255605999846566],[-71.14639199983262,42.25439699986821],[-71.1463059996189,42.25393300032449],[-71.14612700041707,42.252964000143784],[-71.14559699978933,42.25009599993625],[-71.14536800035879,42.24901199997158],[-71.14500900033359,42.2473439997258],[-71.14493800018847,42.2470000000687],[-71.14472099955518,42.245992000030384],[-71.14457199959227,42.24528400021466],[-71.14455300022401,42.245189999880175],[-71.14454300017826,42.245144999981804],[-71.14453499978234,42.24510699985049],[-71.14439400021534,42.24441400000334],[-71.14406899962702,42.24281899971252],[-71.14386899961048,42.24184099978732],[-71.14385600009001,42.241772999895254],[-71.14382400030296,42.24161499978482],[-71.14381199970907,42.24155399984259],[-71.14366399957107,42.24083400001492],[-71.14349799988972,42.24006500012397],[-71.14344699983607,42.23977500000947],[-71.14343699979034,42.239722000261885],[-71.1434269997446,42.23967199988196],[-71.14340099980532,42.23953900008848],[-71.14336200034559,42.239346000184675],[-71.1431940001161,42.238510999898445],[-71.14309100018393,42.23801299989986],[-71.14307000026754,42.237907999670895],[-71.14299599974937,42.23754799993488],[-71.14287799974862,42.236971000051895],[-71.14284500013665,42.2368289999149],[-71.1428009997557,42.23659199998631],[-71.14276099957274,42.23639200028021],[-71.14274700022736,42.23632199990075],[-71.14268100010513,42.235998000135524],[-71.14239200040011,42.2358010001384],[-71.14213999960673,42.235615999942475],[-71.14159200033396,42.23524599991892],[-71.1409479999034,42.23481000028881],[-71.14002900001155,42.23418899991867],[-71.13924099964095,42.23365999975987],[-71.13876799981294,42.23333600029581],[-71.1382449997562,42.23298100019078],[-71.13805200031067,42.23285500009119],[-71.13709800025872,42.23220899994799],[-71.1368720003029,42.23205000013223],[-71.13666499971536,42.23191000030593],[-71.13582100016657,42.23134000008765],[-71.1330219997599,42.22944899979311],[-71.13263299959749,42.22918500023325],[-71.13251700014484,42.22910399993537],[-71.13243400030419,42.22905099987304],[-71.13219499992957,42.228898999685924],[-71.1319370001867,42.228715000300085],[-71.13181099979,42.22862899994769],[-71.13151100021436,42.22842700009786],[-71.13146900038157,42.22839799972062],[-71.13130500035004,42.22828700021786],[-71.13120900009055,42.22822200031054],[-71.1311120000062,42.22815699967114],[-71.13097300008901,42.22806299976401],[-71.1308450000425,42.227976000086144],[-71.13077100042264,42.22792599971239],[-71.13074899978304,42.227910999858594],[-71.13071799982087,42.22793600005636],[-71.13069799972939,42.2279519996722],[-71.13065800044474,42.22798400022207],[-71.13052500037534,42.228090000098426],[-71.13034700010013,42.22831599998095],[-71.1302679995591,42.22850100028909],[-71.13019099956621,42.22859500020919],[-71.13010100005285,42.22866799978167],[-71.12995600028789,42.22873099971848],[-71.12967400025556,42.228754000080954],[-71.1294859999346,42.228781999874634],[-71.12945900017041,42.22879799994122],[-71.12935600023826,42.22885499989606],[-71.12920200025246,42.22896700014744],[-71.12906800035816,42.22913899981406],[-71.12895399965703,42.22931599973964],[-71.12890599997645,42.229510999872254],[-71.12888900025801,42.2296470000687],[-71.12886400014366,42.229721000160104],[-71.12880300004429,42.229803000070135],[-71.12875199999068,42.22983600008498],[-71.12867599982269,42.22987900011875],[-71.1285000000956,42.23000200030118],[-71.12825200039848,42.2301839997961],[-71.12807800032121,42.23037199980515],[-71.12796199997024,42.23054400029946],[-71.12775500028101,42.2307810003249],[-71.12764399995294,42.23095900002264],[-71.12753000015012,42.23111500010733],[-71.12741999964693,42.231176000163515],[-71.12721999963041,42.23120700002771],[-71.12699700004764,42.23122699967451],[-71.12678100013757,42.23122599995841],[-71.12660899971013,42.23126399980264],[-71.1263889996021,42.231370999871295],[-71.12622299992074,42.23152799997938],[-71.12616400036951,42.23163500026564],[-71.12604999966838,42.23175600027131],[-71.1259519997591,42.23181699970802],[-71.12581399966683,42.231868999737394],[-71.12563700011482,42.23187299989139],[-71.12547700028124,42.231881999904296],[-71.1254379999232,42.23189999992638],[-71.12535199970947,42.2319370003251],[-71.12523000040905,42.23205700004888],[-71.12511900008097,42.23223100000808],[-71.12506399982937,42.232359000084635],[-71.12497299959279,42.232469000047],[-71.1248810004296,42.23253999973946],[-71.1248479999193,42.23256000029418],[-71.12474499998714,42.232621999978164],[-71.12458299960545,42.23277900030016],[-71.12452400005421,42.232904000196754],[-71.12450300013782,42.23309299977251],[-71.12451099963542,42.23315700029947],[-71.124529999902,42.233217999712416],[-71.12460799971981,42.23331100024136],[-71.12466200014647,42.23350500032436],[-71.12471499984993,42.233640999896735],[-71.12471900004789,42.23374500023272],[-71.12467899986493,42.23384099967451],[-71.12458699980341,42.234011999690225],[-71.12449800011494,42.234122999767514],[-71.12446200012994,42.23416099986299],[-71.1243960000077,42.23420299994188],[-71.124233999626,42.23428500001532],[-71.12405299987601,42.23432199968102],[-71.12381100002669,42.234321000013885],[-71.12360699981218,42.23428900001615],[-71.12337599983351,42.23425299999933],[-71.12313200033435,42.23423099997891],[-71.12293800016559,42.23424899999617],[-71.12288999958669,42.234265000007234],[-71.12287100021845,42.2342710000103],[-71.12282500018767,42.234285999682974],[-71.12273800014904,42.23431500001556],[-71.12264000023976,42.23437600030468],[-71.12260400025474,42.234436999869665],[-71.12260199970662,42.23451500031795],[-71.12259900023187,42.23464299975319],[-71.12258099979022,42.234707999699545],[-71.1225659997216,42.234765999963535],[-71.12248399970582,42.2348470003118],[-71.12246399961434,42.2349310001937],[-71.12247500038332,42.23504999989041],[-71.1225170002161,42.23519900027301],[-71.12261799960012,42.23531000025793],[-71.12263799969163,42.23537999976457],[-71.12267299985172,42.2354059999796],[-71.1227549998675,42.23542400032684],[-71.12296499992976,42.23557600009844],[-71.1232700004266,42.235777999683386],[-71.12333900002358,42.23585300021091],[-71.12347799994076,42.235926000035725],[-71.12381299967652,42.2361829998768],[-71.12408399983815,42.23638799974753],[-71.12423600017412,42.23654600030956],[-71.12445700010706,42.23686099995494],[-71.12454599979552,42.23714900025],[-71.12461199991778,42.23726000013058],[-71.12468899991066,42.23736500010757],[-71.12476300042883,42.237429000292884],[-71.12485299994218,42.237476000273304],[-71.12500899957779,42.237537000167436],[-71.12504299991298,42.23754900021595],[-71.12509099959355,42.237565999671176],[-71.1252420001046,42.237625999863525],[-71.12538100002178,42.23767900004144],[-71.12547499973311,42.23773900012634],[-71.12554000003043,42.237780999819286],[-71.12568099959744,42.23790099973813],[-71.12570400006197,42.2379719999706],[-71.12576900035928,42.23820099986696],[-71.12587399994129,42.2384079997029],[-71.12595099993419,42.23856500026306],[-71.12602499955402,42.23869899971201],[-71.1260789999807,42.238795000264005],[-71.12614099990498,42.23891799969782],[-71.12629599971567,42.23906299989578],[-71.12637699990651,42.23916199999545],[-71.12580199997126,42.23945499968947],[-71.12566999972678,42.239526999753316],[-71.12254800017824,42.241143999747145],[-71.12211700018302,42.24136899988605],[-71.1213890000869,42.2417419999006],[-71.12052200007356,42.24219499972373],[-71.1199339997195,42.24250099993945],[-71.11964400018961,42.2426500000201],[-71.11942300025666,42.24276500032826],[-71.11652900031375,42.24427399967423],[-71.11640899976483,42.24432799976197],[-71.11615500021995,42.24445999992965],[-71.11539799981148,42.24485200010962],[-71.1152019999929,42.24495499976132],[-71.11507099957332,42.24502200005137],[-71.11464899979894,42.245241000036586],[-71.1145629995852,42.24528400021466],[-71.11445999965305,42.24533800010288],[-71.1134489996997,42.245863000190994],[-71.11326799994973,42.24594800018698],[-71.11298500009251,42.246103999795565],[-71.11261400037174,42.2462960001654],[-71.11216400010996,42.2465290003316],[-71.11205699997983,42.24658500009486],[-71.11177699959735,42.2467339998404],[-71.11093700024654,42.24717699977668],[-71.11028600014328,42.2475030002421],[-71.10993100031602,42.2476849998058],[-71.10934700015993,42.24798999987771],[-71.10934899980975,42.248040000315704],[-71.10935899985552,42.24838900016762],[-71.10936499970329,42.248550999699944],[-71.10937700029716,42.24912100006698],[-71.1094070004344,42.25023399981942],[-71.10942800035079,42.25101400019038],[-71.10946199978768,42.25210500001437],[-71.10946500016071,42.25240999999257],[-71.10948799972694,42.25332699978361],[-71.10950100014573,42.253782000248336],[-71.10952399971195,42.25465500028433],[-71.109527000085,42.254754999862826],[-71.10954399980342,42.25541199989272],[-71.10973200012441,42.25558899993273],[-71.11043099990823,42.25624999985629],[-71.11085799970549,42.25665400031315],[-71.11139099980797,42.25715200011259],[-71.11236900014937,42.258080000279605],[-71.11239199971558,42.25811599999945],[-71.11240099993643,42.25812299968403],[-71.11243299972348,42.2581499997899],[-71.11246799988356,42.25817599993014],[-71.11249700019589,42.25819700029126],[-71.11257699966352,42.258277999814204],[-71.11262000021952,42.2583209997485],[-71.11295099975733,42.25863399982455],[-71.11300900038195,42.25868900019786],[-71.11310700029125,42.25878299969732],[-71.11312200035985,42.258797000247355],[-71.113153000322,42.25882699989583],[-71.1132599995538,42.25892600023024],[-71.11332599967605,42.258989999819704],[-71.11327600034565,42.25903100005239],[-71.113005000184,42.25925500028543],[-71.1127580003118,42.25945699985475],[-71.11256099977,42.2596190002135],[-71.11235400008074,42.2598380000492],[-71.11214499984338,42.26003999974549],[-71.11186700000903,42.26040999997284],[-71.11165899959656,42.260631000215746],[-71.11146000030325,42.26076900031751],[-71.11110100027805,42.26091599997806],[-71.11075399994841,42.26104099998065],[-71.11046500024342,42.2611240003188],[-71.11032499960302,42.26113200024148],[-71.11022400021899,42.26116300001542],[-71.11008199992878,42.26118799967192],[-71.1099859996693,42.26119999987581],[-71.10984799957706,42.261233999997884],[-71.10960999992567,42.261267000196575],[-71.1095139996662,42.26127500010112],[-71.10928400041074,42.261278999720595],[-71.10923500000695,42.26127799981576],[-71.10914999961813,42.26129400028588],[-71.10895399979955,42.261296000095065],[-71.10868199981297,42.26126299991151],[-71.10847299957562,42.26117299974625],[-71.10840499980355,42.26111599973025],[-71.1083370000315,42.26105900032757],[-71.1081260001443,42.26088099977338],[-71.10792600012776,42.2607879999899],[-71.1076049997374,42.260673999875145],[-71.10746099979734,42.26065199975928],[-71.10702599960418,42.260679000111935],[-71.10674100009712,42.26072400023078],[-71.1063319998432,42.26079799978015],[-71.10607900012322,42.260842999814066],[-71.10588699960428,42.26086300004044],[-71.105788999695,42.26086300004044],[-71.10577000032673,42.26086300004044],[-71.10574299966424,42.26086300004044],[-71.10566200037171,42.26086200012901],[-71.10563399988429,42.26086200012901],[-71.10559500042456,42.26086200012901],[-71.10554099999787,42.26087199990757],[-71.10525999979048,42.260855999995165],[-71.10500100022271,42.26080399991952],[-71.10475600000034,42.26066400006518],[-71.10454099991517,42.26046899979758],[-71.10437699988364,42.26020399977991],[-71.10418899956267,42.25998599981103],[-71.10406200023937,42.259862000303706],[-71.10396299960686,42.25981000007318],[-71.10392900016998,42.259781000156096],[-71.1038739999184,42.259764000038004],[-71.10382700006274,42.25975599994175],[-71.10373500000122,42.25973300024112],[-71.10367200025203,42.25972300028192],[-71.1036060001298,42.25972300028192],[-71.1034300004027,42.25972500014094],[-71.1033819998238,42.259721999687564],[-71.10328499973944,42.25972999978812],[-71.1031419996243,42.25975200022568],[-71.10300400043036,42.25978499987034],[-71.10269100043591,42.25988400003035],[-71.10240799968038,42.26002299969722],[-71.10227600033421,42.26009799999288],[-71.10215499996038,42.26019100012925],[-71.10185299983658,42.26037600007129],[-71.1014589996513,42.260581999702254],[-71.10142299966628,42.26060399984254],[-71.10135200041948,42.26064299986079],[-71.10131300006142,42.260664999979795],[-71.10129499961975,42.26067499978956],[-71.10105500031857,42.260841999902325],[-71.10073099955515,42.26106999998304],[-71.10023599998583,42.26143200026628],[-71.09980099979263,42.26176799982271],[-71.09957099963889,42.261955000244726],[-71.09911799990235,42.262372999808264],[-71.09886400035745,42.26259000028303],[-71.09850399960901,42.26272399989379],[-71.09820599968317,42.26277999990472],[-71.09789900043484,42.262882000319166],[-71.09774000042619,42.26293099971003],[-71.09748299960991,42.26308900028155],[-71.09721800019436,42.26346300004794],[-71.09692000026851,42.26398300021374],[-71.09675200003903,42.26433800006882],[-71.0964320003719,42.26473699998262],[-71.09616399968499,42.265004999764955],[-71.09585300023868,42.26523099973281],[-71.09568500000917,42.265350999957164],[-71.09544900000763,42.265574999676126],[-71.09525599966378,42.265786000102025],[-71.09507599973873,42.266034999998666],[-71.09495600008813,42.26622700019256],[-71.09491099988229,42.2662890000333],[-71.09477799981289,42.26651299974331],[-71.09471000004083,42.266607000209596],[-71.09467400005582,42.266648999962406],[-71.09464800011655,42.26667999968293],[-71.09463300004792,42.26677099978221],[-71.09459399968989,42.266792999757286],[-71.09438500035083,42.26699200033128],[-71.09413099990762,42.26713200009474],[-71.09394199976173,42.26713800029607],[-71.09390800032484,42.26713999991984],[-71.0937359998974,42.26713600000739],[-71.09350099972075,42.26709499972685],[-71.09341000038248,42.267082000167406],[-71.09312900017507,42.267000999988284],[-71.092941999679,42.26684600002831],[-71.09262600020983,42.266729000110686],[-71.09229999979658,42.266732000230576],[-71.09180199985424,42.2666789998637],[-71.09132300017842,42.26659499970525],[-71.09102299970445,42.2665079999692],[-71.09081699984013,42.26648000029602],[-71.09049600034807,42.266552000095224],[-71.0902579997984,42.26663899977055],[-71.09023799970691,42.26667199979941],[-71.09015900006419,42.266838999982554],[-71.09003600004054,42.26715799985513],[-71.08998800035995,42.26747300021672],[-71.08987200000901,42.26774500020798],[-71.08985899959022,42.26777600005428],[-71.08985699994041,42.26794600003401],[-71.08985699994041,42.26795800028113],[-71.08985699994041,42.268052999719636],[-71.08991399984183,42.268239000319],[-71.08996700044356,42.268416000251065],[-71.09015300021642,42.26882899993251],[-71.09021099994273,42.26898500011732],[-71.09019099985125,42.26907600021297],[-71.09003799969037,42.26932199974838],[-71.08982000013047,42.26953900023585],[-71.08950399976298,42.26966899994952],[-71.08940300037895,42.269689999806495],[-71.08917200040027,42.26973800011816],[-71.08914999976066,42.269741999865516],[-71.08867199990976,42.26973299993507],[-71.08810500037042,42.26963099996892],[-71.0877510003681,42.269554999938975],[-71.08763099981918,42.26952400030278],[-71.0869770002412,42.26937799988137],[-71.08672199997308,42.26932900018317],[-71.08572299971527,42.26911900009564],[-71.08557899977524,42.269086000018284],[-71.08539499965221,42.26904399989484],[-71.08424099958371,42.26882699969755],[-71.08338100014142,42.26868800016198],[-71.08276100000032,42.26863400032192],[-71.08261399968723,42.268641999956465],[-71.08249900005949,42.26866399994334],[-71.08248700036394,42.26866999999885],[-71.08224100031663,42.26875700007494],[-71.08151300022048,42.26902500005134],[-71.0808520000715,42.26932199974838],[-71.08032099961885,42.26944699970381],[-71.08000299960152,42.26946399987001],[-71.07986000038471,42.26947100028908],[-71.07919900023572,42.2695360002495],[-71.0790710001892,42.26954699975554],[-71.07887600019554,42.269581999802625],[-71.07874800014902,42.26962599977733],[-71.07871499963873,42.269636999932374],[-71.07857099969868,42.26969100024272],[-71.07849700007884,42.26971899981915],[-71.07840500001734,42.269753000000314],[-71.07827799979573,42.26982500004969],[-71.07815800014514,42.26989199984635],[-71.07809799987066,42.2699160002622],[-71.0778459999756,42.27001799976718],[-71.07757800018699,42.27015399973672],[-71.0771079998337,42.270382999804426],[-71.07685599993863,42.27045499979894],[-71.07649199989056,42.27050900007321],[-71.07605400022265,42.27052399977188],[-71.07563099972504,42.27046099968397],[-71.07524599976057,42.27029999969021],[-71.07505599978977,42.27027699984749],[-71.07489400030639,42.270303000304935],[-71.07477899978032,42.27030900020443],[-71.07456799989313,42.27031599986491],[-71.07448699970227,42.270318000052626],[-71.07400100035377,42.27029000007753],[-71.07371000010065,42.270285999700256],[-71.07358999955173,42.27029300002799],[-71.07329499999896,42.27030999996603],[-71.0732640000368,42.27031700029115],[-71.07322600040199,42.270313999677086],[-71.07320899978524,42.27031599986491],[-71.07313099996742,42.27032499971211],[-71.07304200027896,42.270331000274254],[-71.07298600020246,42.27034000011931],[-71.07289800033892,42.27038200004398],[-71.07271400021591,42.2705280001341],[-71.07243100035869,42.27068700003424],[-71.07204399984609,42.270817000039216],[-71.07167999979801,42.27085499996958],[-71.07134599988717,42.270836999760505],[-71.07120500032018,42.27080300016405],[-71.07104999961116,42.27073699976112],[-71.07102700004494,42.270728999727694],[-71.07093099978546,42.27070899997214],[-71.07060799974528,42.27062999997819],[-71.07041500029975,42.270613000126446],[-71.06978400028798,42.270605000077296],[-71.06970999976983,42.27061099994805],[-71.0694600004229,42.270632000155985],[-71.06930200023915,42.270643999891774],[-71.06925299983534,42.2706490000026],[-71.069010999986,42.27066200015596],[-71.06884500030465,42.270695999828476],[-71.0687780003575,42.2707099997274],[-71.06869299996868,42.270732000321956],[-71.06850200017297,42.27077499973966],[-71.06841400030942,42.2708060000901],[-71.06837499995137,42.27082700023303],[-71.06813999977473,42.27099999987819],[-71.06797300026845,42.27114899977605],[-71.06795400000189,42.27116900005674],[-71.06783299962807,42.271368999855646],[-71.06781500008472,42.27139600027176],[-71.06777999992461,42.27142099985892],[-71.06770399975662,42.27149000010386],[-71.06752200018175,42.27150500023382],[-71.06728100015732,42.271449999739865],[-71.0669549997441,42.27140400022051],[-71.06641400014401,42.271319999711004],[-71.06603599985223,42.2712680002891],[-71.06576899988856,42.271200999960826],[-71.06545800044225,42.27100700012663],[-71.06528400036497,42.27083999968493],[-71.06525300040283,42.27080900001596],[-71.0650969998689,42.27065900022306],[-71.0649050002483,42.270390999881705],[-71.06478100039973,42.27016699999213],[-71.06474700006454,42.269954999838276],[-71.06478399987446,42.269851999797744],[-71.06482499988235,42.269741000094854],[-71.06501200037842,42.26946500030977],[-71.0650330002948,42.26928599977905],[-71.06493700003533,42.268970999835254],[-71.064695000186,42.26860700005215],[-71.0641040003572,42.26811799981281],[-71.06395299984615,42.2679759999828],[-71.0635129996301,42.26755999995051],[-71.06310199972637,42.26734399977145],[-71.06289099983917,42.267286000206646],[-71.06259999958604,42.26720600010048],[-71.06218899968229,42.267159000331496],[-71.06182800000727,42.26720799972215],[-71.06142299995132,42.26732500008033],[-71.06097900043564,42.2674539998997],[-71.05867799997132,42.26878599985207],[-71.05789200014887,42.26926900022955],[-71.05660099981303,42.2700599999064],[-71.05541099975953,42.2707160002529],[-71.05503900021385,42.270940999937295],[-71.05433399968392,42.271365999956394],[-71.05383599974155,42.2716989998647],[-71.05369099997658,42.27181599986392],[-71.05360499976287,42.27195400007818],[-71.05350699985358,42.272228999869064],[-71.05349299960989,42.27223800010784],[-71.0534940003331,42.27245799970997],[-71.054072999568,42.2733959997238],[-71.05410199988034,42.27344300016013],[-71.05499599965782,42.274167999833864],[-71.05534899983525,42.27462100008602],[-71.05538800019332,42.274696000297816],[-71.05557499979105,42.275051999997196],[-71.05558499983681,42.27570899990908],[-71.05546699983601,42.27592999969665],[-71.05524500007817,42.27634299999518],[-71.05491799984003,42.27660500032161],[-71.05440099963107,42.27701899983971],[-71.05391199990953,42.27726599992973],[-71.05349000013514,42.27742500011322],[-71.05328400027082,42.2775020002711],[-71.05259700018256,42.27766899967734],[-71.05127099968662,42.277926000275],[-71.04980199997385,42.278100000012245],[-71.04923799990925,42.27806399973932],[-71.04858299960804,42.27791399993162],[-71.04849100044486,42.277861999968174],[-71.0483120003447,42.27776599971828],[-71.04760199979192,42.277372999746255],[-71.04711600044341,42.277082999673446],[-71.04488000027645,42.276265999750464],[-71.04442099979383,42.27631300004053],[-71.04391299980571,42.276527000069365],[-71.04304199959442,42.276892999956445],[-71.04278200020175,42.27710199974656],[-71.04243300022229,42.27732899986232],[-71.04159399979807,42.27809800007143],[-71.04150099991165,42.278419000054996],[-71.0413639996443,42.27889099985818],[-71.041273000306,42.27920499978822],[-71.04113600003866,42.2796779999634],[-71.04099899977132,42.280150999911186],[-71.04090800043303,42.28046599980932],[-71.0408570003794,42.2806429999662],[-71.04078000038652,42.28091000032106],[-71.04070300039362,42.28117599995525],[-71.04065099961679,42.28135399969799],[-71.04051300042282,42.28183200024514],[-71.04049400015624,42.28189800032772],[-71.03973199972492,42.28309999976677],[-71.03946599958613,42.28351999978328],[-71.03940299983694,42.28362100031744],[-71.03929300023209,42.283798999798826],[-71.03917500023132,42.28389200019407],[-71.03907999979675,42.283965999795896],[-71.03902399972027,42.28401200011528],[-71.03896699981885,42.28405700019296],[-71.03893900022977,42.28407900011586],[-71.03889499984884,42.284114000068],[-71.03885200019113,42.28414700025189],[-71.03882299987882,42.284169999685105],[-71.03863700010598,42.28431500019516],[-71.03835800044672,42.28453399997072],[-71.03807999971406,42.284752000117116],[-71.03789399994122,42.28489800014701],[-71.03781799977322,42.285012000317444],[-71.03718000008878,42.28596999979045],[-71.03529399972618,42.288797999736424],[-71.03551300000929,42.2892110000906],[-71.03611800008179,42.29035000008026],[-71.03622699986174,42.29055600010717],[-71.03639199971818,42.29086599998109],[-71.03655599974971,42.291176000322935],[-71.03666600025288,42.291382999733784],[-71.03692900001862,42.29187800004472],[-71.03732400002882,42.29262200030252],[-71.03771900003903,42.29336499968544],[-71.03798199980477,42.29385999970294],[-71.03862000038754,42.29506200015562],[-71.03957799973914,42.2968670000227],[-71.04053599998903,42.29867000002918],[-71.04117500039672,42.29987400028122],[-71.04119799996295,42.29991799970208],[-71.04123399994796,42.299986000015025],[-71.04126999993296,42.3000530003004],[-71.04129400022241,42.30009800021409],[-71.04131299959067,42.30028299996414],[-71.04136799984227,42.30083899988136],[-71.04138700010883,42.3010250000507],[-71.04140800002523,42.3012389998587],[-71.04147199959932,42.30188300008418],[-71.04149400023896,42.302098000219736],[-71.04159399979807,42.30369200001872],[-71.04169400025549,42.30529799976819],[-71.03863200008311,42.30616299970014],[-71.03709399987505,42.306597999817384],[-71.03537300026721,42.30703300025055],[-71.03020799999724,42.30833999976834],[-71.02848599966619,42.3087759999376],[-71.02846899994775,42.30877999986423],[-71.02841399969616,42.30879399993758],[-71.0283950003279,42.3087989996783],[-71.02651900001104,42.307845999800584],[-71.02209299970788,42.30559800016917],[-71.02076600028533,42.30583200028671],[-71.01869300032499,42.30619800000407],[-71.01693599983383,42.30646399981758],[-71.0153929996029,42.30669800003798],[-71.01174799999764,42.30572200005018],[-71.01019899991894,42.30530699993389],[-71.01022099966023,42.30528900026559],[-71.01025599982036,42.30522499985302],[-71.01009299961372,42.30519100020945],[-71.01003200041266,42.30518000028176],[-71.0099910004048,42.30518000028176],[-71.00994700002386,42.305193999827],[-71.00990900038903,42.3052080000335],[-71.00987699970365,42.30522200023693],[-71.00946800034806,42.30540499980947],[-71.00924999988986,42.305503000196865],[-71.00918700014066,42.305489000055964],[-71.0091750004451,42.30547900004832],[-71.00354099964676,42.308039999811776],[-71.00209299985039,42.30869800032111],[-70.99859300001008,42.311998000307526],[-70.98869299964045,42.31359800030468],[-70.98691199975816,42.312256000116484],[-70.98194400003,42.30851200023236],[-70.98179599989199,42.30839400012685],[-70.98178099982337,42.30838200027259],[-70.98136800026981,42.307792000300665],[-70.98098900015314,42.30724899991237],[-70.978718999651,42.304000999788094],[-70.97825500004382,42.30333600003414],[-70.97734399964956,42.302032000039866],[-70.97707400021113,42.301646000119305],[-70.97626300027432,42.30048500027009],[-70.97599200011267,42.30009800021409],[-70.9759179995945,42.300094999689314],[-70.97569300036191,42.30008700006097],[-70.97561800001886,42.300084000200094],[-70.9737700001894,42.300014000083486],[-70.96822400015292,42.29980299997302],[-70.96637499960025,42.29973300020846],[-70.9651390004143,42.299686000114015],[-70.96142899961342,42.29954500028472],[-70.96019199970424,42.29949800005],[-70.94899099985133,42.301298000000735],[-70.9451379998336,42.30447100016322],[-70.93709100021461,42.311097999955756],[-70.92789100035205,42.310169000038144],[-70.92719099984498,42.3100980000461],[-70.92319200023739,42.31172099985036],[-70.92072099989379,42.3127239998052],[-70.91709100035713,42.31419800027948],[-70.90569200013752,42.31699899993881],[-70.90451299995468,42.32273099967022],[-70.90333299994691,42.32846299990453],[-70.9032900002892,42.32867000025757],[-70.90324799955809,42.32887699992948],[-70.90054799978394,42.34199599994135],[-70.89625500044848,42.362855000003265],[-70.89480500010397,42.36990400022228],[-70.89429200009299,42.37239900024715],[-70.86949199983853,42.37246099975848],[-70.85119099984759,42.37249900007093],[-70.75145599997575,42.37333999972204],[-70.75056399984807,42.37333999972204],[-70.74948799959739,42.37333999972204],[-70.74947000005405,42.37333999972204],[-70.73204899959688,42.37377700012523],[-70.72921199955539,42.37384799991878],[-70.71850799981995,42.374098000048456],[-70.68639499989042,42.3748479997757],[-70.67569000033008,42.375097999906515],[-70.65872300033267,42.375097999906515],[-70.65817900035954,42.37630100029536],[-70.65200499978604,42.392938999978895],[-70.64807200030069,42.40562800029661],[-70.64828800021074,42.40561700002536],[-70.72340399957808,42.40205599994307],[-70.74948699977247,42.40082000015345],[-70.85143600006995,42.393208999722944],[-70.8743259996724,42.389024999756714],[-70.9012919997736,42.384098000036616],[-70.91789200024823,42.385996999774314],[-70.92459300017809,42.38679799973114],[-70.92855300032593,42.389146999996186],[-70.94120600017317,42.39665199999723],[-70.95949399974532,42.40749799980174],[-70.96209300013544,42.41239700002632],[-70.95909299988732,42.418597000297346],[-70.9538520003477,42.42787500014515],[-70.95304899990848,42.42929600010575],[-70.95299299983198,42.429396000129515],[-70.95139299969965,42.43699599988035],[-70.95122500036847,42.439046999781674],[-70.95120299972886,42.43930999988084],[-70.95105200011612,42.441145999676365],[-70.95079299965003,42.44429600006307],[-70.95691799981972,42.44398000013893],[-70.95990899984702,42.443824999874636],[-70.96304299998943,42.44366399994675],[-70.963611000252,42.44363499988281],[-70.96417899961625,42.443605999805456],[-70.9651379996911,42.44355600021206],[-70.96609599994099,42.44350700024036],[-70.96616999956083,42.44350399992967],[-70.96624300025408,42.443499999957155],[-70.96629299958448,42.44349700030905],[-70.96859400004878,42.444396000017576],[-70.9715940002969,42.44269600029691],[-70.97519399969632,42.43689600004854],[-70.9784090000296,42.433818000306914],[-70.9790280003458,42.43322399993702],[-70.97945400031814,42.43281500029286],[-70.97964799958858,42.4326309997397],[-70.97989399963588,42.43239600025479],[-70.98084299966497,42.43193000001602],[-70.98229399983437,42.43129600010635],[-70.98370800019387,42.431663000040956],[-70.98575400039003,42.432556999963104],[-70.98780499971075,42.43399800011113],[-70.98953000041486,42.434652999713286],[-70.99012000041874,42.43487700023725],[-70.99018399999284,42.434851999946154],[-70.99025699978779,42.43482299978164],[-70.99202299960146,42.43413500024185],[-70.99263400042005,42.43350899998998],[-70.9931519995556,42.4329789997396],[-70.99366899976454,42.432449000311486],[-70.99418599997348,42.43192000022619],[-70.99470200035752,42.43139100031725],[-70.9947790003504,42.43119599979861],[-70.9948489997723,42.43114999968301],[-70.99512599978173,42.43114499972609],[-70.99534300041505,42.43105100032873],[-70.99542700008061,42.43097799987424],[-70.99571400013579,42.43085500021493],[-70.9960739999859,42.43090199974668],[-70.996433999836,42.430948000044296],[-70.99652199969958,42.430959999712776],[-70.9966089997382,42.43097100018039],[-70.99691300041013,42.43101000007483],[-70.99721299998578,42.43105600029319],[-70.99723399990218,42.43105100032873],[-70.99729400017665,42.43105899987383],[-70.99734699988008,42.43106600022085],[-70.99737100016954,42.43106899980101],[-70.99744800016242,42.43109699985394],[-70.9979889997625,42.43120099975145],[-70.99847500000931,42.43129600010635],[-70.99985699968343,42.43129600010635],[-71.0004240001211,42.43156000009919],[-71.00065599992467,42.43169099982848],[-71.00076800007768,42.431760000056656],[-71.00083900022278,42.43179800027483],[-71.00112399972983,42.431950000253956],[-71.0015859996872,42.43226900003664],[-71.00176999981021,42.43238599987628],[-71.00193399984174,42.4324809997611],[-71.00214999975181,42.4326080002127],[-71.00253899991424,42.4326229997322],[-71.0026490004174,42.43269499976277],[-71.00272700023521,42.43273700007386],[-71.00294300014527,42.432821999780735],[-71.0029940001989,42.432836999912055],[-71.00308100023753,42.432804000148835],[-71.00330200017048,42.43270299976106],[-71.00343500023988,42.432748000229644],[-71.00366200002058,42.43281500029286],[-71.00403399956626,42.43290300004933],[-71.00422400043539,42.432935999760424],[-71.00436300035254,42.432970999776586],[-71.00453900007963,42.433032999795074],[-71.00463199996607,42.43305500000076],[-71.00472900005043,42.433062999953066],[-71.00487499964031,42.433052999680996],[-71.00544899975067,42.432964000305304],[-71.00554599983504,42.432964000305304],[-71.00564299991942,42.432973000098926],[-71.00569099959999,42.432981000061744],[-71.00587499972302,42.43302899981708],[-71.00591999992885,42.433043999898864],[-71.00616299960309,42.43316299993415],[-71.00653199967405,42.43339399990358],[-71.00657100003211,42.43346000011732],[-71.00664899984992,42.43355099975563],[-71.0067750002466,42.43365999997899],[-71.00692599985935,42.433800000298035],[-71.00697400043823,42.43383799994232],[-71.00716500023394,42.43386799971504],[-71.00730199960297,42.43390500016635],[-71.00748999992395,42.43394400022415],[-71.00753900032777,42.43394899995782],[-71.00777899962895,42.433951000248946],[-71.0078730002386,42.433972000318704],[-71.0080070001329,42.43401500025012],[-71.00809300034663,42.434048999851214],[-71.00825200035528,42.434132999956546],[-71.00846099969434,42.43428299995942],[-71.00853799968723,42.43432700014852],[-71.00858000041833,42.43434599981378],[-71.0086260004491,42.43435299979368],[-71.00886900012335,42.434335999746416],[-71.00912299966826,42.43430000002106],[-71.00927699965403,42.4342780002524],[-71.00931900038515,42.434296999932506],[-71.00943499983778,42.43436200005086],[-71.00951699985355,42.434402000294135],[-71.00956000040956,42.43441799985394],[-71.00974299980936,42.43446899991521],[-71.00978999966503,42.43447899996135],[-71.01008099991816,42.43450299993297],[-71.01032000029275,42.434540000009385],[-71.01041700037715,42.43455000004419],[-71.01051500028643,42.43455200031619],[-71.01077700022725,42.434567999837654],[-71.01083499995357,42.43468199995647],[-71.01081700041023,42.43473299980289],[-71.01078100042521,42.43487400017632],[-71.01073299984631,42.435012999975356],[-71.01072600017363,42.435084000116234],[-71.01073399967123,42.43522699995041],[-71.01074299989206,42.43526200001307],[-71.0108020003416,42.4353980002417],[-71.01091500031951,42.43555600016589],[-71.01099999981001,42.435644000051646],[-71.01109500024457,42.43572499998797],[-71.0112380003597,42.43586900013194],[-71.01130699995667,42.435919999675356],[-71.01141599973663,42.435991000114655],[-71.01144000002606,42.436225000264656],[-71.01139800019327,42.43626400020471],[-71.01138099957652,42.4362799999521],[-71.01136100038336,42.43629799991162],[-71.01132600022326,42.436327999832756],[-71.01131299980446,42.43633800024521],[-71.01129000023825,42.43635600018812],[-71.01127000014674,42.436369999698115],[-71.01125400025323,42.43638000010392],[-71.01121800026822,42.436401999797674],[-71.01119499980369,42.43641500018567],[-71.01115299997088,42.43642100015985],[-71.01112799985654,42.43643099989451],[-71.01109699989439,42.436442999839215],[-71.01105900025955,42.43645999997792],[-71.01103300032028,42.43647599967527],[-71.01100900003084,42.43650099998146],[-71.01099300013732,42.43651599989523],[-71.01099399996224,42.43654199995823],[-71.0110140000537,42.43656299982272],[-71.0110419996428,42.436576000177304],[-71.0110690003053,42.43658399968022],[-71.011111999963,42.436579000156755],[-71.01114499957497,42.43657099999027],[-71.01120900004737,42.436553000109114],[-71.01125900027611,42.436562000050344],[-71.01128299966723,42.43656100027789],[-71.01131299980446,42.43657699994946],[-71.01134299994169,42.436590000301145],[-71.01137700027687,42.436605000193616],[-71.01140200039123,42.436619000310976],[-71.01143699965301,42.436655999801054],[-71.01144000002606,42.43668000026499],[-71.01144199967588,42.436692999932326],[-71.01143400017828,42.43672300032729],[-71.01141499991171,42.4367500000738],[-71.01138099957652,42.436770999868585],[-71.01135800001029,42.43677699980867],[-71.01131399962937,42.436779000009594],[-71.01128900041333,42.4367799997785],[-71.01125000005527,42.436779000009594],[-71.01121400007025,42.43677800024061],[-71.01116999968933,42.4367799997785],[-71.01114399975005,42.43678299974819],[-71.0111260002067,42.43678499994892],[-71.01110699994014,42.43679099988761],[-71.01109000022169,42.436795000288484],[-71.0110550000616,42.436818000267806],[-71.01103900016807,42.43684100023874],[-71.01104699966568,42.43686700016689],[-71.01104099981788,42.43687900002811],[-71.0110340001452,42.43689099988703],[-71.0109849997414,42.43692299972051],[-71.01098200026667,42.43694700008218],[-71.01096999967278,42.43697099977164],[-71.01096800002296,42.43701299986908],[-71.01095399977926,42.43702999985316],[-71.01094899975638,42.437051999981676],[-71.01092700001509,42.43708299996891],[-71.01089400040313,42.437099000170136],[-71.01086099989283,42.43711099998693],[-71.01082800028088,42.437119999848015],[-71.01079800014364,42.437130000134125],[-71.01078499972485,42.43713399985032],[-71.01074700009003,42.4371440001342],[-71.01071199992991,42.43715500017941],[-71.01067099992204,42.43717200012497],[-71.01063900013499,42.43719599972829],[-71.0106259997162,42.43722299993399],[-71.01064800035583,42.43724299980875],[-71.01065699967833,42.43725099988944],[-71.01069799968622,42.43727899983245],[-71.01067699976981,42.4373470001154],[-71.01066199970121,42.43736400000887],[-71.01063599976193,42.43738399983864],[-71.01062200041655,42.437397000022905],[-71.01059999977693,42.43740899978263],[-71.01057700021072,42.437421999961714],[-71.01055600029433,42.437432999958126],[-71.01052600015709,42.43744600013224],[-71.01051699993626,42.43747699992452],[-71.01049000017207,42.43748400021768],[-71.0104430003164,42.437528000148255],[-71.01043499992049,42.437553000034804],[-71.01042499987474,42.437583999774155],[-71.01043099972253,42.43760799988263],[-71.01043900011845,42.43764399969663],[-71.01045500001197,42.437656000072046],[-71.01047900030142,42.43767799998079],[-71.01053200000486,42.43769300027581],[-71.01056399979191,42.43769300027581],[-71.01059999977693,42.43769300027581],[-71.01063599976193,42.43769900012757],[-71.01066800044731,42.43770299980749],[-71.01071199992991,42.43772399994591],[-71.01073600021938,42.43776400003224],[-71.01074200006715,42.43781599977478],[-71.01073500039445,42.437852999884065],[-71.0106960000364,42.43787999980668],[-71.01066199970121,42.437913000211964],[-71.01063099973906,42.43795499967805],[-71.01062800026433,42.43797900030741],[-71.01062499989129,42.43800499976335],[-71.01062999991416,42.438038999851685],[-71.01063599976193,42.43807700024049],[-71.01062499989129,42.43810199990797],[-71.01061099964758,42.43812700022845],[-71.0105760003858,42.438166000310744],[-71.01055499957108,42.438177000176566],[-71.01051100008847,42.438201000057916],[-71.01046900025567,42.438206000114945],[-71.0104280002478,42.43821100017151],[-71.01040200030852,42.43820900001636],[-71.0103720001713,42.43820300021338],[-71.01029799965315,42.43819800015611],[-71.010274000262,42.43816199999745],[-71.01023999992681,42.43815699993692],[-71.01020800013976,42.43815600018997],[-71.0101689997817,42.4381640001541],[-71.01013000032196,42.43817599976696],[-71.0101050002076,42.43818800004049],[-71.0100909999639,42.438219999874626],[-71.01009699981168,42.43827100015662],[-71.01009900035982,42.43830099979615],[-71.01011699990318,42.43833499972383],[-71.01015999956087,42.43835299975604],[-71.01021300016264,42.43836499999568],[-71.01027699973675,42.43837700023297],[-71.0103439996839,42.438388999805035],[-71.0104290000727,42.43840899997063],[-71.01050400041576,42.43842299968496],[-71.01053600020282,42.43844499998739],[-71.01055200009637,42.43847899983693],[-71.01056799998987,42.4385069998942],[-71.0106049997998,42.438537000083656],[-71.01065599985343,42.438562999971104],[-71.01067099992204,42.438603999924666],[-71.01065199965548,42.438652000014066],[-71.01064599980768,42.43867799985379],[-71.01064900018072,42.43871500011703],[-71.01067000009712,42.43873899979237],[-71.01070199988418,42.43874699968208],[-71.01074999956475,42.43875300009594],[-71.01079599959552,42.43875899984621],[-71.01082800028088,42.43875899984621],[-71.01084300034948,42.43874899982011],[-71.010851999672,42.43872700028734],[-71.01083800032661,42.438702000206234],[-71.01083499995357,42.438670999694025],[-71.01083099975561,42.43863400006773],[-71.01086099989283,42.43860300018484],[-71.01089500022803,42.43858899984777],[-71.01093000038811,42.438596999756626],[-71.01094600028165,42.43863499980705],[-71.01094299990861,42.4386570000351],[-71.01094000043388,42.438684000274215],[-71.0109000002509,42.43874300006885],[-71.01090799974851,42.4387800002937],[-71.01095299995434,42.43881499969796],[-71.01103999999299,42.43883999973398],[-71.01105900025955,42.43884499974001],[-71.01112299983366,42.438871000162585],[-71.0111470001231,42.43890900004685],[-71.01113799990227,42.43896600016154],[-71.01113200005449,42.43899999972839],[-71.01112399965858,42.43903300020676],[-71.01114100027533,42.439063999876915],[-71.01117800008524,42.43907599998039],[-71.01122400011599,42.43907399985279],[-71.01125799955287,42.4390600002839],[-71.0113010001089,42.4390349996727],[-71.01136300003317,42.43900499972161],[-71.01142999998032,42.43900800024774],[-71.01149899957728,42.439023999957506],[-71.01155800002684,42.439051999771195],[-71.0115980002098,42.4390600002839],[-71.01163500001974,42.43904399992042],[-71.01170000031705,42.43899100013731],[-71.01175100037068,42.43898100014819],[-71.01180200042432,42.43899699986485],[-71.01184699973184,42.4390349996727],[-71.01187799969397,42.43908500022217],[-71.01190199998342,42.439150000015026],[-71.01195200021213,42.43922199983946],[-71.01199499986984,42.4392609999032],[-71.01200200044084,42.43930700003214],[-71.01201499996132,42.43937200025767],[-71.01204199972551,42.439402000033],[-71.0120839995583,42.43941800030511],[-71.01213600033516,42.439416999915316],[-71.01218599966556,42.439426000108135],[-71.01220400010722,42.43945599985766],[-71.01220400010722,42.439513999863024],[-71.01221400015295,42.439549000183185],[-71.01223000004649,42.43957699976229],[-71.01226199983353,42.43958700031924],[-71.01228899959773,42.43958300009662],[-71.0123229999329,42.439592999989664],[-71.01234499967421,42.43961699999164],[-71.01235499971996,42.439659000304445],[-71.01237099961347,42.43970000020384],[-71.0123649997657,42.4397410000764],[-71.01232499958272,42.43975000022267],[-71.01226900040454,42.43972400016483],[-71.01223400024445,42.439686000111855],[-71.01221300032805,42.439655999809546],[-71.01218099964268,42.43964599992655],[-71.0121329999621,42.43965799991851],[-71.01208500028153,42.43969300015824],[-71.01203099985486,42.439726999993574],[-71.01197200030363,42.43973199992879],[-71.01189699996056,42.43974800011664],[-71.01187100002129,42.43977900009602],[-71.01185900032573,42.43982499984468],[-71.01185400030285,42.439859000271355],[-71.0118509999298,42.43991600018477],[-71.01182599981544,42.43994400026283],[-71.0117940000284,42.439952999717036],[-71.01175700021847,42.43995900001536],[-71.0116950002942,42.439985999693505],[-71.01159300018693,42.440029999856115],[-71.01153700011045,42.44005299997398],[-71.0114850002319,42.44008000027457],[-71.01144199967588,42.44009000008831],[-71.01137999975161,42.44009099980439],[-71.01133299989593,42.44009700008955],[-71.0113010001089,42.44011199980545],[-71.01127099997167,42.4401430002677],[-71.01119599962861,42.44020900000318],[-71.01117200023747,42.44023400014597],[-71.01114999959783,42.44025700018896],[-71.01111500033605,42.44027699975833],[-71.01106400028245,42.440278000134384],[-71.01103499997011,42.44027300024275],[-71.01101200040388,42.44026900006396],[-71.0109849997414,42.44026499988491],[-71.01094200008369,42.440269999777186],[-71.01093899971065,42.44028200031261],[-71.01094100025877,42.44031099993973],[-71.01092799983998,42.44032200009195],[-71.01088900038025,42.44031799991629],[-71.01086699974061,42.4403100002271],[-71.01084499999932,42.4403100002271],[-71.01082099970985,42.440319000291694],[-71.01078600044808,42.440357999672614],[-71.01074299989206,42.44038099967014],[-71.01069199983844,42.44039399989554],[-71.01065699967833,42.44040599974431],[-71.0106049997998,42.44041199999925],[-71.01058200023357,42.4404270003027],[-71.01054500042366,42.44047300023859],[-71.01053399965468,42.44050800002307],[-71.01050699989051,42.440524000012765],[-71.01044800033928,42.440510000104894],[-71.01040499978328,42.4405120001866],[-71.01036200012555,42.44054499986871],[-71.01029900037636,42.44056299992904],[-71.010238000277,42.44062600009949],[-71.01021399998756,42.44063999998144],[-71.01018100037558,42.44064699992125],[-71.01015299988819,42.44064699992125],[-71.0100690002226,42.440669000105785],[-71.00996200009247,42.440725000239354],[-71.00991699988663,42.44076300032511],[-71.00987699970365,42.44078200002793],[-71.00974700000732,42.440804000165066],[-71.009689000281,42.44082400022273],[-71.00950299960984,42.440963999785005],[-71.00967099983933,42.4410470002017],[-71.00981499977938,42.44111899983513],[-71.01029799965315,42.44135799986673],[-71.01076899983133,42.44159100017099],[-71.01109199987152,42.44175099977005],[-71.0118640003486,42.44213399971114],[-71.01192399972474,42.44216400015287],[-71.01210700002284,42.44237499987079],[-71.01229399962058,42.442596000280645],[-71.01324000017493,42.443708000178084],[-71.01398099979154,42.44456299991045],[-71.01461000015348,42.44528900029624],[-71.0150250002552,42.44577200023121],[-71.01830499998746,42.44959099993542],[-71.0187569998991,42.45011800021218],[-71.01988500002832,42.44925599976488],[-71.0203419999628,42.44890600019579],[-71.0218910000415,42.447723000101895],[-71.02367799977158,42.446358000072685],[-71.0239039997274,42.446184999960145],[-71.02518199964445,42.44520800012779],[-71.02521500015473,42.445182999981036],[-71.02542000019415,42.445026000103866],[-71.0254660002249,42.444991000191614],[-71.02548600031639,42.444976000317936],[-71.02583600012075,42.44470900024204],[-71.02569700020358,42.44454400002844],[-71.02566500041652,42.44450600024712],[-71.0255719996318,42.44439700032787],[-71.0249959998716,42.44371499977513],[-71.02313799999642,42.441516000011156],[-71.0225520001905,42.4408229998554],[-71.0216650000857,42.439772999780416],[-71.02122099967168,42.43924699971314],[-71.02116799996824,42.4391849998756],[-71.02105499999034,42.439051000038525],[-71.0203770001229,42.438250000201535],[-71.02068099989653,42.43770200005326],[-71.02100499976162,42.437116999894464],[-71.02106000001321,42.437017000255736],[-71.02111699991463,42.43691399983118],[-71.02112199993749,42.436904999940495],[-71.02115299989964,42.4368500001386],[-71.02128599996901,42.436608000171674],[-71.0213479998933,42.436504999737856],[-71.02153200001631,42.436157000090134],[-71.02154899973475,42.4361279998665],[-71.02158100042011,42.436072000265455],[-71.02162699955255,42.43599899969224],[-71.02175200012434,42.43576599980943],[-71.02205699972286,42.43521499977285],[-71.02216100037825,42.43502200013776],[-71.02218700031752,42.43497799977359],[-71.02221800027966,42.43492499986651],[-71.02228100002885,42.43481199999009],[-71.02239499983168,42.43460700014589],[-71.02300199955398,42.433520999831174],[-71.02303599988916,42.43346000011732],[-71.02404299964456,42.431642999711435],[-71.02408799985041,42.43158200015889],[-71.02492899992447,42.43008499984918],[-71.02499699969653,42.42997299974335],[-71.02510499965156,42.4297710002897],[-71.02516599975093,42.42966000016841],[-71.02526700003327,42.42948300015968],[-71.0253680003156,42.42930200009841],[-71.0254100001484,42.42922699981728],[-71.02552899997409,42.42901499969546],[-71.02562799970829,42.42884200010002],[-71.02572099959471,42.428671999721985],[-71.02582799972483,42.42848399999957],[-71.02589100037234,42.428368000073],[-71.02613499987149,42.42793300025988],[-71.02685100027206,42.4266559999963],[-71.02710800019003,42.42619900028653],[-71.02717599996207,42.426076999809304],[-71.02723899971126,42.42596399989468],[-71.02739299969706,42.42568900013748],[-71.02818400044072,42.424282000194005],[-71.0282270000984,42.42420200002707],[-71.02825700023564,42.42414800032085],[-71.0282899998476,42.42408900004832],[-71.02836900038864,42.423946999974],[-71.02858000027582,42.42356800019957],[-71.02863899982707,42.42340200003698],[-71.02867999983494,42.42328799995845],[-71.02870199957626,42.423227000232586],[-71.02878500031522,42.42299499993972],[-71.0288949999201,42.42280899975368],[-71.0289939996543,42.422593999824436],[-71.02901200009596,42.42255400000296],[-71.02906599962432,42.42243599971789],[-71.02908400006599,42.42239599979567],[-71.02913099992163,42.4222919998784],[-71.02927200038695,42.42197999975471],[-71.02931900024262,42.421876999817194],[-71.02961999964319,42.421298999939054],[-71.02999999958477,42.420697000094094],[-71.03046400009029,42.419899999926535],[-71.03052299964152,42.419801000047094],[-71.03069900026692,42.41950800031189],[-71.03071500016044,42.41948199981432],[-71.03075799981815,42.419409999859575],[-71.0308239999404,42.4192819998095],[-71.0309929999948,42.41895499982667],[-71.03101899993405,42.41890599985065],[-71.0310859998812,42.41878200032227],[-71.03110900034575,42.41873999994513],[-71.0311489996304,42.41866500029107],[-71.0312750000271,42.41843299969696],[-71.03132799973055,42.41831300015049],[-71.03138200015721,42.418192000308984],[-71.03144699955622,42.418030000111806],[-71.03149199976207,42.417918999759614],[-71.0315920002195,42.41769500030868],[-71.03165400014379,42.417559000133195],[-71.03172899958854,42.417391999899515],[-71.0318380002668,42.417149000325736],[-71.0319920002526,42.416805999758694],[-71.0320139999939,42.41675800018129],[-71.0322829996074,42.41615900014045],[-71.03253700005062,42.41559700033056],[-71.03256600036295,42.41553300009412],[-71.03281700043311,42.41508000001455],[-71.0330140000766,42.414611000010034]]]},"properties":{"GEOID":"25025","BASENAME":"Suffolk","STATE":"25","COUNTY":"025","AREALAND":"150885695","NAME":"Suffolk"}},{"type":"Feature","geometry":{"type":"Polygon","coordinates":[[[-70.85143600006995,42.393208999722944],[-70.74948699977247,42.40082000015345],[-70.72340399957808,42.40205599994307],[-70.64828800021074,42.40561700002536],[-70.64807200030069,42.40562800029661],[-70.64000600041511,42.431659999826174],[-70.61733900039545,42.50009900018348],[-70.6062899999802,42.53122000026482],[-70.59646400012873,42.54055600001238],[-70.58270900009155,42.553003999710064],[-70.56698900004908,42.56078300027398],[-70.54537399999066,42.57011900005886],[-70.53161800012856,42.58412300020371],[-70.52179300010201,42.5934590003015],[-70.51196800007546,42.60590700032805],[-70.5021430000489,42.624578999720114],[-70.5021430000489,42.635471000144165],[-70.50607399988444,42.651030000120265],[-70.51393399990567,42.68059400024674],[-70.52965499977309,42.7070479999741],[-70.5493059996511,42.72416400009981],[-70.59057199958754,42.73350000018581],[-70.62594300040637,42.73972399985762],[-70.64166400027376,42.73972300031748],[-70.66131400032687,42.73660999975247],[-70.68293000021019,42.72883000017155],[-70.70258000026332,42.72416199985789],[-70.71432400026443,42.731911000126566],[-70.71695999956616,42.74351700022021],[-70.71927000025129,42.75009499979276],[-70.72028799987733,42.751862999922004],[-70.72197400022338,42.75427099993511],[-70.72397900041166,42.756644999903415],[-70.72584800015751,42.75901999983424],[-70.72621499968031,42.761261999735126],[-70.72685599973782,42.764038999916586],[-70.72744999993967,42.765779000156016],[-70.7280449999664,42.76788700008942],[-70.72977999981795,42.77163200015767],[-70.73064699983127,42.77333799989019],[-70.7309160003431,42.774901000100925],[-70.73096999987146,42.77521199969831],[-70.73183900043291,42.778356999795996],[-70.73288899984601,42.78039799985189],[-70.73439500026701,42.783106999679035],[-70.73576400042066,42.785481999766766],[-70.7372249997375,42.7879559998839],[-70.73654500022025,42.78986500007672],[-70.73600200007203,42.79147300017333],[-70.73559500036626,42.79311299995071],[-70.73478000023148,42.79559100009578],[-70.7341480003948,42.798605000085146],[-70.73397000011957,42.80114900032474],[-70.73365499957698,42.80365900005825],[-70.7338870002789,42.80623600027196],[-70.73389200030176,42.80881400030159],[-70.73448800015343,42.81175800023165],[-70.73442000038138,42.81227000004055],[-70.73439899956666,42.81242799994693],[-70.73431200042634,42.81517299978931],[-70.7344089996124,42.8185529998769],[-70.73482600026223,42.823038000089376],[-70.7348739999428,42.82447699990263],[-70.7357889996367,42.82701899995621],[-70.73624800011932,42.829194000192565],[-70.737392999967,42.83260699991117],[-70.73903800030517,42.83581800019123],[-70.7402719998413,42.837724000005664],[-70.74146000024497,42.83966399968231],[-70.74301199979841,42.84180300031467],[-70.74397099987324,42.84317399987871],[-70.74552199960175,42.84444299999096],[-70.7461660000323,42.847555000253024],[-70.74626200029178,42.850166000264785],[-70.74713400032796,42.853711999991106],[-70.74823399996978,42.85705799977235],[-70.74882999982145,42.85883099975284],[-70.74746499986576,42.859837000036265],[-70.74628200038326,42.86084299973255],[-70.74519100006395,42.86198200002132],[-70.74350800009096,42.863791999952284],[-70.74128000031992,42.86630600013948],[-70.73864199957171,42.86925500012796],[-70.73500500036238,42.87468500021481],[-70.74726599967413,42.87469800014925],[-70.74949400034349,42.87469400016973],[-70.79249500013148,42.87329099990939],[-70.80639599975851,42.87269100022633],[-70.8125190002784,42.87244300018092],[-70.81383200035555,42.87229800006699],[-70.81407400020488,42.87227199984256],[-70.81430699983338,42.8722450002309],[-70.81473899965351,42.87219899993878],[-70.81564599984979,42.87209800023623],[-70.81566500011637,42.87209600016222],[-70.81604599988289,42.87205299987229],[-70.81609799976142,42.87204700030404],[-70.81650700001533,42.87200099986436],[-70.81697900001843,42.87194799977326],[-70.81728399961696,42.87193599995747],[-70.81743299957988,42.871916999860346],[-70.81823799966892,42.87189500029497],[-70.81935800030053,42.87183499982448],[-70.82023799983433,42.871786999801124],[-70.8209049998311,42.87157399969974],[-70.8220239997395,42.87121700020867],[-70.82245700028284,42.871079000222714],[-70.82310300036322,42.87087300005122],[-70.82327800026542,42.87081399996175],[-70.82362800006979,42.87069500021222],[-70.82405599969195,42.87054999994178],[-70.82409699969983,42.87054599969341],[-70.82432900040175,42.87047100025499],[-70.82477499956727,42.87032500005099],[-70.82531100004279,42.87015100022258],[-70.8256440001287,42.87004199989856],[-70.8264879996775,42.86976799978023],[-70.826727999877,42.869689999826896],[-70.82750100017898,42.869437999911746],[-70.82810299987844,42.86924199970533],[-70.8281630001529,42.86922300009566],[-70.82841599987289,42.86914099977252],[-70.82911800002975,42.868912000316556],[-70.8295359996062,42.8687759999673],[-70.82965799980492,42.86873600027227],[-70.82969299996502,42.86872499992364],[-70.83063399959819,42.86818199978977],[-70.83068899984977,42.86814999985954],[-70.83100600004218,42.86796800031142],[-70.8311769997464,42.86786899982178],[-70.83417199997166,42.866147999677224],[-70.83463499975392,42.86588099969806],[-70.8358449998989,42.86518600015419],[-70.83603900006767,42.8650739998282],[-70.83672500033101,42.864679999735536],[-70.83822800037895,42.864158999929856],[-70.8403149996847,42.86343500022569],[-70.84089499964283,42.86323300028662],[-70.84114999991097,42.863145000132576],[-70.84148499964672,42.86302899997732],[-70.84201600009936,42.86284500010129],[-70.84285200015053,42.862554999870554],[-70.84403100033339,42.862145999824996],[-70.84475500023156,42.86189500026179],[-70.84573799969753,42.86155400013588],[-70.8458210004365,42.861525000028614],[-70.84611500016439,42.86142299977021],[-70.84625300025664,42.86137500021004],[-70.84642300013596,42.861316000260565],[-70.84657299992378,42.86126399976725],[-70.84683800023767,42.861171999901565],[-70.84742800024154,42.8609680000253],[-70.84771799977145,42.860866999724095],[-70.84774799990868,42.860884000151444],[-70.84815100031481,42.86110999977162],[-70.84866299960257,42.861415000065584],[-70.85304100022516,42.86395500004659],[-70.86304700000169,42.869761999989926],[-70.86352499985257,42.87003899968758],[-70.8636959995568,42.870137999988664],[-70.86379099999135,42.87019199972685],[-70.86395099982492,42.870283999976635],[-70.86634299962749,42.87166000025879],[-70.86720200014321,42.87215999986463],[-70.86743099957374,42.87229299989809],[-70.86801700027799,42.87263399995632],[-70.86871600006181,42.87304100025657],[-70.87011100015472,42.87385200002098],[-70.87233499972781,42.87514200021702],[-70.87415999999104,42.87619999981528],[-70.87454599978041,42.87642300007854],[-70.88111700001394,42.88023299991887],[-70.8826960002299,42.88114600004762],[-70.88327199999006,42.881480000045364],[-70.88351700021245,42.88162299988378],[-70.88546399977608,42.88275400027325],[-70.88560199986836,42.88283399989744],[-70.88695900032644,42.883131999822666],[-70.88810300034919,42.88337899984254],[-70.89054500038048,42.88391600015935],[-70.89978100022806,42.885952999954284],[-70.90220300016786,42.88648499990881],[-70.90353299996345,42.886778000316056],[-70.90358900003996,42.88677699985875],[-70.9046340003285,42.88676500029377],[-70.90477099969753,42.886763000036986],[-70.90490799996488,42.88676099978008],[-70.9074370000348,42.88673200032623],[-70.91298100042145,42.8866670001391],[-70.9133780000815,42.88666199981807],[-70.91392500042765,42.88665599969559],[-70.9144629996547,42.886648999771346],[-70.91448600011923,42.88665000023073],[-70.91452499957896,42.886647000168956],[-70.91463099988418,42.886647999970165],[-70.91502400024459,42.88660499994735],[-70.9167230001111,42.88642099992447],[-70.91934800044051,42.886137999866165],[-70.9197149999633,42.88609900004474],[-70.92377800004331,42.88566000023592],[-70.9240099998469,42.88563500019325],[-70.92848600037878,42.885150999687646],[-70.92959400041653,42.88503199993913],[-70.93023499957573,42.88474000028597],[-70.93043700014039,42.88464799986546],[-70.93055400031626,42.88459800026619],[-70.93095199980121,42.88441299968529],[-70.93166099963078,42.88409000001314],[-70.93352699990187,42.883240000208886],[-70.93580300025182,42.882200999770745],[-70.93708100016887,42.88161799981217],[-70.93753100043067,42.88141299981828],[-70.9393569996205,42.880580000263045],[-70.94385099969573,42.87853100028666],[-70.94514500040462,42.87794100028491],[-70.94645699975854,42.87734300029277],[-70.94664900027746,42.87725599980002],[-70.94797800024816,42.87665000004719],[-70.94898400017864,42.876191000079984],[-70.95069800011377,42.87546200004646],[-70.95532699990822,42.87356200014823],[-70.95554199999339,42.873477000279124],[-70.95565800034433,42.87343000023153],[-70.95577799999494,42.873377000050894],[-70.95599999975278,42.873289999891725],[-70.9577820003583,42.87256299988135],[-70.9579649997581,42.87248800026052],[-70.95991499969479,42.87169299972956],[-70.96204700010468,42.87083199968256],[-70.9620970003334,42.87080800027307],[-70.96215699970955,42.870781000021],[-70.96221799980891,42.87075599987462],[-70.96263299991061,42.87058600019057],[-70.96477799984096,42.869713000253874],[-70.96575899965711,42.86931300030885],[-70.96663300024143,42.868956999678694],[-70.9670180002059,42.86880000016689],[-70.96943199974977,42.868455000268646],[-70.97204600020851,42.86808100009764],[-70.97228100038515,42.868046999909886],[-70.97471900021847,42.867695000312246],[-70.97508499991638,42.86764600025212],[-70.97521200013797,42.867628999711556],[-70.9762840001907,42.86747499979128],[-70.98008799980462,42.86693099973347],[-70.9802259998969,42.86691099994979],[-70.98315099980194,42.86649299995978],[-70.98615600007292,42.86606300013221],[-70.98665999986308,42.865991000263364],[-70.98722099955467,42.865909000255606],[-70.9875129996327,42.86586799988167],[-70.98851699991336,42.86572499974534],[-70.98880300014363,42.86568899995355],[-70.98919300013098,42.865626999750745],[-70.99007199983986,42.865491000064814],[-70.99070000037688,42.865392999698734],[-70.99078999989027,42.86537999977958],[-70.99150000044304,42.86528900026882],[-70.99155099959836,42.8652840001905],[-70.99164199983494,42.865276999816835],[-70.9927509996976,42.865119000013],[-70.99341799969437,42.865023000018034],[-70.99466999967215,42.864844000273436],[-70.99566499973199,42.86470199989721],[-70.99615900037472,42.86463099991585],[-70.99689099977051,42.864525999700994],[-70.9971090002287,42.86449500001097],[-70.99746999990374,42.86444200005894],[-70.99950400040433,42.86413499990109],[-71.00060700041921,42.863973999960905],[-71.00100499990414,42.86391600003087],[-71.00260500003647,42.86368200007766],[-71.00444000034544,42.86341600014549],[-71.00490200030279,42.86334699970112],[-71.00976600027388,42.86264099982678],[-71.00990799966578,42.86261999977962],[-71.01053600020282,42.86252900015114],[-71.01178099960961,42.8623480000284],[-71.01385899959281,42.86204599967534],[-71.01467299990267,42.8619279996855],[-71.01493999986639,42.86188899970624],[-71.01633900015725,42.86168200026491],[-71.01715099991897,42.861552999928065],[-71.01746499973834,42.86150300005168],[-71.02262499998542,42.86067399996689],[-71.02275700022992,42.860652999909114],[-71.02287199985763,42.860634000289714],[-71.02303500006425,42.860607999761335],[-71.02322099983711,42.860578000303065],[-71.02351899976293,42.86053100031036],[-71.02402000007834,42.8604310001788],[-71.02551899992835,42.86013199970173],[-71.02844999968117,42.85954799974506],[-71.03098999962175,42.859121999943504],[-71.03120100040726,42.8590869998415],[-71.03492899985321,42.856353999688245],[-71.03792400007843,42.85406600029079],[-71.03793999997198,42.854060000291454],[-71.03800400044437,42.853994999931984],[-71.0384780000973,42.85362899980204],[-71.03910800028417,42.85314400014062],[-71.03938500029359,42.852929999901775],[-71.03944100037009,42.852887000090526],[-71.03979000034956,42.85261899970383],[-71.04093400037232,42.85173800024861],[-71.0449199995611,42.8486669999432],[-71.04748600033926,42.84431300003804],[-71.0475449998905,42.844212999989466],[-71.04946700023811,42.84095299972899],[-71.04967399992734,42.840604000123214],[-71.04986300007323,42.84028200029175],[-71.05395399974233,42.83336900025869],[-71.05400499979596,42.83328199971637],[-71.05513299992518,42.830330999701985],[-71.05529600013179,42.82989900026094],[-71.0563170001309,42.82725299981343],[-71.05692499967813,42.82567800031369],[-71.05756699956054,42.824012999997265],[-71.05768799993436,42.82370100032931],[-71.057879999555,42.82320300002955],[-71.05789999964647,42.82315099973258],[-71.05793900000454,42.823050000183734],[-71.05807100024903,42.822709999902834],[-71.05812999980026,42.82255700015474],[-71.0582250002348,42.82231100007597],[-71.05825399964881,42.82221399989905],[-71.05826600024268,42.82222099988298],[-71.05830600042566,42.82210700032893],[-71.05832700034206,42.822047999766234],[-71.05833300018983,42.82203000032044],[-71.05836300032708,42.82195300021611],[-71.05846000041143,42.82170200005723],[-71.05850499971898,42.82158400007932],[-71.05860000015353,42.82133800008242],[-71.05863899961328,42.82123700020741],[-71.05872599965191,42.82101199985352],[-71.05877699970554,42.820880999814996],[-71.05888200018583,42.820609000080864],[-71.05899000014087,42.82032799983774],[-71.05904399966923,42.820187999676115],[-71.05915099979936,42.81991000016631],[-71.05928499969366,42.81956300012416],[-71.0594289996337,42.81919199974987],[-71.05956599990104,42.81883499986153],[-71.0595900001905,42.81877199982233],[-71.0596470000919,42.81862700018891],[-71.05972099971174,42.81843299998407],[-71.05983799988762,42.81813199996944],[-71.05986999967466,42.81804700023196],[-71.05999699989627,42.817718999924814],[-71.06003799990414,42.81761199982388],[-71.06013800036158,42.8173529996938],[-71.06019799973772,42.81719699972548],[-71.06030300021801,42.8169270001428],[-71.06034800042387,42.81680999989161],[-71.06044999963281,42.81654399973017],[-71.06051800030318,42.816369000300554],[-71.0605979997708,42.81615999995626],[-71.06065200019748,42.816020999869],[-71.06067399993879,42.81596400000362],[-71.06067899996167,42.81594999993616],[-71.0607240001675,42.815832999813274],[-71.060780000244,42.815687000245],[-71.06090699956728,42.815358999939825],[-71.06097299968954,42.81518700003268],[-71.06178899964921,42.81307200020294],[-71.06193099993943,42.812704999805526],[-71.06213799962866,42.81217299992727],[-71.06225599962944,42.81186400022335],[-71.06428500010718,42.80660499972961],[-71.06435299987925,42.80642900007353],[-71.06440700030592,42.80628900007938],[-71.06441599962844,42.80627499979891],[-71.06543199960466,42.80650100017307],[-71.06554899978053,42.80652699974906],[-71.06562999997138,42.80654499975331],[-71.06570600013937,42.80656199997221],[-71.06598999982148,42.806624999928445],[-71.067031999737,42.80685700031257],[-71.06722000005797,42.80689900009024],[-71.06735899997514,42.80692999968821],[-71.06867399970211,42.8072209998549],[-71.07070800020273,42.80767399987684],[-71.07216199984687,42.80799799973439],[-71.07237000025933,42.808048000081946],[-71.07801500002999,42.80929999972092],[-71.07972300011737,42.809679999676746],[-71.07996099976873,42.809732999828455],[-71.0814439997252,42.81006299976378],[-71.08187499972041,42.81015799978824],[-71.08220500033161,42.81023200026116],[-71.08729799973324,42.811364999777304],[-71.08752899971192,42.81141599974083],[-71.09057199961775,42.81209299967855],[-71.09111499976596,42.81221300001279],[-71.09120600000256,42.81223299971638],[-71.0912360001398,42.812240000171215],[-71.09150899995126,42.812301000241696],[-71.09214900018385,42.81244299983784],[-71.09319199992427,42.812675000147195],[-71.0948339998894,42.81304099972926],[-71.09510599987595,42.813100999994234],[-71.0972139999964,42.81356999973028],[-71.09848500024076,42.81385299969671],[-71.09933899983527,42.81404299981844],[-71.09974700026429,42.81413300005389],[-71.10005199986281,42.8142009998081],[-71.10180599998094,42.8145920000739],[-71.1021139999525,42.81465999998239],[-71.10256099984126,42.81475900010309],[-71.1027890003452,42.8148139998088],[-71.10373099980326,42.8150199998414],[-71.10446700029532,42.81518399979255],[-71.10488200039703,42.81527600028189],[-71.1067250002036,42.815687000245],[-71.10715299982577,42.81578099990727],[-71.10724999991015,42.815802000064686],[-71.10786699967821,42.81593999969776],[-71.10967000020011,42.81634000006481],[-71.1103439998696,42.81648999986488],[-71.11267499957279,42.81700899995031],[-71.11283600012959,42.817044999783285],[-71.11294800028259,42.8170699999295],[-71.1130539996895,42.81709300018686],[-71.1130889998496,42.817100999701395],[-71.11366299995993,42.81722899970037],[-71.11373999995284,42.81724600027745],[-71.11393099974856,42.81728800024904],[-71.11542700012382,42.817621000190535],[-71.11575199981382,42.8176929997818],[-71.1160670003564,42.81776199983311],[-71.11734100007548,42.81804900007982],[-71.11768199965903,42.81812599977471],[-71.11861999981745,42.81833500006352],[-71.11942400008157,42.818517999849824],[-71.11966099990804,42.81857099967603],[-71.12418000009764,42.81958400031499],[-71.12433699955814,42.819618999738665],[-71.12481100010939,42.81972500009379],[-71.124966999745,42.819760000096515],[-71.12520199992164,42.819813000175934],[-71.1323160003034,42.82136899969133],[-71.13280500002493,42.8214759998798],[-71.13548800008064,42.82053599971844],[-71.13745200026105,42.81984800012889],[-71.14083900012345,42.818662000154276],[-71.1435170001563,42.81772399990036],[-71.14689300014804,42.816541999833646],[-71.14793900026152,42.816175999884614],[-71.14970599990009,42.81548900018048],[-71.14986200043403,42.81542400009433],[-71.15350500038947,42.81400799987455],[-71.15562799968022,42.813179999924884],[-71.16456700032518,42.80969300011605],[-71.16567600018784,42.809259999728496],[-71.1659900000072,42.80913899985757],[-71.16664699995823,42.808881000230166],[-71.16769200024677,42.80791700025862],[-71.16777000006459,42.807844000070695],[-71.16788800006535,42.80773600025752],[-71.16810099960237,42.807542999920514],[-71.16822600017414,42.80742799990118],[-71.16861000031372,42.80707300018353],[-71.17440300022238,42.801715999778445],[-71.1744319996364,42.801689000298964],[-71.17478800018688,42.801359999713654],[-71.17550700006218,42.80069699985233],[-71.17579099974432,42.80043300001454],[-71.18012599981087,42.79642800032941],[-71.1823300001908,42.79439199997536],[-71.18236700000071,42.79435900007294],[-71.18239799996286,42.79433000006424],[-71.18324800025773,42.793558999850944],[-71.18477800006985,42.79217299980699],[-71.18503800036086,42.79193600030894],[-71.18540999990654,42.79159799974683],[-71.18567100002245,42.79135999999883],[-71.18596999977319,42.79108900032645],[-71.18613999965251,42.79093500010305],[-71.18613899982759,42.79091900023764],[-71.18611700008628,42.79066800003626],[-71.18512700004932,42.77898400010887],[-71.18508000019365,42.77843100006242],[-71.18504900023152,42.77806899977058],[-71.1848719997812,42.77597399980669],[-71.184845000017,42.775656999722],[-71.18416499960145,42.76763300024141],[-71.18409400035465,42.76679700015233],[-71.18404999997372,42.76628700016584],[-71.1840009995699,42.76571099994243],[-71.18356899974978,42.76062199986023],[-71.1835410001607,42.76029200008279],[-71.18348199971116,42.75959700014919],[-71.18343700040361,42.759065000081726],[-71.18313199990679,42.75544999984543],[-71.18306699960945,42.75467499974569],[-71.1830359996473,42.75430899992175],[-71.18301100043126,42.75402500008286],[-71.18284099965364,42.75201299969467],[-71.18275600016314,42.751006999742835],[-71.18269300041395,42.750262999767685],[-71.18265499988081,42.7497380003131],[-71.18263099959134,42.749396000097136],[-71.18256899966708,42.74851900025325],[-71.18230000005356,42.744669000250894],[-71.18226599971837,42.74419699979404],[-71.18211699975545,42.74206200030445],[-71.18210900025784,42.741948000179846],[-71.18180899978388,42.737668000055685],[-71.18180399976102,42.73759000029918],[-71.18178600021767,42.73734100016633],[-71.18295500035478,42.73759599972564],[-71.18590100017622,42.738240000110245],[-71.18637099963118,42.7383410002062],[-71.18813399997013,42.738720000144454],[-71.19250199964867,42.739673999737434],[-71.19272299958159,42.7397220001175],[-71.19378600031182,42.7399509999623],[-71.19606500013649,42.74044600013359],[-71.19623400019088,42.74048299983175],[-71.19755599959055,42.74077099977637],[-71.2002689997835,42.74136200023603],[-71.20233900026909,42.741813000316775],[-71.20300500044097,42.74195799984034],[-71.20353799964514,42.74207400027063],[-71.20359899974449,42.74208699973658],[-71.20491299964655,42.74237299983302],[-71.20597800002659,42.74260699989027],[-71.20630400043981,42.74267800018691],[-71.20713899976776,42.74285599998776],[-71.20723300037743,42.74287699982309],[-71.20748299972435,42.74293200008058],[-71.2076199999917,42.742961999900636],[-71.20798700041283,42.74304199978956],[-71.20840499998926,42.743131999706186],[-71.20857599969348,42.743169999924945],[-71.20872300000657,42.74320000028952],[-71.20972200026438,42.74341700011945],[-71.21019000006952,42.74351899983792],[-71.21093599970901,42.74368299993888],[-71.21271800031452,42.74407100005954],[-71.21341100025057,42.7442210002171],[-71.2150409996218,42.74457600022149],[-71.21541700026376,42.74465499988649],[-71.21599200019902,42.744780999753495],[-71.21654600021789,42.74490599990773],[-71.21936900001569,42.74550999994116],[-71.22177699971178,42.74604000007287],[-71.2230949998118,42.74632500031154],[-71.22382999958064,42.74648399979196],[-71.22618000044875,42.746211000109426],[-71.22680700026254,42.746137000271105],[-71.2318660002273,42.74554699991575],[-71.23237900023828,42.745488000231056],[-71.23319900039596,42.74539199978553],[-71.23406899988399,42.74528800028956],[-71.23488499984369,42.745192000193995],[-71.23743200035526,42.74489499994652],[-71.24360400038063,42.74308100020929],[-71.24402199995706,42.7429590001172],[-71.24485700018333,42.74271300022886],[-71.24542600027081,42.74254599973771],[-71.24548099962408,42.742514000066336],[-71.24809000005995,42.74089600009885],[-71.24868699973653,42.740528999871444],[-71.24872699991948,42.74050399981106],[-71.24877399977515,42.74047700002484],[-71.24880499973729,42.74045600003638],[-71.24889299960084,42.74040199975061],[-71.24903099969312,42.74031700012182],[-71.24915000041712,42.740244000037166],[-71.24939899993913,42.74009100023159],[-71.24951000026722,42.74002300019681],[-71.2496480003595,42.73993999978166],[-71.24980700036815,42.73984599971784],[-71.2500080002096,42.739726000257484],[-71.25019099960939,42.739617999686864],[-71.25042800033417,42.739477000124985],[-71.25057599957385,42.73938799972639],[-71.25090799983488,42.73919099986505],[-71.25109100013299,42.73908200013161],[-71.25128000027887,42.73896900001804],[-71.25138300021102,42.73890800024482],[-71.25154399986951,42.738807999967634],[-71.25201500004769,42.738514000145095],[-71.25253899992934,42.7381880003233],[-71.25311300003969,42.73782999999765],[-71.25403399958137,42.73725600030007],[-71.25509999978631,42.73659199986558],[-71.25514699964198,42.73655400023374],[-71.25506100032658,42.736188000295584],[-71.25291100037333,42.72783999981414],[-71.2526560001052,42.72683799988083],[-71.25247500035523,42.726117999723094],[-71.25242000010364,42.72592500031085],[-71.25206399955319,42.72448500014146],[-71.2518679997346,42.7237040001811],[-71.25123599989794,42.721222000227314],[-71.25064199969609,42.71879599974239],[-71.24987699979002,42.71586799969998],[-71.24987199976715,42.715837999973196],[-71.24932299977115,42.713663999911525],[-71.2490580003556,42.71262700021751],[-71.24901099960162,42.712419000059455],[-71.24869699978227,42.7112060003155],[-71.24860499972075,42.71082099987152],[-71.24857499958354,42.710755000102566],[-71.24842300014586,42.71012899980424],[-71.24837799994003,42.70994899976233],[-71.24791299960961,42.70811900018023],[-71.24714699987865,42.70508099988862],[-71.24625200027624,42.70162499981733],[-71.24593699973366,42.70030900024559],[-71.24500299977318,42.69658099990107],[-71.2448759995516,42.69609900012188],[-71.24486600040416,42.6960880000874],[-71.24479000023618,42.695788999903435],[-71.24476599994674,42.69573700018376],[-71.24475800044912,42.69566399979282],[-71.24472599976376,42.69553400015037],[-71.244679999733,42.69535099993854],[-71.24428700027093,42.693744000206266],[-71.24427200020233,42.69374600010811],[-71.24419199983637,42.693436000028306],[-71.24362500029703,42.6912040002587],[-71.24275999993354,42.68776599987758],[-71.2424410000913,42.686547999799146],[-71.24238699966463,42.68631999999979],[-71.24228499955738,42.685928999942405],[-71.24225799979321,42.68582799970157],[-71.24204299970805,42.68495099971636],[-71.24189299992022,42.68437499989391],[-71.24183799966863,42.684156999776356],[-71.2417289998887,42.683745999718745],[-71.24026100000084,42.67796900028294],[-71.24008600009866,42.67722400002015],[-71.23956499969175,42.67523699992956],[-71.23954799997331,42.67516399988157],[-71.23941099970597,42.67462599974241],[-71.23939999983531,42.67459599989954],[-71.2393839999418,42.67451999996864],[-71.2393289996902,42.67430500007782],[-71.2388850001745,42.672555999726974],[-71.23867799958694,42.67174299972303],[-71.23857899985273,42.67135900026413],[-71.23856399978413,42.671301000015774],[-71.23855100026366,42.67125000025378],[-71.23848099994346,42.67091299985485],[-71.23843400008778,42.67076300012057],[-71.2384070003236,42.670498000057535],[-71.23837700018639,42.6703979998274],[-71.23837399981335,42.670384999871494],[-71.23835100024712,42.67026900014487],[-71.23834799987407,42.670256000162034],[-71.23817899981967,42.66941900016639],[-71.23821499980468,42.66938499974057],[-71.23868900035592,42.66885299990209],[-71.23928500020759,42.66819500019993],[-71.23976300005847,42.66758800030421],[-71.24039700044328,42.66673000020985],[-71.24065099998819,42.666151999784596],[-71.24090200005834,42.665208000132345],[-71.24118599974048,42.6641610000363],[-71.24140900022155,42.6636849996788],[-71.24159900019235,42.66335200032068],[-71.24175400000306,42.66308000023173],[-71.24189000044548,42.662896000079606],[-71.24214399999038,42.66262699968141],[-71.24248999959678,42.66234599991092],[-71.2427359996441,42.66218899974237],[-71.242968000346,42.66204199982689],[-71.24352300018978,42.661767000206595],[-71.24417199974488,42.661513999798714],[-71.24479699990887,42.6613290001544],[-71.2454539998599,42.66119500008611],[-71.24618000030621,42.66106800009497],[-71.2468199996405,42.661014000082545],[-71.24739200010104,42.66100699971052],[-71.24820300003785,42.6610110003007],[-71.2485570000402,42.661069999727516],[-71.24867500004095,42.66109000001315],[-71.24897600033984,42.66111300006948],[-71.24947900030507,42.66110100029965],[-71.25011199996666,42.660987000058746],[-71.25076300006992,42.66078199978926],[-71.25171600029697,42.66033200014648],[-71.2523599998292,42.659909999897565],[-71.25287899968797,42.659543999785775],[-71.25339099987404,42.65908200027234],[-71.25435300032191,42.658237999761965],[-71.254641000202,42.658015000121466],[-71.25472800024063,42.657951000115496],[-71.25496599989201,42.65777500025481],[-71.2555860000331,42.65743299976924],[-71.25618799973256,42.65714500016151],[-71.25574900023975,42.65692900007584],[-71.25487999967828,42.656502000075356],[-71.25480500023355,42.656464999850655],[-71.25477699974613,42.6564510000634],[-71.25470399995119,42.656415000029796],[-71.25453999991967,42.656336999885475],[-71.25451499980531,42.65632499985454],[-71.24830900034307,42.65334700009683],[-71.24670500001277,42.65257799984812],[-71.24325000037831,42.65092100014335],[-71.23906500009956,42.648914999770206],[-71.23879899996076,42.6487959999159],[-71.23796499955942,42.648380999819615],[-71.23581700015433,42.64735500027865],[-71.22992799998617,42.64452800022696],[-71.22926099998939,42.64420699976554],[-71.22878399996343,42.64397899990774],[-71.22840200037201,42.64379500006239],[-71.22831100013539,42.64375099987511],[-71.22639899983355,42.642830999764456],[-71.22618200009856,42.64272700018317],[-71.22395500015243,42.641655999757226],[-71.213976999965,42.6368669998294],[-71.21044500033764,42.635171999710934],[-71.20794800005477,42.633969000023214],[-71.20575500044382,42.63291900022479],[-71.2023459999418,42.63128100030051],[-71.20084399971877,42.63055899979357],[-71.19895099968346,42.62965200014642],[-71.19837400009838,42.62937400008221],[-71.19816700040914,42.629272999810865],[-71.19743099991707,42.628918999882416],[-71.193953999643,42.627249000167915],[-71.19029099959604,42.62549000014908],[-71.1896169999266,42.6251669998333],[-71.1892160000686,42.624973999949795],[-71.1885199997595,42.624640000138456],[-71.188138999993,42.624455999951834],[-71.18754599961608,42.624172000004485],[-71.18719099978884,42.62400100015843],[-71.18667399957988,42.623752999906635],[-71.18617999983547,42.623516000312755],[-71.18566500017465,42.62326900020535],[-71.18529899957846,42.62309300004207],[-71.1851959996463,42.62304299983733],[-71.1850199999192,42.6229590002226],[-71.18469199985614,42.6228009996802],[-71.18430100004387,42.62261399969574],[-71.18379700025373,42.62238899970161],[-71.18372500028372,42.622350000122324],[-71.18341300011417,42.62218000000984],[-71.18274799976723,42.62186000005526],[-71.18252400035955,42.621754000224115],[-71.18241800005434,42.62170099991035],[-71.18218899972548,42.62158999986782],[-71.18206300022709,42.62152399982019],[-71.17640300038781,42.61881099993497],[-71.17621300041701,42.61872400006087],[-71.17608000034761,42.61865999995437],[-71.17599599978371,42.61862100002246],[-71.1758689995621,42.61855799997915],[-71.1755720003595,42.618413999924115],[-71.17520599976329,42.61824000026718],[-71.17340599961442,42.61737400006919],[-71.1721079996059,42.61675100008205],[-71.17186699958147,42.61660999975476],[-71.17175799980153,42.61654499991837],[-71.17183099959645,42.61652199990912],[-71.17194699994741,42.616485999906395],[-71.17206999997104,42.61644699993504],[-71.17211199980385,42.616396000139005],[-71.1722060004135,42.61627799977686],[-71.1722139999111,42.616260000038096],[-71.17232100004121,42.615998999936025],[-71.17230000012482,42.6158900000686],[-71.17227099981251,42.61573399986571],[-71.17218899979675,42.61562999995409],[-71.172214999736,42.615562999982565],[-71.17229199972891,42.61552100010184],[-71.17233100008697,42.61545500023196],[-71.17236899972181,42.615356000296046],[-71.17242200032356,42.61532000028036],[-71.17246599980616,42.61529000025135],[-71.17253699995128,42.615246999964214],[-71.17261800014214,42.61520300008554],[-71.17269000011217,42.6151449996871],[-71.17283099967915,42.61507900007988],[-71.1729600004489,42.615012000176655],[-71.17474399980594,42.61476399981891],[-71.17491000038561,42.614740000243685],[-71.17501300031776,42.61472699989146],[-71.17547000025226,42.61466300030454],[-71.17562800043599,42.61464500009896],[-71.1756839996142,42.614639000029285],[-71.17585500021671,42.614622000049074],[-71.17597900006528,42.6146250000848],[-71.17599999998167,42.61461599997723],[-71.17611600033263,42.61461100013722],[-71.17620099982312,42.6145789999618],[-71.17639699964172,42.614500000016236],[-71.17673200027578,42.614315000035994],[-71.17692499972131,42.61410800016781],[-71.17695400003363,42.6140120001391],[-71.17696400007937,42.61398000031705],[-71.17692399989642,42.61386800014918],[-71.17683100000998,42.61367799969886],[-71.17678099978127,42.61347199994752],[-71.17678099978127,42.61346200008343],[-71.17678800035227,42.613295000265175],[-71.1767890001772,42.613279999764735],[-71.17685299975128,42.61317599972158],[-71.17689999960695,42.61316899991588],[-71.17694900001077,42.61315700015265],[-71.1770360000494,42.6131639999597],[-71.17781799967389,42.6132680000229],[-71.1779020002378,42.613235000225075],[-71.17795300029142,42.61318399978193],[-71.17794800026856,42.61317000017148],[-71.17792099960606,42.6130930002745],[-71.17791499975827,42.61308000023959],[-71.17782900044286,42.6130050000868],[-71.177712000267,42.61289999998561],[-71.17761000015976,42.61275400020548],[-71.17740599994525,42.61260600021496],[-71.17721500014954,42.6125210001373],[-71.17718300036249,42.61247799992159],[-71.17719599988295,42.61240799972225],[-71.17719699970787,42.612213000074256],[-71.17722199982222,42.61202299986386],[-71.1772820000967,42.611873000227845],[-71.17736300028754,42.61180899969139],[-71.1773740001582,42.61180100011554],[-71.17744699995312,42.611735000270095],[-71.17748499958796,42.61168200002295],[-71.1775010003798,42.611642999687604],[-71.1774240003869,42.61154300002142],[-71.17724600011168,42.61147199981057],[-71.17720099990584,42.6113820000694],[-71.17724600011168,42.61130699985527],[-71.1772829999216,42.61126000030086],[-71.17729999964003,42.61125599981669],[-71.17741299961794,42.61123299983749],[-71.17753599964159,42.611274999965595],[-71.17774499987897,42.6113450001161],[-71.17807100029219,42.611341000298495],[-71.17829499969987,42.61125700010303],[-71.17834400010368,42.61121199976285],[-71.17842399957131,42.611133999801346],[-71.17842500029452,42.611067000281956],[-71.1784310001423,42.61095599979461],[-71.17842399957131,42.6109419996834],[-71.17838799958629,42.61079900016134],[-71.1782470000193,42.610741000289366],[-71.1782119998592,42.610734000209945],[-71.1781709998513,42.61073299991521],[-71.17805600022359,42.61074199992283],[-71.17799099992625,42.61075499978465],[-71.17783100009268,42.61078800023536],[-71.17761400035772,42.61078800023536],[-71.17746700004463,42.61073099998678],[-71.17740400029543,42.61063100017858],[-71.17735800026468,42.610471999789354],[-71.17734900004385,42.610434999956574],[-71.1772839997465,42.61021999997517],[-71.17726600020318,42.610053999703226],[-71.17731399988375,42.610017000283285],[-71.17734200037114,42.60999700010523],[-71.17748299993814,42.60995999999028],[-71.17752200029621,42.60995099986962],[-71.17776599979535,42.609894999824476],[-71.17793900004773,42.60979199972794],[-71.17801799969043,42.609674000075664],[-71.17803299975905,42.6096360001176],[-71.17797099983478,42.60953900015441],[-71.17793999987262,42.60948900030523],[-71.17780099995547,42.60934600009187],[-71.17760299958874,42.60921900002939],[-71.17747500044054,42.60908100014169],[-71.17749499963371,42.60895800017093],[-71.17757099980169,42.6089230000865],[-71.17764299977172,42.608887999982365],[-71.17774599970389,42.60885699983594],[-71.17783500029064,42.60882699999946],[-71.17816199963048,42.608728999771806],[-71.17841799972351,42.608668000294365],[-71.17852400002873,42.608678000267005],[-71.17862199993802,42.608706999847925],[-71.17865200007525,42.6087610003084],[-71.17865100025033,42.608815000060844],[-71.17851200033317,42.60890399988129],[-71.17832900003506,42.609017999703255],[-71.1782050001865,42.60909300002907],[-71.17816599982845,42.60917800015699],[-71.17821000020938,42.60927699999637],[-71.17838900030951,42.609315000173396],[-71.17863199998375,42.60933899985572],[-71.17889399992458,42.609373000050965],[-71.17913099975105,42.60940300028565],[-71.17934199963824,42.60943099987455],[-71.17947600043085,42.60943200019019],[-71.17955500007358,42.60937100007888],[-71.17952300028652,42.609275999678225],[-71.17943299987485,42.609193000323074],[-71.17922799983542,42.60900599980138],[-71.17915800041354,42.6088919999575],[-71.17913999997187,42.60879199984143],[-71.1791979996982,42.608744999711575],[-71.17926800001838,42.60875499967186],[-71.1793109996761,42.60878700019504],[-71.1793249999198,42.60879799981324],[-71.17940799976049,42.60890199989413],[-71.17950999986773,42.60903499989081],[-71.17956799959404,42.609087000085665],[-71.17963700008934,42.6091439998553],[-71.17969999983852,42.609159999688416],[-71.17984100030384,42.609195999959155],[-71.18005200019104,42.60928200026458],[-71.18026300007823,42.609328999989195],[-71.18045499969885,42.60933499990933],[-71.18049400005691,42.60929299979537],[-71.18052599984397,42.60925900021756],[-71.18048499983607,42.60920799982438],[-71.18045600042208,42.60918400009162],[-71.18024299998675,42.60910499991417],[-71.18004700016817,42.609040999839216],[-71.17997699984795,42.60895699984766],[-71.17999100009168,42.60885699983594],[-71.18002399970362,42.608748999695855],[-71.18005999968864,42.608660999982014],[-71.18013900022966,42.60859300011794],[-71.18024800000961,42.60852199985012],[-71.18039600014762,42.608479999849145],[-71.18055599998118,42.60847599984754],[-71.18063200014917,42.60850599985307],[-71.1806840000277,42.60854500016923],[-71.18067900000484,42.60859700011203],[-71.18067099960892,42.608607000096015],[-71.18065200024066,42.60863500004273],[-71.180529000217,42.608660000315105],[-71.18042799993466,42.60875599999835],[-71.18038799975169,42.60879599982269],[-71.18039600014762,42.60882500000989],[-71.18042100026199,42.60883099997852],[-71.18045399987393,42.60883099997852],[-71.18047099959239,42.608828999989015],[-71.18048400001118,42.608828999989015],[-71.18055199978322,42.608823000020195],[-71.18067499980688,42.60880199979411],[-71.18085499973193,42.60875499967186],[-71.18111099982497,42.60870899984134],[-71.1814010002532,42.608692999892334],[-71.18159100022399,42.60868200025559],[-71.18172500011829,42.60865800032017],[-71.18184700031703,42.60865400033],[-71.18193400035567,42.60863199971846],[-71.1819569999219,42.60859300011794],[-71.18197700001338,42.60856399982278],[-71.18203300008986,42.608517000182054],[-71.18204599961034,42.60844900016079],[-71.18202300004413,42.608431000142765],[-71.18194400040142,42.608369999712316],[-71.18173500016405,42.6083509999996],[-71.18150900020822,42.608387999748025],[-71.18134900037467,42.60837300004921],[-71.18116699990146,42.608241999969785],[-71.18048099963812,42.60770899975825],[-71.17764799979457,42.6059499997907],[-71.1772820000967,42.605724000037924],[-71.17123499974478,42.60196999983581],[-71.17086800022199,42.6017399997577],[-71.16857199978055,42.60031600015823],[-71.16739699979567,42.59958499998465],[-71.16725399968054,42.59949600007535],[-71.16715699959617,42.599428999940834],[-71.16674499986752,42.599180999694525],[-71.16533499970599,42.59830299967257],[-71.16497400003097,42.59808199979759],[-71.16491399975651,42.59804300020509],[-71.16487899959641,42.59802099981378],[-71.16460400013513,42.59910500017873],[-71.16446400039302,42.599656999669705],[-71.16433499962329,42.60016900017357],[-71.16390899965094,42.60185199991333],[-71.163575999565,42.60210399985787],[-71.16248900034198,42.603305000225376],[-71.16171900041304,42.60415600028742],[-71.16066699955348,42.6053179997801],[-71.16040299996284,42.60585399975013],[-71.1601479996947,42.6063759999215],[-71.16013500017424,42.60638499989747],[-71.1600969996411,42.60648200014395],[-71.15975600005754,42.6071669997526],[-71.15951699968295,42.60765899976246],[-71.15922799997796,42.60896299980359],[-71.15903100033445,42.61019900022008],[-71.15902200011362,42.6102670003143],[-71.15895400034157,42.61070200002588],[-71.15886099955684,42.61129499973329],[-71.15861700005767,42.61294799988383],[-71.15732499989691,42.61421099973791],[-71.15656400018881,42.6149770001887],[-71.1558169998261,42.615077999854925],[-71.15572099956663,42.61509199969752],[-71.15513899995867,42.61516999999083],[-71.15441900025844,42.61526800000054],[-71.14865300011394,42.61316800032131],[-71.14864300006819,42.61315200019551],[-71.14660799974268,42.60999599979861],[-71.14604200002826,42.60851399985211],[-71.14594199957082,42.60833499995862],[-71.14581199987448,42.60814899984205],[-71.14480799959382,42.6065739997542],[-71.14456999994243,42.606194000054415],[-71.14453700033049,42.60614299979648],[-71.14404600006081,42.605374999692614],[-71.14377400007425,42.6049499997162],[-71.14348399964602,42.60449599994095],[-71.14335800014764,42.60429899985245],[-71.14319699959084,42.60403900027893],[-71.14286600005303,42.603896999860424],[-71.14221400012488,42.603626999810984],[-71.14192899971954,42.60350700022154],[-71.14136999967778,42.603276999866516],[-71.14120300017152,42.60320699990616],[-71.1407439996889,42.60288099977263],[-71.14004300025525,42.60238200002074],[-71.13871400028457,42.601435999737404],[-71.13545600029359,42.59911600018402],[-71.13540500023998,42.599080000039336],[-71.1352959995617,42.599088999746826],[-71.13338499998306,42.599254000325494],[-71.12964599976816,42.59957199977551],[-71.12447899984836,42.60001199980247],[-71.12247299983517,42.600183000061115],[-71.12135999977457,42.6002800000456],[-71.1210309998866,42.60030600016577],[-71.11099599979775,42.60116400002803],[-71.09989100020432,42.60211100024588],[-71.08936499984581,42.60300699977497],[-71.08210800024723,42.603631000123954],[-71.07623699962242,42.60412999979024],[-71.07616700020056,42.60413600021109],[-71.07611100012404,42.60415299974742],[-71.07597100038195,42.6041920001441],[-71.07573200000736,42.60425899978526],[-71.07036400024613,42.60578400004055],[-71.07015199963571,42.60584399998534],[-71.06849399977706,42.60631500012337],[-71.06521200039494,42.60725300021468],[-71.05954099978669,42.608860999813075],[-71.05876599983489,42.60907700017873],[-71.05878400027655,42.60899199991299],[-71.05886000044453,42.608635999710046],[-71.05915599982222,42.607249000134296],[-71.0593519996408,42.606326999882455],[-71.05927100034828,42.60625999982064],[-71.05834099968745,42.605496000029945],[-71.05742500016865,42.604744000190365],[-71.05684199983746,42.60425399977504],[-71.05616499979493,42.60368000029991],[-71.05437899988975,42.60221699979066],[-71.05421099966028,42.602080000033034],[-71.04818900032106,42.597148999750004],[-71.04716300029908,42.59631299982849],[-71.03722199992157,42.58814299972244],[-71.0339980002658,42.58549300002912],[-71.03080499967382,42.57908500004982],[-71.030578999718,42.57863299998478],[-71.03010599989,42.577685000029824],[-71.02895500019454,42.57537200016651],[-71.02841899971904,42.57429600023429],[-71.02831199958891,42.574082000138276],[-71.02893599992797,42.573749000194745],[-71.02913599994451,42.57364100006362],[-71.0308380001841,42.57273100029118],[-71.030979999576,42.57265400003196],[-71.03429799984144,42.5708830002473],[-71.03524500022068,42.57037799995375],[-71.03546000030585,42.57025900013559],[-71.03547799984919,42.57044000014712],[-71.03549799994069,42.57062000001775],[-71.03581599995799,42.57091900013963],[-71.03582400035391,42.57092600006115],[-71.03625000032626,42.571288000318646],[-71.0364760002821,42.57147700011351],[-71.03666500042796,42.57164900019907],[-71.03681799969051,42.571731999947644],[-71.03693200039166,42.57175600021305],[-71.03696500000362,42.571763000040626],[-71.03717199969286,42.57175999992558],[-71.03726499957926,42.57171899988275],[-71.03733099970151,42.571687000169426],[-71.03743100015895,42.57159100026939],[-71.03750099958083,42.57149700008628],[-71.03755599983242,42.571360000276485],[-71.03756300040341,42.57132599984733],[-71.0375829995966,42.571231000320616],[-71.0376329998253,42.571189999929985],[-71.03766299996254,42.57116400023311],[-71.03781100010053,42.57114900017401],[-71.03790399998697,42.57115100004978],[-71.03814400018648,42.57113900013266],[-71.03847200024953,42.57115200031845],[-71.03887399993243,42.57120499997922],[-71.03932800039219,42.5712889999235],[-71.03965499973202,42.57135599987674],[-71.03984499970282,42.57142000028816],[-71.03997500029747,42.57150299967991],[-71.04007099965864,42.57157300018901],[-71.04009800032112,42.57158899974618],[-71.04015000019965,42.571690999886385],[-71.04014799965152,42.57198000025988],[-71.04014099997883,42.572167999690116],[-71.04014000015391,42.57223600027345],[-71.04014000015391,42.57227599972586],[-71.04017100011606,42.57238999974439],[-71.04025999980452,42.57250799988073],[-71.04044399992753,42.57268799973718],[-71.04058000036997,42.57281399992295],[-71.04070599986835,42.57290800010576],[-71.04086499987702,42.57299799985245],[-71.04101200019012,42.57311199987437],[-71.04111699977209,42.57323799986509],[-71.04125300021454,42.57335599972011],[-71.04141100039827,42.57345400001301],[-71.04147999999525,42.57348199987938],[-71.0415319998738,42.57348999974442],[-71.04172799969237,42.57349099997552],[-71.04184099967026,42.57347700004595],[-71.04190299959456,42.573463999683234],[-71.04197100026492,42.57343700004076],[-71.04202999981615,42.57339800024251],[-71.04212000022784,42.573383000059195],[-71.04231100002355,42.573367999872225],[-71.04237399977274,42.573367999872225],[-71.04244300026804,42.57332700022495],[-71.04248000007797,42.573315000064895],[-71.04252000026094,42.57332700022495],[-71.0425749996142,42.57336300002966],[-71.04264900013236,42.57336100022477],[-71.04277600035398,42.5733380001491],[-71.04287199971513,42.57327600019035],[-71.04293100016467,42.57327300014814],[-71.04297800002031,42.57326500025527],[-71.04301200035552,42.57328200027445],[-71.04305199964017,42.57330400013669],[-71.0431520000976,42.573347999837885],[-71.04324699963384,42.573367999872225],[-71.04334700009127,42.57342300009902],[-71.04351600014567,42.57352900014663],[-71.04362099972765,42.57362299991332],[-71.04366799958333,42.57369799984375],[-71.0436879996748,42.573752000214064],[-71.04372100018509,42.57380500031161],[-71.04376200019297,42.57383900005085],[-71.04381900009437,42.573863000166995],[-71.0441449996093,42.57390299989896],[-71.04422300032542,42.57389999988687],[-71.04428100005173,42.57387700000992],[-71.04432200005962,42.5738169997158],[-71.04435600039481,42.57370599968104],[-71.04440200042556,42.57357500014871],[-71.04440900009826,42.57355500018075],[-71.04450899965738,42.573389999704176],[-71.04462099981036,42.57313300022129],[-71.04468100008482,42.57294900002853],[-71.04469100013056,42.57293699979574],[-71.04473200013844,42.57288400028369],[-71.04474800003197,42.57287500009996],[-71.0448209998269,42.572831000065015],[-71.04491299988841,42.572820000051436],[-71.04501199962262,42.57283400012854],[-71.0450810001179,42.572826000179354],[-71.04516599960841,42.5727969997762],[-71.04526100004296,42.57278399993329],[-71.04538599971643,42.572768000021114],[-71.04554399990016,42.57274700021284],[-71.04568799984023,42.57271100005256],[-71.04596599967456,42.57265099995978],[-71.04622299959252,42.57261900006308],[-71.04630700015642,42.572593000300344],[-71.0464469998985,42.57251299979188],[-71.04671899988506,42.57235099995298],[-71.04693800016818,42.57222099981065],[-71.04720099993392,42.57206199997551],[-71.04722299967521,42.57203700023496],[-71.04724799978958,42.57201199982292],[-71.0472779999268,42.57199099976009],[-71.04729999966811,42.57198599980709],[-71.04731700028486,42.57198599980709],[-71.04732899998044,42.5719959997127],[-71.04734300022413,42.572013000077725],[-71.04737300036136,42.57201499992579],[-71.0474040003235,42.57201699977379],[-71.04746299987474,42.57200500002328],[-71.04757099982976,42.57196599999113],[-71.04761900040867,42.5719490002748],[-71.04766500043942,42.57193199989232],[-71.0477700000214,42.571871999711625],[-71.04813200041964,42.57166400013792],[-71.04815800035892,42.57164900019907],[-71.04821899955996,42.57161900031059],[-71.0483199998423,42.57158899974618],[-71.04839600001029,42.57157199992709],[-71.04847100035335,42.57155699996617],[-71.0486370000347,42.571472999721216],[-71.04874800036279,42.57136200014554],[-71.04889899997552,42.571181999769976],[-71.04897299959538,42.571141000008744],[-71.04898600001417,42.57113099996606],[-71.04905499961114,42.571095999804086],[-71.0492470001301,42.571029000233125],[-71.04945200016948,42.57101200026145],[-71.04948399995654,42.5710199997817],[-71.04965300001093,42.57106100028403],[-71.04975299957005,42.57109099977933],[-71.04979799977589,42.57111700016825],[-71.04983899978377,42.57115799994526],[-71.04988200033979,42.57124000008004],[-71.0500150004092,42.57140099989382],[-71.05006100043995,42.57143700014868],[-71.0501159997932,42.57145099987466],[-71.05021700007556,42.57145599987056],[-71.05025499971039,42.57146700012469],[-71.050269999779,42.571468999990266],[-71.05029200041862,42.57149799968784],[-71.05029300024354,42.57151500018861],[-71.05029599971827,42.571586000284334],[-71.05030599976402,42.57161300006656],[-71.05033199970327,42.57162999987448],[-71.05036699986339,42.57162800001407],[-71.05045100042729,42.5716649997368],[-71.05053400026796,42.57172300025922],[-71.05058299977345,42.57171099979053],[-71.05062299995643,42.57165400017909],[-71.05062999962911,42.571560999691464],[-71.05063300000216,42.57151700005264],[-71.05062700015438,42.571472999721216],[-71.05061899975847,42.57141099989315],[-71.05066499978922,42.571288000318646],[-71.0507550002009,42.57123300019376],[-71.05077799976712,42.57123599967259],[-71.05083600039174,42.571243999825676],[-71.05087999987437,42.57129399993238],[-71.05089499994298,42.57131000022269],[-71.05090900018668,42.57141000029026],[-71.05099799987514,42.571578000175066],[-71.051043000081,42.571692999744776],[-71.05104700027896,42.57177799995202],[-71.05107700041617,42.57181899995607],[-71.05112699974657,42.571833999854036],[-71.05120299991455,42.57180099994148],[-71.05125999981597,42.57171700002519],[-71.05127900008254,42.57169000028793],[-71.05131400024264,42.57162300003198],[-71.05133500015903,42.57159899971539],[-71.05135799972524,42.5715919998694],[-71.051403999756,42.571578000175066],[-71.05145999983252,42.57158699988447],[-71.05151000006121,42.57162400029302],[-71.05151799955883,42.57164699967772],[-71.05154900041927,42.57173600032328],[-71.05161399981829,42.571813999989274],[-71.05167800029072,42.57189900003161],[-71.0517829998727,42.57200300017485],[-71.05187300028437,42.57211500018608],[-71.05193799968339,42.572126000324005],[-71.0520080000036,42.572115999777736],[-71.05208900019444,42.57205700002821],[-71.05212299963132,42.57198800031758],[-71.05212900037742,42.57197500030604],[-71.05218999957847,42.57189400007124],[-71.05220999966996,42.571828999888446],[-71.05221899989078,42.571820999810356],[-71.05224200035532,42.57175399969512],[-71.0522900000359,42.57166900011674],[-71.052317999625,42.5716199999102],[-71.05233600006665,42.57160600022214],[-71.05245900009031,42.57151000019745],[-71.05250000009818,42.57148000024211],[-71.05254799977875,42.57143599988459],[-71.05258499958869,42.57141200015766],[-71.05262899996961,42.5713970001582],[-71.05277200008474,42.57137200015114],[-71.05285699957525,42.57141000029026],[-71.05291100000191,42.57147399998471],[-71.0528750000169,42.57153300028574],[-71.05284999990255,42.57155199997837],[-71.05279899984893,42.5715919998694],[-71.05272400040415,42.57164699967772],[-71.0526130000761,42.57169899998116],[-71.05250699977088,42.571743000153106],[-71.05246199956504,42.57178700029406],[-71.05247099978587,42.571843000188],[-71.05250599994596,42.57188799985366],[-71.05257100024329,42.57194300006251],[-71.05265099971092,42.571998999816344],[-71.05270000011473,42.572092000312416],[-71.05267500000036,42.57219199978774],[-71.05265400008398,42.57224799997956],[-71.05264900006111,42.572299999781876],[-71.05264900006111,42.57233300009192],[-71.05268800041917,42.572378000065655],[-71.0527829999554,42.57241199992133],[-71.05287900021486,42.57241199992133],[-71.05306499998771,42.57236099980006],[-71.05331600005788,42.572305999959816],[-71.05343099968559,42.57232099974066],[-71.05352100009728,42.572357000126054],[-71.0536919998015,42.57243400009045],[-71.05373700000735,42.57250799988073],[-71.05373600018244,42.572549000066445],[-71.05365099979362,42.57256000012782],[-71.053535000341,42.57254100008076],[-71.05330799966195,42.57249000006498],[-71.05317299994273,42.5725140000387],[-71.05304599972114,42.57258899997962],[-71.0529949996675,42.572700000017825],[-71.05300200023852,42.572786999999074],[-71.0529870001699,42.572898999925485],[-71.05300600043647,42.5729940002193],[-71.05310000014781,42.57307899997651],[-71.05326500000425,42.57314199970626],[-71.0533749996091,42.57313199998445],[-71.05347900026447,42.57308300026576],[-71.05359399989223,42.573010000073495],[-71.05367900028104,42.57296900019083],[-71.05380300012959,42.572961999837055],[-71.05387599992451,42.57299499979687],[-71.0540159996666,42.573044000246185],[-71.05413399966739,42.57313199998445],[-71.05424199962242,42.573187999993785],[-71.0542829996303,42.57329900028894],[-71.05431199994261,42.57335699995336],[-71.0543749996918,42.57341500022539],[-71.05439700033143,42.573434000006245],[-71.05445599988266,42.573483999680384],[-71.05451600015712,42.57353500020637],[-71.0545780000814,42.573635000014114],[-71.0546840003866,42.57380299985941],[-71.05465900027225,42.57389800009924],[-71.05471600017366,42.573972000137076],[-71.05482900015157,42.5740280000537],[-71.05496200022095,42.574038999854224],[-71.05506599997803,42.57403299984295],[-71.05515700021462,42.57398100016251],[-71.05521900013889,42.57390400012345],[-71.05526699981948,42.57381600015145],[-71.05548199990464,42.57366599982272],[-71.05552499956234,42.573656999751826],[-71.05554800002686,42.573653000160945],[-71.05559099968458,42.57367699968709],[-71.05568500029422,42.57372999984832],[-71.05584599995271,42.573752000214064],[-71.05593200016642,42.57375599979865],[-71.0560219996798,42.57373500032305],[-71.05612700016009,42.57366899984608],[-71.0561840000615,42.57366200023242],[-71.056240000138,42.57367699968709],[-71.05638699955279,42.573767999873795],[-71.05643400030677,42.57379600026078],[-71.05651999962217,42.5738139996996],[-71.05660500001099,42.5738139996996],[-71.05670000044555,42.57383600003572],[-71.05688399967025,42.57391699973295],[-71.05696900005906,42.573969999690235],[-71.05704000020417,42.57401900003506],[-71.05708600023492,42.5740310000596],[-71.05712499969468,42.57404100029885],[-71.05719900021282,42.57396100032474],[-71.05728999955112,42.573822000183554],[-71.05952800026621,42.57039599971749],[-71.06154000012718,42.567317999687525],[-71.06325999991013,42.56468499983455],[-71.06493700003533,42.56211600004096],[-71.06511000028769,42.56193800028313],[-71.06525699970248,42.561786000325895],[-71.06643199968737,42.56058300031194],[-71.06729399967782,42.55968999968692],[-71.06746399955713,42.55951399987363],[-71.06771899982525,42.5592500002154],[-71.06841799960907,42.55852799976166],[-71.06845299976916,42.55849199999694],[-71.07097799964113,42.55588899972104],[-71.07101100015142,42.55569700011549],[-71.0719600001805,42.55003100023591],[-71.07272900028451,42.54544500027583],[-71.0744180001053,42.53534499971836],[-71.07470000013763,42.53368900014337],[-71.07474600016836,42.53340299978493],[-71.07514600020144,42.531059000039484],[-71.07515000039942,42.53103500000735],[-71.07509199977477,42.53098899975449],[-71.074460999763,42.530466999865006],[-71.07372900036724,42.52986300012606],[-71.07244800007712,42.52880799984326],[-71.07038500016253,42.527107000236235],[-71.07022799980368,42.52697400021612],[-71.07011800019883,42.5268739997706],[-71.06985200006005,42.526675000043],[-71.06881799964215,42.52582000031463],[-71.06836800027867,42.52540300029472],[-71.0675670003876,42.52467999990754],[-71.06755700034186,42.52473099993994],[-71.06752999967937,42.52474500021419],[-71.06749399969435,42.52476400025027],[-71.06743000012024,42.52480700006677],[-71.06740099980793,42.52483099984366],[-71.06738800028745,42.52484500009549],[-71.06736399999802,42.5248649997877],[-71.06733999970857,42.52488300010109],[-71.0672929998529,42.524915999669076],[-71.06727500030955,42.52492900021635],[-71.06726299971568,42.52494200009883],[-71.06725600004297,42.52495900004297],[-71.06725900041603,42.524971999919245],[-71.06726699991363,42.5249829997615],[-71.06728100015732,42.52499200023286],[-71.06729399967782,42.5249990000101],[-71.06731899979218,42.525013000224234],[-71.06733600040893,42.525019999999124],[-71.06734800010447,42.52502699977323],[-71.06735800015022,42.525034000208606],[-71.06736900002088,42.525047999752836],[-71.0673630001731,42.52506500033018],[-71.06735399995226,42.52507299978246],[-71.0673420002567,42.52508099989572],[-71.067328000013,42.52508999969095],[-71.0673139997693,42.525103000201966],[-71.06730299989864,42.5251149997037],[-71.06729600022595,42.52512499983842],[-71.06729000037816,42.52513600031579],[-71.0672860001802,42.52515300020713],[-71.0672929998529,42.525164999699264],[-71.06730200007372,42.52517400014439],[-71.06731700014234,42.52518800031936],[-71.06732299999013,42.525199000123585],[-71.06732600036318,42.52520799990175],[-71.06732399981504,42.52522099972623],[-71.06731899979218,42.52523099984398],[-71.06731100029457,42.52524099996012],[-71.06729899970067,42.52525100007467],[-71.0672860001802,42.525255999800365],[-71.06727100011159,42.525257999822884],[-71.0672579996928,42.525261000187655],[-71.0672450001723,42.52526799993471],[-71.06723299957844,42.52527600002305],[-71.06722500008084,42.52528499979013],[-71.06722099988288,42.52529600023932],[-71.06721599986001,42.52530599968307],[-71.06720699963917,42.525321000169704],[-71.06719800031667,42.52533399997061],[-71.06718700044601,42.525346000090025],[-71.06717400002721,42.52535699986643],[-71.06715999978351,42.5253669999624],[-71.06714200024015,42.52537100000038],[-71.06712200014867,42.52537000032194],[-71.06709899968415,42.52536200024565],[-71.06707899959265,42.52535000012931],[-71.06705400037661,42.525336999669676],[-71.06703500011004,42.52532399986934],[-71.0669980003001,42.525288999833364],[-71.06689700001778,42.525203000172276],[-71.06686799970545,42.52518099990124],[-71.06684799961397,42.52516899975012],[-71.06682699969757,42.525157000258766],[-71.06679900010849,42.52514599978514],[-71.06676800014635,42.52513799968016],[-71.0667360003593,42.525126999865186],[-71.06669899965105,42.525116000048286],[-71.06667000023705,42.52510900028415],[-71.0666440002978,42.525099000146874],[-71.06662900022917,42.525093999746616],[-71.06659200041926,42.52507400012771],[-71.0665680001298,42.52505900024377],[-71.06652899977173,42.52502600008928],[-71.0665100004035,42.525009999847605],[-71.06649199996183,42.5249980003257],[-71.0664690003956,42.52498499979282],[-71.06642500001468,42.52495900004297],[-71.0664130003191,42.52495200026124],[-71.06640099972522,42.52494200009883],[-71.06639300022762,42.52493500031525],[-71.06638700037983,42.524925999835645],[-71.06637200031122,42.5249140002976],[-71.0663639999153,42.52490099974725],[-71.06635700024262,42.52488399978734],[-71.06635300004464,42.52482800012034],[-71.06635399986956,42.5248099997911],[-71.0661389997844,42.524832999879834],[-71.06585500010227,42.52482800012034],[-71.06582499996505,42.52482699977115],[-71.06566400030657,42.52481100014056],[-71.0655410002829,42.524786999693895],[-71.06539499979475,42.52477900020504],[-71.06524800037995,42.52474500021419],[-71.06506099988388,42.52470999985377],[-71.06489400037763,42.52466499992905],[-71.06481300018676,42.52464500017282],[-71.06470000020886,42.52461100010904],[-71.06462999988868,42.5245839998505],[-71.06447099988,42.524523999822634],[-71.06436899977275,42.52448600026072],[-71.06434700003145,42.52447399997612],[-71.06433299978775,42.5244609999962],[-71.06432000026727,42.524445999965124],[-71.06428900030514,42.5244179999416],[-71.06427500006144,42.524409000049616],[-71.064258000343,42.52440499995004],[-71.06424099972625,42.52440400025613],[-71.06416399973337,42.52443500002832],[-71.06408900028858,42.52447899976394],[-71.063998000052,42.5245510001071],[-71.06378399979175,42.52462899983351],[-71.06345300025397,42.5246629998875],[-71.06335899964431,42.52466800032226],[-71.06327599980364,42.524658999804224],[-71.06313799971139,42.52463799969385],[-71.06296899965697,42.524570999893484],[-71.06256799979897,42.52445600020693],[-71.06240799996542,42.52439499970007],[-71.06212000008532,42.52428500015496],[-71.06207800025253,42.524281000047495],[-71.06202600037399,42.52427600024382],[-71.06196299972649,42.52429899986709],[-71.06193799961214,42.52432999969138],[-71.06190400017526,42.52437200011214],[-71.06183600040319,42.524450999755196],[-71.0617109998314,42.52459499976108],[-71.06165200028018,42.52466600028084],[-71.0615900003559,42.52473799974643],[-71.06149099972339,42.52486899985783],[-71.06148200040087,42.52493600000061],[-71.06150199959403,42.52498800017065],[-71.06147800020291,42.525034999892426],[-71.06143399982199,42.52506399998478],[-71.0613869999663,42.52506899972545],[-71.06133099988982,42.52510100017448],[-71.06129200043007,42.52510999996678],[-71.06124499967609,42.52510999996678],[-71.06116600003338,42.52510599991213],[-71.06111400015483,42.525134999971584],[-71.06104399983464,42.525147000129174],[-71.06096099999395,42.52516699972475],[-71.06087800015328,42.52518099990124],[-71.06083799997032,42.5252130002929],[-71.06074400025898,42.52523899993705],[-71.06067300011388,42.525226999797084],[-71.06061399966433,42.5251680000685],[-71.06054699971718,42.52509500009153],[-71.06050099968643,42.52502499974325],[-71.06050499988439,42.52492900021635],[-71.0605209997779,42.524874999962435],[-71.06051800030318,42.524841999710745],[-71.06048599961782,42.52481900028737],[-71.06045899985364,42.524803999680195],[-71.06034099985285,42.52476200021193],[-71.06031400008868,42.52473000025125],[-71.0602320000729,42.52466000015611],[-71.06013800036158,42.524560999670086],[-71.06007200023934,42.52444399991655],[-71.06006899986627,42.52430700007952],[-71.06001000031506,42.524300000224734],[-71.05988200026854,42.52432999969138],[-71.05983000039,42.52432800030115],[-71.05980699992547,42.52432299983918],[-71.05977699978824,42.524311000185314],[-71.05970200034348,42.52429899986709],[-71.05959900041134,42.52425799975553],[-71.05952499989317,42.524246000089185],[-71.05944700007537,42.524211000111265],[-71.05931700037902,42.52414399985297],[-71.05926200012743,42.52409300000343],[-71.05921799974651,42.52407700018487],[-71.05920000020316,42.52407000030432],[-71.05914099975361,42.52408200000447],[-71.05910899996655,42.524090000244676],[-71.0590849996771,42.524079000245194],[-71.0590629999358,42.524049999695535],[-71.05904100019448,42.52402200015659],[-71.05903100014874,42.52399300024255],[-71.05902899960061,42.52396200025104],[-71.05904299984431,42.52393899984164],[-71.05902000027811,42.52387199995369],[-71.05891399997289,42.523842000267116],[-71.05883500033018,42.523838999834254],[-71.05874499991849,42.523800999855645],[-71.05872099962903,42.52374499987994],[-71.05869399986486,42.52370400006687],[-71.05861900042011,42.52368100022455],[-71.05852900000842,42.52363900000127],[-71.05844699999265,42.523609999909446],[-71.0583800000455,42.52362099999151],[-71.05827100026555,42.52369399970469],[-71.0582250002348,42.523802999924804],[-71.05821900038701,42.523849999876],[-71.05822699988461,42.52388900018899],[-71.05820900034126,42.52391499972203],[-71.0581680003334,42.523931999945624],[-71.0581409996709,42.52394599973687],[-71.05810600040913,42.52396500001599],[-71.05807299989884,42.524007999720325],[-71.05802199984521,42.52402699998059],[-71.05794900005027,42.52404299981197],[-71.05792200028611,42.52407000030432],[-71.0578519999659,42.52408800018471],[-71.05780299956209,42.52412500029033],[-71.05776300027745,42.524137999678096],[-71.05774499983578,42.52414199979477],[-71.05770399982791,42.524169999941996],[-71.05766199999512,42.52417899986841],[-71.05751300003219,42.52417299969691],[-71.05745699995568,42.524169000244335],[-71.05125800016614,42.524954999978654],[-71.04978500025543,42.52514199973275],[-71.04950499987294,42.525182999926216],[-71.044567000282,42.52580699995281],[-71.04438300015899,42.52582999967444],[-71.0409829998778,42.52626199975295],[-71.04087300027294,42.526069000051834],[-71.04079700010494,42.525947999811656],[-71.04064300011916,42.52586500006942],[-71.04038899967594,42.525626999910024],[-71.04020299990312,42.525389999846084],[-71.04000399971149,42.52518900000072],[-71.039807000068,42.52508000021263],[-71.0394770003551,42.52493899971879],[-71.0391669998354,42.52478899973148],[-71.03890499989457,42.52458199980635],[-71.03868999980942,42.52425900011384],[-71.03867300009098,42.52420499994289],[-71.03859899957283,42.523960000186975],[-71.03861600018958,42.523742000104434],[-71.03873599984017,42.52353799980593],[-71.03904299998683,42.523353999679266],[-71.0392870003843,42.52320500023392],[-71.03946499976124,42.52302299988273],[-71.03964800005934,42.52283500002545],[-71.03988300023597,42.52241099987664],[-71.04008599972725,42.52223199970891],[-71.04019899970515,42.52219800031813],[-71.04020600027617,42.522186999985514],[-71.04035900043704,42.52212800003427],[-71.04041100031557,42.52210699973522],[-71.04055299970747,42.52204999983367],[-71.04078700005921,42.521890000203896],[-71.0409129995576,42.5217180000125],[-71.04093000017436,42.521443000258614],[-71.04091599993065,42.52133199974543],[-71.04090599988488,42.521256000025964],[-71.04090099986202,42.52111700032595],[-71.04090300041017,42.52098299972222],[-71.04104499980207,42.52059299986748],[-71.04110900027449,42.520363999962704],[-71.04107999996216,42.52012300008456],[-71.04098899972557,42.51984700016471],[-71.04069599982262,42.51956999991657],[-71.04044899995041,42.51945500029419],[-71.04032500010184,42.51929299976468],[-71.04012699973512,42.51881000030324],[-71.04016199989523,42.51836300017304],[-71.04026900002536,42.51785899974153],[-71.040279999896,42.51779800007694],[-71.04032199972879,42.51760500005128],[-71.04026099962942,42.51742100032949],[-71.04010800036686,42.51723700006585],[-71.03942299992845,42.5169089997492],[-71.03930699957748,42.51687200000513],[-71.03888800017614,42.51674099967933],[-71.0388780001304,42.51672400014762],[-71.03888700035122,42.516702000201505],[-71.03892400016116,42.51669100022552],[-71.03893599985672,42.51667700013294],[-71.03890499989457,42.51667499983572],[-71.03888599962801,42.51664100006963],[-71.03889599967374,42.51660899992241],[-71.03890800026761,42.516580999697304],[-71.03895400029836,42.516572999819886],[-71.03896799964377,42.516572999819886],[-71.03897799968951,42.51656199982124],[-71.03896299962089,42.516546000060494],[-71.03894000005467,42.51650399967588],[-71.03895900032126,42.51649300032718],[-71.03899500030626,42.51648899972085],[-71.03902299989537,42.51650399967588],[-71.03903600031414,42.51649000020349],[-71.03902799991822,42.51647699988663],[-71.03900199997896,42.516468000174996],[-71.03897799968951,42.51645899979998],[-71.03895199975024,42.51646500005015],[-71.0389350000318,42.51645599967466],[-71.03894000005467,42.51643400029634],[-71.03889700039699,42.5163799999836],[-71.03890599971949,42.51636199986902],[-71.03890700044272,42.5163410002805],[-71.03886899990957,42.51632300015468],[-71.0388220000539,42.51631699989087],[-71.03879299974157,42.51632600028634],[-71.03877600002315,42.51631900019955],[-71.03874800043407,42.51633999979547],[-71.03873500001527,42.51634600005706],[-71.03870400005313,42.516342999926316],[-71.03867899993875,42.516354999786266],[-71.03866700024321,42.5163799999836],[-71.03863600028106,42.51637299990286],[-71.03859299972504,42.516413000069925],[-71.03854500004445,42.51641600019726],[-71.03851599973216,42.516423000273186],[-71.03849999983862,42.51640599999288],[-71.03847100042462,42.51639300032065],[-71.0384420001123,42.516394999964795],[-71.03843600026451,42.516376999854536],[-71.03842299984572,42.51635000001041],[-71.03838199983784,42.5163069996706],[-71.03834500002793,42.51628699988744],[-71.03831999991357,42.516271999880324],[-71.03830200037021,42.516262000314995],[-71.03829599962413,42.51624199985529],[-71.03829200032447,42.516223999700905],[-71.03831499989069,42.51618400007501],[-71.03830900004291,42.51616900004318],[-71.03832599976134,42.51614299993534],[-71.03833900018014,42.51613299968722],[-71.03834099982997,42.51611999995824],[-71.03836400029451,42.516077000122266],[-71.03834000000505,42.51604099971331],[-71.03834900022589,42.516020000016965],[-71.03830700039309,42.5160080000927],[-71.03829300014938,42.515946000116294],[-71.03832699958626,42.51592200023706],[-71.03827899990569,42.5158939997042],[-71.03831400006578,42.5158800000952],[-71.03832099973847,42.515853999867076],[-71.03829899999718,42.51581499983576],[-71.03828899995142,42.51579400006342],[-71.03826700021013,42.515724999721385],[-71.03827399988282,42.51569199993391],[-71.03830300019513,42.51566600028976],[-71.03835000005078,42.515647999969474],[-71.03839600008153,42.515650000299615],[-71.03842299984572,42.5156350001396],[-71.0384350004396,42.51561400030678],[-71.03857099998373,42.51541499980688],[-71.03861000034179,42.515351000226815],[-71.03866700024321,42.515307999861754],[-71.03866200022033,42.515269000151754],[-71.03869099963434,42.515237999804704],[-71.03873599984017,42.515223000207904],[-71.03880399961224,42.515199999892204],[-71.03889800022188,42.515106000183735],[-71.03894000005467,42.51504899985489],[-71.03901600022266,42.515004000255594],[-71.03917799970606,42.514910000252314],[-71.0392589998969,42.51484100025851],[-71.03928800020923,42.51480800000422],[-71.03936600002703,42.514682999745894],[-71.03948300020288,42.51453599985319],[-71.03947599963189,42.51449800017605],[-71.03946700030937,42.51445800010757],[-71.03942899977622,42.51445300017995],[-71.03930099972969,42.51439500006364],[-71.03927200031569,42.5144049999277],[-71.03923600033067,42.514404000073796],[-71.03911699960668,42.514354999929225],[-71.03886200023686,42.51427500024579],[-71.03881700003103,42.51423400017795],[-71.03873400019035,42.5141939999405],[-71.03865100034967,42.51417000005061],[-71.03859299972504,42.51416500009994],[-71.038560999938,42.514180999808126],[-71.03848999979289,42.51421399973132],[-71.03843200006655,42.51421399973132],[-71.03838299966276,42.51418899999176],[-71.038308000218,42.51411800014717],[-71.03830200037021,42.51405899986053],[-71.03829999982209,42.514039999879806],[-71.0382949997992,42.51399900031998],[-71.03831900008865,42.513982999903035],[-71.03830900004291,42.513962000177315],[-71.03828999977634,42.51395399996461],[-71.03828499975346,42.513904000267495],[-71.03831599971559,42.513886000101856],[-71.03830999986782,42.513854999730896],[-71.03827899990569,42.513857000118385],[-71.03827499970772,42.51381700030181],[-71.038300999647,42.51379300026714],[-71.03830999986782,42.51376699983291],[-71.03829800017225,42.513750000154374],[-71.0382589998142,42.513737999794216],[-71.03824499957048,42.513725000229215],[-71.03816699975268,42.51365700011729],[-71.03807499969118,42.513549999810856],[-71.03802000033792,42.51351599966895],[-71.0378860004436,42.513458999876384],[-71.03777099991757,42.51340200003189],[-71.03768100040419,42.51337699996751],[-71.03761100008401,42.513326999808775],[-71.03749599955795,42.51328700031511],[-71.0374420000296,42.513238999829504],[-71.03739099997597,42.51316699969411],[-71.03731099961003,42.513081999777],[-71.03720100000517,42.51292800028706],[-71.03718799958638,42.512908999962555],[-71.03707499960848,42.5127509998629],[-71.03694300026231,42.51256699975467],[-71.03691099957695,42.51254100013477],[-71.03686899974414,42.51253199985631],[-71.03672800017715,42.512502000022465],[-71.03663500029074,42.51249699993836],[-71.03658400023711,42.51247300005898],[-71.03655599974971,42.51243499978962],[-71.03653999985617,42.51233599979842],[-71.03654599970396,42.51198199973088],[-71.03655300027498,42.51194899995353],[-71.03656999999342,42.51191999973346],[-71.03660099995555,42.51189200005623],[-71.03663299974261,42.51176600002907],[-71.03667299992559,42.51158400013008],[-71.03667399975048,42.51155800010125],[-71.03666999955253,42.51152699989991],[-71.03663399956751,42.51141000024044],[-71.03659900030573,42.51130300006022],[-71.03654200040432,42.5111980001694],[-71.03654599970396,42.511167999695196],[-71.03656800034359,42.511127000237856],[-71.03655699957463,42.510994999880324],[-71.0364970001985,42.5108279997158],[-71.03650300004627,42.510807000254346],[-71.03652999981044,42.510779000078514],[-71.03660199978046,42.51073200022818],[-71.03663199991769,42.51071000015927],[-71.03665200000918,42.510652999794246],[-71.03666600025288,42.51062199980624],[-71.0366810003215,42.51060100027558],[-71.03670899991057,42.51057900016056],[-71.03676499998708,42.51054700022024],[-71.03677800040587,42.51052500008626],[-71.03679699977411,42.51050599969339],[-71.03683000028441,42.51049900027907],[-71.03685500039877,42.5104969997841],[-71.0368860003609,42.510488999790034],[-71.03692599964556,42.51045900029993],[-71.03694599973704,42.51042100013049],[-71.0369559997828,42.51034999997852],[-71.03696599982854,42.510259999940466],[-71.03701799970707,42.510139000207474],[-71.0370410001716,42.51005799983938],[-71.03704500036956,42.51003099991412],[-71.03704799984429,42.509998999693245],[-71.03703899962346,42.50997999980268],[-71.03702799975281,42.509966000193295],[-71.03699699979067,42.50994900014311],[-71.0369690002016,42.50994900014311],[-71.0369359996913,42.509945999705266],[-71.03686500044451,42.50994800021792],[-71.03681699986562,42.50996500026837],[-71.03678199970552,42.509976000103805],[-71.03675599976624,42.50997400025426],[-71.03673400002494,42.509950000068294],[-71.03670499971263,42.50990500010857],[-71.03663600011565,42.50982699988094],[-71.03654300022924,42.50975700030689],[-71.03645700001552,42.50969300023047],[-71.03643100007623,42.50965600018739],[-71.03642000020558,42.5096390000529],[-71.03642500022846,42.50961499973825],[-71.03644500031993,42.5095910000766],[-71.03648999962748,42.50956499988095],[-71.03651599956673,42.50956499988095],[-71.03654099968108,42.50955300004168],[-71.03653700038144,42.509536999810955],[-71.03652899998552,42.50950799979614],[-71.03645899966533,42.509451000321626],[-71.03625799982387,42.50934100029411],[-71.03620599994534,42.5092700002398],[-71.03621299961803,42.50921499975987],[-71.03630399985462,42.50910400004057],[-71.03631399990037,42.5090490000768],[-71.03630499967954,42.50900200025006],[-71.03628600031128,42.508986999818816],[-71.03623799973239,42.508972999987066],[-71.03610300001317,42.50894600025531],[-71.0360620000053,42.50892199967457],[-71.03603299969298,42.50888000012613],[-71.03603000021825,42.50882000024929],[-71.03601500014963,42.50876300014733],[-71.03596400009602,42.50872299971948],[-71.03581599995799,42.50867399975642],[-71.03575400003372,42.50865200028761],[-71.03572999974428,42.50863900032693],[-71.03571700022378,42.50862000002298],[-71.03571100037601,42.508597999872926],[-71.03572700026955,42.50853399993423],[-71.03575700040676,42.50850600006458],[-71.03580199971431,42.50848000007979],[-71.03585600014097,42.508468999981105],[-71.03587600023245,42.50846400023664],[-71.03588999957785,42.5084489996763],[-71.03590100034681,42.50843299982521],[-71.03589399977581,42.50840899970973],[-71.03587600023245,42.50839199989828],[-71.03586000033893,42.50838400029706],[-71.03583100002662,42.50837500008224],[-71.03577800032316,42.50838400029706],[-71.03574499981289,42.508381999734354],[-71.03565500029953,42.50835599969804],[-71.0356050000708,42.50834800009218],[-71.03555300019227,42.50831299981792],[-71.03554599962126,42.50828599980112],[-71.03557199956053,42.508255999915875],[-71.0355699999107,42.508100999838106],[-71.03557999995645,42.508052000049716],[-71.03560300042099,42.50799499990968],[-71.03560000004794,42.50793299993073],[-71.03556900008579,42.50788100013591],[-71.035555999667,42.5078030000315],[-71.03557900013155,42.50773100025624],[-71.03563100001007,42.50763599994762],[-71.03563199983499,42.50756300001666],[-71.03557599975848,42.50750100027143],[-71.03549499956763,42.50745299997788],[-71.03524900041864,42.507326000306364],[-71.03502500011265,42.507172999848464],[-71.03495499979246,42.50714200012123],[-71.03491399978459,42.50710399992198],[-71.03489799989107,42.50705400004282],[-71.03490999958663,42.50686299989783],[-71.03490000043921,42.50675799983309],[-71.03492899985321,42.50667899967437],[-71.03495800016552,42.50664699972421],[-71.03498199955665,42.50661099984342],[-71.03500400019627,42.50659600016291],[-71.03505799972463,42.50656800008747],[-71.03513600044074,42.50653700006022],[-71.03534700032795,42.50640999985224],[-71.03537499991702,42.50639700008755],[-71.03540400022935,42.50637699978206],[-71.03540199968121,42.50634800028796],[-71.0353869996126,42.506315000185],[-71.03540199968121,42.506251999879915],[-71.0353940001836,42.50619000015893],[-71.03532899988627,42.50616499985883],[-71.03531499964258,42.50614900008534],[-71.03532100038868,42.50611899983681],[-71.03538999998565,42.50597500029764],[-71.03542400032083,42.50590899968055],[-71.03545199990994,42.505887999890994],[-71.03549100026798,42.505883999930326],[-71.03554700034448,42.50589199985146],[-71.03559199965201,42.505883999930326],[-71.0356259999872,42.50585100024468],[-71.03564199988072,42.50581499990554],[-71.0357389999651,42.50573599987963],[-71.03577300030031,42.50563999985629],[-71.03575200038391,42.505519999785385],[-71.03580799956208,42.505442000046195],[-71.03581599995799,42.50536900020219],[-71.03580400026244,42.505259000276155],[-71.03583900042254,42.505192000226394],[-71.03584299972218,42.5051580001737],[-71.03584899956995,42.50506799994486],[-71.0358300002017,42.50500799972038],[-71.03582600000374,42.504895999809406],[-71.03584100007235,42.5048430001305],[-71.03588499955497,42.50477800031295],[-71.03595200040044,42.504712999765616],[-71.03602199982232,42.504670000028646],[-71.03611700025688,42.50464799981297],[-71.0361549998917,42.50464999983286],[-71.03618699967876,42.50464299976285],[-71.03621099996822,42.50463200031345],[-71.03622799968666,42.504613000116095],[-71.0361890002269,42.50437399978915],[-71.03620400029551,42.50429599994467],[-71.03620099992249,42.504253999937184],[-71.03622000018905,42.50420099971401],[-71.03627200006758,42.504173999907884],[-71.03633999983964,42.50417899999551],[-71.03640699978679,42.50416599976689],[-71.03652099958961,42.50404100007968],[-71.036625000245,42.50394100001754],[-71.03674300024578,42.503857000159584],[-71.03679099992634,42.503783999789306],[-71.03685799987349,42.50365199981959],[-71.03688899983565,42.50362000030675],[-71.03696199963058,42.503532999934166],[-71.03711700033959,42.50344900019031],[-71.03735300034114,42.503325999794065],[-71.03743700000672,42.50330699986208],[-71.03757299955086,42.503299000272385],[-71.03770099959738,42.503335000073584],[-71.03773599975747,42.503362000242],[-71.03776699971961,42.50338400024799],[-71.03779600003192,42.50338999976658],[-71.03782199997119,42.503372999914795],[-71.03782199997119,42.503345999751126],[-71.03783299984185,42.503324999762924],[-71.03786399980399,42.50331700017557],[-71.0378930001163,42.50331200001901],[-71.03790999983474,42.50329800024081],[-71.03792499990335,42.50327100004476],[-71.0379340001242,42.50324799996664],[-71.0379550000406,42.503198000314754],[-71.03798000015495,42.503178000310335],[-71.03800000024643,42.50317300014271],[-71.03803299985837,42.50316499987357],[-71.03805399977477,42.50316499987357],[-71.0380760004144,42.503167999974615],[-71.038124000095,42.50321400018122],[-71.03815199968409,42.503227999978215],[-71.03819400041519,42.50324799996664],[-71.03820699993565,42.50325400016061],[-71.03826700021013,42.50326099972386],[-71.03828499975346,42.50323400017411],[-71.03826899985995,42.50320599991738],[-71.03825600033946,42.50318499988215],[-71.03827800008078,42.50313000000875],[-71.03828599957838,42.50309200001985],[-71.03825700016438,42.50305400000779],[-71.03823399969986,42.50304200024316],[-71.03819100004215,42.50301900008084],[-71.03816900030084,42.502983000097686],[-71.03818000017148,42.50295100024244],[-71.03819900043806,42.50293200019645],[-71.03826499966199,42.50292099978378],[-71.03836799959416,42.50291899970853],[-71.03846700022666,42.502883999706],[-71.03848599959491,42.502846000229816],[-71.03847499972427,42.50280499994997],[-71.0385120004325,42.50276499968331],[-71.03862200003736,42.5027270001348],[-71.03872099977154,42.502719999849475],[-71.03883899977234,42.502735999838265],[-71.03891499994032,42.50279400017719],[-71.03904100033702,42.502831000308234],[-71.03915500013984,42.50285199980009],[-71.03919299977466,42.502845000191],[-71.03926700029282,42.502830000269185],[-71.03929700043005,42.50282800019102],[-71.03934400028572,42.50282800019102],[-71.03936900040009,42.502847000268616],[-71.03938000027073,42.50286100014779],[-71.03939399961612,42.50287800013881],[-71.03942399975334,42.50290699991803],[-71.03947999982985,42.502935000308675],[-71.039582999762,42.502952000279556],[-71.03966999980064,42.502997999982796],[-71.0397509999915,42.50303399995732],[-71.0398649997943,42.50302100015289],[-71.04001200010741,42.5029559997656],[-71.04014099997883,42.50285299983879],[-71.04029599978954,42.502745000202665],[-71.04043600042992,42.50265299972773],[-71.04045899999615,42.50263999984408],[-71.04047700043782,42.502629000042326],[-71.04055699990543,42.50260799981328],[-71.0406039997611,42.50259800004863],[-71.0406380000963,42.502597000005885],[-71.0406670004086,42.50262099970357],[-71.04072599995983,42.502672999900085],[-71.0407440004015,42.50268699981823],[-71.04083100044015,42.50272299997182],[-71.04087200044802,42.50274000000035],[-71.04098200005288,42.50275499994376],[-71.0410189998628,42.502746000243086],[-71.04105499984782,42.50272600009407],[-71.04108099978708,42.502676000024735],[-71.0411440004346,42.502632000169086],[-71.04123999979575,42.502613000026145],[-71.04126400008518,42.502613000026145],[-71.0413979999795,42.50261600015364],[-71.04161300006464,42.50265199968587],[-71.04169300043058,42.502651000306194],[-71.04180399986035,42.50265000026426],[-71.04197700011272,42.50264299997031],[-71.04221899996205,42.50260599972802],[-71.04226300034297,42.50257399967981],[-71.04227900023652,42.502525000195156],[-71.04225300029724,42.50249500019433],[-71.04219800004564,42.502480000188534],[-71.04218399980195,42.502448000075844],[-71.04220999974122,42.50241599994677],[-71.04221700031222,42.50239000007817],[-71.04222900000778,42.50234299988076],[-71.04233899961265,42.5022429997518],[-71.0423910003895,42.502201999738766],[-71.04240399990998,42.50216699999715],[-71.0423920002144,42.50211800019347],[-71.04243599969703,42.50205799978693],[-71.04249900034453,42.50199599988028],[-71.0425610002688,42.50196100002335],[-71.04266099982793,42.5019510001552],[-71.04272000027746,42.50193900017892],[-71.04276799995806,42.50192299998618],[-71.04279300007241,42.501904000290075],[-71.04280800014104,42.50188099970907],[-71.04282700040758,42.501802000010244],[-71.04283400008028,42.50176700004471],[-71.04284599977585,42.50174800030121],[-71.04287599991308,42.50174300001921],[-71.0429119998981,42.50174300001921],[-71.04294600023329,42.501737999736754],[-71.04296399977662,42.5017350002294],[-71.04299300008894,42.50171899998445],[-71.0430409997695,42.501686000087155],[-71.04314000040203,42.50164300025515],[-71.04321900004476,42.501623999811656],[-71.0432369995881,42.501629000103186],[-71.04328299961885,42.50160800020061],[-71.04341200038861,42.50155699984002],[-71.04349299968115,42.501506000100186],[-71.04351199994771,42.501456999778476],[-71.04358999976552,42.50140900014252],[-71.04365400023794,42.50136900030733],[-71.04370600011647,42.501323000067835],[-71.04373200005574,42.50129200008895],[-71.04375899981991,42.50125200017891],[-71.04377399988853,42.50119900005997],[-71.04378899995716,42.5011249998313],[-71.04379999982781,42.50101699985945],[-71.0438070003988,42.50096599967915],[-71.04382499994217,42.5009520000379],[-71.04383199961484,42.5009150001195],[-71.04383300033808,42.500880000319746],[-71.04382599976707,42.50085900016556],[-71.04381499989641,42.50084299969644],[-71.04375200014724,42.50075399995113],[-71.04372100018509,42.50069599970662],[-71.04371299978916,42.50067199993228],[-71.04370600011647,42.5006259998423],[-71.04368699984991,42.50056599999086],[-71.04366000008571,42.50054000001526],[-71.04363699962119,42.50052899984399],[-71.04361800025292,42.50051400002884],[-71.04360800020719,42.500491999675276],[-71.04356300000134,42.50037299973602],[-71.04355299995558,42.50034699968016],[-71.04355600032865,42.50031200022473],[-71.04359099959044,42.50028099974459],[-71.04364199964405,42.50025899997136],[-71.04366299956045,42.50025099999167],[-71.04367799962907,42.50024099985004],[-71.04371699998713,42.500215999820234],[-71.04372399965982,42.50018700011747],[-71.04373200005574,42.50016799989385],[-71.04370799976631,42.50011400009818],[-71.04367099995638,42.5000570000057],[-71.043609999857,42.49999600018617],[-71.04347799961252,42.49987000002306],[-71.04340800019065,42.49979799972129],[-71.04330899955814,42.49969599997968],[-71.04327699977108,42.499668000125396],[-71.04324300033419,42.49964299986643],[-71.04319599958023,42.49963200019968],[-71.04311000026482,42.49963300028989],[-71.04304599979238,42.499609000107526],[-71.04299399991386,42.499565000080445],[-71.04286199966937,42.499493000089736],[-71.04271899955425,42.49940499984135],[-71.04267500007163,42.49938499994821],[-71.04264300028457,42.499387000136515],[-71.04261800017021,42.49940800012276],[-71.04257399978928,42.49941199983551],[-71.04252899958344,42.49940100012817],[-71.04250299964419,42.499381000233754],[-71.04247099985713,42.49934600023765],[-71.0424120003059,42.499241000131704],[-71.04239499968915,42.499152000093055],[-71.04236200007718,42.49901699997874],[-71.04235799987921,42.498900000085406],[-71.04231699987135,42.49879900030714],[-71.04227000001568,42.49874299978268],[-71.04217899977908,42.4986660003043],[-71.04207400019708,42.49857900032371],[-71.04203700038717,42.49853699978733],[-71.0420330001892,42.498485000124944],[-71.04207800039504,42.49837799967735],[-71.04209500011348,42.49831000009005],[-71.04208699971757,42.49827099970896],[-71.04207500002201,42.49822100005096],[-71.04203200036429,42.49815300029293],[-71.04197100026492,42.49812599986201],[-71.04186499995973,42.498108999903636],[-71.04175700000468,42.498081000000994],[-71.0417369999132,42.49807000005952],[-71.04171500017189,42.49805699988528],[-71.04168500003468,42.49800999974237],[-71.04165599972235,42.49798600026169],[-71.04159700017112,42.4979670000316],[-71.04152600002601,42.49793900006542],[-71.04146400010173,42.49791399977752],[-71.04137299986512,42.49788199997727],[-71.04133900042827,42.49787499981179],[-71.04131900033677,42.49786800030787],[-71.04129300039752,42.49785199973569],[-71.04127699960566,42.49783499970278],[-71.04123499977287,42.497812999731295],[-71.04116399962776,42.497786999935634],[-71.04111500012226,42.497779000302025],[-71.04103099955836,42.49777300024497],[-71.04098899972557,42.497758999888866],[-71.04095600011361,42.49774099971022],[-71.04093799967194,42.49773099982956],[-71.0409279996262,42.497708999821434],[-71.04093600002213,42.497689000048226],[-71.04094100004498,42.49766400032267],[-71.0409629997863,42.49764700023869],[-71.04104499980207,42.49761099981178],[-71.04108400016013,42.4975779997334],[-71.0410950000308,42.49753400026415],[-71.04108499998505,42.49748400001687],[-71.04103399993141,42.49743899969384],[-71.04083700028792,42.49731100008462],[-71.04077799983838,42.497280000103636],[-71.04070699969327,42.49726699976516],[-71.04066200038572,42.497245000256186],[-71.0406380000963,42.49722099981962],[-71.04061299998195,42.497119999978715],[-71.04055500025562,42.49701699971071],[-71.04050400020199,42.49692699968486],[-71.04044700030059,42.496881000151554],[-71.04043100040705,42.496876000142635],[-71.0404120001405,42.49687799974883],[-71.04037699998038,42.49687399987402],[-71.04035500023909,42.496871000133325],[-71.04032400027693,42.49684600008074],[-71.04031599988102,42.49681200012571],[-71.04032500010184,42.4967119997612],[-71.04036600010971,42.49658000009493],[-71.04037100013261,42.49653999981991],[-71.04032699975167,42.49650100032196],[-71.04024999975877,42.49645999985547],[-71.04016299972014,42.49642799997352],[-71.04012000006244,42.49639200016954],[-71.04011500003956,42.49635599968247],[-71.04014000015391,42.496286000258344],[-71.04014299962867,42.49622200029994],[-71.04014299962867,42.496189000150935],[-71.04011199966651,42.49616299968006],[-71.04004999974224,42.4961559999845],[-71.03996600007665,42.49616200019671],[-71.03990900017524,42.4961559999845],[-71.03988400006088,42.49612900001604],[-71.03985200027383,42.496093000039885],[-71.03985399992365,42.49605499974824],[-71.03990800035034,42.49594899992818],[-71.0400189997801,42.4958000000523],[-71.04006300016103,42.495740999696636],[-71.04013000010818,42.495650999821414],[-71.0409200001286,42.49457300016937],[-71.04185900011194,42.49329199967033],[-71.04234700000856,42.49262500012399],[-71.04520900016442,42.48871999978178],[-71.04549500039468,42.48859599995464],[-71.04672499973286,42.48806200032659],[-71.04694900003884,42.48796399977324],[-71.0478829999993,42.48755999991326],[-71.05025200023566,42.48653299998567],[-71.05137899964164,42.48633400031304],[-71.05141499962666,42.486321999989656],[-71.05262099957369,42.48610199983564],[-71.05262899996961,42.48605699993464],[-71.05266099975665,42.485871000133024],[-71.0529450003371,42.48422899973425],[-71.05308199970615,42.48344099987221],[-71.05340599957124,42.48156999969909],[-71.05349099996006,42.481080999921275],[-71.05356600030314,42.48064799984876],[-71.05360899996082,42.48039600014531],[-71.05373100015956,42.47969500024072],[-71.05389000016824,42.47877599987105],[-71.05421400003333,42.47690299975101],[-71.05377499964219,42.47640000010382],[-71.05336499956337,42.475925000284455],[-71.05278799997826,42.475271000023476],[-71.0524809998316,42.47492400021607],[-71.05237899972435,42.47480800013203],[-71.0523310000438,42.47475400030517],[-71.05157100016059,42.473891999729794],[-71.05140499958092,42.47370399985816],[-71.05125599961801,42.473534999791134],[-71.0509950004004,42.47323899993846],[-71.05082200014805,42.47304299994616],[-71.05065300009365,42.472851000088696],[-71.05052400022223,42.47270499976148],[-71.05037799973402,42.472539999753224],[-71.05017299969462,42.47230799980898],[-71.05000399964023,42.47211599968459],[-71.04998299972382,42.4720920002074],[-71.04986800009611,42.47196200000811],[-71.04966200023178,42.47172599975142],[-71.04859900039988,42.47052400006699],[-71.04777800041732,42.4695929999723],[-71.04719500008613,42.46893300029585],[-71.04708899978093,42.46881100018793],[-71.04697900017607,42.46868699999754],[-71.04694900003884,42.46865299997725],[-71.04533800003585,42.466827000135325],[-71.04527199991362,42.46675300032439],[-71.0452490003474,42.466726000255214],[-71.04506100002642,42.46651399977346],[-71.04478400001699,42.4661979999483],[-71.04458300017554,42.465970000216245],[-71.04444199971023,42.465811000155746],[-71.04404199967713,42.46535800028231],[-71.04357700024505,42.46482899971887],[-71.04351299977262,42.4647570001672],[-71.04343199958177,42.46466500014097],[-71.04330799973322,42.46452499987046],[-71.04275500043758,42.46389699974685],[-71.04159100032334,42.46257599987999],[-71.04119899978785,42.46213100001047],[-71.04075699992198,42.46162999967707],[-71.03996799972647,42.46073500031191],[-71.03888399997818,42.45950699986187],[-71.0372739998001,42.45767900014267],[-71.03653999985617,42.45684699973947],[-71.03645100016772,42.45674600032816],[-71.03596699957075,42.456197000121165],[-71.03576099970641,42.4559630003302],[-71.03476999984454,42.454831999839854],[-71.02785700020256,42.4470009998322],[-71.02757199979719,42.44667799970375],[-71.02586399970983,42.44474300000707],[-71.02583600012075,42.44470900024204],[-71.02548600031639,42.444976000317936],[-71.0254660002249,42.444991000191614],[-71.02542000019415,42.445026000103866],[-71.02521500015473,42.445182999981036],[-71.02518199964445,42.44520800012779],[-71.0239039997274,42.446184999960145],[-71.02367799977158,42.446358000072685],[-71.0218910000415,42.447723000101895],[-71.0203419999628,42.44890600019579],[-71.01988500002832,42.44925599976488],[-71.0187569998991,42.45011800021218],[-71.01830499998746,42.44959099993542],[-71.0150250002552,42.44577200023121],[-71.01461000015348,42.44528900029624],[-71.01398099979154,42.44456299991045],[-71.01324000017493,42.443708000178084],[-71.01229399962058,42.442596000280645],[-71.01210700002284,42.44237499987079],[-71.01192399972474,42.44216400015287],[-71.0118640003486,42.44213399971114],[-71.01109199987152,42.44175099977005],[-71.01076899983133,42.44159100017099],[-71.01029799965315,42.44135799986673],[-71.00981499977938,42.44111899983513],[-71.00967099983933,42.4410470002017],[-71.00950299960984,42.440963999785005],[-71.009689000281,42.44082400022273],[-71.00974700000732,42.440804000165066],[-71.00987699970365,42.44078200002793],[-71.00991699988663,42.44076300032511],[-71.00996200009247,42.440725000239354],[-71.0100690002226,42.440669000105785],[-71.01015299988819,42.44064699992125],[-71.01018100037558,42.44064699992125],[-71.01021399998756,42.44063999998144],[-71.010238000277,42.44062600009949],[-71.01029900037636,42.44056299992904],[-71.01036200012555,42.44054499986871],[-71.01040499978328,42.4405120001866],[-71.01044800033928,42.440510000104894],[-71.01050699989051,42.440524000012765],[-71.01053399965468,42.44050800002307],[-71.01054500042366,42.44047300023859],[-71.01058200023357,42.4404270003027],[-71.0106049997998,42.44041199999925],[-71.01065699967833,42.44040599974431],[-71.01069199983844,42.44039399989554],[-71.01074299989206,42.44038099967014],[-71.01078600044808,42.440357999672614],[-71.01082099970985,42.440319000291694],[-71.01084499999932,42.4403100002271],[-71.01086699974061,42.4403100002271],[-71.01088900038025,42.44031799991629],[-71.01092799983998,42.44032200009195],[-71.01094100025877,42.44031099993973],[-71.01093899971065,42.44028200031261],[-71.01094200008369,42.440269999777186],[-71.0109849997414,42.44026499988491],[-71.01101200040388,42.44026900006396],[-71.01103499997011,42.44027300024275],[-71.01106400028245,42.440278000134384],[-71.01111500033605,42.44027699975833],[-71.01114999959783,42.44025700018896],[-71.01117200023747,42.44023400014597],[-71.01119599962861,42.44020900000318],[-71.01127099997167,42.4401430002677],[-71.0113010001089,42.44011199980545],[-71.01133299989593,42.44009700008955],[-71.01137999975161,42.44009099980439],[-71.01144199967588,42.44009000008831],[-71.0114850002319,42.44008000027457],[-71.01153700011045,42.44005299997398],[-71.01159300018693,42.440029999856115],[-71.0116950002942,42.439985999693505],[-71.01175700021847,42.43995900001536],[-71.0117940000284,42.439952999717036],[-71.01182599981544,42.43994400026283],[-71.0118509999298,42.43991600018477],[-71.01185400030285,42.439859000271355],[-71.01185900032573,42.43982499984468],[-71.01187100002129,42.43977900009602],[-71.01189699996056,42.43974800011664],[-71.01197200030363,42.43973199992879],[-71.01203099985486,42.439726999993574],[-71.01208500028153,42.43969300015824],[-71.0121329999621,42.43965799991851],[-71.01218099964268,42.43964599992655],[-71.01221300032805,42.439655999809546],[-71.01223400024445,42.439686000111855],[-71.01226900040454,42.43972400016483],[-71.01232499958272,42.43975000022267],[-71.0123649997657,42.4397410000764],[-71.01237099961347,42.43970000020384],[-71.01235499971996,42.439659000304445],[-71.01234499967421,42.43961699999164],[-71.0123229999329,42.439592999989664],[-71.01228899959773,42.43958300009662],[-71.01226199983353,42.43958700031924],[-71.01223000004649,42.43957699976229],[-71.01221400015295,42.439549000183185],[-71.01220400010722,42.439513999863024],[-71.01220400010722,42.43945599985766],[-71.01218599966556,42.439426000108135],[-71.01213600033516,42.439416999915316],[-71.0120839995583,42.43941800030511],[-71.01204199972551,42.439402000033],[-71.01201499996132,42.43937200025767],[-71.01200200044084,42.43930700003214],[-71.01199499986984,42.4392609999032],[-71.01195200021213,42.43922199983946],[-71.01190199998342,42.439150000015026],[-71.01187799969397,42.43908500022217],[-71.01184699973184,42.4390349996727],[-71.01180200042432,42.43899699986485],[-71.01175100037068,42.43898100014819],[-71.01170000031705,42.43899100013731],[-71.01163500001974,42.43904399992042],[-71.0115980002098,42.4390600002839],[-71.01155800002684,42.439051999771195],[-71.01149899957728,42.439023999957506],[-71.01142999998032,42.43900800024774],[-71.01136300003317,42.43900499972161],[-71.0113010001089,42.4390349996727],[-71.01125799955287,42.4390600002839],[-71.01122400011599,42.43907399985279],[-71.01117800008524,42.43907599998039],[-71.01114100027533,42.439063999876915],[-71.01112399965858,42.43903300020676],[-71.01113200005449,42.43899999972839],[-71.01113799990227,42.43896600016154],[-71.0111470001231,42.43890900004685],[-71.01112299983366,42.438871000162585],[-71.01105900025955,42.43884499974001],[-71.01103999999299,42.43883999973398],[-71.01095299995434,42.43881499969796],[-71.01090799974851,42.4387800002937],[-71.0109000002509,42.43874300006885],[-71.01094000043388,42.438684000274215],[-71.01094299990861,42.4386570000351],[-71.01094600028165,42.43863499980705],[-71.01093000038811,42.438596999756626],[-71.01089500022803,42.43858899984777],[-71.01086099989283,42.43860300018484],[-71.01083099975561,42.43863400006773],[-71.01083499995357,42.438670999694025],[-71.01083800032661,42.438702000206234],[-71.010851999672,42.43872700028734],[-71.01084300034948,42.43874899982011],[-71.01082800028088,42.43875899984621],[-71.01079599959552,42.43875899984621],[-71.01074999956475,42.43875300009594],[-71.01070199988418,42.43874699968208],[-71.01067000009712,42.43873899979237],[-71.01064900018072,42.43871500011703],[-71.01064599980768,42.43867799985379],[-71.01065199965548,42.438652000014066],[-71.01067099992204,42.438603999924666],[-71.01065599985343,42.438562999971104],[-71.0106049997998,42.438537000083656],[-71.01056799998987,42.4385069998942],[-71.01055200009637,42.43847899983693],[-71.01053600020282,42.43844499998739],[-71.01050400041576,42.43842299968496],[-71.0104290000727,42.43840899997063],[-71.0103439996839,42.438388999805035],[-71.01027699973675,42.43837700023297],[-71.01021300016264,42.43836499999568],[-71.01015999956087,42.43835299975604],[-71.01011699990318,42.43833499972383],[-71.01009900035982,42.43830099979615],[-71.01009699981168,42.43827100015662],[-71.0100909999639,42.438219999874626],[-71.0101050002076,42.43818800004049],[-71.01013000032196,42.43817599976696],[-71.0101689997817,42.4381640001541],[-71.01020800013976,42.43815600018997],[-71.01023999992681,42.43815699993692],[-71.010274000262,42.43816199999745],[-71.01029799965315,42.43819800015611],[-71.0103720001713,42.43820300021338],[-71.01040200030852,42.43820900001636],[-71.0104280002478,42.43821100017151],[-71.01046900025567,42.438206000114945],[-71.01051100008847,42.438201000057916],[-71.01055499957108,42.438177000176566],[-71.0105760003858,42.438166000310744],[-71.01061099964758,42.43812700022845],[-71.01062499989129,42.43810199990797],[-71.01063599976193,42.43807700024049],[-71.01062999991416,42.438038999851685],[-71.01062499989129,42.43800499976335],[-71.01062800026433,42.43797900030741],[-71.01063099973906,42.43795499967805],[-71.01066199970121,42.437913000211964],[-71.0106960000364,42.43787999980668],[-71.01073500039445,42.437852999884065],[-71.01074200006715,42.43781599977478],[-71.01073600021938,42.43776400003224],[-71.01071199992991,42.43772399994591],[-71.01066800044731,42.43770299980749],[-71.01063599976193,42.43769900012757],[-71.01059999977693,42.43769300027581],[-71.01056399979191,42.43769300027581],[-71.01053200000486,42.43769300027581],[-71.01047900030142,42.43767799998079],[-71.01045500001197,42.437656000072046],[-71.01043900011845,42.43764399969663],[-71.01043099972253,42.43760799988263],[-71.01042499987474,42.437583999774155],[-71.01043499992049,42.437553000034804],[-71.0104430003164,42.437528000148255],[-71.01049000017207,42.43748400021768],[-71.01051699993626,42.43747699992452],[-71.01052600015709,42.43744600013224],[-71.01055600029433,42.437432999958126],[-71.01057700021072,42.437421999961714],[-71.01059999977693,42.43740899978263],[-71.01062200041655,42.437397000022905],[-71.01063599976193,42.43738399983864],[-71.01066199970121,42.43736400000887],[-71.01067699976981,42.4373470001154],[-71.01069799968622,42.43727899983245],[-71.01065699967833,42.43725099988944],[-71.01064800035583,42.43724299980875],[-71.0106259997162,42.43722299993399],[-71.01063900013499,42.43719599972829],[-71.01067099992204,42.43717200012497],[-71.01071199992991,42.43715500017941],[-71.01074700009003,42.4371440001342],[-71.01078499972485,42.43713399985032],[-71.01079800014364,42.437130000134125],[-71.01082800028088,42.437119999848015],[-71.01086099989283,42.43711099998693],[-71.01089400040313,42.437099000170136],[-71.01092700001509,42.43708299996891],[-71.01094899975638,42.437051999981676],[-71.01095399977926,42.43702999985316],[-71.01096800002296,42.43701299986908],[-71.01096999967278,42.43697099977164],[-71.01098200026667,42.43694700008218],[-71.0109849997414,42.43692299972051],[-71.0110340001452,42.43689099988703],[-71.01104099981788,42.43687900002811],[-71.01104699966568,42.43686700016689],[-71.01103900016807,42.43684100023874],[-71.0110550000616,42.436818000267806],[-71.01109000022169,42.436795000288484],[-71.01110699994014,42.43679099988761],[-71.0111260002067,42.43678499994892],[-71.01114399975005,42.43678299974819],[-71.01116999968933,42.4367799997785],[-71.01121400007025,42.43677800024061],[-71.01125000005527,42.436779000009594],[-71.01128900041333,42.4367799997785],[-71.01131399962937,42.436779000009594],[-71.01135800001029,42.43677699980867],[-71.01138099957652,42.436770999868585],[-71.01141499991171,42.4367500000738],[-71.01143400017828,42.43672300032729],[-71.01144199967588,42.436692999932326],[-71.01144000002606,42.43668000026499],[-71.01143699965301,42.436655999801054],[-71.01140200039123,42.436619000310976],[-71.01137700027687,42.436605000193616],[-71.01134299994169,42.436590000301145],[-71.01131299980446,42.43657699994946],[-71.01128299966723,42.43656100027789],[-71.01125900027611,42.436562000050344],[-71.01120900004737,42.436553000109114],[-71.01114499957497,42.43657099999027],[-71.011111999963,42.436579000156755],[-71.0110690003053,42.43658399968022],[-71.0110419996428,42.436576000177304],[-71.0110140000537,42.43656299982272],[-71.01099399996224,42.43654199995823],[-71.01099300013732,42.43651599989523],[-71.01100900003084,42.43650099998146],[-71.01103300032028,42.43647599967527],[-71.01105900025955,42.43645999997792],[-71.01109699989439,42.436442999839215],[-71.01112799985654,42.43643099989451],[-71.01115299997088,42.43642100015985],[-71.01119499980369,42.43641500018567],[-71.01121800026822,42.436401999797674],[-71.01125400025323,42.43638000010392],[-71.01127000014674,42.436369999698115],[-71.01129000023825,42.43635600018812],[-71.01131299980446,42.43633800024521],[-71.01132600022326,42.436327999832756],[-71.01136100038336,42.43629799991162],[-71.01138099957652,42.4362799999521],[-71.01139800019327,42.43626400020471],[-71.01144000002606,42.436225000264656],[-71.01141599973663,42.435991000114655],[-71.01130699995667,42.435919999675356],[-71.0112380003597,42.43586900013194],[-71.01109500024457,42.43572499998797],[-71.01099999981001,42.435644000051646],[-71.01091500031951,42.43555600016589],[-71.0108020003416,42.4353980002417],[-71.01074299989206,42.43526200001307],[-71.01073399967123,42.43522699995041],[-71.01072600017363,42.435084000116234],[-71.01073299984631,42.435012999975356],[-71.01078100042521,42.43487400017632],[-71.01081700041023,42.43473299980289],[-71.01083499995357,42.43468199995647],[-71.01077700022725,42.434567999837654],[-71.01051500028643,42.43455200031619],[-71.01041700037715,42.43455000004419],[-71.01032000029275,42.434540000009385],[-71.01008099991816,42.43450299993297],[-71.00978999966503,42.43447899996135],[-71.00974299980936,42.43446899991521],[-71.00956000040956,42.43441799985394],[-71.00951699985355,42.434402000294135],[-71.00943499983778,42.43436200005086],[-71.00931900038515,42.434296999932506],[-71.00927699965403,42.4342780002524],[-71.00912299966826,42.43430000002106],[-71.00886900012335,42.434335999746416],[-71.0086260004491,42.43435299979368],[-71.00858000041833,42.43434599981378],[-71.00853799968723,42.43432700014852],[-71.00846099969434,42.43428299995942],[-71.00825200035528,42.434132999956546],[-71.00809300034663,42.434048999851214],[-71.0080070001329,42.43401500025012],[-71.0078730002386,42.433972000318704],[-71.00777899962895,42.433951000248946],[-71.00753900032777,42.43394899995782],[-71.00748999992395,42.43394400022415],[-71.00730199960297,42.43390500016635],[-71.00716500023394,42.43386799971504],[-71.00697400043823,42.43383799994232],[-71.00692599985935,42.433800000298035],[-71.0067750002466,42.43365999997899],[-71.00664899984992,42.43355099975563],[-71.00657100003211,42.43346000011732],[-71.00653199967405,42.43339399990358],[-71.00616299960309,42.43316299993415],[-71.00591999992885,42.433043999898864],[-71.00587499972302,42.43302899981708],[-71.00569099959999,42.432981000061744],[-71.00564299991942,42.432973000098926],[-71.00554599983504,42.432964000305304],[-71.00544899975067,42.432964000305304],[-71.00487499964031,42.433052999680996],[-71.00472900005043,42.433062999953066],[-71.00463199996607,42.43305500000076],[-71.00453900007963,42.433032999795074],[-71.00436300035254,42.432970999776586],[-71.00422400043539,42.432935999760424],[-71.00403399956626,42.43290300004933],[-71.00366200002058,42.43281500029286],[-71.00343500023988,42.432748000229644],[-71.00330200017048,42.43270299976106],[-71.00308100023753,42.432804000148835],[-71.0029940001989,42.432836999912055],[-71.00294300014527,42.432821999780735],[-71.00272700023521,42.43273700007386],[-71.0026490004174,42.43269499976277],[-71.00253899991424,42.4326229997322],[-71.00214999975181,42.4326080002127],[-71.00193399984174,42.4324809997611],[-71.00176999981021,42.43238599987628],[-71.0015859996872,42.43226900003664],[-71.00112399972983,42.431950000253956],[-71.00083900022278,42.43179800027483],[-71.00076800007768,42.431760000056656],[-71.00065599992467,42.43169099982848],[-71.0004240001211,42.43156000009919],[-70.99985699968343,42.43129600010635],[-70.99847500000931,42.43129600010635],[-70.9979889997625,42.43120099975145],[-70.99744800016242,42.43109699985394],[-70.99737100016954,42.43106899980101],[-70.99734699988008,42.43106600022085],[-70.99729400017665,42.43105899987383],[-70.99723399990218,42.43105100032873],[-70.99721299998578,42.43105600029319],[-70.99691300041013,42.43101000007483],[-70.9966089997382,42.43097100018039],[-70.99652199969958,42.430959999712776],[-70.996433999836,42.430948000044296],[-70.9960739999859,42.43090199974668],[-70.99571400013579,42.43085500021493],[-70.99542700008061,42.43097799987424],[-70.99534300041505,42.43105100032873],[-70.99512599978173,42.43114499972609],[-70.9948489997723,42.43114999968301],[-70.9947790003504,42.43119599979861],[-70.99470200035752,42.43139100031725],[-70.99418599997348,42.43192000022619],[-70.99366899976454,42.432449000311486],[-70.9931519995556,42.4329789997396],[-70.99263400042005,42.43350899998998],[-70.99202299960146,42.43413500024185],[-70.99025699978779,42.43482299978164],[-70.99018399999284,42.434851999946154],[-70.99012000041874,42.43487700023725],[-70.98953000041486,42.434652999713286],[-70.98780499971075,42.43399800011113],[-70.98575400039003,42.432556999963104],[-70.98370800019387,42.431663000040956],[-70.98229399983437,42.43129600010635],[-70.98084299966497,42.43193000001602],[-70.97989399963588,42.43239600025479],[-70.97964799958858,42.4326309997397],[-70.97945400031814,42.43281500029286],[-70.9790280003458,42.43322399993702],[-70.9784090000296,42.433818000306914],[-70.97519399969632,42.43689600004854],[-70.9715940002969,42.44269600029691],[-70.96859400004878,42.444396000017576],[-70.96629299958448,42.44349700030905],[-70.96624300025408,42.443499999957155],[-70.96616999956083,42.44350399992967],[-70.96609599994099,42.44350700024036],[-70.9651379996911,42.44355600021206],[-70.96417899961625,42.443605999805456],[-70.963611000252,42.44363499988281],[-70.96304299998943,42.44366399994675],[-70.95990899984702,42.443824999874636],[-70.95691799981972,42.44398000013893],[-70.95079299965003,42.44429600006307],[-70.95105200011612,42.441145999676365],[-70.95120299972886,42.43930999988084],[-70.95122500036847,42.439046999781674],[-70.95139299969965,42.43699599988035],[-70.95299299983198,42.429396000129515],[-70.95304899990848,42.42929600010575],[-70.9538520003477,42.42787500014515],[-70.95909299988732,42.418597000297346],[-70.96209300013544,42.41239700002632],[-70.95949399974532,42.40749799980174],[-70.94120600017317,42.39665199999723],[-70.92855300032593,42.389146999996186],[-70.92459300017809,42.38679799973114],[-70.91789200024823,42.385996999774314],[-70.9012919997736,42.384098000036616],[-70.8743259996724,42.389024999756714],[-70.85143600006995,42.393208999722944]]]},"properties":{"GEOID":"25009","BASENAME":"Essex","STATE":"25","COUNTY":"009","AREALAND":"1275605270","NAME":"Essex"}},{"type":"Feature","geometry":{"type":"Polygon","coordinates":[[[-71.32732700013193,42.313746000032786],[-71.32729199997182,42.31373800014614],[-71.32692799992375,42.31382900004218],[-71.3268450000831,42.31384999979509],[-71.32659499983784,42.31391199994213],[-71.32651299982207,42.31393300033162],[-71.32632299985126,42.31398100015178],[-71.32575799996175,42.31412299993121],[-71.325571000364,42.31416900014655],[-71.32532799979144,42.314230000250376],[-71.32482599965111,42.31435500012586],[-71.32464099970318,42.31440100017168],[-71.32440999972448,42.31445900021038],[-71.32430099994454,42.31448600009563],[-71.32397600025453,42.314568000069805],[-71.3238680002995,42.31459499990829],[-71.32366599973483,42.314644999996844],[-71.32304399994389,42.31480099967246],[-71.32299600026332,42.314813000295786],[-71.32285300014817,42.31484799977573],[-71.32280600029253,42.314859999725826],[-71.32268499991869,42.31488999992312],[-71.32232400024367,42.314981000146254],[-71.32220500041798,42.31501100028583],[-71.32187900000474,42.3150919998607],[-71.32150599973583,42.315186000261725],[-71.3212560003889,42.31524799975685],[-71.32109099963415,42.31529100001364],[-71.32097799965625,42.31531800020621],[-71.32064499957032,42.315401000135225],[-71.32053499996545,42.315428999990544],[-71.32047200021627,42.3154449999972],[-71.32028200024547,42.315492999992664],[-71.32021899959797,42.31550800027434],[-71.32004100022105,42.31555200006151],[-71.31950800011857,42.3156839999026],[-71.31933200039147,42.31572899993615],[-71.31907299992538,42.31579400000153],[-71.3188219998552,42.31585699992934],[-71.31849799999011,42.315937000041984],[-71.31822500017866,42.31600399995841],[-71.31753100041769,42.316178000132],[-71.31720800037752,42.31625700013983],[-71.31410799967196,42.317036000228875],[-71.3123929999119,42.317465000208045],[-71.3122160003599,42.317510000296515],[-71.3116890001052,42.31764299969087],[-71.31151300037811,42.3176880003163],[-71.31088499984108,42.317841000076456],[-71.31055199975515,42.317924999669366],[-71.30775700044475,42.31862500010857],[-71.30682599995903,42.31885799996787],[-71.30665600007971,42.318900000095866],[-71.30614899991652,42.319026999964514],[-71.30598099968702,42.319068999979756],[-71.30558300020209,42.31916900031439],[-71.30475200017379,42.31937699967765],[-71.30433899972189,42.319479999788],[-71.30405199966673,42.31955200013262],[-71.30347400025673,42.31969599991045],[-71.30259399982462,42.319917000141615],[-71.30257399973314,42.319922000327175],[-71.30255700001469,42.3199260002097],[-71.30247099980097,42.31994800022316],[-71.30174600007787,42.32012900022299],[-71.30116899959448,42.32027300000876],[-71.29995500014985,42.32057600032216],[-71.29852700044496,42.32093399969107],[-71.29823100016895,42.32100699998584],[-71.29734400006414,42.32123000016165],[-71.2970500003363,42.321303000113],[-71.29637300029376,42.32147299979879],[-71.29434200016621,42.32198199981556],[-71.2936659999486,42.3221520003236],[-71.29353500042735,42.322184000234984],[-71.29314200006696,42.322278000005234],[-71.29301200037062,42.32230900025192],[-71.29291000026338,42.322334000225545],[-71.2927579999274,42.32236999977152],[-71.29260599959146,42.32240700022437],[-71.29250500020743,42.322430999896184],[-71.2923620000923,42.32246500019039],[-71.29193500029504,42.32256799989515],[-71.2917930000048,42.322602000115374],[-71.29045800018633,42.32294500007843],[-71.28887999979533,42.32335000031117],[-71.28660799964335,42.32391799995009],[-71.2856899995764,42.32414800009219],[-71.28510200012066,42.32429600024723],[-71.28372000044655,42.32463999983697],[-71.28235600031576,42.32498100019965],[-71.2818170003655,42.325116000183094],[-71.28162999986944,42.325162999887965],[-71.28136999957844,42.32522599973406],[-71.28130299963131,42.32524399967847],[-71.28125699960054,42.32525600030273],[-71.28075000033566,42.325382999961484],[-71.2789650002554,42.325828999718006],[-71.27884399988157,42.32585700024649],[-71.27811800033356,42.326037999851664],[-71.27802100024918,42.32606299967182],[-71.2778890000047,42.32609599979112],[-71.2773750001688,42.32622399994911],[-71.27671900004269,42.326387999750246],[-71.27663799985183,42.32640899996118],[-71.2758889998393,42.32659599982254],[-71.27479500004526,42.326871000171586],[-71.27438499996643,42.3269769998764],[-71.27431600036947,42.326993000267485],[-71.27395700034427,42.327080000164116],[-71.27217300008893,42.327521999780664],[-71.27006599979339,42.32805800004443],[-71.26995799983835,42.32808600024493],[-71.26990099993695,42.328036999719835],[-71.26988500004342,42.328022999942334],[-71.26987400017276,42.32801700022645],[-71.26986599977685,42.32800699981323],[-71.26982999979184,42.32797500020706],[-71.26969699972246,42.3278599999313],[-71.26955899963018,42.32777900018837],[-71.26935799978874,42.327717999935956],[-71.2688699998921,42.32763999988632],[-71.26854199982904,42.32760400003516],[-71.26830400017766,42.32757799998221],[-71.26791300036541,42.327528000207856],[-71.26768499986149,42.327522999962596],[-71.26752699967771,42.32751899989889],[-71.26675000007609,42.32752899972555],[-71.26658400039473,42.327493999993266],[-71.26622399964631,42.327416999849504],[-71.26609700032303,42.32739099971927],[-71.26599100001782,42.32735199983588],[-71.26583899968185,42.32729700028277],[-71.2656870002442,42.32724200001748],[-71.26534199956437,42.32706399979521],[-71.26501799969928,42.32687299989194],[-71.26475199956052,42.32668900011132],[-71.26447499955107,42.32650000013006],[-71.2641819996481,42.326310000043925],[-71.2641449998382,42.326294999680634],[-71.26400699974593,42.32624500021479],[-71.26382699982086,42.32616000023472],[-71.26369899977435,42.326079999836054],[-71.26353599956774,42.32601700018105],[-71.2634629997728,42.32601000006786],[-71.26327199997709,42.32599899979365],[-71.26309200005204,42.32605200007097],[-71.2629129999519,42.32621900026436],[-71.26281800041563,42.326307000104414],[-71.26248799980446,42.326508999920705],[-71.26225600000086,42.326585000314886],[-71.26195200022724,42.32664900026106],[-71.26149899959239,42.326704999911506],[-71.26122900015399,42.326738999888384],[-71.26091799980935,42.32677299984694],[-71.26024900016276,42.32678999981935],[-71.26005499999398,42.326774000040785],[-71.2598859999396,42.32676299990011],[-71.25970600001455,42.32671300014213],[-71.25956500044755,42.326673999838405],[-71.2593589996849,42.32660500026355],[-71.25919999967626,42.326510000118695],[-71.25916200004141,42.32647799975102],[-71.25911799966049,42.32644199989899],[-71.2589989998348,42.3263410002964],[-71.25881999973465,42.32607299972992],[-71.25867699961952,42.325824000001866],[-71.25857500041059,42.32560299992979],[-71.2584990002426,42.32541599977332],[-71.25847400012825,42.32529999991543],[-71.25844800018896,42.325174999863506],[-71.25839799996027,42.32493799992272],[-71.25827499993662,42.324770000088066],[-71.25818700007308,42.32468500010759],[-71.2581059998822,42.32460600005396],[-71.25781800000212,42.32450599972618],[-71.25770900022218,42.32449999967486],[-71.25760000044224,42.3244940002872],[-71.25751800042647,42.32448899980075],[-71.25745599960388,42.3244850002083],[-71.25739600022774,42.32448200018176],[-71.25732699973244,42.32448899980075],[-71.25707700038551,42.324511999776874],[-71.2569150000038,42.324543000251225],[-71.25686300012526,42.32455299988677],[-71.25674299957635,42.324575999839496],[-71.25654500010795,42.32461300032337],[-71.2564920004045,42.324622999947785],[-71.2563090001064,42.324656999721604],[-71.25629499986267,42.32465900017656],[-71.25613900022708,42.324709999801186],[-71.25606999973179,42.32473299969658],[-71.25583600027836,42.32480600023272],[-71.25553800035254,42.324895999840045],[-71.25522199998505,42.325017999781174],[-71.2548880000742,42.325125999727554],[-71.25459400034633,42.32528600019293],[-71.25446999959945,42.32539199991188],[-71.25444299983528,42.32549699990221],[-71.25441799972091,42.32557499995238],[-71.25439099995675,42.3258310001357],[-71.25430800011605,42.32605200007097],[-71.25416800037398,42.32621999980285],[-71.25410700027462,42.32629299994184],[-71.25387200009797,42.32657800026496],[-71.25383799976278,42.32661999988881],[-71.2537690001658,42.32665200018431],[-71.25371399991424,42.326670999916196],[-71.25366399968551,42.32670199999079],[-71.25357499999706,42.32673199985559],[-71.25352700031648,42.32673799969403],[-71.25347200006489,42.3267570000641],[-71.25320900029917,42.32677599976427],[-71.2531840001848,42.326774000040785],[-71.2529370003126,42.32675599986998],[-71.25280800044116,42.32671000022178],[-71.25263900038676,42.32661800016036],[-71.25237700044595,42.326476000018054],[-71.25202799956817,42.32628100017956],[-71.25174600043418,42.32612299999658],[-71.25158700042552,42.325927999728044],[-71.251459000379,42.325690999967364],[-71.25136700031749,42.32546199970355],[-71.25124500011876,42.3252710002496],[-71.25105000012509,42.32511000019],[-71.25080300025289,42.32496399973845],[-71.25043599983177,42.32475099978204],[-71.25022900014254,42.32455100009261],[-71.25009600007314,42.32432499969831],[-71.2500869998523,42.324259999810735],[-71.25007599998166,42.32416099983255],[-71.25003499997378,42.324000000253136],[-71.24993799988938,42.32386300005141],[-71.2497699996599,42.323729000278185],[-71.24970199988783,42.3237120001428],[-71.24949900039657,42.32367400021428],[-71.24918999970177,42.323638000086056],[-71.24903800026411,42.32361999968215],[-71.24886900020971,42.3235469997623],[-71.24875600023181,42.32344699974376],[-71.24859200020029,42.32323700005092],[-71.24850500016163,42.323003999802275],[-71.24830699979493,42.322529999939874],[-71.24779999963171,42.32186499999609],[-71.24735199991807,42.32137799987473],[-71.24725800020674,42.32131000008566],[-71.24703800009871,42.32116900020103],[-71.24687400006718,42.32109299990602],[-71.2467989997241,42.321061000103924],[-71.24660999957821,42.32102200028158],[-71.24621899976597,42.321005999700354],[-71.24614599997103,42.321012999706056],[-71.24582899977864,42.321047000102375],[-71.24564700020376,42.32107199991318],[-71.24560600019586,42.32107700000701],[-71.24548200034731,42.32109499981009],[-71.24529200037652,42.32112299978873],[-71.2451860000713,42.32115000013587],[-71.24483999956658,42.32123900004192],[-71.24458600002168,42.321258000080206],[-71.24430399998938,42.32123099977941],[-71.24399500019288,42.32116499973332],[-71.24373999992474,42.32108400000482],[-71.24338900029548,42.32098000024155],[-71.24297699966851,42.320906999915444],[-71.24263799973481,42.32086799999766],[-71.24215999988391,42.32083600008114],[-71.24162900032958,42.32085799977643],[-71.2415120001537,42.32086099997582],[-71.2413699998635,42.32088599986052],[-71.24117599969473,42.320866000086426],[-71.24107899961035,42.32086900028538],[-71.24097900005123,42.32087699992976],[-71.2408850003399,42.32088399994982],[-71.24078900008044,42.32089799998764],[-71.24060699960725,42.32095099991287],[-71.24051399972083,42.320971999946096],[-71.24047299971295,42.32099299997227],[-71.24045799964433,42.32100100026509],[-71.24025500015304,42.321080000195906],[-71.23999700041018,42.32123599986056],[-71.23979499984553,42.32136900001428],[-71.23963099981398,42.32147599996886],[-71.2392159997123,42.32170099969563],[-71.23907699979512,42.32173499972012],[-71.23899999980223,42.3217490002328],[-71.23878600044031,42.32179899995088],[-71.23861900003571,42.321795000187436],[-71.238420999669,42.32179099975952],[-71.2380969998039,42.32175499988226],[-71.23754199996013,42.32160499983975],[-71.23549099974107,42.32097000003812],[-71.23494400029323,42.32088099975157],[-71.23476099999512,42.32085000012968],[-71.23442000041159,42.32080900026346],[-71.23419299973256,42.320816999915465],[-71.23396099992895,42.32082900005574],[-71.23392499994394,42.3208309999682],[-71.23331700039671,42.32088399994982],[-71.23269200023273,42.320922000235036],[-71.23243699996462,42.32092699967658],[-71.23187899974779,42.32093899979587],[-71.23145699997339,42.32092299985769],[-71.23114399997895,42.32084100019372],[-71.23091300000026,42.32072699978675],[-71.23062599994509,42.320526999925384],[-71.23022599991201,42.320205999987984],[-71.22947699989946,42.31956599980257],[-71.22933299995942,42.3194779998326],[-71.22919499986716,42.31941700016616],[-71.22898900000283,42.31937000015412],[-71.22872700006202,42.319277999986646],[-71.22849100006046,42.31913199995006],[-71.22835799999108,42.31900599994643],[-71.22825599988381,42.31884600011589],[-71.2282049998302,42.31871200028522],[-71.2281629999974,42.31849400011952],[-71.22814000043118,42.31838400009048],[-71.22814600027897,42.31802499982929],[-71.22811100011887,42.317841000076456],[-71.22815399977657,42.317582000238296],[-71.2281479999288,42.31716200019165],[-71.22810000024822,42.31702199999599],[-71.22807500013386,42.316952000113496],[-71.22806099989015,42.316912999737156],[-71.22803499995089,42.31683799996738],[-71.22799999979077,42.31673799991395],[-71.22797399985151,42.31666400029019],[-71.22793899969142,42.3164169999107],[-71.22787099991935,42.316288999727995],[-71.22772000030662,42.31614199970037],[-71.2275999997577,42.31604100016924],[-71.22752799978767,42.31589499992908],[-71.2275429998563,42.31539999976058],[-71.22751400044228,42.31536400021245],[-71.22742099965754,42.31525100022367],[-71.22701099957874,42.31484799977573],[-71.22685900014108,42.314707999746325],[-71.22674000031539,42.31459999985252],[-71.22660800007093,42.31447800030304],[-71.22639299998576,42.31432300021858],[-71.22628599985563,42.314117000218324],[-71.22631000014508,42.31392900006817],[-71.22632600003861,42.313796000131596],[-71.22633600008436,42.31368099984497],[-71.22634299975705,42.31342000000906],[-71.22642499977282,42.313205000010775],[-71.22654500032174,42.31307799968528],[-71.22678399979802,42.31288999975292],[-71.22697799996678,42.31266199981645],[-71.22706800037847,42.31239799980212],[-71.22704400008901,42.312212999778914],[-71.2269729999439,42.311752999751995],[-71.22695500040057,42.3116259998181],[-71.22694399963159,42.31155399970514],[-71.22678399979802,42.31116999992603],[-71.22637899974207,42.31049500029293],[-71.22631099997,42.31028400009869],[-71.22635000032805,42.31010700018988],[-71.22651299963636,42.309856000126416],[-71.22668300041397,42.30969600028353],[-71.22691400039267,42.309513999702084],[-71.22712299973172,42.30927999998439],[-71.22720899994543,42.30900600028817],[-71.22714100017339,42.30876599978776],[-71.22707000002828,42.308623000062134],[-71.22700300008113,42.30849100002709],[-71.22668800043687,42.30824999973217],[-71.22641800010013,42.30814100022476],[-71.22608900021214,42.308082999678554],[-71.22573500020981,42.30802499974319],[-71.22545599965224,42.30795199966848],[-71.225100999825,42.30774200008261],[-71.22484399990707,42.3075830000156],[-71.22450599979825,42.30745700014104],[-71.22410999996315,42.30729999969666],[-71.22380700001443,42.30722899979024],[-71.22372199962561,42.30720900032616],[-71.2231989995689,42.30717399992002],[-71.22277599996957,42.30714999974416],[-71.22247600039393,42.307051999927616],[-71.22208399985844,42.30688000012477],[-71.22150800009828,42.30663299987946],[-71.22132999982304,42.30655399974975],[-71.22121900039329,42.3065179997923],[-71.22115699957068,42.30648699973867],[-71.22108600032388,42.30647299981659],[-71.22085500034521,42.30640800009011],[-71.22050800001557,42.30640700023689],[-71.22025399957235,42.306446999668324],[-71.21975300015525,42.30657700030232],[-71.21895999976178,42.30674100015705],[-71.2184750002382,42.30681400030741],[-71.21818999983284,42.30679599974126],[-71.2177210002028,42.30670899970043],[-71.21731299977378,42.306633999729094],[-71.21701700039608,42.30656400025101],[-71.21692100013662,42.306540999693695],[-71.21665699964767,42.306484000182714],[-71.21636000044505,42.306408999943315],[-71.21596000041197,42.30639599985731],[-71.21496700000196,42.30637100019537],[-71.21414500019449,42.30635899995551],[-71.21368999990983,42.30628800031653],[-71.21327499980814,42.306160999985906],[-71.21307399996668,42.30603199968074],[-71.21294500009525,42.30594900001933],[-71.2127300000101,42.30570799995799],[-71.21239399955113,42.305215999675596],[-71.21207300005906,42.30468399967258],[-71.21179699987454,42.30417099970686],[-71.21165399975939,42.30393600016682],[-71.21159900040614,42.30384699970775],[-71.21155000000233,42.303766000277896],[-71.21152499988797,42.303724999911616],[-71.21150499979647,42.30366699994745],[-71.21148700025314,42.303662999695945],[-71.21145399974287,42.30358100013126],[-71.21139400036672,42.30343400032029],[-71.21133499991717,42.30330000022971],[-71.21128899988642,42.303106000227864],[-71.21123500035806,42.302881999701334],[-71.21120500022083,42.30260800006171],[-71.21125299990142,42.302266000123694],[-71.21129599955911,42.30213300012594],[-71.21142199995582,42.30178799982129],[-71.21143100017666,42.30175700009617],[-71.2114639997886,42.30164899990576],[-71.21163500039113,42.301324000282264],[-71.21176799956221,42.30093600012752],[-71.21182299981382,42.30063899993639],[-71.21185499960087,42.30036499983755],[-71.2118160001411,42.30018500008884],[-71.21177900033119,42.30006199988707],[-71.2116880000946,42.299908000138394],[-71.21156500007095,42.299730000330726],[-71.2113430003131,42.299495000161066],[-71.21095999999845,42.299214999930676],[-71.21047700012468,42.29883099996309],[-71.20966299981481,42.29830299975551],[-71.20946899964606,42.29817999986415],[-71.20915599965161,42.297981000098325],[-71.20870299991509,42.297693999839375],[-71.20829700003422,42.297437000143525],[-71.20788100010762,42.29715700006446],[-71.2078519997953,42.29713900005951],[-71.20775700025906,42.29705299996477],[-71.20753799997594,42.296857999979395],[-71.20737099957137,42.296526000141704],[-71.20721900013372,42.29610899984313],[-71.2071050003309,42.295720000090014],[-71.20699099962977,42.29544499982262],[-71.20677700026783,42.295067999691234],[-71.20660099964243,42.29473699975811],[-71.20648900038775,42.294526999948495],[-71.20634999957225,42.29426699981519],[-71.20605400019458,42.29339799967475],[-71.20579599955339,42.29250599980101],[-71.20567500007787,42.29216300006997],[-71.20561900000139,42.29188199971593],[-71.2056130001536,42.29185400001871],[-71.20560899995566,42.291834999742406],[-71.20558399984128,42.291710999757136],[-71.20558600038943,42.291376999847095],[-71.20558800003926,42.290990999734454],[-71.20556700012285,42.29044300010806],[-71.20554000035868,42.29030999972594],[-71.2055150002443,42.29018600006101],[-71.20546300036577,42.28999999977369],[-71.20542400000771,42.28986000030272],[-71.20531199985471,42.28968200000382],[-71.2052399998847,42.289568000309785],[-71.20506099978456,42.289400999878374],[-71.20495700002748,42.289303999806535],[-71.20470400030749,42.289138000131715],[-71.20456600021524,42.28904600029968],[-71.20418999957329,42.288884999937984],[-71.2037750003699,42.288729999968744],[-71.2035770000032,42.2886760000228],[-71.20337500033682,42.28862099989488],[-71.20297500030374,42.28857400014626],[-71.20264899989049,42.28858900019712],[-71.20253300043787,42.28859499968483],[-71.20224700020759,42.28861200000229],[-71.20199000028965,42.28862800017966],[-71.20159000025656,42.28863300019274],[-71.20134400020926,42.28855799995518],[-71.20120299974396,42.28847399971606],[-71.20108300009336,42.28840299984587],[-71.20050599960996,42.28792700026878],[-71.2003399999286,42.2877899999599],[-71.20023299979849,42.287725000218416],[-71.20001799971332,42.28759499986973],[-71.19961799968024,42.28741100021611],[-71.19930399986089,42.287272999957054],[-71.19871999970479,42.287082999731716],[-71.19838199959598,42.286950999727544],[-71.19799800035474,42.28677299984774],[-71.19738400006142,42.28648500017926],[-71.19693100032488,42.28621000012768],[-71.19673200013327,42.28607800028795],[-71.1963549996664,42.2859570001365],[-71.19608600005287,42.28597399983677],[-71.19579300014992,42.286195999684566],[-71.19569100004267,42.28648100016539],[-71.19567400032423,42.286828999759614],[-71.19562599974535,42.287258000257395],[-71.19552399963808,42.28757199969325],[-71.19526800044336,42.287964999850594],[-71.19500599960423,42.288164000031735],[-71.19465900017292,42.28827800027308],[-71.19449400031647,42.28828300031394],[-71.19440200025497,42.28828100003179],[-71.19429000010199,42.28828300031394],[-71.19396399968873,42.28823600031308],[-71.19380499968008,42.288212999706076],[-71.19365999991513,42.28817299998833],[-71.19342399991356,42.28808799975626],[-71.19330300043805,42.288044000044515],[-71.19321999969907,42.28801399967968],[-71.19308699962967,42.28795099979747],[-71.19269599981742,42.287725000218416],[-71.19261499962657,42.28767799980128],[-71.19229199958639,42.28741799997079],[-71.19219899969997,42.28734300028033],[-71.19211699968419,42.28727699992063],[-71.19179600019214,42.28692000000865],[-71.1911380004162,42.28619999971653],[-71.19088599962281,42.28582300007105],[-71.19084100031527,42.28549099988119],[-71.19088899999585,42.285126000281636],[-71.19100299979868,42.28468699989935],[-71.19110099970796,42.28426199999244],[-71.1911319996701,42.28412100018902],[-71.19122000043197,42.28360399998225],[-71.1912429999982,42.283464000252984],[-71.19124700019616,42.28317400029883],[-71.19124800002105,42.28307999994933],[-71.19124899984597,42.283037999846854],[-71.19124700019616,42.282992000145505],[-71.19123399977735,42.28300199973666],[-71.1911869999217,42.28303600006277],[-71.19115500013464,42.28305899990157],[-71.19090400006448,42.28324800007942],[-71.19069999984998,42.28343600013687],[-71.19011200039424,42.28398100027938],[-71.18838000001742,42.285580999885354],[-71.1873780002849,42.28651499994312],[-71.18634999971479,42.28745999981161],[-71.17863600018173,42.29459500010272],[-71.17861100006735,42.29461000004868],[-71.17636200037991,42.29610199972529],[-71.17043899987658,42.300020999766424],[-71.16980799986482,42.3004429998125],[-71.16842399964257,42.30136199975449],[-71.16828899992335,42.30144899987604],[-71.16826600035712,42.30145799992754],[-71.16810200032559,42.301561000130384],[-71.16791599965444,42.301687999774394],[-71.16734099971917,42.30206799990496],[-71.16724700000785,42.3021430000007],[-71.16710800009068,42.30223400005],[-71.16653900000318,42.30261199971585],[-71.16512200016898,42.30355199975731],[-71.1647020000444,42.30383000018053],[-71.16501400021393,42.30397400005577],[-71.16549500043787,42.30419499968965],[-71.16609100028953,42.304468999730844],[-71.16616200043464,42.30452900005109],[-71.16631999972009,42.304663000183396],[-71.16642000017751,42.304747000091155],[-71.16655900009468,42.30486499972484],[-71.16689999967821,42.305154000263805],[-71.16831200038789,42.306348000231914],[-71.16839100003061,42.30641499972657],[-71.16849300013786,42.30649999980587],[-71.16865700016938,42.30664000015527],[-71.16880799978213,42.30676800003144],[-71.16936900037199,42.307243000208544],[-71.16980000036722,42.307607000026415],[-71.17018600015659,42.307895000106384],[-71.1711510000792,42.30860299971226],[-71.17439499982648,42.310980999828374],[-71.17585600004163,42.31205599990355],[-71.17893499993247,42.314316000132884],[-71.17884700006893,42.3143790002117],[-71.17760199976382,42.31526899970055],[-71.17634200028844,42.31617100025268],[-71.17603599996669,42.31638699977706],[-71.17504099990686,42.31709999992519],[-71.17465400029258,42.31737800030003],[-71.17405000004497,42.317810999957416],[-71.17378700027925,42.31800000013631],[-71.17371500030922,42.318050999844814],[-71.17362599972245,42.318116000168814],[-71.173240999758,42.31839400004066],[-71.17309799964285,42.3184960001062],[-71.1728680003874,42.31866299976533],[-71.17220399986535,42.31914300009653],[-71.17172000016669,42.319490000228235],[-71.17118399969115,42.31987600033167],[-71.17081700016836,42.320140000195174],[-71.17063200022044,42.32027400030594],[-71.17006800015582,42.320680000088984],[-71.17022700016449,42.32101500027688],[-71.1704120001124,42.321389000292776],[-71.17048499990736,42.32153799990895],[-71.17012400023232,42.32163500014254],[-71.16993300043661,42.32168699983647],[-71.16980200001704,42.32172200014269],[-71.16971499997841,42.32174499980201],[-71.16967800016847,42.32175499988226],[-71.16917400037832,42.321890999753364],[-71.16922299988381,42.321993999733635],[-71.1692839999832,42.322120999999505],[-71.16892199958492,42.32221900026478],[-71.16822299980112,42.3224059999611],[-71.16799299964732,42.32246800031316],[-71.16781899957007,42.322515000003634],[-71.16771499981299,42.322543000014555],[-71.16762000027676,42.322569000155845],[-71.16748200018449,42.32260500023162],[-71.16734800029019,42.322641000286715],[-71.16728700019083,42.32268599999458],[-71.16713099965689,42.322798000323225],[-71.1669540001049,42.32292700014039],[-71.16666100020193,42.32313799979126],[-71.16639900026111,42.323328000158874],[-71.16593300010578,42.323665000018124],[-71.16533499970599,42.324098000248334],[-71.16497300020606,42.3243599998654],[-71.16459900011223,42.3246320000069],[-71.16430500038436,42.32484700015101],[-71.16396399990252,42.32509800020206],[-71.16346500013522,42.32546400013286],[-71.1632450000272,42.32562600016282],[-71.16291000029145,42.32587399980226],[-71.16270100005408,42.326030000199374],[-71.16260099959665,42.32609699999568],[-71.16256299996182,42.32613000009714],[-71.16241300017398,42.32624200027218],[-71.16225699964006,42.326357999721395],[-71.16207199969213,42.32649400026897],[-71.16184099971345,42.326665000071415],[-71.16152199987124,42.32689600032481],[-71.16130299958812,42.32706300027012],[-71.16094600011105,42.327325000157906],[-71.16067699959922,42.327521999780664],[-71.16041800003146,42.3277129997058],[-71.16034600006142,42.32776700004539],[-71.16022899988556,42.32785599988903],[-71.16015699991553,42.32791000010587],[-71.15989699962454,42.32810699988903],[-71.15985700033988,42.32813799992011],[-71.15983300005044,42.32815500018772],[-71.15981399978388,42.3281700001075],[-71.15979700006544,42.32818299968091],[-71.1592320001759,42.32861099987025],[-71.158606000187,42.32908499974143],[-71.15758400036302,42.3297720003056],[-71.15702399959802,42.33014899982211],[-71.156887000229,42.330241000032274],[-71.15703600019192,42.330389999935655],[-71.15711300018481,42.33046600028974],[-71.15734599981332,42.33071400010739],[-71.15750800019502,42.33088599985658],[-71.15766700020369,42.331058999925176],[-71.15854599991256,42.33198399981887],[-71.15871599979188,42.33216200006483],[-71.15895599999139,42.33242399996555],[-71.15932500006232,42.33276800026649],[-71.15972300044558,42.333036000200956],[-71.16017000033433,42.333272000089664],[-71.1602599998477,42.333318999677516],[-71.16034699988634,42.33336499980534],[-71.16091699979873,42.33363899969645],[-71.16129500009052,42.333782999771394],[-71.16172100006285,42.33388600020382],[-71.16209900035463,42.33394400021191],[-71.16229799964795,42.33396499989255],[-71.16252500032697,42.33396599997204],[-71.16273200001622,42.3339610002385],[-71.16297200021573,42.33394699978726],[-71.16366699980159,42.33387000023797],[-71.16403199967458,42.33382900022392],[-71.16431000040724,42.33379799967724],[-71.16477599966426,42.3337470001156],[-71.16518999994103,42.333691000093594],[-71.16543699981325,42.333671999825725],[-71.16646100018538,42.33356099968417],[-71.1667659997839,42.33352800016067],[-71.16756500002516,42.33344099988507],[-71.16802100013476,42.334426000316526],[-71.16819100001405,42.33479099969727],[-71.16841000029717,42.33502199999187],[-71.16847100039654,42.33508499992496],[-71.16857000013074,42.33514300015542],[-71.16888599959994,42.33582600009327],[-71.16885899983575,42.33630400021392],[-71.16912199960147,42.337375999895634],[-71.16919199992168,42.33788300002827],[-71.16921700003604,42.33806800027942],[-71.1690870003397,42.33824499989537],[-71.16893599982863,42.338448999903896],[-71.16863299987993,42.338628999791496],[-71.16831499986262,42.3387420002914],[-71.1677290000567,42.33895500001748],[-71.16770099956928,42.33896500001809],[-71.16680799961671,42.339289999835316],[-71.16673999984464,42.33985399969103],[-71.16669899983677,42.34000899996136],[-71.16668700014121,42.3400740001752],[-71.16668299994325,42.34010400030232],[-71.16698900026499,42.340464000047206],[-71.16812400006691,42.341916999717576],[-71.16832300025854,42.342168000043195],[-71.16942100025054,42.3435310001358],[-71.17000299985848,42.344252000066845],[-71.17189800044191,42.346654999693364],[-71.17232000021632,42.347172999924325],[-71.17317100033608,42.34820799967866],[-71.17341800020831,42.34853099982521],[-71.17426500013015,42.34958400007472],[-71.17470799982092,42.350154999953276],[-71.17479800023261,42.350265000194376],[-71.17479800023261,42.35027700002796],[-71.17485000011115,42.350336999825494],[-71.17479800023261,42.35051000016027],[-71.17475200020186,42.35066400023805],[-71.17470600017111,42.350817000127044],[-71.17464199969868,42.35103199972353],[-71.17462599980516,42.351085000150256],[-71.17457200027681,42.351266000180836],[-71.17446299959853,42.351634000125046],[-71.17443800038248,42.35171699994097],[-71.1744040000473,42.35183000015406],[-71.1743759995599,42.35192499989395],[-71.17430399958988,42.35216499975043],[-71.17426000010725,42.35231100012763],[-71.17413200006074,42.3527399998692],[-71.17402900012857,42.35308300012177],[-71.17399700034154,42.353195000096896],[-71.17393500041725,42.353396999855626],[-71.17391600015067,42.35346500014107],[-71.17353299983604,42.353863000023615],[-71.17288699975566,42.35453300032133],[-71.17277299995284,42.35465100019879],[-71.1726929995869,42.35473499976276],[-71.172579999609,42.35485200017751],[-71.17231000017058,42.355131999826064],[-71.17154799973923,42.35592200014643],[-71.17138700008076,42.35608900001985],[-71.17117000034577,42.35631499978984],[-71.1709960002685,42.35649500030584],[-71.17065599961157,42.35684799979134],[-71.17039700004378,42.35711500027584],[-71.17006399995786,42.35746699989198],[-71.16989999992633,42.35762600002637],[-71.16989400007854,42.357641000218685],[-71.16947399995398,42.35804699977113],[-71.1686239996591,42.3589560000637],[-71.16852699957472,42.35905100031679],[-71.16827899987761,42.3593079999882],[-71.16825499958816,42.359332000182825],[-71.1680660003406,42.35952800010135],[-71.16764200001806,42.36005100010228],[-71.16762500029964,42.36007300002088],[-71.16760799968289,42.36009499993178],[-71.16750899994868,42.360082999981316],[-71.16739500014585,42.36007500001308],[-71.16729700023657,42.360069000036255],[-71.16682400040854,42.36003599982147],[-71.16648799994958,42.35997799998531],[-71.16615800023668,42.35990699978112],[-71.1658770000293,42.359794999819464],[-71.16569100025644,42.359706999709566],[-71.16534800012478,42.35946599977326],[-71.16523299959874,42.359367999793726],[-71.16457399999788,42.35880500010649],[-71.16421800034574,42.35863099968383],[-71.16388799973454,42.358523000186324],[-71.16362900016676,42.35849199986605],[-71.16342300030243,42.35846500028124],[-71.16327400033954,42.3584630002378],[-71.16300800020075,42.358468999704165],[-71.16260099959665,42.35850899989368],[-71.16228500012748,42.358564000029716],[-71.16210500020243,42.35863499976001],[-71.1618780004217,42.35873599993933],[-71.16169099992564,42.358857999952576],[-71.16150799962753,42.3589720002841],[-71.16134600014412,42.35907099989761],[-71.16096000035475,42.35928999983623],[-71.16051799959057,42.35949700027683],[-71.15974600001181,42.35978099981022],[-71.15927800020665,42.35990200011897],[-71.1588299995947,42.35996200002113],[-71.15850099970672,42.359973000328864],[-71.15827300010108,42.35998100031004],[-71.15781899964132,42.35998399997088],[-71.15745399976834,42.35998300030522],[-71.15709700029129,42.35994099973],[-71.15708200022267,42.359938999733494],[-71.15706499960592,42.359938999733494],[-71.1567249998473,42.35988899980075],[-71.15636099979922,42.359852000156785],[-71.15561099996177,42.35987099981523],[-71.1552460000888,42.35989499979477],[-71.15481900029152,42.359964999682816],[-71.15447500033494,42.36003599982147],[-71.15414600044697,42.36012600012503],[-71.15370500040599,42.360254999715764],[-71.1529449996245,42.36051599972949],[-71.15247599999444,42.36067799974208],[-71.1519939999456,42.3607579999384],[-71.15144999997247,42.36081700003456],[-71.15064499988343,42.360885999907914],[-71.15007300032121,42.36094600019798],[-71.14973299966428,42.360978000285],[-71.14944700033233,42.361005000117565],[-71.14902700020777,42.36103500021296],[-71.14864200024327,42.36106900021521],[-71.14833199972357,42.36111899987277],[-71.14808400002646,42.36120500004035],[-71.14780799984193,42.361306000071394],[-71.1475729996653,42.36143800014981],[-71.1472970003791,42.3616360000794],[-71.14723899975445,42.361691000133476],[-71.14717000015749,42.361753999894894],[-71.14697900036177,42.36193700032921],[-71.14665399977345,42.3622109998343],[-71.14633599975613,42.36247499989386],[-71.14613499991466,42.362688999811986],[-71.14592700040053,42.36293899988499],[-71.14576500001883,42.36324100014394],[-71.14564100017026,42.363446999905335],[-71.14554900010876,42.36369900015778],[-71.14539500012297,42.36394400019005],[-71.14524000031226,42.364150000301464],[-71.14495599973182,42.36443599989686],[-71.1447349997989,42.36463399967097],[-71.14449200012463,42.36482200028019],[-71.14406500032737,42.36500400015747],[-71.14380199966332,42.365055000251004],[-71.14366699994412,42.365081000074504],[-71.14329399967521,42.365084000155555],[-71.14290899971076,42.365025999669314],[-71.1424829997384,42.36493800024831],[-71.142137000132,42.364812999999025],[-71.14190600015331,42.364732000065786],[-71.14139099959418,42.364572999991424],[-71.14099899995702,42.36449499985793],[-71.14064199958163,42.36442200025796],[-71.14040800012823,42.36440100012999],[-71.14012600009592,42.36441600003248],[-71.13989199974421,42.36444000026719],[-71.13969199972765,42.364475000012334],[-71.13946400012202,42.36455600027692],[-71.13914699992962,42.36470299999875],[-71.13897399967725,42.36481499984039],[-71.13856000029878,42.365098999894926],[-71.13753599992664,42.36599999984144],[-71.13691400013569,42.36654300025299],[-71.13665800004266,42.366751999808336],[-71.13643700010972,42.366889000162146],[-71.13631400008607,42.36695999977737],[-71.13603000040396,42.367121999767605],[-71.13581199994576,42.36722900019987],[-71.13571900005932,42.36727399986201],[-71.13559400038585,42.36731499996859],[-71.13550999982195,42.367342999945045],[-71.13535300036142,42.36739299991938],[-71.13522000029205,42.36743399994829],[-71.13506499958304,42.36748200009384],[-71.1347239999995,42.36756800017985],[-71.1341680003308,42.36775899992671],[-71.1338029995595,42.367942000126305],[-71.13344400043262,42.36815499980686],[-71.1329360004445,42.36848700006867],[-71.13237300020481,42.3688910001795],[-71.13211700011176,42.369145999720054],[-71.13197099962359,42.3693340001005],[-71.13187400043752,42.36949700011963],[-71.13178999987362,42.3696860002882],[-71.13177399998008,42.369788000132345],[-71.13176200028452,42.36986399998663],[-71.13177999982787,42.37000400003634],[-71.13178800022378,42.37006499975184],[-71.13186199984364,42.37028299969794],[-71.1319849998673,42.3705330000809],[-71.13208699997455,42.37074799991967],[-71.1321820004091,42.37090100002348],[-71.13233899986962,42.371070000212505],[-71.13256800019849,42.371312999738365],[-71.13269500042007,42.37146599979326],[-71.13276599966687,42.371551000252644],[-71.13282500011643,42.37162300005205],[-71.13288200001782,42.371692000003634],[-71.13295200033804,42.37177700015717],[-71.13296599968342,42.37179500004996],[-71.13298800032305,42.371825999779574],[-71.13304400039955,42.371910000275875],[-71.13309100025519,42.37197600016036],[-71.13314200030882,42.37216600030544],[-71.13317900011874,42.3723380001437],[-71.13316400005014,42.37244699991696],[-71.13314999980643,42.37256299974189],[-71.13310100030095,42.37270100015851],[-71.13296200038377,42.37294000018199],[-71.13271899981122,42.37319899968876],[-71.1324569998704,42.37338199996728],[-71.13207000025609,42.3735949997831],[-71.13152499955974,42.373802000211235],[-71.1311470001663,42.373868000098504],[-71.13099700037847,42.3738920000403],[-71.13068500020893,42.37392199995469],[-71.13064400020106,42.373924000169666],[-71.13016899982489,42.37396100015375],[-71.12962499985176,42.3739440003252],[-71.1289510001823,42.373834999831736],[-71.12862800014211,42.37374100014318],[-71.12820299999467,42.373571999840884],[-71.12792199978728,42.37342900009778],[-71.12763399990718,42.37325900016523],[-71.12727700043013,42.37302299973023],[-71.12700999956812,42.37283900027192],[-71.12668800025115,42.3725670002584],[-71.12646899996804,42.372378000131164],[-71.12602399972913,42.37194800025807],[-71.12553300035776,42.37119100001744],[-71.12545899983958,42.37105499990779],[-71.12542299985458,42.37098999987339],[-71.12540500031123,42.37095800024017],[-71.12539100006752,42.37093200019434],[-71.12535599990743,42.370868999681235],[-71.1252909996101,42.370749000077694],[-71.12524499957934,42.37066899999342],[-71.12520799976943,42.37060800020085],[-71.12517699980728,42.370555999808616],[-71.12511300023317,42.37044999989686],[-71.12505100030891,42.370346000135115],[-71.12499000020954,42.3702439998697],[-71.12490200034598,42.37009900017686],[-71.12472400007076,42.36985300008324],[-71.12465399975056,42.369757000060574],[-71.12460600006997,42.36969000032422],[-71.12460000022219,42.369667999790984],[-71.12459299965118,42.3696550001661],[-71.12458199978053,42.36963600014791],[-71.12454199959755,42.369614999771834],[-71.12450099958969,42.36956599975193],[-71.12445399973402,42.36951200013272],[-71.12417300042493,42.36933000004177],[-71.12382699992021,42.369156999747254],[-71.12340000012294,42.369005000226956],[-71.12334300022155,42.368984999826075],[-71.12332099958192,42.36897799985016],[-71.12320400030437,42.36893799968849],[-71.12311300006776,42.368905999673586],[-71.12248000040618,42.3687619997365],[-71.1220440003881,42.3687029998006],[-71.1215940001263,42.368710999997624],[-71.12146199988182,42.368730999822084],[-71.12126100004036,42.368743000111905],[-71.12075800007513,42.368785000112695],[-71.12009000025343,42.36882100028065],[-71.11954999957995,42.36883800016845],[-71.11895999957608,42.36876000002078],[-71.11852399955798,42.36864399980927],[-71.11844400009036,42.368615999749],[-71.11818999964714,42.36852900024062],[-71.1179339995541,42.36838500010301],[-71.11769199970476,42.368146000003236],[-71.11754000026711,42.36787499978141],[-71.11722999974741,42.367366999725334],[-71.11714699990672,42.367180999861006],[-71.11708199960941,42.36703299974683],[-71.11696799980658,42.36665099990365],[-71.11687300027035,42.365885000078514],[-71.11689300036183,42.36530500020154],[-71.1169209999509,42.364246000264394],[-71.11693600001952,42.363677000181255],[-71.11684099958498,42.36275100027864],[-71.11670400021595,42.36125500025343],[-71.11670099984289,42.36118400016468],[-71.11660799995647,42.360084999973246],[-71.11657799981926,42.35956699994445],[-71.11659700008582,42.35918499984271],[-71.11664899996435,42.358838999987846],[-71.11668099975141,42.35873599993933],[-71.11673400035318,42.35853099968834],[-71.11697799985232,42.3578199998918],[-71.11707199956365,42.357545000120936],[-71.1171650003484,42.356996999714305],[-71.11711299957155,42.35637299968787],[-71.11707699958653,42.355979999743326],[-71.11706599971586,42.355865999958326],[-71.11690199968434,42.35549699983018],[-71.11685200035394,42.35538499997432],[-71.11654299965916,42.355048999873034],[-71.11653000013867,42.35502799993152],[-71.11590999999756,42.354531000152754],[-71.11517000020585,42.35403200024225],[-71.11491599976263,42.353860999833714],[-71.11408700028247,42.35345100004924],[-71.11371400001357,42.35331100028748],[-71.11319599997971,42.353110000027364],[-71.11292499981805,42.35302900027584],[-71.11283399958145,42.35300199967163],[-71.1126949996643,42.35296799995152],[-71.11246000038597,42.35290299979102],[-71.11214900004134,42.35284899979044],[-71.11186299981107,42.35279999997106],[-71.11160000004534,42.352754000119404],[-71.1115130000067,42.3527390000883],[-71.11138400013527,42.352721999827466],[-71.11130299994441,42.35271100024203],[-71.111210000058,42.352699000209256],[-71.11058900009198,42.35261599969853],[-71.11035800011331,42.35258600023081],[-71.1100829997537,42.352549000270045],[-71.10921800028852,42.35254600025435],[-71.1074709998431,42.35250300023467],[-71.10663700034006,42.35248699969494],[-71.10600899980302,42.35247399983428],[-71.10431599978426,42.35240299978186],[-71.10340699993817,42.35244899989043],[-71.10303200001944,42.352513999856555],[-71.10239900035785,42.352623000169736],[-71.10181500020175,42.352687999955876],[-71.09789000021401,42.353119999768126],[-71.09762700044827,42.35314899987045],[-71.09724400013363,42.353190999674446],[-71.09598700013298,42.35339900006034],[-71.09498500040046,42.353563999800244],[-71.0940249996024,42.353722999851875],[-71.09329400003152,42.353843000113024],[-71.09323700013012,42.35385199997402],[-71.09300199995347,42.35389399997208],[-71.09123500031488,42.35433799984704],[-71.09100199978806,42.35439699999651],[-71.08751100016858,42.35555699995531],[-71.0851750004425,42.356333000130164],[-71.08339799985984,42.35692499974663],[-71.0793609997191,42.35826700031634],[-71.0779520002808,42.35873500025381],[-71.07733399978952,42.35908399972127],[-71.07680999990788,42.35950399998157],[-71.07666000012006,42.359667999953295],[-71.07642699959324,42.35992400008975],[-71.07640300020209,42.359956000033456],[-71.07609199985748,42.36037999974062],[-71.07571000026606,42.36146299983674],[-71.0756569996643,42.361612999740764],[-71.07554500040962,42.361930000231716],[-71.07509500014783,42.363203000204365],[-71.07494100016203,42.36350800001435],[-71.07479200019911,42.36377300020323],[-71.07388400017793,42.36485999990423],[-71.07372099997131,42.36505599983597],[-71.07196500020336,42.36670799999468],[-71.07153699968289,42.36710999983184],[-71.0714470001695,42.36719500021255],[-71.07141799985718,42.3672230002425],[-71.07138699989505,42.367251000259955],[-71.07133800038956,42.367297999668615],[-71.07082600020348,42.36777900005428],[-71.0706439997303,42.367949000217614],[-71.07057500013332,42.36801500028199],[-71.0705600000647,42.36802800024629],[-71.07054699964591,42.368041999745344],[-71.07049800014043,42.368091000290356],[-71.07043600021613,42.36814799973851],[-71.07002500031241,42.3685309999637],[-71.06983699999144,42.36870900028032],[-71.06951300012634,42.36901600027885],[-71.06947799996624,42.36904599986744],[-71.06832600044588,42.36902200006497],[-71.06806500032997,42.369016999800785],[-71.0678920000776,42.36901299972186],[-71.06773399989386,42.36900999982844],[-71.06693999967548,42.36899400017319],[-71.06638099963374,42.368981999931314],[-71.06617599959434,42.36897799985016],[-71.06599400001944,42.36897399976881],[-71.06584199968349,42.36897099987352],[-71.06573600027659,42.368969000164455],[-71.06564300039017,42.368966999791674],[-71.06559200033655,42.36896600026894],[-71.06542599975688,42.36896200018676],[-71.06527699979395,42.368959999813754],[-71.06520999984681,42.36895800010439],[-71.06510799973957,42.36895500020834],[-71.06508699982317,42.36895500020834],[-71.06506300043203,42.368954000021716],[-71.0650330002948,42.368954000021716],[-71.0649909995637,42.36895299983506],[-71.06470799970647,42.36894700004235],[-71.06448099992576,42.36894100024906],[-71.06428299955904,42.36894000006225],[-71.06398399980829,42.36893199989434],[-71.06405900015137,42.369001000147314],[-71.06412899957324,42.36906500006409],[-71.06421399996206,42.369144000016604],[-71.06435399970415,42.369272000157245],[-71.06453100015447,42.36943599985254],[-71.06464199958424,42.36953699992534],[-71.06471199990445,42.36960200013598],[-71.06477600037685,42.36966099989118],[-71.06492500033977,42.36979900004707],[-71.06497200019545,42.369842999686774],[-71.06508500017335,42.369946000110474],[-71.06521200039494,42.37006400024658],[-71.06534000044147,42.370180999993906],[-71.06540999986335,42.370245000035794],[-71.06561599972768,42.37043500010778],[-71.06570699996426,42.370518000311634],[-71.0659909996464,42.370780999817434],[-71.06623900024184,42.37100900014568],[-71.06636899993818,42.37112799976412],[-71.06643500006041,42.371188999715415],[-71.06650899968025,42.37125800014373],[-71.06657999982536,42.37132299990079],[-71.06669899965105,42.37143200010821],[-71.06697900003354,42.371693000146614],[-71.06711499957765,42.37181599969718],[-71.0671589999586,42.3718230000205],[-71.06738699956425,42.371858999774645],[-71.06745100003664,42.37186899985014],[-71.06761400024325,42.37189400003201],[-71.06766699994671,42.37190299996231],[-71.06777200042701,42.37191900020388],[-71.0679060003213,42.37193899967055],[-71.06800099985755,42.371954999903],[-71.06814999982046,42.37197799977369],[-71.06821699976761,42.371988999968565],[-71.06830200015642,42.37200299991213],[-71.06844400044666,42.37202500029123],[-71.06869999964138,42.37206499981437],[-71.06895300025968,42.3721049999757],[-71.06900400031331,42.372113999875765],[-71.06905700001676,42.372122000302014],[-71.06911200026833,42.37213000006364],[-71.06931800013265,42.37216299989893],[-71.06944500035428,42.37218199981639],[-71.06965600024147,42.37221599975908],[-71.06968700020361,42.3722209997686],[-71.06974300028011,42.37223000031571],[-71.06990599958841,42.37225499969022],[-71.07006399977216,42.37227999971841],[-71.07011700037391,42.372289000257055],[-71.07021500028321,42.372304000267064],[-71.07032900008602,42.372322000008815],[-71.07042199997245,42.37233700001094],[-71.07044999956155,42.372340999878176],[-71.07050300016328,42.37234900027552],[-71.07054499999609,42.37235599987576],[-71.07077199977681,42.372391999988025],[-71.07100500030363,42.37242800007971],[-71.07138900044318,42.37248900009574],[-71.07180899966944,42.37255500003547],[-71.07246599962048,42.37265799999388],[-71.07251099982632,42.37277199984117],[-71.07260000041309,42.3729979999978],[-71.07268900010155,42.37322199976758],[-71.0727279995613,42.37332200027198],[-71.07274199980499,42.37336200029644],[-71.07275100002583,42.37338699988398],[-71.0727700002924,42.37344100015372],[-71.07287300022456,42.373694000246104],[-71.0729319997758,42.37383900026719],[-71.07309099978445,42.374191999866355],[-71.07325499981599,42.374582999851214],[-71.07341999967242,42.374983000208836],[-71.07356100013773,42.37531400013132],[-71.07363300010776,42.37548299972773],[-71.07367199956751,42.3755749999648],[-71.07369599985695,42.375629999760804],[-71.0737069997276,42.37565499977283],[-71.07372799964399,42.37569799987638],[-71.07375100010853,42.37574699975787],[-71.07377899969762,42.37581100010081],[-71.07382399990348,42.37591500010417],[-71.07388599982774,42.37606900030332],[-71.07392799966054,42.37615700005795],[-71.0743050001274,42.377037000112566],[-71.0743970001889,42.3772520002498],[-71.07442800015106,42.377325000203086],[-71.07449900029616,42.3774910002082],[-71.07462599961944,42.377786999912],[-71.07471000018336,42.37798400003113],[-71.07486699964387,42.378352000113985],[-71.07501899997983,42.37870700028883],[-71.07513299978267,42.37897300009153],[-71.07522999986702,42.379197999808326],[-71.07531500025584,42.379398000206976],[-71.07557100034889,42.379996000213424],[-71.0756569996643,42.380196000061055],[-71.07584900018323,42.38022800029605],[-71.07597899987957,42.38024899977784],[-71.07619499978964,42.38028600001689],[-71.07646000010351,42.38033000027277],[-71.07649899956326,42.38033700031063],[-71.07656899988345,42.38034799970498],[-71.07668799970914,42.38036799980536],[-71.07672799989211,42.38037499983901],[-71.07680499988501,42.380387999899355],[-71.07686699980928,42.380397999944016],[-71.07694100032745,42.380409999995436],[-71.07701999997016,42.38042400005252],[-71.07708299971935,42.38043400009145],[-71.077169999758,42.38044900014679],[-71.07721699961364,42.380457000174836],[-71.07724099990311,42.380461000188454],[-71.07732000044413,42.38047400023104],[-71.07739499988888,42.380486000267936],[-71.07744299956947,42.38049400029128],[-71.07745699981318,42.38049700029977],[-71.07757900001191,42.3805169996891],[-71.07761099979896,42.38052299970375],[-71.07763699973822,42.38052699971316],[-71.07776700033288,42.38054799975855],[-71.07801900022795,42.380590999829515],[-71.07805600003788,42.38059699983709],[-71.07821400022162,42.380623999864056],[-71.07850700012459,42.38067199988327],[-71.07866799978308,42.380699999877535],[-71.07884299968525,42.38072899985844],[-71.07936400009216,42.380815999720774],[-71.07977699964572,42.38088500018941],[-71.08015499993749,42.38094799994526],[-71.08060000017642,42.381023000235714],[-71.08070099956045,42.38103900014453],[-71.08093200043744,42.38213300016485],[-71.08095300035384,42.3822349997011],[-71.08097099989718,42.38232300010467],[-71.08093800028522,42.38234400021287],[-71.08087499963771,42.38238199985371],[-71.08081199988852,42.382421000107314],[-71.08047600032785,42.38257900015504],[-71.07976999997302,42.38289499972135],[-71.07971300007162,42.382921000122984],[-71.07947799989498,42.38325100004889],[-71.07942799966625,42.383319999832224],[-71.07893899994473,42.38400800023661],[-71.07872700023262,42.384306000289925],[-71.0784650002918,42.38467399981554],[-71.07803900031945,42.38527399985443],[-71.07775700028714,42.38567000010952],[-71.07765299963174,42.38581800009984],[-71.07763799956314,42.385837999784805],[-71.07755700027059,42.38594799992896],[-71.07754200020197,42.38597199989861],[-71.07740499993463,42.38616699972653],[-71.07714999966649,42.38652499989242],[-71.07700699955137,42.386724000271286],[-71.07680200041027,42.38701300028504],[-71.07662999998283,42.387254000036734],[-71.07660400004356,42.38729100012867],[-71.07653899974622,42.38738199975995],[-71.07644000001203,42.38752100001385],[-71.0763539997983,42.38764199996996],[-71.07626099991188,42.38777299988983],[-71.0761350004135,42.38794900030904],[-71.07601300021476,42.38812100004594],[-71.07594500044272,42.388216999863914],[-71.07566900025817,42.388603000068976],[-71.07559599956494,42.388707000117094],[-71.0746220003198,42.390091000174785],[-71.07427300034037,42.39058700011184],[-71.07423300015739,42.39064299986919],[-71.07419600034746,42.39069600005556],[-71.07411900035456,42.39081699986278],[-71.07408199964634,42.390876000254366],[-71.07396500036877,42.391059999938804],[-71.07378899974337,42.3913360001127],[-71.07361300001627,42.39161199973647],[-71.07349599984042,42.39179599991712],[-71.07314600003605,42.39135799968977],[-71.07269599977424,42.39079599993489],[-71.07200700003617,42.39146300030905],[-71.07160600017816,42.39185199992269],[-71.07130700042742,42.392141000211794],[-71.07085999964035,42.39257499971414],[-71.0704119999267,42.393009000196066],[-71.07011400000087,42.39329799980173],[-71.06932200033062,42.394021999972594],[-71.06925500038348,42.39397800002462],[-71.06918400023837,42.39394900019286],[-71.06912700033695,42.39391999968422],[-71.06903699992527,42.39388499976171],[-71.06895499990951,42.39394799974086],[-71.06885700000022,42.394037000098585],[-71.06801299955312,42.39475199973412],[-71.06759099977872,42.395110000031075],[-71.06736700037106,42.39529600010558],[-71.06685799965972,42.39497900016488],[-71.06694399987344,42.39475499972473],[-71.06702900026225,42.394532000254586],[-71.06697099963762,42.39424599971185],[-71.06703099991208,42.39413499972776],[-71.06708199996571,42.39404999998372],[-71.06741000002877,42.39347600024414],[-71.06815999986621,42.392732000273156],[-71.06912099959085,42.391780000095885],[-71.07048200024688,42.389850999889674],[-71.07049099956942,42.389836000090156],[-71.07051599968378,42.38978399969596],[-71.07058400035416,42.38969199970962],[-71.07066999966956,42.38963599976726],[-71.07068300008837,42.38961599996532],[-71.07069599960883,42.38959600015702],[-71.070729999944,42.38949499983337],[-71.07089599962536,42.38899600029029],[-71.06888899978728,42.388070000103674],[-71.06701599984345,42.38720499984554],[-71.06569500026872,42.38659599986991],[-71.06344900005601,42.38678499967098],[-71.06070499990092,42.38701799977996],[-71.05787299988229,42.387256999722226],[-71.05777699962283,42.3872650002098],[-71.05748999956765,42.387288999675945],[-71.0573950000314,42.387297000159485],[-71.05702000011269,42.38726099996613],[-71.05589700000633,42.38715499971933],[-71.05552399973743,42.38711900010811],[-71.05547699988176,42.38711399995772],[-71.05534100033763,42.387100999962946],[-71.05529500030688,42.387096999708845],[-71.05511700003166,42.38728599999198],[-71.05484800041815,42.38757199973863],[-71.05458099955612,42.38785700028719],[-71.05440200035432,42.388048000037756],[-71.05381900002311,42.388667999787494],[-71.05294399961387,42.38960000025188],[-71.05206999992788,42.390531000304534],[-71.05148699959669,42.39115199991048],[-71.05135100005256,42.391297000089665],[-71.05114600001313,42.391514999975755],[-71.05094199979865,42.39173199994426],[-71.05080600025452,42.39187799993204],[-71.05069499992644,42.39199599999202],[-71.05061200008576,42.39217300032953],[-71.05015500015128,42.39314600032887],[-71.05000199999041,42.39347099993669],[-71.05004999967097,42.393535000126576],[-71.05022899977111,42.393776000048625],[-71.05020200000693,42.39383399985866],[-71.05016099999906,42.39393799986425],[-71.05013099986182,42.393980000264165],[-71.05014599993045,42.3940009997902],[-71.05019299978612,42.39406999969971],[-71.05022100027351,42.3941059999685],[-71.0502970004415,42.39420299970545],[-71.05032400020568,42.39423599988273],[-71.0503829997569,42.39430899999206],[-71.0504730001686,42.39440999986701],[-71.05055500018436,42.39449100000396],[-71.05058299977345,42.394512000022395],[-71.05068999990358,42.39457599981416],[-71.05077199991933,42.39461499978996],[-71.05085899995797,42.3946490001914],[-71.05094900036966,42.39467600014587],[-71.051043000081,42.394697000102404],[-71.05113500014251,42.39470999985084],[-71.0512120001354,42.394715999835874],[-71.05154699987114,42.39473000001993],[-71.05168699961322,42.39473600000306],[-71.05180799998705,42.39473999977035],[-71.05201999969916,42.39475699993951],[-71.0522759997922,42.39480300021804],[-71.05252100001458,42.394874999894114],[-71.05275199999325,42.39497199976935],[-71.05285699957525,42.39502800025824],[-71.05295899968249,42.39509099975346],[-71.05301399993408,42.395132000275474],[-71.05309500012493,42.39519000015921],[-71.05317299994273,42.39525800032065],[-71.05330099998926,42.39539200022798],[-71.05332600010361,42.39550299997913],[-71.05334199999714,42.39561599972135],[-71.05334899966982,42.395728000163324],[-71.05334899966982,42.39584100016379],[-71.05334000034732,42.39595399996083],[-71.0532969997913,42.39617800010185],[-71.05321599960044,42.39641000009207],[-71.05316100024717,42.39652300019133],[-71.05302599962964,42.396740000093224],[-71.05285800029846,42.39694499970255],[-71.05262099957369,42.39716299987269],[-71.05214100007298,42.397495000021934],[-71.0519450002544,42.397618999843],[-71.05167699956748,42.39772699978703],[-71.05148199957381,42.39777000003248],[-71.05127999990746,42.3977879997716],[-71.05107599969296,42.39778099968936],[-71.05080700007943,42.39774099996277],[-71.05063399982706,42.39771300027161],[-71.05031300033501,42.39765900031077],[-71.05021200005268,42.39763500016584],[-71.05001799988392,42.397569999782476],[-71.04983799995887,42.39748599977933],[-71.04874699963956,42.39689200014927],[-71.04862799981389,42.396827000323114],[-71.04850099959228,42.39675800012779],[-71.04847100035335,42.39674200024474],[-71.04841399955365,42.39672400020554],[-71.04834599978157,42.39670300026388],[-71.0482420000245,42.39667099980225],[-71.04814499994013,42.39663399993221],[-71.04774900010501,42.39691399976902],[-71.04732800015552,42.39721200025097],[-71.04720500013188,42.39729899982653],[-71.04706100019183,42.39740099993018],[-71.04696400010745,42.39746899968602],[-71.04679000003019,42.39759199982794],[-71.04637900012644,42.39788199994705],[-71.04629399973763,42.39793900021781],[-71.04616099966823,42.39803500027738],[-71.04614800014777,42.398043999777904],[-71.04570700010679,42.398354999857595],[-71.0448209998269,42.39897900011675],[-71.04417899994449,42.399433999793544],[-71.04322300024272,42.40011399986719],[-71.04245400013869,42.40064600003128],[-71.04180600040849,42.40110399991109],[-71.04142300009384,42.4013759996884],[-71.04088699961832,42.40174900028022],[-71.04056799977609,42.40198199989815],[-71.04040299991966,42.40222899981523],[-71.04005599959001,42.40274900019788],[-71.03981999958847,42.40311400013094],[-71.03948700040084,42.40362600008424],[-71.03907499977389,42.404263000086566],[-71.0386399995807,42.40493899978384],[-71.03855000006733,42.40507199996963],[-71.03848999979289,42.405165000236266],[-71.03838000018803,42.40533399974029],[-71.03825499961626,42.40552800017177],[-71.03803899970619,42.40586100010178],[-71.03786600035212,42.40612900011426],[-71.03774300032849,42.40631800013013],[-71.03709700024811,42.40731500013151],[-71.03667700012355,42.40796699993357],[-71.03673599967478,42.4079899998781],[-71.03632700031918,42.40860799984486],[-71.03625199997609,42.40873100003905],[-71.03602699984519,42.40910299980568],[-71.0359919996851,42.4091610000412],[-71.03592999976082,42.40920799991824],[-71.03586299981367,42.40928500002175],[-71.0357869996457,42.40937300030858],[-71.03562900036025,42.40964099990899],[-71.03529499955108,42.41021400016067],[-71.03518400012132,42.410396999995946],[-71.03490999958663,42.41087600017214],[-71.03483199976881,42.41100400013572],[-71.03461699968366,42.411371000142786],[-71.03451899977438,42.41154700004581],[-71.03414600040378,42.412173000085],[-71.0338230003636,42.41273100012297],[-71.03344199969878,42.41338000024079],[-71.03335700020827,42.413660999765824],[-71.03330899962938,42.41380199978719],[-71.03328100004028,42.41389099983971],[-71.03322900016175,42.414055999848905],[-71.03318099958287,42.41420600014372],[-71.0330140000766,42.414611000010034],[-71.03281700043311,42.41508000001455],[-71.03256600036295,42.41553300009412],[-71.03253700005062,42.41559700033056],[-71.0322829996074,42.41615900014045],[-71.0320139999939,42.41675800018129],[-71.0319920002526,42.416805999758694],[-71.0318380002668,42.417149000325736],[-71.03172899958854,42.417391999899515],[-71.03165400014379,42.417559000133195],[-71.0315920002195,42.41769500030868],[-71.03149199976207,42.417918999759614],[-71.03144699955622,42.418030000111806],[-71.03138200015721,42.418192000308984],[-71.03132799973055,42.41831300015049],[-71.0312750000271,42.41843299969696],[-71.0311489996304,42.41866500029107],[-71.03110900034575,42.41873999994513],[-71.0310859998812,42.41878200032227],[-71.03101899993405,42.41890599985065],[-71.0309929999948,42.41895499982667],[-71.0308239999404,42.4192819998095],[-71.03075799981815,42.419409999859575],[-71.03071500016044,42.41948199981432],[-71.03069900026692,42.41950800031189],[-71.03052299964152,42.419801000047094],[-71.03046400009029,42.419899999926535],[-71.02999999958477,42.420697000094094],[-71.02961999964319,42.421298999939054],[-71.02931900024262,42.421876999817194],[-71.02927200038695,42.42197999975471],[-71.02913099992163,42.4222919998784],[-71.02908400006599,42.42239599979567],[-71.02906599962432,42.42243599971789],[-71.02901200009596,42.42255400000296],[-71.0289939996543,42.422593999824436],[-71.0288949999201,42.42280899975368],[-71.02878500031522,42.42299499993972],[-71.02870199957626,42.423227000232586],[-71.02867999983494,42.42328799995845],[-71.02863899982707,42.42340200003698],[-71.02858000027582,42.42356800019957],[-71.02836900038864,42.423946999974],[-71.0282899998476,42.42408900004832],[-71.02825700023564,42.42414800032085],[-71.0282270000984,42.42420200002707],[-71.02818400044072,42.424282000194005],[-71.02739299969706,42.42568900013748],[-71.02723899971126,42.42596399989468],[-71.02717599996207,42.426076999809304],[-71.02710800019003,42.42619900028653],[-71.02685100027206,42.4266559999963],[-71.02613499987149,42.42793300025988],[-71.02589100037234,42.428368000073],[-71.02582799972483,42.42848399999957],[-71.02572099959471,42.428671999721985],[-71.02562799970829,42.42884200010002],[-71.02552899997409,42.42901499969546],[-71.0254100001484,42.42922699981728],[-71.0253680003156,42.42930200009841],[-71.02526700003327,42.42948300015968],[-71.02516599975093,42.42966000016841],[-71.02510499965156,42.4297710002897],[-71.02499699969653,42.42997299974335],[-71.02492899992447,42.43008499984918],[-71.02408799985041,42.43158200015889],[-71.02404299964456,42.431642999711435],[-71.02303599988916,42.43346000011732],[-71.02300199955398,42.433520999831174],[-71.02239499983168,42.43460700014589],[-71.02228100002885,42.43481199999009],[-71.02221800027966,42.43492499986651],[-71.02218700031752,42.43497799977359],[-71.02216100037825,42.43502200013776],[-71.02205699972286,42.43521499977285],[-71.02175200012434,42.43576599980943],[-71.02162699955255,42.43599899969224],[-71.02158100042011,42.436072000265455],[-71.02154899973475,42.4361279998665],[-71.02153200001631,42.436157000090134],[-71.0213479998933,42.436504999737856],[-71.02128599996901,42.436608000171674],[-71.02115299989964,42.4368500001386],[-71.02112199993749,42.436904999940495],[-71.02111699991463,42.43691399983118],[-71.02106000001321,42.437017000255736],[-71.02100499976162,42.437116999894464],[-71.02068099989653,42.43770200005326],[-71.0203770001229,42.438250000201535],[-71.02105499999034,42.439051000038525],[-71.02116799996824,42.4391849998756],[-71.02122099967168,42.43924699971314],[-71.0216650000857,42.439772999780416],[-71.0225520001905,42.4408229998554],[-71.02313799999642,42.441516000011156],[-71.0249959998716,42.44371499977513],[-71.0255719996318,42.44439700032787],[-71.02566500041652,42.44450600024712],[-71.02569700020358,42.44454400002844],[-71.02583600012075,42.44470900024204],[-71.02586399970983,42.44474300000707],[-71.02757199979719,42.44667799970375],[-71.02785700020256,42.4470009998322],[-71.03476999984454,42.454831999839854],[-71.03576099970641,42.4559630003302],[-71.03596699957075,42.456197000121165],[-71.03645100016772,42.45674600032816],[-71.03653999985617,42.45684699973947],[-71.0372739998001,42.45767900014267],[-71.03888399997818,42.45950699986187],[-71.03996799972647,42.46073500031191],[-71.04075699992198,42.46162999967707],[-71.04119899978785,42.46213100001047],[-71.04159100032334,42.46257599987999],[-71.04275500043758,42.46389699974685],[-71.04330799973322,42.46452499987046],[-71.04343199958177,42.46466500014097],[-71.04351299977262,42.4647570001672],[-71.04357700024505,42.46482899971887],[-71.04404199967713,42.46535800028231],[-71.04444199971023,42.465811000155746],[-71.04458300017554,42.465970000216245],[-71.04478400001699,42.4661979999483],[-71.04506100002642,42.46651399977346],[-71.0452490003474,42.466726000255214],[-71.04527199991362,42.46675300032439],[-71.04533800003585,42.466827000135325],[-71.04694900003884,42.46865299997725],[-71.04697900017607,42.46868699999754],[-71.04708899978093,42.46881100018793],[-71.04719500008613,42.46893300029585],[-71.04777800041732,42.4695929999723],[-71.04859900039988,42.47052400006699],[-71.04966200023178,42.47172599975142],[-71.04986800009611,42.47196200000811],[-71.04998299972382,42.4720920002074],[-71.05000399964023,42.47211599968459],[-71.05017299969462,42.47230799980898],[-71.05037799973402,42.472539999753224],[-71.05052400022223,42.47270499976148],[-71.05065300009365,42.472851000088696],[-71.05082200014805,42.47304299994616],[-71.0509950004004,42.47323899993846],[-71.05125599961801,42.473534999791134],[-71.05140499958092,42.47370399985816],[-71.05157100016059,42.473891999729794],[-71.0523310000438,42.47475400030517],[-71.05237899972435,42.47480800013203],[-71.0524809998316,42.47492400021607],[-71.05278799997826,42.475271000023476],[-71.05336499956337,42.475925000284455],[-71.05377499964219,42.47640000010382],[-71.05421400003333,42.47690299975101],[-71.05389000016824,42.47877599987105],[-71.05373100015956,42.47969500024072],[-71.05360899996082,42.48039600014531],[-71.05356600030314,42.48064799984876],[-71.05349099996006,42.481080999921275],[-71.05340599957124,42.48156999969909],[-71.05308199970615,42.48344099987221],[-71.0529450003371,42.48422899973425],[-71.05266099975665,42.485871000133024],[-71.05262899996961,42.48605699993464],[-71.05262099957369,42.48610199983564],[-71.05141499962666,42.486321999989656],[-71.05137899964164,42.48633400031304],[-71.05025200023566,42.48653299998567],[-71.0478829999993,42.48755999991326],[-71.04694900003884,42.48796399977324],[-71.04672499973286,42.48806200032659],[-71.04549500039468,42.48859599995464],[-71.04520900016442,42.48871999978178],[-71.04234700000856,42.49262500012399],[-71.04185900011194,42.49329199967033],[-71.0409200001286,42.49457300016937],[-71.04013000010818,42.495650999821414],[-71.04006300016103,42.495740999696636],[-71.0400189997801,42.4958000000523],[-71.03990800035034,42.49594899992818],[-71.03985399992365,42.49605499974824],[-71.03985200027383,42.496093000039885],[-71.03988400006088,42.49612900001604],[-71.03990900017524,42.4961559999845],[-71.03996600007665,42.49616200019671],[-71.04004999974224,42.4961559999845],[-71.04011199966651,42.49616299968006],[-71.04014299962867,42.496189000150935],[-71.04014299962867,42.49622200029994],[-71.04014000015391,42.496286000258344],[-71.04011500003956,42.49635599968247],[-71.04012000006244,42.49639200016954],[-71.04016299972014,42.49642799997352],[-71.04024999975877,42.49645999985547],[-71.04032699975167,42.49650100032196],[-71.04037100013261,42.49653999981991],[-71.04036600010971,42.49658000009493],[-71.04032500010184,42.4967119997612],[-71.04031599988102,42.49681200012571],[-71.04032400027693,42.49684600008074],[-71.04035500023909,42.496871000133325],[-71.04037699998038,42.49687399987402],[-71.0404120001405,42.49687799974883],[-71.04043100040705,42.496876000142635],[-71.04044700030059,42.496881000151554],[-71.04050400020199,42.49692699968486],[-71.04055500025562,42.49701699971071],[-71.04061299998195,42.497119999978715],[-71.0406380000963,42.49722099981962],[-71.04066200038572,42.497245000256186],[-71.04070699969327,42.49726699976516],[-71.04077799983838,42.497280000103636],[-71.04083700028792,42.49731100008462],[-71.04103399993141,42.49743899969384],[-71.04108499998505,42.49748400001687],[-71.0410950000308,42.49753400026415],[-71.04108400016013,42.4975779997334],[-71.04104499980207,42.49761099981178],[-71.0409629997863,42.49764700023869],[-71.04094100004498,42.49766400032267],[-71.04093600002213,42.497689000048226],[-71.0409279996262,42.497708999821434],[-71.04093799967194,42.49773099982956],[-71.04095600011361,42.49774099971022],[-71.04098899972557,42.497758999888866],[-71.04103099955836,42.49777300024497],[-71.04111500012226,42.497779000302025],[-71.04116399962776,42.497786999935634],[-71.04123499977287,42.497812999731295],[-71.04127699960566,42.49783499970278],[-71.04129300039752,42.49785199973569],[-71.04131900033677,42.49786800030787],[-71.04133900042827,42.49787499981179],[-71.04137299986512,42.49788199997727],[-71.04146400010173,42.49791399977752],[-71.04152600002601,42.49793900006542],[-71.04159700017112,42.4979670000316],[-71.04165599972235,42.49798600026169],[-71.04168500003468,42.49800999974237],[-71.04171500017189,42.49805699988528],[-71.0417369999132,42.49807000005952],[-71.04175700000468,42.498081000000994],[-71.04186499995973,42.498108999903636],[-71.04197100026492,42.49812599986201],[-71.04203200036429,42.49815300029293],[-71.04207500002201,42.49822100005096],[-71.04208699971757,42.49827099970896],[-71.04209500011348,42.49831000009005],[-71.04207800039504,42.49837799967735],[-71.0420330001892,42.498485000124944],[-71.04203700038717,42.49853699978733],[-71.04207400019708,42.49857900032371],[-71.04217899977908,42.4986660003043],[-71.04227000001568,42.49874299978268],[-71.04231699987135,42.49879900030714],[-71.04235799987921,42.498900000085406],[-71.04236200007718,42.49901699997874],[-71.04239499968915,42.499152000093055],[-71.0424120003059,42.499241000131704],[-71.04247099985713,42.49934600023765],[-71.04250299964419,42.499381000233754],[-71.04252899958344,42.49940100012817],[-71.04257399978928,42.49941199983551],[-71.04261800017021,42.49940800012276],[-71.04264300028457,42.499387000136515],[-71.04267500007163,42.49938499994821],[-71.04271899955425,42.49940499984135],[-71.04286199966937,42.499493000089736],[-71.04299399991386,42.499565000080445],[-71.04304599979238,42.499609000107526],[-71.04311000026482,42.49963300028989],[-71.04319599958023,42.49963200019968],[-71.04324300033419,42.49964299986643],[-71.04327699977108,42.499668000125396],[-71.04330899955814,42.49969599997968],[-71.04340800019065,42.49979799972129],[-71.04347799961252,42.49987000002306],[-71.043609999857,42.49999600018617],[-71.04367099995638,42.5000570000057],[-71.04370799976631,42.50011400009818],[-71.04373200005574,42.50016799989385],[-71.04372399965982,42.50018700011747],[-71.04371699998713,42.500215999820234],[-71.04367799962907,42.50024099985004],[-71.04366299956045,42.50025099999167],[-71.04364199964405,42.50025899997136],[-71.04359099959044,42.50028099974459],[-71.04355600032865,42.50031200022473],[-71.04355299995558,42.50034699968016],[-71.04356300000134,42.50037299973602],[-71.04360800020719,42.500491999675276],[-71.04361800025292,42.50051400002884],[-71.04363699962119,42.50052899984399],[-71.04366000008571,42.50054000001526],[-71.04368699984991,42.50056599999086],[-71.04370600011647,42.5006259998423],[-71.04371299978916,42.50067199993228],[-71.04372100018509,42.50069599970662],[-71.04375200014724,42.50075399995113],[-71.04381499989641,42.50084299969644],[-71.04382599976707,42.50085900016556],[-71.04383300033808,42.500880000319746],[-71.04383199961484,42.5009150001195],[-71.04382499994217,42.5009520000379],[-71.0438070003988,42.50096599967915],[-71.04379999982781,42.50101699985945],[-71.04378899995716,42.5011249998313],[-71.04377399988853,42.50119900005997],[-71.04375899981991,42.50125200017891],[-71.04373200005574,42.50129200008895],[-71.04370600011647,42.501323000067835],[-71.04365400023794,42.50136900030733],[-71.04358999976552,42.50140900014252],[-71.04351199994771,42.501456999778476],[-71.04349299968115,42.501506000100186],[-71.04341200038861,42.50155699984002],[-71.04328299961885,42.50160800020061],[-71.0432369995881,42.501629000103186],[-71.04321900004476,42.501623999811656],[-71.04314000040203,42.50164300025515],[-71.0430409997695,42.501686000087155],[-71.04299300008894,42.50171899998445],[-71.04296399977662,42.5017350002294],[-71.04294600023329,42.501737999736754],[-71.0429119998981,42.50174300001921],[-71.04287599991308,42.50174300001921],[-71.04284599977585,42.50174800030121],[-71.04283400008028,42.50176700004471],[-71.04282700040758,42.501802000010244],[-71.04280800014104,42.50188099970907],[-71.04279300007241,42.501904000290075],[-71.04276799995806,42.50192299998618],[-71.04272000027746,42.50193900017892],[-71.04266099982793,42.5019510001552],[-71.0425610002688,42.50196100002335],[-71.04249900034453,42.50199599988028],[-71.04243599969703,42.50205799978693],[-71.0423920002144,42.50211800019347],[-71.04240399990998,42.50216699999715],[-71.0423910003895,42.502201999738766],[-71.04233899961265,42.5022429997518],[-71.04222900000778,42.50234299988076],[-71.04221700031222,42.50239000007817],[-71.04220999974122,42.50241599994677],[-71.04218399980195,42.502448000075844],[-71.04219800004564,42.502480000188534],[-71.04225300029724,42.50249500019433],[-71.04227900023652,42.502525000195156],[-71.04226300034297,42.50257399967981],[-71.04221899996205,42.50260599972802],[-71.04197700011272,42.50264299997031],[-71.04180399986035,42.50265000026426],[-71.04169300043058,42.502651000306194],[-71.04161300006464,42.50265199968587],[-71.0413979999795,42.50261600015364],[-71.04126400008518,42.502613000026145],[-71.04123999979575,42.502613000026145],[-71.0411440004346,42.502632000169086],[-71.04108099978708,42.502676000024735],[-71.04105499984782,42.50272600009407],[-71.0410189998628,42.502746000243086],[-71.04098200005288,42.50275499994376],[-71.04087200044802,42.50274000000035],[-71.04083100044015,42.50272299997182],[-71.0407440004015,42.50268699981823],[-71.04072599995983,42.502672999900085],[-71.0406670004086,42.50262099970357],[-71.0406380000963,42.502597000005885],[-71.0406039997611,42.50259800004863],[-71.04055699990543,42.50260799981328],[-71.04047700043782,42.502629000042326],[-71.04045899999615,42.50263999984408],[-71.04043600042992,42.50265299972773],[-71.04029599978954,42.502745000202665],[-71.04014099997883,42.50285299983879],[-71.04001200010741,42.5029559997656],[-71.0398649997943,42.50302100015289],[-71.0397509999915,42.50303399995732],[-71.03966999980064,42.502997999982796],[-71.039582999762,42.502952000279556],[-71.03947999982985,42.502935000308675],[-71.03942399975334,42.50290699991803],[-71.03939399961612,42.50287800013881],[-71.03938000027073,42.50286100014779],[-71.03936900040009,42.502847000268616],[-71.03934400028572,42.50282800019102],[-71.03929700043005,42.50282800019102],[-71.03926700029282,42.502830000269185],[-71.03919299977466,42.502845000191],[-71.03915500013984,42.50285199980009],[-71.03904100033702,42.502831000308234],[-71.03891499994032,42.50279400017719],[-71.03883899977234,42.502735999838265],[-71.03872099977154,42.502719999849475],[-71.03862200003736,42.5027270001348],[-71.0385120004325,42.50276499968331],[-71.03847499972427,42.50280499994997],[-71.03848599959491,42.502846000229816],[-71.03846700022666,42.502883999706],[-71.03836799959416,42.50291899970853],[-71.03826499966199,42.50292099978378],[-71.03819900043806,42.50293200019645],[-71.03818000017148,42.50295100024244],[-71.03816900030084,42.502983000097686],[-71.03819100004215,42.50301900008084],[-71.03823399969986,42.50304200024316],[-71.03825700016438,42.50305400000779],[-71.03828599957838,42.50309200001985],[-71.03827800008078,42.50313000000875],[-71.03825600033946,42.50318499988215],[-71.03826899985995,42.50320599991738],[-71.03828499975346,42.50323400017411],[-71.03826700021013,42.50326099972386],[-71.03820699993565,42.50325400016061],[-71.03819400041519,42.50324799996664],[-71.03815199968409,42.503227999978215],[-71.038124000095,42.50321400018122],[-71.0380760004144,42.503167999974615],[-71.03805399977477,42.50316499987357],[-71.03803299985837,42.50316499987357],[-71.03800000024643,42.50317300014271],[-71.03798000015495,42.503178000310335],[-71.0379550000406,42.503198000314754],[-71.0379340001242,42.50324799996664],[-71.03792499990335,42.50327100004476],[-71.03790999983474,42.50329800024081],[-71.0378930001163,42.50331200001901],[-71.03786399980399,42.50331700017557],[-71.03783299984185,42.503324999762924],[-71.03782199997119,42.503345999751126],[-71.03782199997119,42.503372999914795],[-71.03779600003192,42.50338999976658],[-71.03776699971961,42.50338400024799],[-71.03773599975747,42.503362000242],[-71.03770099959738,42.503335000073584],[-71.03757299955086,42.503299000272385],[-71.03743700000672,42.50330699986208],[-71.03735300034114,42.503325999794065],[-71.03711700033959,42.50344900019031],[-71.03696199963058,42.503532999934166],[-71.03688899983565,42.50362000030675],[-71.03685799987349,42.50365199981959],[-71.03679099992634,42.503783999789306],[-71.03674300024578,42.503857000159584],[-71.036625000245,42.50394100001754],[-71.03652099958961,42.50404100007968],[-71.03640699978679,42.50416599976689],[-71.03633999983964,42.50417899999551],[-71.03627200006758,42.504173999907884],[-71.03622000018905,42.50420099971401],[-71.03620099992249,42.504253999937184],[-71.03620400029551,42.50429599994467],[-71.0361890002269,42.50437399978915],[-71.03622799968666,42.504613000116095],[-71.03621099996822,42.50463200031345],[-71.03618699967876,42.50464299976285],[-71.0361549998917,42.50464999983286],[-71.03611700025688,42.50464799981297],[-71.03602199982232,42.504670000028646],[-71.03595200040044,42.504712999765616],[-71.03588499955497,42.50477800031295],[-71.03584100007235,42.5048430001305],[-71.03582600000374,42.504895999809406],[-71.0358300002017,42.50500799972038],[-71.03584899956995,42.50506799994486],[-71.03584299972218,42.5051580001737],[-71.03583900042254,42.505192000226394],[-71.03580400026244,42.505259000276155],[-71.03581599995799,42.50536900020219],[-71.03580799956208,42.505442000046195],[-71.03575200038391,42.505519999785385],[-71.03577300030031,42.50563999985629],[-71.0357389999651,42.50573599987963],[-71.03564199988072,42.50581499990554],[-71.0356259999872,42.50585100024468],[-71.03559199965201,42.505883999930326],[-71.03554700034448,42.50589199985146],[-71.03549100026798,42.505883999930326],[-71.03545199990994,42.505887999890994],[-71.03542400032083,42.50590899968055],[-71.03538999998565,42.50597500029764],[-71.03532100038868,42.50611899983681],[-71.03531499964258,42.50614900008534],[-71.03532899988627,42.50616499985883],[-71.0353940001836,42.50619000015893],[-71.03540199968121,42.506251999879915],[-71.0353869996126,42.506315000185],[-71.03540199968121,42.50634800028796],[-71.03540400022935,42.50637699978206],[-71.03537499991702,42.50639700008755],[-71.03534700032795,42.50640999985224],[-71.03513600044074,42.50653700006022],[-71.03505799972463,42.50656800008747],[-71.03500400019627,42.50659600016291],[-71.03498199955665,42.50661099984342],[-71.03495800016552,42.50664699972421],[-71.03492899985321,42.50667899967437],[-71.03490000043921,42.50675799983309],[-71.03490999958663,42.50686299989783],[-71.03489799989107,42.50705400004282],[-71.03491399978459,42.50710399992198],[-71.03495499979246,42.50714200012123],[-71.03502500011265,42.507172999848464],[-71.03524900041864,42.507326000306364],[-71.03549499956763,42.50745299997788],[-71.03557599975848,42.50750100027143],[-71.03563199983499,42.50756300001666],[-71.03563100001007,42.50763599994762],[-71.03557900013155,42.50773100025624],[-71.035555999667,42.5078030000315],[-71.03556900008579,42.50788100013591],[-71.03560000004794,42.50793299993073],[-71.03560300042099,42.50799499990968],[-71.03557999995645,42.508052000049716],[-71.0355699999107,42.508100999838106],[-71.03557199956053,42.508255999915875],[-71.03554599962126,42.50828599980112],[-71.03555300019227,42.50831299981792],[-71.0356050000708,42.50834800009218],[-71.03565500029953,42.50835599969804],[-71.03574499981289,42.508381999734354],[-71.03577800032316,42.50838400029706],[-71.03583100002662,42.50837500008224],[-71.03586000033893,42.50838400029706],[-71.03587600023245,42.50839199989828],[-71.03589399977581,42.50840899970973],[-71.03590100034681,42.50843299982521],[-71.03588999957785,42.5084489996763],[-71.03587600023245,42.50846400023664],[-71.03585600014097,42.508468999981105],[-71.03580199971431,42.50848000007979],[-71.03575700040676,42.50850600006458],[-71.03572700026955,42.50853399993423],[-71.03571100037601,42.508597999872926],[-71.03571700022378,42.50862000002298],[-71.03572999974428,42.50863900032693],[-71.03575400003372,42.50865200028761],[-71.03581599995799,42.50867399975642],[-71.03596400009602,42.50872299971948],[-71.03601500014963,42.50876300014733],[-71.03603000021825,42.50882000024929],[-71.03603299969298,42.50888000012613],[-71.0360620000053,42.50892199967457],[-71.03610300001317,42.50894600025531],[-71.03623799973239,42.508972999987066],[-71.03628600031128,42.508986999818816],[-71.03630499967954,42.50900200025006],[-71.03631399990037,42.5090490000768],[-71.03630399985462,42.50910400004057],[-71.03621299961803,42.50921499975987],[-71.03620599994534,42.5092700002398],[-71.03625799982387,42.50934100029411],[-71.03645899966533,42.509451000321626],[-71.03652899998552,42.50950799979614],[-71.03653700038144,42.509536999810955],[-71.03654099968108,42.50955300004168],[-71.03651599956673,42.50956499988095],[-71.03648999962748,42.50956499988095],[-71.03644500031993,42.5095910000766],[-71.03642500022846,42.50961499973825],[-71.03642000020558,42.5096390000529],[-71.03643100007623,42.50965600018739],[-71.03645700001552,42.50969300023047],[-71.03654300022924,42.50975700030689],[-71.03663600011565,42.50982699988094],[-71.03670499971263,42.50990500010857],[-71.03673400002494,42.509950000068294],[-71.03675599976624,42.50997400025426],[-71.03678199970552,42.509976000103805],[-71.03681699986562,42.50996500026837],[-71.03686500044451,42.50994800021792],[-71.0369359996913,42.509945999705266],[-71.0369690002016,42.50994900014311],[-71.03699699979067,42.50994900014311],[-71.03702799975281,42.509966000193295],[-71.03703899962346,42.50997999980268],[-71.03704799984429,42.509998999693245],[-71.03704500036956,42.51003099991412],[-71.0370410001716,42.51005799983938],[-71.03701799970707,42.510139000207474],[-71.03696599982854,42.510259999940466],[-71.0369559997828,42.51034999997852],[-71.03694599973704,42.51042100013049],[-71.03692599964556,42.51045900029993],[-71.0368860003609,42.510488999790034],[-71.03685500039877,42.5104969997841],[-71.03683000028441,42.51049900027907],[-71.03679699977411,42.51050599969339],[-71.03677800040587,42.51052500008626],[-71.03676499998708,42.51054700022024],[-71.03670899991057,42.51057900016056],[-71.0366810003215,42.51060100027558],[-71.03666600025288,42.51062199980624],[-71.03665200000918,42.510652999794246],[-71.03663199991769,42.51071000015927],[-71.03660199978046,42.51073200022818],[-71.03652999981044,42.510779000078514],[-71.03650300004627,42.510807000254346],[-71.0364970001985,42.5108279997158],[-71.03655699957463,42.510994999880324],[-71.03656800034359,42.511127000237856],[-71.03654599970396,42.511167999695196],[-71.03654200040432,42.5111980001694],[-71.03659900030573,42.51130300006022],[-71.03663399956751,42.51141000024044],[-71.03666999955253,42.51152699989991],[-71.03667399975048,42.51155800010125],[-71.03667299992559,42.51158400013008],[-71.03663299974261,42.51176600002907],[-71.03660099995555,42.51189200005623],[-71.03656999999342,42.51191999973346],[-71.03655300027498,42.51194899995353],[-71.03654599970396,42.51198199973088],[-71.03653999985617,42.51233599979842],[-71.03655599974971,42.51243499978962],[-71.03658400023711,42.51247300005898],[-71.03663500029074,42.51249699993836],[-71.03672800017715,42.512502000022465],[-71.03686899974414,42.51253199985631],[-71.03691099957695,42.51254100013477],[-71.03694300026231,42.51256699975467],[-71.03707499960848,42.5127509998629],[-71.03718799958638,42.512908999962555],[-71.03720100000517,42.51292800028706],[-71.03731099961003,42.513081999777],[-71.03739099997597,42.51316699969411],[-71.0374420000296,42.513238999829504],[-71.03749599955795,42.51328700031511],[-71.03761100008401,42.513326999808775],[-71.03768100040419,42.51337699996751],[-71.03777099991757,42.51340200003189],[-71.0378860004436,42.513458999876384],[-71.03802000033792,42.51351599966895],[-71.03807499969118,42.513549999810856],[-71.03816699975268,42.51365700011729],[-71.03824499957048,42.513725000229215],[-71.0382589998142,42.513737999794216],[-71.03829800017225,42.513750000154374],[-71.03830999986782,42.51376699983291],[-71.038300999647,42.51379300026714],[-71.03827499970772,42.51381700030181],[-71.03827899990569,42.513857000118385],[-71.03830999986782,42.513854999730896],[-71.03831599971559,42.513886000101856],[-71.03828499975346,42.513904000267495],[-71.03828999977634,42.51395399996461],[-71.03830900004291,42.513962000177315],[-71.03831900008865,42.513982999903035],[-71.0382949997992,42.51399900031998],[-71.03829999982209,42.514039999879806],[-71.03830200037021,42.51405899986053],[-71.038308000218,42.51411800014717],[-71.03838299966276,42.51418899999176],[-71.03843200006655,42.51421399973132],[-71.03848999979289,42.51421399973132],[-71.038560999938,42.514180999808126],[-71.03859299972504,42.51416500009994],[-71.03865100034967,42.51417000005061],[-71.03873400019035,42.5141939999405],[-71.03881700003103,42.51423400017795],[-71.03886200023686,42.51427500024579],[-71.03911699960668,42.514354999929225],[-71.03923600033067,42.514404000073796],[-71.03927200031569,42.5144049999277],[-71.03930099972969,42.51439500006364],[-71.03942899977622,42.51445300017995],[-71.03946700030937,42.51445800010757],[-71.03947599963189,42.51449800017605],[-71.03948300020288,42.51453599985319],[-71.03936600002703,42.514682999745894],[-71.03928800020923,42.51480800000422],[-71.0392589998969,42.51484100025851],[-71.03917799970606,42.514910000252314],[-71.03901600022266,42.515004000255594],[-71.03894000005467,42.51504899985489],[-71.03889800022188,42.515106000183735],[-71.03880399961224,42.515199999892204],[-71.03873599984017,42.515223000207904],[-71.03869099963434,42.515237999804704],[-71.03866200022033,42.515269000151754],[-71.03866700024321,42.515307999861754],[-71.03861000034179,42.515351000226815],[-71.03857099998373,42.51541499980688],[-71.0384350004396,42.51561400030678],[-71.03842299984572,42.5156350001396],[-71.03839600008153,42.515650000299615],[-71.03835000005078,42.515647999969474],[-71.03830300019513,42.51566600028976],[-71.03827399988282,42.51569199993391],[-71.03826700021013,42.515724999721385],[-71.03828899995142,42.51579400006342],[-71.03829899999718,42.51581499983576],[-71.03832099973847,42.515853999867076],[-71.03831400006578,42.5158800000952],[-71.03827899990569,42.5158939997042],[-71.03832699958626,42.51592200023706],[-71.03829300014938,42.515946000116294],[-71.03830700039309,42.5160080000927],[-71.03834900022589,42.516020000016965],[-71.03834000000505,42.51604099971331],[-71.03836400029451,42.516077000122266],[-71.03834099982997,42.51611999995824],[-71.03833900018014,42.51613299968722],[-71.03832599976134,42.51614299993534],[-71.03830900004291,42.51616900004318],[-71.03831499989069,42.51618400007501],[-71.03829200032447,42.516223999700905],[-71.03829599962413,42.51624199985529],[-71.03830200037021,42.516262000314995],[-71.03831999991357,42.516271999880324],[-71.03834500002793,42.51628699988744],[-71.03838199983784,42.5163069996706],[-71.03842299984572,42.51635000001041],[-71.03843600026451,42.516376999854536],[-71.0384420001123,42.516394999964795],[-71.03847100042462,42.51639300032065],[-71.03849999983862,42.51640599999288],[-71.03851599973216,42.516423000273186],[-71.03854500004445,42.51641600019726],[-71.03859299972504,42.516413000069925],[-71.03863600028106,42.51637299990286],[-71.03866700024321,42.5163799999836],[-71.03867899993875,42.516354999786266],[-71.03870400005313,42.516342999926316],[-71.03873500001527,42.51634600005706],[-71.03874800043407,42.51633999979547],[-71.03877600002315,42.51631900019955],[-71.03879299974157,42.51632600028634],[-71.0388220000539,42.51631699989087],[-71.03886899990957,42.51632300015468],[-71.03890700044272,42.5163410002805],[-71.03890599971949,42.51636199986902],[-71.03889700039699,42.5163799999836],[-71.03894000005467,42.51643400029634],[-71.0389350000318,42.51645599967466],[-71.03895199975024,42.51646500005015],[-71.03897799968951,42.51645899979998],[-71.03900199997896,42.516468000174996],[-71.03902799991822,42.51647699988663],[-71.03903600031414,42.51649000020349],[-71.03902299989537,42.51650399967588],[-71.03899500030626,42.51648899972085],[-71.03895900032126,42.51649300032718],[-71.03894000005467,42.51650399967588],[-71.03896299962089,42.516546000060494],[-71.03897799968951,42.51656199982124],[-71.03896799964377,42.516572999819886],[-71.03895400029836,42.516572999819886],[-71.03890800026761,42.516580999697304],[-71.03889599967374,42.51660899992241],[-71.03888599962801,42.51664100006963],[-71.03890499989457,42.51667499983572],[-71.03893599985672,42.51667700013294],[-71.03892400016116,42.51669100022552],[-71.03888700035122,42.516702000201505],[-71.0388780001304,42.51672400014762],[-71.03888800017614,42.51674099967933],[-71.03930699957748,42.51687200000513],[-71.03942299992845,42.5169089997492],[-71.04010800036686,42.51723700006585],[-71.04026099962942,42.51742100032949],[-71.04032199972879,42.51760500005128],[-71.040279999896,42.51779800007694],[-71.04026900002536,42.51785899974153],[-71.04016199989523,42.51836300017304],[-71.04012699973512,42.51881000030324],[-71.04032500010184,42.51929299976468],[-71.04044899995041,42.51945500029419],[-71.04069599982262,42.51956999991657],[-71.04098899972557,42.51984700016471],[-71.04107999996216,42.52012300008456],[-71.04110900027449,42.520363999962704],[-71.04104499980207,42.52059299986748],[-71.04090300041017,42.52098299972222],[-71.04090099986202,42.52111700032595],[-71.04090599988488,42.521256000025964],[-71.04091599993065,42.52133199974543],[-71.04093000017436,42.521443000258614],[-71.0409129995576,42.5217180000125],[-71.04078700005921,42.521890000203896],[-71.04055299970747,42.52204999983367],[-71.04041100031557,42.52210699973522],[-71.04035900043704,42.52212800003427],[-71.04020600027617,42.522186999985514],[-71.04019899970515,42.52219800031813],[-71.04008599972725,42.52223199970891],[-71.03988300023597,42.52241099987664],[-71.03964800005934,42.52283500002545],[-71.03946499976124,42.52302299988273],[-71.0392870003843,42.52320500023392],[-71.03904299998683,42.523353999679266],[-71.03873599984017,42.52353799980593],[-71.03861600018958,42.523742000104434],[-71.03859899957283,42.523960000186975],[-71.03867300009098,42.52420499994289],[-71.03868999980942,42.52425900011384],[-71.03890499989457,42.52458199980635],[-71.0391669998354,42.52478899973148],[-71.0394770003551,42.52493899971879],[-71.039807000068,42.52508000021263],[-71.04000399971149,42.52518900000072],[-71.04020299990312,42.525389999846084],[-71.04038899967594,42.525626999910024],[-71.04064300011916,42.52586500006942],[-71.04079700010494,42.525947999811656],[-71.04087300027294,42.526069000051834],[-71.0409829998778,42.52626199975295],[-71.04438300015899,42.52582999967444],[-71.044567000282,42.52580699995281],[-71.04950499987294,42.525182999926216],[-71.04978500025543,42.52514199973275],[-71.05125800016614,42.524954999978654],[-71.05745699995568,42.524169000244335],[-71.05751300003219,42.52417299969691],[-71.05766199999512,42.52417899986841],[-71.05770399982791,42.524169999941996],[-71.05774499983578,42.52414199979477],[-71.05776300027745,42.524137999678096],[-71.05780299956209,42.52412500029033],[-71.0578519999659,42.52408800018471],[-71.05792200028611,42.52407000030432],[-71.05794900005027,42.52404299981197],[-71.05802199984521,42.52402699998059],[-71.05807299989884,42.524007999720325],[-71.05810600040913,42.52396500001599],[-71.0581409996709,42.52394599973687],[-71.0581680003334,42.523931999945624],[-71.05820900034126,42.52391499972203],[-71.05822699988461,42.52388900018899],[-71.05821900038701,42.523849999876],[-71.0582250002348,42.523802999924804],[-71.05827100026555,42.52369399970469],[-71.0583800000455,42.52362099999151],[-71.05844699999265,42.523609999909446],[-71.05852900000842,42.52363900000127],[-71.05861900042011,42.52368100022455],[-71.05869399986486,42.52370400006687],[-71.05872099962903,42.52374499987994],[-71.05874499991849,42.523800999855645],[-71.05883500033018,42.523838999834254],[-71.05891399997289,42.523842000267116],[-71.05902000027811,42.52387199995369],[-71.05904299984431,42.52393899984164],[-71.05902899960061,42.52396200025104],[-71.05903100014874,42.52399300024255],[-71.05904100019448,42.52402200015659],[-71.0590629999358,42.524049999695535],[-71.0590849996771,42.524079000245194],[-71.05910899996655,42.524090000244676],[-71.05914099975361,42.52408200000447],[-71.05920000020316,42.52407000030432],[-71.05921799974651,42.52407700018487],[-71.05926200012743,42.52409300000343],[-71.05931700037902,42.52414399985297],[-71.05944700007537,42.524211000111265],[-71.05952499989317,42.524246000089185],[-71.05959900041134,42.52425799975553],[-71.05970200034348,42.52429899986709],[-71.05977699978824,42.524311000185314],[-71.05980699992547,42.52432299983918],[-71.05983000039,42.52432800030115],[-71.05988200026854,42.52432999969138],[-71.06001000031506,42.524300000224734],[-71.06006899986627,42.52430700007952],[-71.06007200023934,42.52444399991655],[-71.06013800036158,42.524560999670086],[-71.0602320000729,42.52466000015611],[-71.06031400008868,42.52473000025125],[-71.06034099985285,42.52476200021193],[-71.06045899985364,42.524803999680195],[-71.06048599961782,42.52481900028737],[-71.06051800030318,42.524841999710745],[-71.0605209997779,42.524874999962435],[-71.06050499988439,42.52492900021635],[-71.06050099968643,42.52502499974325],[-71.06054699971718,42.52509500009153],[-71.06061399966433,42.5251680000685],[-71.06067300011388,42.525226999797084],[-71.06074400025898,42.52523899993705],[-71.06083799997032,42.5252130002929],[-71.06087800015328,42.52518099990124],[-71.06096099999395,42.52516699972475],[-71.06104399983464,42.525147000129174],[-71.06111400015483,42.525134999971584],[-71.06116600003338,42.52510599991213],[-71.06124499967609,42.52510999996678],[-71.06129200043007,42.52510999996678],[-71.06133099988982,42.52510100017448],[-71.0613869999663,42.52506899972545],[-71.06143399982199,42.52506399998478],[-71.06147800020291,42.525034999892426],[-71.06150199959403,42.52498800017065],[-71.06148200040087,42.52493600000061],[-71.06149099972339,42.52486899985783],[-71.0615900003559,42.52473799974643],[-71.06165200028018,42.52466600028084],[-71.0617109998314,42.52459499976108],[-71.06183600040319,42.524450999755196],[-71.06190400017526,42.52437200011214],[-71.06193799961214,42.52432999969138],[-71.06196299972649,42.52429899986709],[-71.06202600037399,42.52427600024382],[-71.06207800025253,42.524281000047495],[-71.06212000008532,42.52428500015496],[-71.06240799996542,42.52439499970007],[-71.06256799979897,42.52445600020693],[-71.06296899965697,42.524570999893484],[-71.06313799971139,42.52463799969385],[-71.06327599980364,42.524658999804224],[-71.06335899964431,42.52466800032226],[-71.06345300025397,42.5246629998875],[-71.06378399979175,42.52462899983351],[-71.063998000052,42.5245510001071],[-71.06408900028858,42.52447899976394],[-71.06416399973337,42.52443500002832],[-71.06424099972625,42.52440400025613],[-71.064258000343,42.52440499995004],[-71.06427500006144,42.524409000049616],[-71.06428900030514,42.5244179999416],[-71.06432000026727,42.524445999965124],[-71.06433299978775,42.5244609999962],[-71.06434700003145,42.52447399997612],[-71.06436899977275,42.52448600026072],[-71.06447099988,42.524523999822634],[-71.06462999988868,42.5245839998505],[-71.06470000020886,42.52461100010904],[-71.06481300018676,42.52464500017282],[-71.06489400037763,42.52466499992905],[-71.06506099988388,42.52470999985377],[-71.06524800037995,42.52474500021419],[-71.06539499979475,42.52477900020504],[-71.0655410002829,42.524786999693895],[-71.06566400030657,42.52481100014056],[-71.06582499996505,42.52482699977115],[-71.06585500010227,42.52482800012034],[-71.0661389997844,42.524832999879834],[-71.06635399986956,42.5248099997911],[-71.06635300004464,42.52482800012034],[-71.06635700024262,42.52488399978734],[-71.0663639999153,42.52490099974725],[-71.06637200031122,42.5249140002976],[-71.06638700037983,42.524925999835645],[-71.06639300022762,42.52493500031525],[-71.06640099972522,42.52494200009883],[-71.0664130003191,42.52495200026124],[-71.06642500001468,42.52495900004297],[-71.0664690003956,42.52498499979282],[-71.06649199996183,42.5249980003257],[-71.0665100004035,42.525009999847605],[-71.06652899977173,42.52502600008928],[-71.0665680001298,42.52505900024377],[-71.06659200041926,42.52507400012771],[-71.06662900022917,42.525093999746616],[-71.0666440002978,42.525099000146874],[-71.06667000023705,42.52510900028415],[-71.06669899965105,42.525116000048286],[-71.0667360003593,42.525126999865186],[-71.06676800014635,42.52513799968016],[-71.06679900010849,42.52514599978514],[-71.06682699969757,42.525157000258766],[-71.06684799961397,42.52516899975012],[-71.06686799970545,42.52518099990124],[-71.06689700001778,42.525203000172276],[-71.0669980003001,42.525288999833364],[-71.06703500011004,42.52532399986934],[-71.06705400037661,42.525336999669676],[-71.06707899959265,42.52535000012931],[-71.06709899968415,42.52536200024565],[-71.06712200014867,42.52537000032194],[-71.06714200024015,42.52537100000038],[-71.06715999978351,42.5253669999624],[-71.06717400002721,42.52535699986643],[-71.06718700044601,42.525346000090025],[-71.06719800031667,42.52533399997061],[-71.06720699963917,42.525321000169704],[-71.06721599986001,42.52530599968307],[-71.06722099988288,42.52529600023932],[-71.06722500008084,42.52528499979013],[-71.06723299957844,42.52527600002305],[-71.0672450001723,42.52526799993471],[-71.0672579996928,42.525261000187655],[-71.06727100011159,42.525257999822884],[-71.0672860001802,42.525255999800365],[-71.06729899970067,42.52525100007467],[-71.06731100029457,42.52524099996012],[-71.06731899979218,42.52523099984398],[-71.06732399981504,42.52522099972623],[-71.06732600036318,42.52520799990175],[-71.06732299999013,42.525199000123585],[-71.06731700014234,42.52518800031936],[-71.06730200007372,42.52517400014439],[-71.0672929998529,42.525164999699264],[-71.0672860001802,42.52515300020713],[-71.06729000037816,42.52513600031579],[-71.06729600022595,42.52512499983842],[-71.06730299989864,42.5251149997037],[-71.0673139997693,42.525103000201966],[-71.067328000013,42.52508999969095],[-71.0673420002567,42.52508099989572],[-71.06735399995226,42.52507299978246],[-71.0673630001731,42.52506500033018],[-71.06736900002088,42.525047999752836],[-71.06735800015022,42.525034000208606],[-71.06734800010447,42.52502699977323],[-71.06733600040893,42.525019999999124],[-71.06731899979218,42.525013000224234],[-71.06729399967782,42.5249990000101],[-71.06728100015732,42.52499200023286],[-71.06726699991363,42.5249829997615],[-71.06725900041603,42.524971999919245],[-71.06725600004297,42.52495900004297],[-71.06726299971568,42.52494200009883],[-71.06727500030955,42.52492900021635],[-71.0672929998529,42.524915999669076],[-71.06733999970857,42.52488300010109],[-71.06736399999802,42.5248649997877],[-71.06738800028745,42.52484500009549],[-71.06740099980793,42.52483099984366],[-71.06743000012024,42.52480700006677],[-71.06749399969435,42.52476400025027],[-71.06752999967937,42.52474500021419],[-71.06755700034186,42.52473099993994],[-71.0675670003876,42.52467999990754],[-71.06836800027867,42.52540300029472],[-71.06881799964215,42.52582000031463],[-71.06985200006005,42.526675000043],[-71.07011800019883,42.5268739997706],[-71.07022799980368,42.52697400021612],[-71.07038500016253,42.527107000236235],[-71.07244800007712,42.52880799984326],[-71.07372900036724,42.52986300012606],[-71.074460999763,42.530466999865006],[-71.07509199977477,42.53098899975449],[-71.07515000039942,42.53103500000735],[-71.07514600020144,42.531059000039484],[-71.07474600016836,42.53340299978493],[-71.07470000013763,42.53368900014337],[-71.0744180001053,42.53534499971836],[-71.07272900028451,42.54544500027583],[-71.0719600001805,42.55003100023591],[-71.07101100015142,42.55569700011549],[-71.07097799964113,42.55588899972104],[-71.06845299976916,42.55849199999694],[-71.06841799960907,42.55852799976166],[-71.06771899982525,42.5592500002154],[-71.06746399955713,42.55951399987363],[-71.06729399967782,42.55968999968692],[-71.06643199968737,42.56058300031194],[-71.06525699970248,42.561786000325895],[-71.06511000028769,42.56193800028313],[-71.06493700003533,42.56211600004096],[-71.06325999991013,42.56468499983455],[-71.06154000012718,42.567317999687525],[-71.05952800026621,42.57039599971749],[-71.05728999955112,42.573822000183554],[-71.05719900021282,42.57396100032474],[-71.05712499969468,42.57404100029885],[-71.05708600023492,42.5740310000596],[-71.05704000020417,42.57401900003506],[-71.05696900005906,42.573969999690235],[-71.05688399967025,42.57391699973295],[-71.05670000044555,42.57383600003572],[-71.05660500001099,42.5738139996996],[-71.05651999962217,42.5738139996996],[-71.05643400030677,42.57379600026078],[-71.05638699955279,42.573767999873795],[-71.056240000138,42.57367699968709],[-71.0561840000615,42.57366200023242],[-71.05612700016009,42.57366899984608],[-71.0560219996798,42.57373500032305],[-71.05593200016642,42.57375599979865],[-71.05584599995271,42.573752000214064],[-71.05568500029422,42.57372999984832],[-71.05559099968458,42.57367699968709],[-71.05554800002686,42.573653000160945],[-71.05552499956234,42.573656999751826],[-71.05548199990464,42.57366599982272],[-71.05526699981948,42.57381600015145],[-71.05521900013889,42.57390400012345],[-71.05515700021462,42.57398100016251],[-71.05506599997803,42.57403299984295],[-71.05496200022095,42.574038999854224],[-71.05482900015157,42.5740280000537],[-71.05471600017366,42.573972000137076],[-71.05465900027225,42.57389800009924],[-71.0546840003866,42.57380299985941],[-71.0545780000814,42.573635000014114],[-71.05451600015712,42.57353500020637],[-71.05445599988266,42.573483999680384],[-71.05439700033143,42.573434000006245],[-71.0543749996918,42.57341500022539],[-71.05431199994261,42.57335699995336],[-71.0542829996303,42.57329900028894],[-71.05424199962242,42.573187999993785],[-71.05413399966739,42.57313199998445],[-71.0540159996666,42.573044000246185],[-71.05387599992451,42.57299499979687],[-71.05380300012959,42.572961999837055],[-71.05367900028104,42.57296900019083],[-71.05359399989223,42.573010000073495],[-71.05347900026447,42.57308300026576],[-71.0533749996091,42.57313199998445],[-71.05326500000425,42.57314199970626],[-71.05310000014781,42.57307899997651],[-71.05300600043647,42.5729940002193],[-71.0529870001699,42.572898999925485],[-71.05300200023852,42.572786999999074],[-71.0529949996675,42.572700000017825],[-71.05304599972114,42.57258899997962],[-71.05317299994273,42.5725140000387],[-71.05330799966195,42.57249000006498],[-71.053535000341,42.57254100008076],[-71.05365099979362,42.57256000012782],[-71.05373600018244,42.572549000066445],[-71.05373700000735,42.57250799988073],[-71.0536919998015,42.57243400009045],[-71.05352100009728,42.572357000126054],[-71.05343099968559,42.57232099974066],[-71.05331600005788,42.572305999959816],[-71.05306499998771,42.57236099980006],[-71.05287900021486,42.57241199992133],[-71.0527829999554,42.57241199992133],[-71.05268800041917,42.572378000065655],[-71.05264900006111,42.57233300009192],[-71.05264900006111,42.572299999781876],[-71.05265400008398,42.57224799997956],[-71.05267500000036,42.57219199978774],[-71.05270000011473,42.572092000312416],[-71.05265099971092,42.571998999816344],[-71.05257100024329,42.57194300006251],[-71.05250599994596,42.57188799985366],[-71.05247099978587,42.571843000188],[-71.05246199956504,42.57178700029406],[-71.05250699977088,42.571743000153106],[-71.0526130000761,42.57169899998116],[-71.05272400040415,42.57164699967772],[-71.05279899984893,42.5715919998694],[-71.05284999990255,42.57155199997837],[-71.0528750000169,42.57153300028574],[-71.05291100000191,42.57147399998471],[-71.05285699957525,42.57141000029026],[-71.05277200008474,42.57137200015114],[-71.05262899996961,42.5713970001582],[-71.05258499958869,42.57141200015766],[-71.05254799977875,42.57143599988459],[-71.05250000009818,42.57148000024211],[-71.05245900009031,42.57151000019745],[-71.05233600006665,42.57160600022214],[-71.052317999625,42.5716199999102],[-71.0522900000359,42.57166900011674],[-71.05224200035532,42.57175399969512],[-71.05221899989078,42.571820999810356],[-71.05220999966996,42.571828999888446],[-71.05218999957847,42.57189400007124],[-71.05212900037742,42.57197500030604],[-71.05212299963132,42.57198800031758],[-71.05208900019444,42.57205700002821],[-71.0520080000036,42.572115999777736],[-71.05193799968339,42.572126000324005],[-71.05187300028437,42.57211500018608],[-71.0517829998727,42.57200300017485],[-71.05167800029072,42.57189900003161],[-71.05161399981829,42.571813999989274],[-71.05154900041927,42.57173600032328],[-71.05151799955883,42.57164699967772],[-71.05151000006121,42.57162400029302],[-71.05145999983252,42.57158699988447],[-71.051403999756,42.571578000175066],[-71.05135799972524,42.5715919998694],[-71.05133500015903,42.57159899971539],[-71.05131400024264,42.57162300003198],[-71.05127900008254,42.57169000028793],[-71.05125999981597,42.57171700002519],[-71.05120299991455,42.57180099994148],[-71.05112699974657,42.571833999854036],[-71.05107700041617,42.57181899995607],[-71.05104700027896,42.57177799995202],[-71.051043000081,42.571692999744776],[-71.05099799987514,42.571578000175066],[-71.05090900018668,42.57141000029026],[-71.05089499994298,42.57131000022269],[-71.05087999987437,42.57129399993238],[-71.05083600039174,42.571243999825676],[-71.05077799976712,42.57123599967259],[-71.0507550002009,42.57123300019376],[-71.05066499978922,42.571288000318646],[-71.05061899975847,42.57141099989315],[-71.05062700015438,42.571472999721216],[-71.05063300000216,42.57151700005264],[-71.05062999962911,42.571560999691464],[-71.05062299995643,42.57165400017909],[-71.05058299977345,42.57171099979053],[-71.05053400026796,42.57172300025922],[-71.05045100042729,42.5716649997368],[-71.05036699986339,42.57162800001407],[-71.05033199970327,42.57162999987448],[-71.05030599976402,42.57161300006656],[-71.05029599971827,42.571586000284334],[-71.05029300024354,42.57151500018861],[-71.05029200041862,42.57149799968784],[-71.050269999779,42.571468999990266],[-71.05025499971039,42.57146700012469],[-71.05021700007556,42.57145599987056],[-71.0501159997932,42.57145099987466],[-71.05006100043995,42.57143700014868],[-71.0500150004092,42.57140099989382],[-71.04988200033979,42.57124000008004],[-71.04983899978377,42.57115799994526],[-71.04979799977589,42.57111700016825],[-71.04975299957005,42.57109099977933],[-71.04965300001093,42.57106100028403],[-71.04948399995654,42.5710199997817],[-71.04945200016948,42.57101200026145],[-71.0492470001301,42.571029000233125],[-71.04905499961114,42.571095999804086],[-71.04898600001417,42.57113099996606],[-71.04897299959538,42.571141000008744],[-71.04889899997552,42.571181999769976],[-71.04874800036279,42.57136200014554],[-71.0486370000347,42.571472999721216],[-71.04847100035335,42.57155699996617],[-71.04839600001029,42.57157199992709],[-71.0483199998423,42.57158899974618],[-71.04821899955996,42.57161900031059],[-71.04815800035892,42.57164900019907],[-71.04813200041964,42.57166400013792],[-71.0477700000214,42.571871999711625],[-71.04766500043942,42.57193199989232],[-71.04761900040867,42.5719490002748],[-71.04757099982976,42.57196599999113],[-71.04746299987474,42.57200500002328],[-71.0474040003235,42.57201699977379],[-71.04737300036136,42.57201499992579],[-71.04734300022413,42.572013000077725],[-71.04732899998044,42.5719959997127],[-71.04731700028486,42.57198599980709],[-71.04729999966811,42.57198599980709],[-71.0472779999268,42.57199099976009],[-71.04724799978958,42.57201199982292],[-71.04722299967521,42.57203700023496],[-71.04720099993392,42.57206199997551],[-71.04693800016818,42.57222099981065],[-71.04671899988506,42.57235099995298],[-71.0464469998985,42.57251299979188],[-71.04630700015642,42.572593000300344],[-71.04622299959252,42.57261900006308],[-71.04596599967456,42.57265099995978],[-71.04568799984023,42.57271100005256],[-71.04554399990016,42.57274700021284],[-71.04538599971643,42.572768000021114],[-71.04526100004296,42.57278399993329],[-71.04516599960841,42.5727969997762],[-71.0450810001179,42.572826000179354],[-71.04501199962262,42.57283400012854],[-71.04491299988841,42.572820000051436],[-71.0448209998269,42.572831000065015],[-71.04474800003197,42.57287500009996],[-71.04473200013844,42.57288400028369],[-71.04469100013056,42.57293699979574],[-71.04468100008482,42.57294900002853],[-71.04462099981036,42.57313300022129],[-71.04450899965738,42.573389999704176],[-71.04440900009826,42.57355500018075],[-71.04440200042556,42.57357500014871],[-71.04435600039481,42.57370599968104],[-71.04432200005962,42.5738169997158],[-71.04428100005173,42.57387700000992],[-71.04422300032542,42.57389999988687],[-71.0441449996093,42.57390299989896],[-71.04381900009437,42.573863000166995],[-71.04376200019297,42.57383900005085],[-71.04372100018509,42.57380500031161],[-71.0436879996748,42.573752000214064],[-71.04366799958333,42.57369799984375],[-71.04362099972765,42.57362299991332],[-71.04351600014567,42.57352900014663],[-71.04334700009127,42.57342300009902],[-71.04324699963384,42.573367999872225],[-71.0431520000976,42.573347999837885],[-71.04305199964017,42.57330400013669],[-71.04301200035552,42.57328200027445],[-71.04297800002031,42.57326500025527],[-71.04293100016467,42.57327300014814],[-71.04287199971513,42.57327600019035],[-71.04277600035398,42.5733380001491],[-71.04264900013236,42.57336100022477],[-71.0425749996142,42.57336300002966],[-71.04252000026094,42.57332700022495],[-71.04248000007797,42.573315000064895],[-71.04244300026804,42.57332700022495],[-71.04237399977274,42.573367999872225],[-71.04231100002355,42.573367999872225],[-71.04212000022784,42.573383000059195],[-71.04202999981615,42.57339800024251],[-71.04197100026492,42.57343700004076],[-71.04190299959456,42.573463999683234],[-71.04184099967026,42.57347700004595],[-71.04172799969237,42.57349099997552],[-71.0415319998738,42.57348999974442],[-71.04147999999525,42.57348199987938],[-71.04141100039827,42.57345400001301],[-71.04125300021454,42.57335599972011],[-71.04111699977209,42.57323799986509],[-71.04101200019012,42.57311199987437],[-71.04086499987702,42.57299799985245],[-71.04070599986835,42.57290800010576],[-71.04058000036997,42.57281399992295],[-71.04044399992753,42.57268799973718],[-71.04025999980452,42.57250799988073],[-71.04017100011606,42.57238999974439],[-71.04014000015391,42.57227599972586],[-71.04014000015391,42.57223600027345],[-71.04014099997883,42.572167999690116],[-71.04014799965152,42.57198000025988],[-71.04015000019965,42.571690999886385],[-71.04009800032112,42.57158899974618],[-71.04007099965864,42.57157300018901],[-71.03997500029747,42.57150299967991],[-71.03984499970282,42.57142000028816],[-71.03965499973202,42.57135599987674],[-71.03932800039219,42.5712889999235],[-71.03887399993243,42.57120499997922],[-71.03847200024953,42.57115200031845],[-71.03814400018648,42.57113900013266],[-71.03790399998697,42.57115100004978],[-71.03781100010053,42.57114900017401],[-71.03766299996254,42.57116400023311],[-71.0376329998253,42.571189999929985],[-71.0375829995966,42.571231000320616],[-71.03756300040341,42.57132599984733],[-71.03755599983242,42.571360000276485],[-71.03750099958083,42.57149700008628],[-71.03743100015895,42.57159100026939],[-71.03733099970151,42.571687000169426],[-71.03726499957926,42.57171899988275],[-71.03717199969286,42.57175999992558],[-71.03696500000362,42.571763000040626],[-71.03693200039166,42.57175600021305],[-71.03681799969051,42.571731999947644],[-71.03666500042796,42.57164900019907],[-71.0364760002821,42.57147700011351],[-71.03625000032626,42.571288000318646],[-71.03582400035391,42.57092600006115],[-71.03581599995799,42.57091900013963],[-71.03549799994069,42.57062000001775],[-71.03547799984919,42.57044000014712],[-71.03546000030585,42.57025900013559],[-71.03524500022068,42.57037799995375],[-71.03429799984144,42.5708830002473],[-71.030979999576,42.57265400003196],[-71.0308380001841,42.57273100029118],[-71.02913599994451,42.57364100006362],[-71.02893599992797,42.573749000194745],[-71.02831199958891,42.574082000138276],[-71.02841899971904,42.57429600023429],[-71.02895500019454,42.57537200016651],[-71.03010599989,42.577685000029824],[-71.030578999718,42.57863299998478],[-71.03080499967382,42.57908500004982],[-71.0339980002658,42.58549300002912],[-71.03722199992157,42.58814299972244],[-71.04716300029908,42.59631299982849],[-71.04818900032106,42.597148999750004],[-71.05421099966028,42.602080000033034],[-71.05437899988975,42.60221699979066],[-71.05616499979493,42.60368000029991],[-71.05684199983746,42.60425399977504],[-71.05742500016865,42.604744000190365],[-71.05834099968745,42.605496000029945],[-71.05927100034828,42.60625999982064],[-71.0593519996408,42.606326999882455],[-71.05915599982222,42.607249000134296],[-71.05886000044453,42.608635999710046],[-71.05878400027655,42.60899199991299],[-71.05876599983489,42.60907700017873],[-71.05954099978669,42.608860999813075],[-71.06521200039494,42.60725300021468],[-71.06849399977706,42.60631500012337],[-71.07015199963571,42.60584399998534],[-71.07036400024613,42.60578400004055],[-71.07573200000736,42.60425899978526],[-71.07597100038195,42.6041920001441],[-71.07611100012404,42.60415299974742],[-71.07616700020056,42.60413600021109],[-71.07623699962242,42.60412999979024],[-71.08210800024723,42.603631000123954],[-71.08936499984581,42.60300699977497],[-71.09989100020432,42.60211100024588],[-71.11099599979775,42.60116400002803],[-71.1210309998866,42.60030600016577],[-71.12135999977457,42.6002800000456],[-71.12247299983517,42.600183000061115],[-71.12447899984836,42.60001199980247],[-71.12964599976816,42.59957199977551],[-71.13338499998306,42.599254000325494],[-71.1352959995617,42.599088999746826],[-71.13540500023998,42.599080000039336],[-71.13545600029359,42.59911600018402],[-71.13871400028457,42.601435999737404],[-71.14004300025525,42.60238200002074],[-71.1407439996889,42.60288099977263],[-71.14120300017152,42.60320699990616],[-71.14136999967778,42.603276999866516],[-71.14192899971954,42.60350700022154],[-71.14221400012488,42.603626999810984],[-71.14286600005303,42.603896999860424],[-71.14319699959084,42.60403900027893],[-71.14335800014764,42.60429899985245],[-71.14348399964602,42.60449599994095],[-71.14377400007425,42.6049499997162],[-71.14404600006081,42.605374999692614],[-71.14453700033049,42.60614299979648],[-71.14456999994243,42.606194000054415],[-71.14480799959382,42.6065739997542],[-71.14581199987448,42.60814899984205],[-71.14594199957082,42.60833499995862],[-71.14604200002826,42.60851399985211],[-71.14660799974268,42.60999599979861],[-71.14864300006819,42.61315200019551],[-71.14865300011394,42.61316800032131],[-71.15441900025844,42.61526800000054],[-71.15513899995867,42.61516999999083],[-71.15572099956663,42.61509199969752],[-71.1558169998261,42.615077999854925],[-71.15656400018881,42.6149770001887],[-71.15732499989691,42.61421099973791],[-71.15861700005767,42.61294799988383],[-71.15886099955684,42.61129499973329],[-71.15895400034157,42.61070200002588],[-71.15902200011362,42.6102670003143],[-71.15903100033445,42.61019900022008],[-71.15922799997796,42.60896299980359],[-71.15951699968295,42.60765899976246],[-71.15975600005754,42.6071669997526],[-71.1600969996411,42.60648200014395],[-71.16013500017424,42.60638499989747],[-71.1601479996947,42.6063759999215],[-71.16040299996284,42.60585399975013],[-71.16066699955348,42.6053179997801],[-71.16171900041304,42.60415600028742],[-71.16248900034198,42.603305000225376],[-71.163575999565,42.60210399985787],[-71.16390899965094,42.60185199991333],[-71.16433499962329,42.60016900017357],[-71.16446400039302,42.599656999669705],[-71.16460400013513,42.59910500017873],[-71.16487899959641,42.59802099981378],[-71.16491399975651,42.59804300020509],[-71.16497400003097,42.59808199979759],[-71.16533499970599,42.59830299967257],[-71.16674499986752,42.599180999694525],[-71.16715699959617,42.599428999940834],[-71.16725399968054,42.59949600007535],[-71.16739699979567,42.59958499998465],[-71.16857199978055,42.60031600015823],[-71.17086800022199,42.6017399997577],[-71.17123499974478,42.60196999983581],[-71.1772820000967,42.605724000037924],[-71.17764799979457,42.6059499997907],[-71.18048099963812,42.60770899975825],[-71.18116699990146,42.608241999969785],[-71.18134900037467,42.60837300004921],[-71.18150900020822,42.608387999748025],[-71.18173500016405,42.6083509999996],[-71.18194400040142,42.608369999712316],[-71.18202300004413,42.608431000142765],[-71.18204599961034,42.60844900016079],[-71.18203300008986,42.608517000182054],[-71.18197700001338,42.60856399982278],[-71.1819569999219,42.60859300011794],[-71.18193400035567,42.60863199971846],[-71.18184700031703,42.60865400033],[-71.18172500011829,42.60865800032017],[-71.18159100022399,42.60868200025559],[-71.1814010002532,42.608692999892334],[-71.18111099982497,42.60870899984134],[-71.18085499973193,42.60875499967186],[-71.18067499980688,42.60880199979411],[-71.18055199978322,42.608823000020195],[-71.18048400001118,42.608828999989015],[-71.18047099959239,42.608828999989015],[-71.18045399987393,42.60883099997852],[-71.18042100026199,42.60883099997852],[-71.18039600014762,42.60882500000989],[-71.18038799975169,42.60879599982269],[-71.18042799993466,42.60875599999835],[-71.180529000217,42.608660000315105],[-71.18065200024066,42.60863500004273],[-71.18067099960892,42.608607000096015],[-71.18067900000484,42.60859700011203],[-71.1806840000277,42.60854500016923],[-71.18063200014917,42.60850599985307],[-71.18055599998118,42.60847599984754],[-71.18039600014762,42.608479999849145],[-71.18024800000961,42.60852199985012],[-71.18013900022966,42.60859300011794],[-71.18005999968864,42.608660999982014],[-71.18002399970362,42.608748999695855],[-71.17999100009168,42.60885699983594],[-71.17997699984795,42.60895699984766],[-71.18004700016817,42.609040999839216],[-71.18024299998675,42.60910499991417],[-71.18045600042208,42.60918400009162],[-71.18048499983607,42.60920799982438],[-71.18052599984397,42.60925900021756],[-71.18049400005691,42.60929299979537],[-71.18045499969885,42.60933499990933],[-71.18026300007823,42.609328999989195],[-71.18005200019104,42.60928200026458],[-71.17984100030384,42.609195999959155],[-71.17969999983852,42.609159999688416],[-71.17963700008934,42.6091439998553],[-71.17956799959404,42.609087000085665],[-71.17950999986773,42.60903499989081],[-71.17940799976049,42.60890199989413],[-71.1793249999198,42.60879799981324],[-71.1793109996761,42.60878700019504],[-71.17926800001838,42.60875499967186],[-71.1791979996982,42.608744999711575],[-71.17913999997187,42.60879199984143],[-71.17915800041354,42.6088919999575],[-71.17922799983542,42.60900599980138],[-71.17943299987485,42.609193000323074],[-71.17952300028652,42.609275999678225],[-71.17955500007358,42.60937100007888],[-71.17947600043085,42.60943200019019],[-71.17934199963824,42.60943099987455],[-71.17913099975105,42.60940300028565],[-71.17889399992458,42.609373000050965],[-71.17863199998375,42.60933899985572],[-71.17838900030951,42.609315000173396],[-71.17821000020938,42.60927699999637],[-71.17816599982845,42.60917800015699],[-71.1782050001865,42.60909300002907],[-71.17832900003506,42.609017999703255],[-71.17851200033317,42.60890399988129],[-71.17865100025033,42.608815000060844],[-71.17865200007525,42.6087610003084],[-71.17862199993802,42.608706999847925],[-71.17852400002873,42.608678000267005],[-71.17841799972351,42.608668000294365],[-71.17816199963048,42.608728999771806],[-71.17783500029064,42.60882699999946],[-71.17774599970389,42.60885699983594],[-71.17764299977172,42.608887999982365],[-71.17757099980169,42.6089230000865],[-71.17749499963371,42.60895800017093],[-71.17747500044054,42.60908100014169],[-71.17760299958874,42.60921900002939],[-71.17780099995547,42.60934600009187],[-71.17793999987262,42.60948900030523],[-71.17797099983478,42.60953900015441],[-71.17803299975905,42.6096360001176],[-71.17801799969043,42.609674000075664],[-71.17793900004773,42.60979199972794],[-71.17776599979535,42.609894999824476],[-71.17752200029621,42.60995099986962],[-71.17748299993814,42.60995999999028],[-71.17734200037114,42.60999700010523],[-71.17731399988375,42.610017000283285],[-71.17726600020318,42.610053999703226],[-71.1772839997465,42.61021999997517],[-71.17734900004385,42.610434999956574],[-71.17735800026468,42.610471999789354],[-71.17740400029543,42.61063100017858],[-71.17746700004463,42.61073099998678],[-71.17761400035772,42.61078800023536],[-71.17783100009268,42.61078800023536],[-71.17799099992625,42.61075499978465],[-71.17805600022359,42.61074199992283],[-71.1781709998513,42.61073299991521],[-71.1782119998592,42.610734000209945],[-71.1782470000193,42.610741000289366],[-71.17838799958629,42.61079900016134],[-71.17842399957131,42.6109419996834],[-71.1784310001423,42.61095599979461],[-71.17842500029452,42.611067000281956],[-71.17842399957131,42.611133999801346],[-71.17834400010368,42.61121199976285],[-71.17829499969987,42.61125700010303],[-71.17807100029219,42.611341000298495],[-71.17774499987897,42.6113450001161],[-71.17753599964159,42.611274999965595],[-71.17741299961794,42.61123299983749],[-71.17729999964003,42.61125599981669],[-71.1772829999216,42.61126000030086],[-71.17724600011168,42.61130699985527],[-71.17720099990584,42.6113820000694],[-71.17724600011168,42.61147199981057],[-71.1774240003869,42.61154300002142],[-71.1775010003798,42.611642999687604],[-71.17748499958796,42.61168200002295],[-71.17744699995312,42.611735000270095],[-71.1773740001582,42.61180100011554],[-71.17736300028754,42.61180899969139],[-71.1772820000967,42.611873000227845],[-71.17722199982222,42.61202299986386],[-71.17719699970787,42.612213000074256],[-71.17719599988295,42.61240799972225],[-71.17718300036249,42.61247799992159],[-71.17721500014954,42.6125210001373],[-71.17740599994525,42.61260600021496],[-71.17761000015976,42.61275400020548],[-71.177712000267,42.61289999998561],[-71.17782900044286,42.6130050000868],[-71.17791499975827,42.61308000023959],[-71.17792099960606,42.6130930002745],[-71.17794800026856,42.61317000017148],[-71.17795300029142,42.61318399978193],[-71.1779020002378,42.613235000225075],[-71.17781799967389,42.6132680000229],[-71.1770360000494,42.6131639999597],[-71.17694900001077,42.61315700015265],[-71.17689999960695,42.61316899991588],[-71.17685299975128,42.61317599972158],[-71.1767890001772,42.613279999764735],[-71.17678800035227,42.613295000265175],[-71.17678099978127,42.61346200008343],[-71.17678099978127,42.61347199994752],[-71.17683100000998,42.61367799969886],[-71.17692399989642,42.61386800014918],[-71.17696400007937,42.61398000031705],[-71.17695400003363,42.6140120001391],[-71.17692499972131,42.61410800016781],[-71.17673200027578,42.614315000035994],[-71.17639699964172,42.614500000016236],[-71.17620099982312,42.6145789999618],[-71.17611600033263,42.61461100013722],[-71.17599999998167,42.61461599997723],[-71.17597900006528,42.6146250000848],[-71.17585500021671,42.614622000049074],[-71.1756839996142,42.614639000029285],[-71.17562800043599,42.61464500009896],[-71.17547000025226,42.61466300030454],[-71.17501300031776,42.61472699989146],[-71.17491000038561,42.614740000243685],[-71.17474399980594,42.61476399981891],[-71.1729600004489,42.615012000176655],[-71.17283099967915,42.61507900007988],[-71.17269000011217,42.6151449996871],[-71.17261800014214,42.61520300008554],[-71.17253699995128,42.615246999964214],[-71.17246599980616,42.61529000025135],[-71.17242200032356,42.61532000028036],[-71.17236899972181,42.615356000296046],[-71.17233100008697,42.61545500023196],[-71.17229199972891,42.61552100010184],[-71.172214999736,42.615562999982565],[-71.17218899979675,42.61562999995409],[-71.17227099981251,42.61573399986571],[-71.17230000012482,42.6158900000686],[-71.17232100004121,42.615998999936025],[-71.1722139999111,42.616260000038096],[-71.1722060004135,42.61627799977686],[-71.17211199980385,42.616396000139005],[-71.17206999997104,42.61644699993504],[-71.17194699994741,42.616485999906395],[-71.17183099959645,42.61652199990912],[-71.17175799980153,42.61654499991837],[-71.17186699958147,42.61660999975476],[-71.1721079996059,42.61675100008205],[-71.17340599961442,42.61737400006919],[-71.17520599976329,42.61824000026718],[-71.1755720003595,42.618413999924115],[-71.1758689995621,42.61855799997915],[-71.17599599978371,42.61862100002246],[-71.17608000034761,42.61865999995437],[-71.17621300041701,42.61872400006087],[-71.17640300038781,42.61881099993497],[-71.18206300022709,42.62152399982019],[-71.18218899972548,42.62158999986782],[-71.18241800005434,42.62170099991035],[-71.18252400035955,42.621754000224115],[-71.18274799976723,42.62186000005526],[-71.18341300011417,42.62218000000984],[-71.18372500028372,42.622350000122324],[-71.18379700025373,42.62238899970161],[-71.18430100004387,42.62261399969574],[-71.18469199985614,42.6228009996802],[-71.1850199999192,42.6229590002226],[-71.1851959996463,42.62304299983733],[-71.18529899957846,42.62309300004207],[-71.18566500017465,42.62326900020535],[-71.18617999983547,42.623516000312755],[-71.18667399957988,42.623752999906635],[-71.18719099978884,42.62400100015843],[-71.18754599961608,42.624172000004485],[-71.188138999993,42.624455999951834],[-71.1885199997595,42.624640000138456],[-71.1892160000686,42.624973999949795],[-71.1896169999266,42.6251669998333],[-71.19029099959604,42.62549000014908],[-71.193953999643,42.627249000167915],[-71.19743099991707,42.628918999882416],[-71.19816700040914,42.629272999810865],[-71.19837400009838,42.62937400008221],[-71.19895099968346,42.62965200014642],[-71.20084399971877,42.63055899979357],[-71.2023459999418,42.63128100030051],[-71.20575500044382,42.63291900022479],[-71.20794800005477,42.633969000023214],[-71.21044500033764,42.635171999710934],[-71.213976999965,42.6368669998294],[-71.22395500015243,42.641655999757226],[-71.22618200009856,42.64272700018317],[-71.22639899983355,42.642830999764456],[-71.22831100013539,42.64375099987511],[-71.22840200037201,42.64379500006239],[-71.22878399996343,42.64397899990774],[-71.22926099998939,42.64420699976554],[-71.22992799998617,42.64452800022696],[-71.23581700015433,42.64735500027865],[-71.23796499955942,42.648380999819615],[-71.23879899996076,42.6487959999159],[-71.23906500009956,42.648914999770206],[-71.24325000037831,42.65092100014335],[-71.24670500001277,42.65257799984812],[-71.24830900034307,42.65334700009683],[-71.25451499980531,42.65632499985454],[-71.25453999991967,42.656336999885475],[-71.25470399995119,42.656415000029796],[-71.25477699974613,42.6564510000634],[-71.25480500023355,42.656464999850655],[-71.25487999967828,42.656502000075356],[-71.25574900023975,42.65692900007584],[-71.25618799973256,42.65714500016151],[-71.2555860000331,42.65743299976924],[-71.25496599989201,42.65777500025481],[-71.25472800024063,42.657951000115496],[-71.254641000202,42.658015000121466],[-71.25435300032191,42.658237999761965],[-71.25339099987404,42.65908200027234],[-71.25287899968797,42.659543999785775],[-71.2523599998292,42.659909999897565],[-71.25171600029697,42.66033200014648],[-71.25076300006992,42.66078199978926],[-71.25011199996666,42.660987000058746],[-71.24947900030507,42.66110100029965],[-71.24897600033984,42.66111300006948],[-71.24867500004095,42.66109000001315],[-71.2485570000402,42.661069999727516],[-71.24820300003785,42.6610110003007],[-71.24739200010104,42.66100699971052],[-71.2468199996405,42.661014000082545],[-71.24618000030621,42.66106800009497],[-71.2454539998599,42.66119500008611],[-71.24479699990887,42.6613290001544],[-71.24417199974488,42.661513999798714],[-71.24352300018978,42.661767000206595],[-71.242968000346,42.66204199982689],[-71.2427359996441,42.66218899974237],[-71.24248999959678,42.66234599991092],[-71.24214399999038,42.66262699968141],[-71.24189000044548,42.662896000079606],[-71.24175400000306,42.66308000023173],[-71.24159900019235,42.66335200032068],[-71.24140900022155,42.6636849996788],[-71.24118599974048,42.6641610000363],[-71.24090200005834,42.665208000132345],[-71.24065099998819,42.666151999784596],[-71.24039700044328,42.66673000020985],[-71.23976300005847,42.66758800030421],[-71.23928500020759,42.66819500019993],[-71.23868900035592,42.66885299990209],[-71.23821499980468,42.66938499974057],[-71.23817899981967,42.66941900016639],[-71.23834799987407,42.670256000162034],[-71.23835100024712,42.67026900014487],[-71.23837399981335,42.670384999871494],[-71.23837700018639,42.6703979998274],[-71.2384070003236,42.670498000057535],[-71.23843400008778,42.67076300012057],[-71.23848099994346,42.67091299985485],[-71.23855100026366,42.67125000025378],[-71.23856399978413,42.671301000015774],[-71.23857899985273,42.67135900026413],[-71.23867799958694,42.67174299972303],[-71.2388850001745,42.672555999726974],[-71.2393289996902,42.67430500007782],[-71.2393839999418,42.67451999996864],[-71.23939999983531,42.67459599989954],[-71.23941099970597,42.67462599974241],[-71.23954799997331,42.67516399988157],[-71.23956499969175,42.67523699992956],[-71.24008600009866,42.67722400002015],[-71.24026100000084,42.67796900028294],[-71.2417289998887,42.683745999718745],[-71.24183799966863,42.684156999776356],[-71.24189299992022,42.68437499989391],[-71.24204299970805,42.68495099971636],[-71.24225799979321,42.68582799970157],[-71.24228499955738,42.685928999942405],[-71.24238699966463,42.68631999999979],[-71.2424410000913,42.686547999799146],[-71.24275999993354,42.68776599987758],[-71.24362500029703,42.6912040002587],[-71.24419199983637,42.693436000028306],[-71.24427200020233,42.69374600010811],[-71.24428700027093,42.693744000206266],[-71.244679999733,42.69535099993854],[-71.24472599976376,42.69553400015037],[-71.24475800044912,42.69566399979282],[-71.24476599994674,42.69573700018376],[-71.24479000023618,42.695788999903435],[-71.24486600040416,42.6960880000874],[-71.2448759995516,42.69609900012188],[-71.24500299977318,42.69658099990107],[-71.24593699973366,42.70030900024559],[-71.24625200027624,42.70162499981733],[-71.24714699987865,42.70508099988862],[-71.24791299960961,42.70811900018023],[-71.24837799994003,42.70994899976233],[-71.24842300014586,42.71012899980424],[-71.24857499958354,42.710755000102566],[-71.24860499972075,42.71082099987152],[-71.24869699978227,42.7112060003155],[-71.24901099960162,42.712419000059455],[-71.2490580003556,42.71262700021751],[-71.24932299977115,42.713663999911525],[-71.24987199976715,42.715837999973196],[-71.24987699979002,42.71586799969998],[-71.25064199969609,42.71879599974239],[-71.25123599989794,42.721222000227314],[-71.2518679997346,42.7237040001811],[-71.25206399955319,42.72448500014146],[-71.25242000010364,42.72592500031085],[-71.25247500035523,42.726117999723094],[-71.2526560001052,42.72683799988083],[-71.25291100037333,42.72783999981414],[-71.25506100032658,42.736188000295584],[-71.25514699964198,42.73655400023374],[-71.25518299962698,42.7365239999523],[-71.25542700002445,42.736322999869806],[-71.25590599970026,42.735928000238644],[-71.25799600027736,42.73420500006081],[-71.25847599977807,42.733808999839994],[-71.2591679998892,42.733234999873154],[-71.26307100013564,42.72999999971889],[-71.2664050002946,42.72723200025494],[-71.26787300018245,42.72602600000637],[-71.26871099988345,42.72489100027412],[-71.26998799997558,42.72316399979796],[-71.27032400043457,42.72270999993052],[-71.27179300014733,42.720721999829784],[-71.27419300034582,42.71747600026655],[-71.27478800037257,42.71667000008824],[-71.27533900001839,42.71592400007523],[-71.27544100012564,42.71578699981035],[-71.27661600011054,42.714299999697666],[-71.27854799960556,42.71186100000635],[-71.27894900036188,42.711350000114756],[-71.2790709996623,42.71124600029322],[-71.2799870000794,42.71042900025424],[-71.28064200038062,42.70984800029862],[-71.28097200009351,42.70954899970725],[-71.28143700042392,42.709144000210124],[-71.28296200021317,42.707790000184936],[-71.28414999971854,42.70673700021752],[-71.2850059998612,42.70598100010875],[-71.2866339995826,42.704549000027356],[-71.28748399987751,42.703802000090306],[-71.287575999939,42.70372100029668],[-71.28804399974415,42.70330599979389],[-71.28858799971728,42.70282199979462],[-71.28889999988681,42.702545000116054],[-71.28908300018492,42.70238399992562],[-71.28932400020933,42.702170000219375],[-71.29120399982584,42.70036699982399],[-71.29163599964596,42.699938000112475],[-71.2924759998951,42.69912700028963],[-71.294636999719,42.697041999738616],[-71.29772599965557,42.69708700007647],[-71.30022299993844,42.697122000096606],[-71.30048800025232,42.697125999682676],[-71.30505900032043,42.69718700027036],[-71.30837699968757,42.69723600008207],[-71.31045899986873,42.69726699978131],[-71.3134909999039,42.69731600019017],[-71.31706500026237,42.697388999959514],[-71.31907799994825,42.697348000072516],[-71.32181399970742,42.697307000158396],[-71.32517399980564,42.697366999685336],[-71.33018400026492,42.697479000099726],[-71.33044700003065,42.697479000099726],[-71.33652500034468,42.69761100006933],[-71.33789799979797,42.69763900024687],[-71.34099400030556,42.69770200010507],[-71.34134400010993,42.69770800008821],[-71.34162100011937,42.69771400007078],[-71.3423700001319,42.697727000251156],[-71.34409699958752,42.69775899992165],[-71.34470300038325,42.69776900010417],[-71.34478600022392,42.697770999876404],[-71.34491300044553,42.697773999864694],[-71.3451939997546,42.69777900028508],[-71.34567699962838,42.69778700003251],[-71.34622999982233,42.69779799976603],[-71.34643400003682,42.69780099975306],[-71.34691299971263,42.69780900015788],[-71.34708799961481,42.69781500013069],[-71.34718800007224,42.697847999970804],[-71.34804699968963,42.69783300004564],[-71.3516350002918,42.697901000117525],[-71.35219799963319,42.6979190000076],[-71.35500399971255,42.69799700013106],[-71.35633500023137,42.69803500027423],[-71.35648800039225,42.69803899980149],[-71.35876100036913,42.6981030001249],[-71.36100099983574,42.698166000172556],[-71.36129100026396,42.69817399987013],[-71.3635750001115,42.69824200022875],[-71.36404999958935,42.69825599984672],[-71.36456199977542,42.6982659999492],[-71.36519100013736,42.69828600014928],[-71.3653919999788,42.698289000112744],[-71.36560299986601,42.69829500003917],[-71.36574500015622,42.69829999975734],[-71.36743899999988,42.69834700025765],[-71.3691789998743,42.698395999814224],[-71.36972899969521,42.6984100000577],[-71.37007799967466,42.698414999766655],[-71.37024199970618,42.698417000178246],[-71.37040599973773,42.69842099968091],[-71.37042699965411,42.69842099968091],[-71.37094899988593,42.698433999713224],[-71.37241400029905,42.69847399999872],[-71.37434300031936,42.69852499986329],[-71.37474400017736,42.698536000126296],[-71.37515199970802,42.698547999930845],[-71.37531599973957,42.698553000288896],[-71.3779860002748,42.698628999871424],[-71.37985699967047,42.69868799990021],[-71.38003999996857,42.69869399978808],[-71.38087299964668,42.69872200013749],[-71.38317499993589,42.69880699998906],[-71.38412999981276,42.69884400009782],[-71.38435900014161,42.69885299990683],[-71.38466399974016,42.69886500031033],[-71.38601199997738,42.6989180002492],[-71.38656299962321,42.698928999782375],[-71.3869559999836,42.69893899977647],[-71.38799799989911,42.6989670000154],[-71.38818399967194,42.6989780002001],[-71.38913600007406,42.698998999707136],[-71.39047400026557,42.6990350001658],[-71.39244099992071,42.69908300030485],[-71.3944469999339,42.699123999706494],[-71.39758799974902,42.69919199968496],[-71.39773199968906,42.69919500026485],[-71.3979250000329,42.69919899971735],[-71.40239800019174,42.699318000147294],[-71.40441699972541,42.69935600014225],[-71.40488799990361,42.69936899997881],[-71.40580599997055,42.69940100012357],[-71.40645700007381,42.69941200023138],[-71.40714800036002,42.699429000154154],[-71.40989499998983,42.69949099998833],[-71.41238800007474,42.699559000225086],[-71.41715499996145,42.69967900015056],[-71.42040499955651,42.69975800022794],[-71.42151599996728,42.69978000031519],[-71.42353200002623,42.69984599986994],[-71.42481400014124,42.69985699989893],[-71.43172000011053,42.70004500027338],[-71.43233600005368,42.700048000151796],[-71.43265599972081,42.700056999786305],[-71.43323900005201,42.70008200030458],[-71.4335489996734,42.7000770000697],[-71.43388000010951,42.70008800005777],[-71.43402099967652,42.70008500018127],[-71.43438499972457,42.70008900023664],[-71.43770499963983,42.70015399994533],[-71.43946299995591,42.70016799979242],[-71.4397790003234,42.700185000168354],[-71.44034500003785,42.70019600013728],[-71.44052199958985,42.70019900000845],[-71.4474879998336,42.70034300025545],[-71.44785699990454,42.70033200031252],[-71.44884899959132,42.70033699986672],[-71.44911200025537,42.70033800004158],[-71.44932200031766,42.70034399977002],[-71.4496190004186,42.70035899974881],[-71.4517469997322,42.700418000114276],[-71.45239700001052,42.700418000114276],[-71.45374299969964,42.70043599993486],[-71.45769100015193,42.70052500010815],[-71.45778599968817,42.70052699979162],[-71.4595060003694,42.7005710000735],[-71.46122500032743,42.70061999985562],[-71.46349900012922,42.70067799980371],[-71.46374199980346,42.700684000159484],[-71.4645250001512,42.700705999918625],[-71.46606900020703,42.70075900026659],[-71.46756399985905,42.700802000216704],[-71.46949200005446,42.70081800025197],[-71.47011999969317,42.70083599995659],[-71.47301299981115,42.700920000049706],[-71.47547300028411,42.70097700021317],[-71.47561800004907,42.70098000004661],[-71.47702400001263,42.701021000176155],[-71.4771699996025,42.70102599967488],[-71.47734700005282,42.70103199999702],[-71.47758499970419,42.7010429998159],[-71.47806299955506,42.701055999959436],[-71.47859099963469,42.70107400025525],[-71.478880000238,42.70108299974104],[-71.4800920000328,42.701120999976126],[-71.48147700007998,42.70116200001261],[-71.4817950000973,42.70117200030721],[-71.48260799968394,42.70120099970013],[-71.48556100007639,42.70127499968317],[-71.48750799964004,42.701320000254206],[-71.48763999988452,42.70132400023002],[-71.48801499980324,42.701338999972045],[-71.48810199984189,42.70134100028944],[-71.48821499981979,42.701338999972045],[-71.48972500043874,42.7013810000226],[-71.49267100026019,42.701462000228545],[-71.49340699985393,42.701482000059364],[-71.49352099965675,42.701484999868356],[-71.49362600013704,42.701487999677255],[-71.49467600044846,42.701513999775266],[-71.49568099965572,42.701538999706884],[-71.49938600043376,42.7016320002356],[-71.49949600003862,42.70163399988338],[-71.5038520000216,42.70176500011074],[-71.50445299989613,42.70177900025476],[-71.50532900013029,42.701801999777146],[-71.50594900027139,42.70181800021489],[-71.50992600013768,42.701918000051506],[-71.51103599982524,42.70194500011843],[-71.51141800031498,42.7019540001381],[-71.5124419997888,42.70198699975904],[-71.51420799960249,42.70205300026866],[-71.51489399986583,42.70208400020372],[-71.51632199957072,42.702124000118374],[-71.51694099988691,42.70214399973595],[-71.51732800039953,42.70215700030908],[-71.51894699990011,42.70219600003178],[-71.52218300014978,42.70225799974367],[-71.52342300043199,42.702275999691004],[-71.52896299972237,42.70237499996824],[-71.52913599997473,42.70237799973414],[-71.53166000002179,42.7024280002118],[-71.53495700037081,42.70248800007176],[-71.53514399996857,42.702491999972324],[-71.5365399998864,42.7025170001703],[-71.53789999981922,42.702541999698056],[-71.53902899977334,42.7025550001879],[-71.54036000029215,42.7025959999376],[-71.54103800015959,42.70262600012371],[-71.54204400009007,42.702651999745164],[-71.54243200042761,42.70265900004764],[-71.54247099988734,42.70266500021197],[-71.5425379998345,42.70266100032251],[-71.54269699984314,42.70266599968917],[-71.54296200015702,42.70267500026449],[-71.54361300026027,42.70268900020331],[-71.54634700036961,42.702752000218936],[-71.54651100040113,42.70275600010254],[-71.54679699973309,42.702762999733125],[-71.55236000038632,42.70288300006781],[-71.55250299960312,42.702885999809155],[-71.55268900027428,42.702885999809155],[-71.55566699988277,42.70295900029187],[-71.55831399995347,42.703019000298774],[-71.55849100040379,42.703023000165174],[-71.56139799986717,42.70308499971132],[-71.56427699974148,42.70314799998527],[-71.56443599975013,42.70315099971382],[-71.56729299988311,42.70320799980958],[-71.56895699958955,42.703244999936324],[-71.57031300022273,42.703270999958704],[-71.5704809995539,42.703274999808876],[-71.57358299990925,42.70333299991736],[-71.5762750001858,42.70337999990862],[-71.57644800043816,42.70338399975176],[-71.57921900035743,42.70343699979412],[-71.5822749997837,42.70349599987526],[-71.58247099960231,42.70349999971093],[-71.58585800036302,42.70356399968665],[-71.5882290002492,42.70362399976903],[-71.58844299961113,42.70362899971825],[-71.59125399971335,42.7037009998668],[-71.5942280000222,42.70376900011381],[-71.59438299983289,42.703771999812304],[-71.5975160001504,42.70384600003174],[-71.60021599992454,42.703915999694196],[-71.60032800007755,42.70391900004579],[-71.6015990003219,42.70395099982591],[-71.6022129997169,42.703956999865376],[-71.60618600028356,42.70401600011249],[-71.60632000017786,42.70401799968352],[-71.61057300022867,42.70408000021648],[-71.61214700042173,42.704109999685485],[-71.61232399997373,42.70411300002766],[-71.61281799971815,42.704122999846945],[-71.61316800042083,42.70412799975603],[-71.61416000010762,42.70414200002731],[-71.61444499961465,42.70414599982136],[-71.61525999974943,42.70415400006874],[-71.61640200012236,42.70417200012652],[-71.6174619995812,42.70419000017908],[-71.61812600010325,42.70420100009861],[-71.61828000008904,42.70420300032384],[-71.61979599965746,42.704232999733414],[-71.6200090000928,42.704237000181706],[-71.62026299963769,42.704242000081564],[-71.6208679997102,42.70425099976829],[-71.62150399974482,42.70426000011383],[-71.62220699972661,42.704269999909485],[-71.62363399960658,42.70430100005782],[-71.62454199962778,42.704320000183706],[-71.6263800003098,42.70436100008807],[-71.63007000012091,42.704423000278425],[-71.63038800013823,42.70443099983],[-71.63056499969022,42.704435000265526],[-71.63063900020838,42.704435999714235],[-71.63079800021704,42.7044390000407],[-71.63184799963015,42.70445900023278],[-71.63429100038466,42.70450399981633],[-71.63772500010273,42.70455800032969],[-71.64187299967324,42.704605000053704],[-71.64230000036882,42.704609999923974],[-71.64258300022604,42.704613999687815],[-71.64371800002796,42.7046279998495],[-71.64426600019904,42.7046360000348],[-71.64668200029105,42.7046709997606],[-71.64700799980598,42.70467600028565],[-71.65158399989699,42.70476099990798],[-71.65183599979206,42.704769000076105],[-71.65322099983923,42.70480499982982],[-71.65387699996535,42.704822000256385],[-71.65413100040857,42.70482800021166],[-71.66074000027695,42.70499299974478],[-71.66491499961163,42.70508900001555],[-71.66596999994591,42.70510699980224],[-71.6662929999861,42.705117000121554],[-71.67155600016538,42.70520600018601],[-71.6721930000249,42.705215999829285],[-71.6728740002654,42.705214999732995],[-71.67411700002233,42.70524199968632],[-71.67579999999535,42.7052719999141],[-71.67794599975062,42.705319999852264],[-71.67830300012601,42.70532799994841],[-71.6859699998034,42.70551899987404],[-71.6864069996464,42.70552499976195],[-71.68834700043568,42.70558299974879],[-71.68882399956333,42.705581000228165],[-71.69650500038276,42.70572200027061],[-71.69936900018843,42.70581800007413],[-71.7011209997584,42.70586999993323],[-71.70130999990428,42.70588100021521],[-71.70229800029144,42.70593999995402],[-71.70273099993648,42.70596600016801],[-71.70408699967135,42.70602000006977],[-71.70469599994179,42.70604600025021],[-71.70720699957006,42.70613699980585],[-71.7092800004287,42.70620700018569],[-71.70980599996017,42.70622300014831],[-71.71069399988988,42.70625500006109],[-71.71202500040869,42.706303999978076],[-71.71361799997001,42.706362999974985],[-71.71515500035316,42.70641999976213],[-71.71609500016142,42.70645100015711],[-71.71724099983398,42.70648799967137],[-71.71922299955773,42.70655199986733],[-71.72053999983284,42.7065939996919],[-71.72166899978698,42.706617000071034],[-71.72260500029557,42.70663500007481],[-71.72333099984358,42.70665600029262],[-71.72427300019997,42.70666899992098],[-71.72525200036627,42.70669800004682],[-71.72685900017129,42.70675799974071],[-71.72694899968467,42.70676200002633],[-71.72733399964915,42.70677899991692],[-71.72794100026975,42.7067990000153],[-71.7287880001916,42.70682299972871],[-71.73031999965355,42.70686800023912],[-71.73172800016525,42.70690899978093],[-71.73277199973057,42.706937999794654],[-71.73358799969027,42.70695400022894],[-71.7338780001185,42.706957999841805],[-71.73452300037395,42.706977999882476],[-71.73556500028947,42.70701000006617],[-71.73740200024824,42.70706599985289],[-71.73943199965257,42.70712799998214],[-71.74162099996387,42.70719499971155],[-71.74264299978789,42.70722599971949],[-71.74387399984927,42.707263000092006],[-71.7448680000842,42.707304000033005],[-71.74550300029391,42.70733099973786],[-71.74626200035219,42.707366999986235],[-71.74674100002801,42.70737900006433],[-71.74763800017853,42.70740300021367],[-71.74787599982992,42.707409999980435],[-71.74813100009804,42.707420999989466],[-71.74870100001044,42.70744700024328],[-71.74892500031643,42.70745700018564],[-71.74922400006716,42.70747099970616],[-71.74951100012235,42.70746399994627],[-71.7495449995592,42.707462999886246],[-71.75008900043066,42.70747299982603],[-71.7504659999992,42.70748000024496],[-71.7505770003273,42.70748100030477],[-71.75229899976004,42.70752699973711],[-71.75249600030185,42.7075320000321],[-71.75284000025843,42.70753600026781],[-71.75369600040109,42.70756099975479],[-71.75506499965641,42.70760200015907],[-71.76307000034093,42.707812000066475],[-71.76648700034056,42.70790499977959],[-71.7666949998547,42.70791100009701],[-71.76782499963377,42.707943999852084],[-71.76915399960444,42.70798199984836],[-71.77062700041347,42.708020999872424],[-71.77126500009794,42.70804000017998],[-71.7720280003542,42.7080559996701],[-71.77255399988564,42.70806700022477],[-71.7746350002419,42.70812900001439],[-71.77781899971473,42.7082179997212],[-71.77820799987715,42.70822900024716],[-71.78104699956847,42.70830900005338],[-71.78470600031577,42.70840499981678],[-71.78694199958441,42.70845199992871],[-71.78892199965833,42.708492999744486],[-71.7893839996157,42.708503000178446],[-71.79008300029784,42.70851800016625],[-71.79149900030714,42.708557999895994],[-71.79199499970139,42.708571999828365],[-71.79731499978205,42.70871299967801],[-71.79777300043976,42.70872700023547],[-71.79880600013442,42.70874999982429],[-71.79933500003894,42.70876699983059],[-71.80035699986296,42.70879300018066],[-71.80067700042841,42.708801999867696],[-71.80538900006354,42.708937000297425],[-71.81000199996446,42.70905799995394],[-71.81131900023955,42.7090870002839],[-71.81160100027188,42.7090959999283],[-71.81195000025134,42.709103000164255],[-71.81241600040666,42.70911299983983],[-71.81286300029541,42.70912500024055],[-71.82011499987111,42.70930600006204],[-71.8229109999047,42.7093740001102],[-71.8231910002872,42.709381000314806],[-71.82380200020748,42.70939400003258],[-71.82809999956581,42.709513000064305],[-71.83432900039091,42.70967400024891],[-71.83459399980646,42.70968099975958],[-71.84170599964007,42.709855999811204],[-71.84568400022958,42.70996300004101],[-71.84609000011046,42.70997400025776],[-71.84984400039399,42.71007500017648],[-71.85055200039864,42.7100939998553],[-71.8514579998717,42.710112000170966],[-71.85396000017744,42.710185000077495],[-71.85697200012112,42.7102589999132],[-71.85730699985687,42.710267000032914],[-71.8597730001776,42.71032500020963],[-71.86847300044798,42.71054700027148],[-71.86863900012933,42.7105520003232],[-71.87513300036998,42.710699999691386],[-71.87745900005031,42.71076600017896],[-71.87976800001222,42.710829999924584],[-71.88020599968013,42.710841999993335],[-71.88065900031496,42.710856000070585],[-71.88201199967678,42.710890000245044],[-71.88395900013873,42.71094099981177],[-71.88606499971105,42.71099700001248],[-71.8870399996794,42.711026000096574],[-71.88738299981107,42.711035000119914],[-71.88843200029758,42.71106000017792],[-71.88853000020688,42.71106100018004],[-71.88862300009329,42.71105900017579],[-71.88882700030778,42.7110700001983],[-71.89131799984457,42.71113000028671],[-71.89547999965879,42.71123100030458],[-71.89771199962777,42.71128500024671],[-71.89869499999206,42.711310000204016],[-71.89877299980986,42.71131200020014],[-71.89822899983673,42.70884500018799],[-71.89710300025565,42.703727999818476],[-71.89084400019165,42.699129000018125],[-71.88869199969028,42.697548000118815],[-71.8857790003791,42.695407999932456],[-71.88297900014753,42.69334999980012],[-71.88288500043619,42.69328099973827],[-71.88202900029353,42.69265199994561],[-71.88189000037637,42.692549999771565],[-71.88186899956166,42.692534999887165],[-71.88091000038514,42.69182999991482],[-71.88016300002243,42.69128099991222],[-71.87951899959188,42.69080699992118],[-71.87922200038926,42.690590000257416],[-71.87883900007462,42.6903079997929],[-71.87839600038383,42.6899820001984],[-71.87806400012282,42.68973800021277],[-71.87782700029635,42.68956399992442],[-71.87755699995961,42.689365000268324],[-71.8774499998295,42.689286000174995],[-71.87694199984136,42.68891300015744],[-71.87664300009062,42.68869399975494],[-71.87644300007409,42.68854600008894],[-71.87638600017269,42.68850500030652],[-71.87577199987936,42.68805299988029],[-71.87544700018934,42.68781400014292],[-71.87529900005134,42.687704999940806],[-71.87525600039363,42.68767400009069],[-71.87482799987313,42.687359000140134],[-71.87464600029827,42.68722500005844],[-71.87429599959559,42.68696800001927],[-71.87380000020134,42.6866029998166],[-71.87329499968797,42.686231999679684],[-71.87297599984574,42.6859969998421],[-71.87288600033236,42.6859310000959],[-71.87054499968511,42.68420999972084],[-71.87007000020726,42.68386100026428],[-71.86977800012922,42.68364700011791],[-71.86640299996238,42.68403599979598],[-71.86575100003422,42.68411100019909],[-71.86554500016989,42.68364100009698],[-71.86547400002478,42.68347800018801],[-71.86526599961232,42.68300400008479],[-71.86521000043415,42.68287699974519],[-71.865171999901,42.68279000028825],[-71.86515099998459,42.6827420001031],[-71.86504100037973,42.682491999942314],[-71.86440899964474,42.6810469999587],[-71.86375400024187,42.67955099983399],[-71.8640759995588,42.6795570002499],[-71.86395199971025,42.67946900025593],[-71.86078400013096,42.677173999722555],[-71.85785099983,42.67504999967137],[-71.85775700011868,42.67498199967817],[-71.85681399993737,42.66990800027092],[-71.85639299998789,42.667642999931765],[-71.85681399993737,42.66083600000312],[-71.85689299958008,42.659548999980544],[-71.85711600006115,42.65594900013607],[-71.85712699993182,42.65577299989435],[-71.85713000030486,42.65572199994519],[-71.85713399960451,42.655652000141174],[-71.8571470000233,42.65545300022072],[-71.85723999990972,42.65394699978886],[-71.85732600012345,42.6525490002189],[-71.85733899964393,42.65234000005326],[-71.8573789998269,42.65169100003497],[-71.85750400039869,42.64967399972516],[-71.857562000125,42.64872699992937],[-71.85757100034584,42.64859099976065],[-71.85757399982056,42.648541999903905],[-71.8575970002851,42.648168000089704],[-71.85770799971486,42.646370999914],[-71.85771100008793,42.64632099990701],[-71.85771399956265,42.64627200024437],[-71.8577179997606,42.646212000267816],[-71.85772199995859,42.646152000233386],[-71.85772799980636,42.64603900006647],[-71.85773399965414,42.64594699995441],[-71.85775600029376,42.64559299971937],[-71.85777600038524,42.64525900020417],[-71.85778999973063,42.645042999804204],[-71.85782499989074,42.64446900030342],[-71.85784800035528,42.644105000019366],[-71.85787699976927,42.64362399994093],[-71.85790299970853,42.64321800030088],[-71.85794100024168,42.642594999905114],[-71.85797200020382,42.64209700029958],[-71.85799999979292,42.64163400023265],[-71.8580269995571,42.64120899990148],[-71.8580550000445,42.640741999923144],[-71.85809199985442,42.64015900000903],[-71.85812700001453,42.639588999708415],[-71.85815299995379,42.639159000095546],[-71.85818300009103,42.63868100030555],[-71.85821900007605,42.63809599987364],[-71.85825300041122,42.63753999992109],[-71.8582810000003,42.63707400003272],[-71.85838700030553,42.635373000211295],[-71.85845799955233,42.63422399997262],[-71.85848199984176,42.63384100002537],[-71.85848299966668,42.633815000024605],[-71.85603999981048,42.6345640000422],[-71.85559499957155,42.634698999904494],[-71.84840800029318,42.63689600016116],[-71.84484300015554,42.63798499998762],[-71.84133800029237,42.63791800028206],[-71.83445800026233,42.637787000235136],[-71.83259299981614,42.637751999832915],[-71.80537800019289,42.6372360001712],[-71.80453600029392,42.63722000028237],[-71.79735699961483,42.63708499994123],[-71.79639199969223,42.63706599973753],[-71.79418599966249,42.637024999695605],[-71.78218300009361,42.63679899970492],[-71.78074100014504,42.63676999998882],[-71.78059200018212,42.63676699969837],[-71.77698199983863,42.63669499995397],[-71.77532499980491,42.636662999893936],[-71.77532599962983,42.63667999980398],[-71.77547700014088,42.63931600025405],[-71.77564000034748,42.64218000007009],[-71.77572800021103,42.643741000248696],[-71.77573900008169,42.6439310001442],[-71.77574800030251,42.644082000280235],[-71.7757549999752,42.644230000119244],[-71.77289000034463,42.64337599989957],[-71.77227199985334,42.64319800021433],[-71.77148299965782,42.64296499975649],[-71.77079999976753,42.64276300021039],[-71.76624700014106,42.64142700000021],[-71.76492999986596,42.64104499991786],[-71.7634960003133,42.64062000018907],[-71.75881999976487,42.63925600017712],[-71.75660100021464,42.63859699998525],[-71.74560399967795,42.63537200031231],[-71.73225700006977,42.631453999900415],[-71.72366499975442,42.6289329999178],[-71.71662499989083,42.6268759999552],[-71.7074490003177,42.62417300008342],[-71.70434000028963,42.623261000118596],[-71.70133900021662,42.622381000162804],[-71.69416000043584,42.62027500021147],[-71.69082799992671,42.619297000232145],[-71.6901800001965,42.6191210000784],[-71.68980500027779,42.61900700023921],[-71.68871800015643,42.61868800000905],[-71.68780199973932,42.61841900011979],[-71.68640099979862,42.61800700023102],[-71.6851890000038,42.61765099999296],[-71.68402400006465,42.61730800018005],[-71.68321499977768,42.6170700003193],[-71.68284800025486,42.61696199987695],[-71.68264200039054,42.6169020000644],[-71.67415399983227,42.614405999741166],[-71.66968400004647,42.613092000017645],[-71.66641699983467,42.612131999888405],[-71.66504100000833,42.611728000302385],[-71.66460099979228,42.611598000287444],[-71.6648910002205,42.60999900005718],[-71.66537099972122,42.60735599988142],[-71.6659399998087,42.604227000241934],[-71.66665200001131,42.6003069999667],[-71.66690700027945,42.598901999973414],[-71.66694400008936,42.5986979999413],[-71.66695699960984,42.59863100027127],[-71.66700099999076,42.59837999999844],[-71.66725700008381,42.596973999682874],[-71.66727700017529,42.59686600010283],[-71.667291000419,42.59678899988998],[-71.6672999997415,42.596738999726526],[-71.66744000038192,42.59597299982577],[-71.66799199985265,42.59293000026655],[-71.66802899966257,42.59271899974253],[-71.6681640002801,42.59198499992421],[-71.66829300015152,42.59127600003273],[-71.66847999974927,42.59024599969371],[-71.66850900006159,42.590087000184674],[-71.66869900003239,42.5890369997448],[-71.66893599985886,42.5877359999814],[-71.66926100044718,42.585943999937435],[-71.66956199984773,42.58428499988711],[-71.66976600006225,42.58316599969543],[-71.6697769999329,42.58309899986293],[-71.6700530001174,42.581583999712144],[-71.67029800033981,42.58023800028436],[-71.67052900031847,42.57896600030799],[-71.67082700024432,42.577322999859],[-71.67086599970406,42.57710500019685],[-71.6712769996078,42.57484700028283],[-71.67153699989879,42.57341399999306],[-71.67169699973238,42.57253300009399],[-71.67184999989324,42.571695000264654],[-71.67190199977179,42.571402999761496],[-71.67218100032935,42.56986800007969],[-71.67220200024575,42.569736000133425],[-71.67268699976933,42.5670920000936],[-71.67328500016913,42.56375499993462],[-71.6744380004127,42.55741999998537],[-71.6747759996232,42.555554000211565],[-71.67498300021076,42.55440299998179],[-71.67502099984557,42.55419499973086],[-71.67507000024938,42.55398200003762],[-71.67578900012468,42.55003899979943],[-71.67580099982027,42.549856000261684],[-71.6758460000261,42.549681999747946],[-71.67593100041492,42.54913700019534],[-71.67661799960486,42.54543200002782],[-71.6766839997271,42.545127000050485],[-71.67727499955589,42.54168900001413],[-71.67762199988553,42.5398789999767],[-71.67769100038082,42.53941099990704],[-71.67781100003143,42.538563000014996],[-71.678816000137,42.531529000299464],[-71.67896900029787,42.530430000205676],[-71.67857400028765,42.53037199969363],[-71.67685799980438,42.53011600003164],[-71.67574100044412,42.52995099986406],[-71.67216200006278,42.5294169999086],[-71.67010300034613,42.529111000197275],[-71.66987099964423,42.529075000015894],[-71.66600500010603,42.528497999959136],[-71.6653280000635,42.52839699967527],[-71.66461300038615,42.52829099974575],[-71.66398099965117,42.528194999941654],[-71.66001300000572,42.52759199972227],[-71.65868999988281,42.52739099967965],[-71.65759299971573,42.52724500020163],[-71.65669200026554,42.527109999850126],[-71.65529399979958,42.52690200001742],[-71.6549640000867,42.526852999742765],[-71.65451899984777,42.52677799977492],[-71.65171299976842,42.52639099999252],[-71.65148199978974,42.5263490002671],[-71.6506130001266,42.52619099972298],[-71.65054600017945,42.5261809997589],[-71.64690800024687,42.525653000043874],[-71.6437709997314,42.52518499995109],[-71.6435459996005,42.52515199986314],[-71.64340699968332,42.52513200026281],[-71.64142900015753,42.524836000264976],[-71.63904800022563,42.524480999811395],[-71.63674299956338,42.52413699997992],[-71.63610599970383,42.52404200011227],[-71.63586899987737,42.524024000218624],[-71.63587300007532,42.52409900018262],[-71.63588300012108,42.52432200014397],[-71.63594699969518,42.52453200000624],[-71.63601600019045,42.52468499967894],[-71.63607399991676,42.52481199982795],[-71.63674000008864,42.525831999678644],[-71.63772199972969,42.52694600000162],[-71.6381660001437,42.52746699988048],[-71.63856299980372,42.52805500015593],[-71.63875799979739,42.52833899992347],[-71.63893799972244,42.52878299998438],[-71.63905499989832,42.52921199998867],[-71.63916899970114,42.530290999733026],[-71.63919499964041,42.53066100013547],[-71.63920600040937,42.5309569996737],[-71.63905900009628,42.53122299968125],[-71.6388909998668,42.5314019999047],[-71.63862800010105,42.531636000270076],[-71.63822800006797,42.53194800027614],[-71.63781799998914,42.532292000122744],[-71.63718699997739,42.532698000024844],[-71.63664999967696,42.5331270002803],[-71.63636699981974,42.5335009999488],[-71.63632499998695,42.53378200015359],[-71.63643200011707,42.53436699996818],[-71.63645300003347,42.53448300013808],[-71.63646700027716,42.53629900004382],[-71.63641600022353,42.53682100017265],[-71.636364000345,42.53742900006637],[-71.63627200028348,42.5383960000566],[-71.63624100032135,42.53888700000005],[-71.63617900039708,42.53933900014502],[-71.63603200008397,42.53971299967738],[-71.6358849997709,42.54000099981164],[-71.63568599957925,42.54025900019658],[-71.63544399972993,42.540406999900306],[-71.63508600042795,42.540522000004785],[-71.63475400016695,42.54059700001638],[-71.63432700036967,42.540727999961724],[-71.63401100000218,42.54087599987755],[-71.63376900015284,42.54103800003613],[-71.63370600040365,42.541078999723624],[-71.63341199977746,42.54159399970425],[-71.63333899998253,42.54174499978771],[-71.63310800000384,42.54222599982828],[-71.63281400027597,42.54277100015167],[-71.63236300018927,42.54374599985195],[-71.63220599983043,42.54415899969232],[-71.63201699968455,42.54451800029216],[-71.63180599979736,42.54479100032509],[-71.63155399990228,42.545025000159534],[-71.63129100013654,42.545220000233996],[-71.63083400020206,42.54547200012046],[-71.63026199974152,42.545826999736846],[-71.63008600001442,42.54598000019244],[-71.62991199993715,42.546134000281064],[-71.6298380003173,42.54622500027517],[-71.6295760003765,42.54654700020735],[-71.62924999996325,42.54700699978198],[-71.62884999993017,42.54756099992943],[-71.62847500001143,42.548000999754436],[-71.62843400000357,42.54806400032384],[-71.62512599978388,42.55009899980231],[-71.62364000035268,42.55069199976185],[-71.62298699970128,42.55098100013753],[-71.62273800017927,42.5511130000609],[-71.62239199967455,42.55128599996883],[-71.62173800009654,42.5516209998886],[-71.62122099988761,42.55187299974354],[-71.62109700003906,42.55193399988372],[-71.62043699971497,42.552254000325824],[-71.62009000028365,42.55242300008962],[-71.61992700007703,42.55250199998665],[-71.6196850002277,42.552366000059855],[-71.61907799960706,42.55200700025519],[-71.61890500025302,42.55190499969431],[-71.61873100017574,42.55180199971141],[-71.61842400002908,42.5516209998886],[-71.61831600007403,42.5515569996794],[-71.61751600000788,42.55108400015179],[-71.61663599957576,42.55056400001977],[-71.61602600037872,42.55020299989125],[-71.6156720003764,42.54999400025576],[-71.61519799982516,42.549714000160286],[-71.61394699967228,42.54897499987469],[-71.61373199958712,42.5488489998494],[-71.6131869997891,42.54852499993995],[-71.61243699995163,42.54808199990762],[-71.61159599987758,42.54758500022849],[-71.61080500003224,42.54711799967381],[-71.61018400006623,42.546752000141566],[-71.61008799980678,42.54669500022743],[-71.6100269997074,42.5466580002553],[-71.60981699964512,42.54653400018883],[-71.60916100041732,42.54614699972105],[-71.60833799988661,42.54566100002952],[-71.6078519996398,42.54537999967051],[-71.60756499958464,42.545369000111194],[-71.60719399986385,42.54535799988811],[-71.6064780003616,42.54533200001499],[-71.60600800000832,42.54532099978538],[-71.605541999853,42.5453070001522],[-71.60470300032709,42.5452750001279],[-71.60422899977586,42.5452629998664],[-71.60289800015535,42.54522400032419],[-71.60228999970981,42.5452039998707],[-71.60117099980141,42.54493599979413],[-71.60080900030148,42.54484799999226],[-71.59834100033092,42.544257000184444],[-71.59569900028309,42.54361899981332],[-71.59549800044165,42.543571000127535],[-71.59535100012855,42.54353599972668],[-71.59464800014678,42.543376000197156],[-71.59462399985733,42.54337800030134],[-71.59350999997179,42.54373500000473],[-71.59318899958143,42.543833999883525],[-71.59301200002943,42.54389499993793],[-71.59277799967768,42.543972999996605],[-71.59112400001702,42.54450399981706],[-71.59065500038695,42.544836000310475],[-71.58933899993676,42.545759000149346],[-71.58855899996207,42.546295000027634],[-71.58731000035735,42.54692400022878],[-71.58544499991113,42.54786599992735],[-71.58028700021218,42.55046700010238],[-71.57793999971715,42.550046000078495],[-71.57788899966351,42.55003699990866],[-71.57766500025585,42.54999700009404],[-71.5754099998223,42.549593000065954],[-71.57204100040155,42.54898700008447],[-71.56040299980734,42.54690500031555],[-71.55972900013786,42.54677900008269],[-71.55867499962851,42.54659000024934],[-71.55714700036451,42.5463170001416],[-71.55601900023528,42.54611900016018],[-71.5526680003579,42.54551600025894],[-71.55112400030205,42.54524400010948],[-71.55008599968619,42.54505600028676],[-71.54415499968525,42.54398399980188],[-71.53878000025131,42.54302999973796],[-71.53874900028919,42.54293600020397],[-71.53634999991559,42.53558900031854],[-71.53600799960883,42.53454299986751],[-71.53557400013887,42.53321600026819],[-71.53404599997656,42.52852800005789],[-71.53397599965638,42.528317999726106],[-71.53375999974631,42.52765400005942],[-71.53372600030943,42.52754800019314],[-71.5328590002961,42.524893999959026],[-71.53241700043024,42.52353799980593],[-71.53237399987421,42.52340700021389],[-71.53234399973701,42.52331699977909],[-71.53228400036085,42.5231330003257],[-71.53161399999102,42.521079000015945],[-71.53137700016458,42.52035200021055],[-71.53081999977265,42.52016700020859],[-71.53039600034843,42.52002899983612],[-71.530119000339,42.519933999680894],[-71.52984099960635,42.519841000239275],[-71.52991000010162,42.51971600011675],[-71.5299579997822,42.51963000006734],[-71.53086199960543,42.517982999809576],[-71.53222900010927,42.5155359999202],[-71.53233799988921,42.515335000156014],[-71.5327179998308,42.514650000070354],[-71.53368799977629,42.51405100032242],[-71.53397499983146,42.513872999905416],[-71.53475700035429,42.51339100013722],[-71.53485500026356,42.51333000008427],[-71.53983300003748,42.505722999974786],[-71.54003300005401,42.50542200009743],[-71.5400959998032,42.50532600025416],[-71.54015100005479,42.50524200027037],[-71.54017100014627,42.50521100024782],[-71.54024899996408,42.505093000021404],[-71.54031000006346,42.504998999681696],[-71.54039899975189,42.504864000271034],[-71.54044399995774,42.50479499978271],[-71.5404759997448,42.504745000043556],[-71.54055799976058,42.50462000018946],[-71.54062600043093,42.50451599968071],[-71.54071299957127,42.50438399993197],[-71.5407569999522,42.504316000253716],[-71.5408359995949,42.50419600029041],[-71.54087599977788,42.50413399985487],[-71.54094600009809,42.50402799982237],[-71.54103999980941,42.503884000102566],[-71.54108099981728,42.50382200001989],[-71.54112100000026,42.50375999987572],[-71.54130599994818,42.50347699967593],[-71.54150199976678,42.503178000310335],[-71.54171600002701,42.502850999761364],[-71.54185900014215,42.50263300021126],[-71.5419610002494,42.502477000054476],[-71.54210699983925,42.50225400028376],[-71.54224099973358,42.502048999985874],[-71.54240399994018,42.50179999989925],[-71.54255600027614,42.501567999830435],[-71.54271899958445,42.50131799975179],[-71.542882999616,42.501067999998206],[-71.54300900001269,42.50087600003861],[-71.54317899989199,42.500615999760655],[-71.54352299984859,42.50009100018332],[-71.54370600014667,42.49981100019585],[-71.54458099965761,42.49847400025448],[-71.54558499993827,42.49694000009402],[-71.54655999990662,42.49545099985584],[-71.54708700016131,42.49464499986378],[-71.54720199978904,42.49446799999721],[-71.5479659998702,42.493302000260826],[-71.5490300004253,42.49167599968063],[-71.54987700034714,42.49038299991676],[-71.55022700015151,42.489848000062],[-71.5506909997587,42.4891409998502],[-71.5522749999975,42.48671899980633],[-71.55262700035,42.48617999985228],[-71.55288599991778,42.48578499988818],[-71.55292899957547,42.4857189998204],[-71.55294799984205,42.48569000001953],[-71.55297499960623,42.48564899975268],[-71.55300599956838,42.485602000221625],[-71.55301200031447,42.48559199972487],[-71.55301800016225,42.48558300020388],[-71.55305099977421,42.48553299967626],[-71.55310699985071,42.48544700029171],[-71.55315399970638,42.485374999945705],[-71.55319499971428,42.485313000059854],[-71.55329400034677,42.48516200003797],[-71.55342999989091,42.484953999705],[-71.55353199999816,42.484797999829524],[-71.55366599989246,42.48459299994102],[-71.55381300020554,42.4843679999849],[-71.55403800033645,42.48402500030848],[-71.55429699990421,42.48362900030364],[-71.55446000011084,42.483377999706974],[-71.55453999957848,42.48325599993222],[-71.5547670002575,42.48290999971133],[-71.55497999979453,42.482584999899764],[-71.5560069996414,42.48101399980307],[-71.55732399991652,42.47900100006157],[-71.55773200034551,42.478381000200315],[-71.55809200019563,42.47782700000878],[-71.55831599960331,42.4774850000324],[-71.55857199969634,42.477093999977875],[-71.55940899957243,42.47581399977346],[-71.56036699982232,42.47434999995033],[-71.56025800004238,42.47429599972828],[-71.5589270004219,42.47368000032729],[-71.55854800030521,42.47350399995274],[-71.55819900032576,42.473340999759266],[-71.55808799999765,42.47328799984063],[-71.55669799992762,42.47264200005061],[-71.55604000015168,42.47233400025681],[-71.55571899976131,42.472188000048746],[-71.5551830001841,42.4719379998093],[-71.55445500008796,42.471600000283225],[-71.55427299961477,42.47151500017788],[-71.55400999984903,42.471391999922446],[-71.55341900002026,42.47111799996592],[-71.55199799998806,42.47045600001569],[-71.5515789996884,42.47025800012773],[-71.55110199966242,42.47003899971284],[-71.54993599989838,42.46949999985476],[-71.54717199965181,42.46820599970805],[-71.54410799982959,42.46677999971929],[-71.54339399997716,42.46645199975319],[-71.54344900022873,42.46626000022013],[-71.54352299984859,42.4660060002989],[-71.54406500017188,42.46411999976281],[-71.5443630000977,42.463073999897325],[-71.54478099967415,42.461632999782246],[-71.54528100016465,42.459896000309925],[-71.5456719999769,42.45853600022505],[-71.54573100042646,42.458335000148075],[-71.54611100036804,42.45701300013071],[-71.54618199961484,42.45676599993583],[-71.54623500021661,42.45657600009162],[-71.54628899974497,42.45639299983967],[-71.54657499997523,42.4553970002512],[-71.54690700023626,42.45424699989063],[-71.5479600000224,42.450586999725594],[-71.54824000040489,42.44961200006649],[-71.54887100041665,42.4474209999218],[-71.5489030002037,42.44730800004199],[-71.54992800040077,42.443755000014455],[-71.55032300041098,42.44238600032358],[-71.55060100024532,42.44141899984803],[-71.55070199962935,42.44106700018187],[-71.55087700042984,42.44046099973975],[-71.55154000022866,42.43816299974429],[-71.55272100006134,42.43406599997631],[-71.55290099998639,42.433442000005634],[-71.55396399981828,42.42976200003629],[-71.55479599967151,42.426870999920396],[-71.55534999969036,42.42495199990567],[-71.55539499989621,42.424797000317064],[-71.5554090001399,42.42474800026472],[-71.55543799955392,42.42464400027031],[-71.55556099957757,42.42422000013982],[-71.55595800013592,42.4228390001633],[-71.55683900039293,42.41979199968855],[-71.55909999977592,42.41194299967995],[-71.56034199970797,42.41171399992676],[-71.5604480000132,42.411696000203236],[-71.5619419998403,42.41141700018017],[-71.56274699992933,42.41126800002325],[-71.56458399988813,42.41092799967067],[-71.56480800019412,42.4108860000025],[-71.56599900007254,42.410666000049474],[-71.56622599985326,42.410624000205864],[-71.56642099984693,42.410588000128044],[-71.56661900021363,42.410550999842314],[-71.56691600031456,42.41049600013007],[-71.56721300041548,42.410440999706395],[-71.56794200033653,42.41030599990899],[-71.56850700022608,42.41020100030791],[-71.5691509997583,42.410081999795814],[-71.5699600000453,42.409932000249924],[-71.5706789999206,42.409798999755644],[-71.57188099966967,42.40957600002447],[-71.57196100003561,42.40956199983646],[-71.5732909998312,42.40931500026908],[-71.57400999970653,42.40918199979302],[-71.57469099994698,42.409055000302104],[-71.57477399978768,42.40903999978641],[-71.5764159997528,42.40873599979376],[-71.57777200038598,42.40848500007278],[-71.57788399964063,42.40846500030809],[-71.57909499961055,42.40823899980502],[-71.57936199957423,42.40819000007863],[-71.58025600025005,42.40802499989289],[-71.58039799964196,42.407998999940666],[-71.58062500032098,42.407957000301096],[-71.5807390001238,42.40793499991017],[-71.58082299978938,42.407919000224005],[-71.58164399977196,42.40776699968534],[-71.58270499995402,42.40757099973872],[-71.58392400031984,42.40734399975604],[-71.58499499964934,42.40714599999454],[-71.58508400023612,42.4071300001071],[-71.58525999996321,42.40709700007769],[-71.58542999984253,42.40701999994152],[-71.59440899977216,42.40256500028979],[-71.59607300037692,42.40173900031995],[-71.59611100001175,42.40172000005935],[-71.5965930000606,42.401477000129816],[-71.60158799955293,42.399015000223024],[-71.60263100019165,42.39849999998007],[-71.60278699982727,42.39842500000432],[-71.6037249999857,42.397961999858495],[-71.6040270001095,42.397813999975355],[-71.60425100041547,42.39770300033152],[-71.60363399974909,42.3974289997605],[-71.60253699958201,42.39694199981663],[-71.5932849998409,42.392830999756086],[-71.59224499957521,42.39235199979588],[-71.59058000004389,42.39161000008487],[-71.58581800018004,42.38948700029346],[-71.58511600002316,42.389174000327124],[-71.58018599992985,42.3869760000292],[-71.58015699961753,42.38696300000589],[-71.58013499987621,42.38695299967987],[-71.58018000008205,42.38692399991975],[-71.58189400001721,42.385874000130684],[-71.58253599989962,42.38550499975387],[-71.58320100024658,42.38509600003861],[-71.58501800011388,42.38398400017969],[-71.58793999964587,42.3821900001408],[-71.58830299986903,42.381966999823625],[-71.58961099992332,42.381163999955334],[-71.59019900027738,42.3808039997469],[-71.5910949997047,42.38025299980475],[-71.59387200037004,42.37854799975396],[-71.59796300003914,42.37603699993968],[-71.598220999782,42.375877999944066],[-71.59885199979378,42.37549099972484],[-71.60550800041612,42.371407999890025],[-71.60646599976772,42.370809999733375],[-71.60745099978182,42.37021099968981],[-71.60775899975339,42.370021999773584],[-71.60692699990018,42.369534000056944],[-71.60649300043022,42.369280000281805],[-71.60634500029221,42.36919299970201],[-71.60592599999256,42.36894599985563],[-71.60579600029621,42.368870000218],[-71.60331300025705,42.367410000193644],[-71.60317199979173,42.367329999839],[-71.60306499966161,42.36726699969544],[-71.60440399967803,42.36536400001026],[-71.60525399997292,42.36415599988859],[-71.60534799968423,42.36402199968016],[-71.60545200033964,42.363874000088664],[-71.60583800012903,42.363327999674446],[-71.60634100009425,42.36261099999451],[-71.606379999554,42.362556000081995],[-71.60656000037737,42.36230000004873],[-71.60675500037105,42.3620239996741],[-71.6069989998702,42.361676999882896],[-71.6071110000232,42.36151800004225],[-71.60724400009258,42.361328000214364],[-71.60745499997977,42.36102999997677],[-71.6077660003244,42.36058600025332],[-71.60832799984087,42.3597889998159],[-71.60958800021457,42.35799700032435],[-71.60987500026977,42.35760300021135],[-71.61000699961593,42.35740300010844],[-71.61245399967007,42.3562480003217],[-71.6159819999978,42.35458200011733],[-71.61675500029978,42.354217999867174],[-71.61736600022006,42.353929000280935],[-71.61973700010623,42.352808999981406],[-71.62155099960049,42.35195300009043],[-71.6235640001847,42.35100200016366],[-71.62359500014682,42.35098699971443],[-71.62393599973036,42.35082700023267],[-71.62429200028083,42.350658000026506],[-71.62432900009075,42.350640000052415],[-71.62470200035966,42.35046499977746],[-71.62478100000237,42.35041299997364],[-71.62582499956768,42.34972400017146],[-71.62558899956615,42.3495189997341],[-71.62435400020512,42.34844699993649],[-71.62417000008209,42.34828699996444],[-71.62413200044726,42.348255000053946],[-71.62319299956562,42.347442000079205],[-71.62286799987561,42.347152999876705],[-71.62251200022345,42.346854000265225],[-71.62227899969663,42.346652000060246],[-71.6221149996651,42.34651000000095],[-71.62181799956417,42.34625000012711],[-71.6206579996479,42.345248999934995],[-71.62003000000918,42.344467000207466],[-71.61977399991615,42.34414800009628],[-71.61913100020882,42.3433489998131],[-71.61899800013943,42.3432329998287],[-71.61825999999755,42.34258899975479],[-71.61797799996523,42.34234300017732],[-71.61786599981225,42.34224400010815],[-71.61781700030676,42.342200999680806],[-71.61775500038249,42.3421469997819],[-71.61764999990218,42.34205499972432],[-71.61755000034306,42.34196799995744],[-71.61679100028478,42.34171299967243],[-71.61628699959631,42.3415440001948],[-71.61604700029513,42.34146400010685],[-71.61377299959501,42.340220000083654],[-71.61152899993043,42.33899300001124],[-71.6100049999661,42.338420999668514],[-71.6093079998321,42.338225000327625],[-71.60627400014711,42.3373709997692],[-71.60471800039572,42.33676700016332],[-71.60466300014411,42.33674600009024],[-71.60409900007951,42.33676900023317],[-71.60407300014025,42.3365039997225],[-71.60396000016235,42.33534099992083],[-71.60366499971123,42.332416999901284],[-71.6035910000914,42.33167600007628],[-71.6043450001268,42.33100599988176],[-71.60526599966848,42.3301600000348],[-71.6039579996142,42.328802999971],[-71.60370999991707,42.32854800009345],[-71.60358100004565,42.32843600003922],[-71.60188499965386,42.3269710000608],[-71.6004860002613,42.32511699973911],[-71.60000900023532,42.32450099990485],[-71.59902500004614,42.32320399976026],[-71.59837700031593,42.322351000069034],[-71.59736299998951,42.32101599989806],[-71.59728599999663,42.32096400031379],[-71.59711899959206,42.32085799977643],[-71.59682099966622,42.32066600000265],[-71.59640700028775,42.32039900013216],[-71.59573299971997,42.31996500004714],[-71.5956859998643,42.319930999730374],[-71.5956440000315,42.3199060001304],[-71.59468099975872,42.31928399987167],[-71.59454600003953,42.31919699982163],[-71.59439999955133,42.31910300009807],[-71.59342999960586,42.31847699989813],[-71.59302000042535,42.318222000011566],[-71.59250200039149,42.31790100027156],[-71.59204899975664,42.31752100006233],[-71.59191099966439,42.31738900008892],[-71.59143000033876,42.316924000271584],[-71.59112200036719,42.31663099987336],[-71.5886230004345,42.314230000250376],[-71.58520999973449,42.310952000206036],[-71.5851679999017,42.31097700004162],[-71.5823169996165,42.31263600023155],[-71.58208099961496,42.31277499980373],[-71.58201700004085,42.31281299967155],[-71.58194599989574,42.3128549998484],[-71.58161000033508,42.3130539997676],[-71.58151300025071,42.31311199971906],[-71.58011700033286,42.31392699993634],[-71.57862099995761,42.31479999995255],[-71.57825000023685,42.31501699991348],[-71.57774200024873,42.31531499974254],[-71.57756200032368,42.31542800028061],[-71.57452799974038,42.317196000011876],[-71.5712289997415,42.319120999801605],[-71.57092800034096,42.31929499999162],[-71.57083000043166,42.319351999857574],[-71.57030800019983,42.31966099980564],[-71.57006299997747,42.319801000108],[-71.56908499963606,42.32037299975837],[-71.56696099962208,42.32108299972051],[-71.56553999958992,42.321561000299674],[-71.5634199997739,42.32227400027223],[-71.55311799972137,42.325731999973],[-71.55112599995188,42.32639499982132],[-71.54614800017796,42.326965000244584],[-71.54570700013701,42.327010000180394],[-71.54402900018687,42.32719700024762],[-71.53848800017326,42.32783900020474],[-71.53731599966312,42.32796899982245],[-71.53660900038169,42.32804800030187],[-71.53646600026656,42.32806399975641],[-71.53626299987695,42.32808900009965],[-71.5349270002336,42.32823700028118],[-71.53356300010282,42.32840100014744],[-71.53294799998457,42.32846500023841],[-71.53222300026148,42.32854900025902],[-71.53188299960453,42.32858699989943],[-71.53143900008884,42.32863800032453],[-71.52911300040851,42.32890099978965],[-71.52779500030849,42.32905000021071],[-71.52540699980557,42.32933200020202],[-71.52396599968189,42.329490000294555],[-71.52154999958987,42.3297639997999],[-71.52113899968613,42.32981100001688],[-71.5204320004047,42.329887999886644],[-71.51992699989133,42.32993100010065],[-71.5191369998709,42.330021999823416],[-71.51868400013436,42.33007600017314],[-71.518438999912,42.33011699997735],[-71.51652699961011,42.33033599985544],[-71.51337699957419,42.3294259999182],[-71.51128500024558,42.328818999897635],[-71.51123800038991,42.32880500029413],[-71.50952600010459,42.32830799973313],[-71.50908199969058,42.32817900032331],[-71.50904499988066,42.32816799976423],[-71.5082160004005,42.32792799994652],[-71.50790500005587,42.32796099975157],[-71.50762800004644,42.327990999680104],[-71.50728900011273,42.32802599980006],[-71.50703999969237,42.328052999841304],[-71.506950000179,42.328062000073864],[-71.50645999973425,42.328113999768824],[-71.50596000014204,42.328167000256684],[-71.50539100005454,42.32822699990298],[-71.50466499960824,42.328303000213964],[-71.50435499998684,42.32833599982234],[-71.50378400024952,42.32839599997157],[-71.50304000025987,42.32847499991469],[-71.50218699959194,42.328565000250265],[-71.50174999974894,42.32861099987025],[-71.50118999988227,42.32867000025757],[-71.50072000042732,42.32871999978836],[-71.50065900032796,42.32872600010127],[-71.5001499996166,42.32878000023545],[-71.4996779996135,42.328829999678746],[-71.49951199993215,42.3288469997594],[-71.49939499975629,42.32885899969631],[-71.49894799986754,42.3289070000853],[-71.49849799960573,42.3289540002785],[-71.49804200039448,42.32900199993088],[-71.49775100014135,42.329033000184964],[-71.49722300006174,42.329088999705505],[-71.49680399976208,42.32913299995792],[-71.49635000020062,42.32918100013784],[-71.49582799996881,42.32923600003606],[-71.4954320001337,42.32927799987764],[-71.49492699962033,42.32933100004884],[-71.49454099983095,42.329371999674514],[-71.49392900008574,42.32943600010582],[-71.49357000006054,42.32947399987452],[-71.49328200018047,42.329504999895995],[-71.49301000019389,42.32953300011652],[-71.49284000031459,42.32955100015682],[-71.49245899964977,42.32959200030317],[-71.49216200044715,42.32962300026654],[-71.49187899969162,42.32965300006652],[-71.49158699961357,42.329683999999816],[-71.49140500003868,42.32970300014419],[-71.49114300009788,42.32973000012975],[-71.49101400022644,42.32974400019147],[-71.49089399967754,42.32975700010372],[-71.49084400034715,42.32976200017139],[-71.49044799961369,42.32980400032588],[-71.48933100025344,42.32992200013552],[-71.48725999994292,42.33013999988817],[-71.48679700016065,42.33018900010325],[-71.4867870001149,42.33015299971857],[-71.48674399955888,42.32993700029805],[-71.48600700014023,42.326905000058744],[-71.48598700004875,42.326820999835284],[-71.48535600003697,42.32417400023436],[-71.48510900016477,42.32316399968668],[-71.48518699998257,42.32206099984308],[-71.48523399983824,42.32139300008203],[-71.48526999982326,42.32087600030637],[-71.48550599982481,42.31752100006233],[-71.48557000029722,42.31660699998208],[-71.48569300032088,42.31485299969986],[-71.48576199991784,42.31385499979851],[-71.4858630002002,42.31243200020326],[-71.48594799969067,42.311228000285055],[-71.486125000141,42.31088500022575],[-71.48635000027191,42.31044900004954],[-71.48653000019696,42.3101049999366],[-71.48710000010935,42.30900499981188],[-71.48715500036094,42.308897999910485],[-71.48831699992702,42.30665700025242],[-71.48878200025743,42.30576299978032],[-71.4890390001754,42.3052750000771],[-71.48955499966112,42.30430099972579],[-71.48972700008856,42.303975999839466],[-71.48989699996788,42.30365499985651],[-71.49007699989293,42.30331699989998],[-71.49080800036214,42.30188000030887],[-71.49117800025797,42.3011549999214],[-71.49152800006236,42.300468999782666],[-71.49280400032957,42.29800799974278],[-71.49318199972303,42.29728199995698],[-71.4933209996402,42.29701299988073],[-71.49334599975457,42.29696399974308],[-71.49336300037132,42.2969320002971],[-71.49341799972458,42.296824999809694],[-71.49350200028849,42.29666200004669],[-71.49401699994928,42.295668000203996],[-71.4945590002726,42.29462199986999],[-71.49518600008639,42.293412999905804],[-71.49664800012647,42.290595000200945],[-71.49679600026448,42.29030800017275],[-71.49701100034963,42.289894999701254],[-71.49704599961143,42.28982900002178],[-71.49901499981469,42.28606200012747],[-71.49957499968134,42.28499199977781],[-71.49968500018451,42.28478099984496],[-71.5003170000212,42.28357599992836],[-71.50124699978369,42.28179999975724],[-71.50222799959984,42.27992200010866],[-71.50444899969817,42.275677999976125],[-71.50576400032345,42.273162999772744],[-71.50588200032423,42.27293800004377],[-71.505916999586,42.26779200020484],[-71.50592800035498,42.266578000094825],[-71.50600600017279,42.26550099975013],[-71.50608800018856,42.26442299976562],[-71.50609099966329,42.264393000120364],[-71.50627499978631,42.26430500014783],[-71.50637000022087,42.26427600030373],[-71.5064220000994,42.264264999878],[-71.50647800017589,42.26427600030373],[-71.50665599955282,42.26432599979735],[-71.50679100017035,42.264341000302544],[-71.50693199973735,42.26433399997858],[-71.50703300001969,42.26427200020957],[-71.50706399998182,42.26424800030406],[-71.50719200002834,42.26416500008951],[-71.50725599960244,42.26412899983435],[-71.50731400022708,42.26411300008367],[-71.5074709996876,42.26410099976938],[-71.50756500029723,42.26412399987111],[-71.50764099956692,42.26415299978517],[-71.50768800032088,42.264184000068184],[-71.5078220002152,42.26428499968371],[-71.50798799989653,42.26432099984979],[-71.50803800012525,42.264313000331725],[-71.50808699963073,42.26431699975848],[-71.50813199983659,42.26432099984979],[-71.50819899978374,42.26433700021249],[-71.50834600009684,42.264371999828356],[-71.50849699970956,42.264459999707334],[-71.50863200032708,42.26448199982407],[-71.50878600031288,42.264454999770386],[-71.5089849996062,42.264485999904906],[-71.50903700038305,42.26451600017071],[-71.50917100027735,42.264590999775564],[-71.50944300026391,42.26475999985232],[-71.50962599966371,42.264912999928406],[-71.5097319999689,42.26504600007517],[-71.50988299958165,42.265162999792395],[-71.51005300035928,42.265243999674006],[-71.51014200004774,42.26532000024792],[-71.51019399992629,42.26538700017933],[-71.51022599971334,42.26551800031577],[-71.51021300019285,42.265629999978074],[-71.51021800021573,42.26571499992729],[-71.51017800003275,42.26587499983362],[-71.51012399960607,42.26595600012998],[-71.51009099999412,42.26600099980649],[-71.51008500014633,42.26604399979234],[-71.51011000026068,42.266086999748865],[-71.51021599966758,42.26615599984971],[-71.51033799986632,42.26619399993077],[-71.51054000043099,42.26622700019256],[-71.51095100033473,42.26615100004722],[-71.51105300044199,42.26610899996264],[-71.51120400005473,42.26603700032227],[-71.51131899968246,42.26600600028561],[-71.51137399993404,42.26600399996102],[-71.51142199961463,42.26602700003329],[-71.51155399985909,42.266179999693634],[-71.51170399964691,42.26636800014953],[-71.5119129998843,42.26649699993287],[-71.51199599972496,42.26651800018182],[-71.5120600001974,42.266541999887984],[-71.51211200007592,42.26657999973642],[-71.51222099985587,42.266692000171055],[-71.51227100008458,42.266723999688914],[-71.51262900028486,42.26693999999806],[-71.51270299990472,42.26698399982257],[-71.5128850003779,42.267092000288976],[-71.51291700016496,42.26713500019546],[-71.5129840001121,42.26718199998238],[-71.51316099966412,42.267266000023454],[-71.51327000034237,42.267370999917404],[-71.51338800034316,42.26742500017462],[-71.51363799969009,42.267514000251396],[-71.51388200008756,42.26758499972957],[-71.51408700012698,42.2675939999667],[-71.51429899983908,42.26765599979255],[-71.51439799957329,42.26766599982308],[-71.51462899955196,42.26771800022221],[-71.5147929995835,42.26774200013625],[-71.51503399960791,42.267735000189944],[-71.51514300028617,42.267735000189944],[-71.51527100033269,42.26775200015314],[-71.5155659998855,42.26778200019431],[-71.51564600025142,42.26776299997048],[-71.51592900010864,42.26763799999951],[-71.51604399973637,42.26758700000394],[-71.51620699994298,42.267573000076176],[-71.51639299971582,42.26761300024146],[-71.51662100021977,42.26759600024078],[-71.51668999981675,42.26760099992861],[-71.51683600030492,42.26761300024146],[-71.51699299976544,42.26770800019989],[-71.51716799966763,42.26773800026201],[-71.51728200036877,42.2677150001492],[-71.51735900036167,42.26769899997904],[-71.51743200015659,42.267704000323484],[-71.51765700028749,42.26774399974092],[-71.51789800031192,42.26776299997048],[-71.51822100035209,42.2677150001492],[-71.51839899972902,42.26764700022906],[-71.51850699968406,42.267631999845726],[-71.51858700005,42.267620000201326],[-71.51864499977631,42.26763700019548],[-71.51870199967772,42.267679999730206],[-71.51878600024162,42.26769899997904],[-71.51886300023452,42.26771299987888],[-71.5189109999151,42.26771800022221],[-71.51895299974788,42.26771200007605],[-71.51913199984803,42.2676699997019],[-71.51922800010749,42.26763400011866],[-71.519248000199,42.26761000016345],[-71.5192349997802,42.26758700000394],[-71.51917399968083,42.267552999984034],[-71.5191639996351,42.26752200002807],[-71.51918700009962,42.26749599975303],[-71.51930500010037,42.26747199974533],[-71.51945599971313,42.2673479996707],[-71.51959100033065,42.26722700011326],[-71.51966400012559,42.267146000120455],[-71.51978600032433,42.267069999753524],[-71.51990799962475,42.267003000281186],[-71.52005199956479,42.26693799970315],[-71.52011199983926,42.2669079999251],[-71.52022999984004,42.26684500021177],[-71.52032000025171,42.26679500005684],[-71.52040899994017,42.266725000172165],[-71.52046900021463,42.26668100016688],[-71.52064199956868,42.26659799983156],[-71.5208759999204,42.26652900021449],[-71.52114299988409,42.266497999754975],[-71.52121999987699,42.2665019997079],[-71.52134200007572,42.26654999978801],[-71.52155399978783,42.2666290002419],[-71.52163900017665,42.266644000199065],[-71.52167199978861,42.2666450000188],[-71.5217139996214,42.26663499982631],[-71.5218750001782,42.26656200030088],[-71.5221780001269,42.266454000256],[-71.52231700004407,42.2664400000766],[-71.52237099957243,42.26643500029669],[-71.52238499981613,42.26643699994281],[-71.52246199980904,42.266448999812404],[-71.52251200003775,42.26643600011973],[-71.52254999967258,42.26641400002008],[-71.52270799985631,42.266250000183476],[-71.52299200043677,42.266092000221164],[-71.52341199966303,42.26598599969627],[-71.52368000034994,42.26600700011546],[-71.52379400015276,42.26601699974277],[-71.52385500025213,42.26601500008337],[-71.52392200019926,42.26600499979091],[-71.52400199966691,42.26598300020564],[-71.52432399988217,42.265917000074154],[-71.52470100034905,42.265881000154586],[-71.5249309996045,42.26590500010325],[-71.52532899998775,42.266018000237246],[-71.52573700041675,42.26615500002218],[-71.52591599961858,42.26619399993077],[-71.52631200035202,42.266263999740325],[-71.52690999985352,42.26635700008877],[-71.52794500009631,42.266516999695284],[-71.52799500032503,42.26652500026327],[-71.52835600000004,42.26647199972238],[-71.52861799994088,42.26646799976754],[-71.52913699979963,42.26647199972238],[-71.52945300016715,42.26644700016671],[-71.5298459996292,42.2664229997596],[-71.53027800034765,42.266365999836424],[-71.53077000044225,42.266324999719885],[-71.53086300032867,42.266327999859],[-71.53092299970481,42.266328999683786],[-71.53102599963697,42.2662890000333],[-71.53114700001079,42.26624399989763],[-71.53135399970003,42.26622000007802],[-71.53144099973866,42.266205000019966],[-71.53152299975443,42.26619099978527],[-71.53173100016689,42.266178999866526],[-71.53179899993896,42.2661780000394],[-71.53185699966528,42.2661780000394],[-71.5319770002142,42.26617599972027],[-71.5320690002757,42.26616299997131],[-71.53214399972045,42.26614700007203],[-71.53225500004854,42.26610599981305],[-71.53248500020231,42.26599599999171],[-71.53270799978506,42.26589099980193],[-71.53310699999322,42.26569999974903],[-71.53338499982759,42.26554199973782],[-71.533625999852,42.26540400011091],[-71.53393700019662,42.26526600018197],[-71.53423699977228,42.265187999857226],[-71.53462000008693,42.26507100018641],[-71.53485400043864,42.26497700008904],[-71.53501300044732,42.26497300003935],[-71.53511100035661,42.26501799975271],[-71.5352860002588,42.265058000209585],[-71.53544400044254,42.26503799998429],[-71.53554800019961,42.26498100013848],[-71.53576199956154,42.26486400008349],[-71.53583699990462,42.26479400004905],[-71.5359480002327,42.26475599978887],[-71.5362029996025,42.26474599996155],[-71.5363080000828,42.264726000302076],[-71.53642199988562,42.26470900018768],[-71.53656900019871,42.26466400025376],[-71.53666799993292,42.26461199999464],[-71.53683699998732,42.26457500014218],[-71.53709399990527,42.264579000217076],[-71.53719500018761,42.26458599984902],[-71.53744500043285,42.26460499970082],[-71.53762500035792,42.26459300014499],[-71.53782399965124,42.26457799969977],[-71.53801100014729,42.26456299991584],[-71.53807200024667,42.26453800026796],[-71.53813599982077,42.264508000012576],[-71.53821799983652,42.264410000319984],[-71.53828200030895,42.2642289996799],[-71.53837000017249,42.264084000151264],[-71.53853400020402,42.263883999841525],[-71.53857699986173,42.26378900010373],[-71.53865800005258,42.26361000007582],[-71.53883299995476,42.26342799992751],[-71.53894699975758,42.26334199968195],[-71.53902299992555,42.26328600017018],[-71.53918500030727,42.26312499980096],[-71.5392570002773,42.263037999929956],[-71.5393490003388,42.262927000195354],[-71.53947499983718,42.26283400010557],[-71.53963200019602,42.26279299968644],[-71.5397159998616,42.26280000018149],[-71.54000299991678,42.26282599973401],[-71.5402089997811,42.262877000257085],[-71.5405669999814,42.262993000132994],[-71.54076500034812,42.263107999919626],[-71.54097000038753,42.26320300001878],[-71.54100999967217,42.263230999817736],[-71.54104700038043,42.26325900026908],[-71.54110599993166,42.263322000241885],[-71.54121200023685,42.26341799988949],[-71.54133799973525,42.26356000001433],[-71.54142099957592,42.26364799969711],[-71.54143200034488,42.263660000097616],[-71.5414619995838,42.263691999824836],[-71.54149400026917,42.263725000066685],[-71.54159300000336,42.26384800009068],[-71.54169199973757,42.26396599989899],[-71.54175200001202,42.26399499988567],[-71.54180499971547,42.263994000023914],[-71.54182499980698,42.263995999747415],[-71.54188699973123,42.2639509999694],[-71.54197700014292,42.263897000060425],[-71.54202300017367,42.263901000178386],[-71.54206900020444,42.26394000015172],[-71.54210900038741,42.26399499988567],[-71.54214600019733,42.26401200019261],[-71.54218499965707,42.26401399991558],[-71.54225499997727,42.26398300021374],[-71.54240700031322,42.26394599999209],[-71.54244699959789,42.26393299978329],[-71.54251899956792,42.26393600003629],[-71.54258200021542,42.26395500008393],[-71.54270199986603,42.264043999741176],[-71.54275100026983,42.26405100009733],[-71.54276899981318,42.264043999741176],[-71.54280099960023,42.26403100021739],[-71.5428209996917,42.2639920003003],[-71.54281999986681,42.26387700013164],[-71.54283699958523,42.263844999833495],[-71.5428700000955,42.263824999888215],[-71.54291000027848,42.26380999992512],[-71.54296299998192,42.263808000195674],[-71.54305199967038,42.26382700028194],[-71.54312500036363,42.263868999892416],[-71.54317100039438,42.26393799976163],[-71.54323699961833,42.26400399997052],[-71.54328900039516,42.26401700016467],[-71.54332700003,42.26401399991558],[-71.54347900036598,42.26394500012955],[-71.54357499972713,42.263917999845845],[-71.54362499995584,42.263917999845845],[-71.54366799961353,42.26393000019497],[-71.54388600007175,42.264112000223726],[-71.54409799978383,42.26428899977705],[-71.54420699956378,42.26435799985136],[-71.54430700002122,42.264440999811825],[-71.544312999869,42.26448800027762],[-71.54428000025705,42.26451799987771],[-71.54422400018053,42.2645269998879],[-71.54411799987534,42.2645269998879],[-71.54399900004965,42.26454199968044],[-71.54398200033121,42.264561000210264],[-71.5439749997602,42.26459700021879],[-71.5440020004227,42.26461600006723],[-71.54405199975308,42.26462299969507],[-71.54411799987534,42.26463099983861],[-71.54415800005832,42.26467700031183],[-71.54417099957878,42.26480300001983],[-71.54420200043924,42.26482300031967],[-71.54427699988399,42.26482699971407],[-71.54435300005197,42.264811999989334],[-71.54443599989264,42.26479800011008],[-71.5445520002436,42.2647509998754],[-71.5446009997491,42.264748000326],[-71.5447070000543,42.264759000002705],[-71.54476999980349,42.26475300023971],[-71.54478999989499,42.26472499978711],[-71.54479599974276,42.26470199990459],[-71.5447849998721,42.264665999956016],[-71.54477499982637,42.264647000122636],[-71.54474999971201,42.264617999771055],[-71.54462400021363,42.26451500031721],[-71.54461800036584,42.26447600003476],[-71.54462400021363,42.26445399991587],[-71.54464400030511,42.2644480001239],[-71.54468699996282,42.26444400004065],[-71.54477599965126,42.26446799987155],[-71.54489200000224,42.26448000011599],[-71.54518200043046,42.26456600013879],[-71.5454739996102,42.264634999909994],[-71.54583000016066,42.26470100005404],[-71.54589799993273,42.26472899985253],[-71.54596999990274,42.26479300019996],[-71.54602199978126,42.26489599986442],[-71.54600699971267,42.264986000033694],[-71.54595800020718,42.26504600007517],[-71.54587299981836,42.26507200003113],[-71.54583099998555,42.265124999754626],[-71.54582099993982,42.26518399982093],[-71.54586199994772,42.26522999989066],[-71.54610100032231,42.26527000021307],[-71.5461780003152,42.26528300014618],[-71.54632300008015,42.265325999956964],[-71.54649600033252,42.26538099981135],[-71.54657699962506,42.26542000019876],[-71.54663900044764,42.265425000059174],[-71.54666399966369,42.26540400011091],[-71.54667999955721,42.265399000248834],[-71.54671600044055,42.26540899997264],[-71.54674700040269,42.265407000293905],[-71.54677300034196,42.26538599967485],[-71.54685100015975,42.265279999957286],[-71.54687399972597,42.26525899996072],[-71.54690800006115,42.265262000150614],[-71.54695200044209,42.26528099979865],[-71.54700099994758,42.26530300029369],[-71.5470879999862,42.2653349998518],[-71.5471709998269,42.265371999923076],[-71.54720500016208,42.265429000080175],[-71.54721500020783,42.265482000168404],[-71.54719000009348,42.265528000020694],[-71.54718099987264,42.265572000165925],[-71.54720900036004,42.26560199991494],[-71.54728899982769,42.265642999836956],[-71.54733200038369,42.2656290001422],[-71.54741299967623,42.265528000020694],[-71.5475299998521,42.265463999754616],[-71.54758599992859,42.26545000002012],[-71.5476360001573,42.265458999897255],[-71.54770099955633,42.265514000300406],[-71.54776599985364,42.265529999695545],[-71.5479109996186,42.265535000212026],[-71.54795800037259,42.26553900022605],[-71.54799799965726,42.265561999803225],[-71.54802600014465,42.26561099977038],[-71.54798500013676,42.265658999864094],[-71.54793900010601,42.26569999974903],[-71.54793900010601,42.26574200010616],[-71.54795499999953,42.26576500027401],[-71.54798900033472,42.26577899993856],[-71.54805399973374,42.26576900027345],[-71.54813999994745,42.26574600010705],[-71.54818099995533,42.26576699994139],[-71.54818400032839,42.265813000250475],[-71.54814400014541,42.26584299988486],[-71.54804799988597,42.26589099980193],[-71.54798900033472,42.26590299977551],[-71.54794900015176,42.26593700002059],[-71.54796699969509,42.26597200007774],[-71.54804500041121,42.26601299975908],[-71.54813099972662,42.26602700003329],[-71.54825499957519,42.266018000237246],[-71.54835400020771,42.26598800002139],[-71.54844999956886,42.26598999968169],[-71.54859299968399,42.265945999828205],[-71.54875699971552,42.26592800021164],[-71.54891200042454,42.26596199977845],[-71.54906300003728,42.26598300020564],[-71.54922399969574,42.26598300020564],[-71.54926800007668,42.26598300020564],[-71.5493109997344,42.265992000006676],[-71.54938500025256,42.266031000016106],[-71.5494530000246,42.266094999706574],[-71.5495519997588,42.266085999920236],[-71.54959600013974,42.266054000078576],[-71.54960500036057,42.266010000269716],[-71.54961700005614,42.265992000006676],[-71.54965800006401,42.26598300020564],[-71.54972300036135,42.26597600006404],[-71.54978799976035,42.26593600018958],[-71.54986200027852,42.265894999793375],[-71.54994900031717,42.26589300013006],[-71.55004100037867,42.26592800021164],[-71.55009099970907,42.26596199977845],[-71.55011499999853,42.266023000050275],[-71.55017400044807,42.266054000078576],[-71.55029999994643,42.266077000132604],[-71.55055299966644,42.26615899999687],[-71.55067599969007,42.26623500013255],[-71.55075500023112,42.26625499997806],[-71.55086900003391,42.26625800012055],[-71.55124300012774,42.26623500013255],[-71.55134400041008,42.26622899984524],[-71.55148800035012,42.26623400030627],[-71.55172900037454,42.26632600020946],[-71.55176299981142,42.266357999913055],[-71.55181800006301,42.266486999716896],[-71.55189699970572,42.26662799975713],[-71.55191799962212,42.26682400007173],[-71.551966000201,42.26690300018225],[-71.55197799989658,42.26692299981589],[-71.55201200023176,42.2669790000858],[-71.5522330001647,42.26723899983252],[-71.55241200026485,42.26743099968328],[-71.55251000017414,42.267497000224026],[-71.5526060004336,42.26752699972178],[-71.55270599999272,42.26755900014529],[-71.55277200011496,42.26758000004047],[-71.55280999974978,42.26758900027831],[-71.55283300021432,42.2675939999667],[-71.55294700001716,42.267621999809805],[-71.55309599998006,42.26764800003289],[-71.55319499971428,42.2676359997267],[-71.5533029996693,42.267631000041646],[-71.55342800024108,42.26762400008306],[-71.55346300040118,42.26761000016345],[-71.55349799966297,42.26760499981157],[-71.5535279998002,42.267614000045825],[-71.55358700024973,42.26764100007613],[-71.5538159996803,42.26767599985202],[-71.5539789998869,42.26774500020798],[-71.55420700039083,42.26775200015314],[-71.55426400029225,42.26775200015314],[-71.55434200011005,42.26775399975749],[-71.55442199957768,42.26778999993697],[-71.55445699973778,42.267865000300226],[-71.55449799974566,42.2678839998286],[-71.55458700033245,42.267847999702795],[-71.55464800043181,42.26779900014483],[-71.55468600006664,42.26774399974092],[-71.554823000334,42.26758600019916],[-71.55486099996884,42.267548000292344],[-71.5549370001368,42.26752899999799],[-71.55510000034344,42.267518999945736],[-71.55528399956813,42.26746000007042],[-71.5553379999948,42.26747199974533],[-71.55536399993407,42.267500000307415],[-71.55539900009417,42.26761600031933],[-71.55542099983549,42.26770100024986],[-71.55544000010205,42.267780999727826],[-71.55546299966828,42.26783399983298],[-71.55552399976766,42.26786200023427],[-71.55559999993562,42.267876000097864],[-71.55566199985991,42.26786999996678],[-71.55572100030946,42.267830999765486],[-71.55576499979206,42.26777699985606],[-71.55581300037096,42.26776999991363],[-71.55586400042459,42.26779799967862],[-71.55596900000656,42.26785200023483],[-71.55606500026603,42.26788300002846],[-71.55613200021318,42.267920999733334],[-71.55621500005387,42.26792999992248],[-71.55630499956722,42.26796500020267],[-71.55637400006252,42.268025000067965],[-71.55641099987244,42.26804100015538],[-71.55645100005542,42.26805800003599],[-71.55652100037561,42.26810099994832],[-71.5565840001248,42.26813399987656],[-71.55665799974464,42.2681309998234],[-71.5568169997533,42.268067000205576],[-71.55690299996704,42.2680370003001],[-71.55694700034796,42.26800999977462],[-71.55695700039372,42.26795800028113],[-71.55693800012713,42.26791399980689],[-71.55694700034796,42.26788300002846],[-71.5569919996555,42.26786399983507],[-71.55707500039448,42.26785099976942],[-71.55708799991496,42.26784600010142],[-71.55717599977851,42.267812000221205],[-71.55724199990075,42.26780600008398],[-71.55729100030455,42.267793000006364],[-71.55729700015233,42.267716999754725],[-71.55727299986289,42.267614000045825],[-71.55728499955845,42.2675939999667],[-71.55732100044177,42.26758300011986],[-71.55741099995515,42.267614000045825],[-71.55749499962073,42.26769400029899],[-71.55760299957578,42.26770299985577],[-71.55772899997247,42.26767199997358],[-71.55780699979027,42.26761899973228],[-71.55784299977529,42.26756200022572],[-71.55780699979027,42.267480000192066],[-71.55778900024693,42.26744500030736],[-71.55781299963806,42.26740899993086],[-71.55787899976029,42.267400000332096],[-71.55805299983756,42.267400000332096],[-71.55821500021928,42.267381999801174],[-71.55828100034152,42.267381999801174],[-71.55833499986987,42.26739100006728],[-71.55834900011357,42.26742200008766],[-71.5583650000071,42.267461999683995],[-71.55842500028156,42.26751999975159],[-71.55850300009936,42.26753800024311],[-71.5585270003888,42.26758200031501],[-71.55855699962771,42.267725000170365],[-71.55853300023658,42.267819000158916],[-71.55858099991718,42.26786799970134],[-71.5586889998722,42.2678720002321],[-71.5587590001924,42.26786300003468],[-71.55880900042112,42.26784099976825],[-71.55883299981224,42.26778799966899],[-71.55885100025391,42.26774699981251],[-71.55892300022394,42.26768899995376],[-71.55904299987453,42.267667000291375],[-71.55921100010401,42.26769400029899],[-71.55933199957954,42.2677399998668],[-71.55939699987685,42.26773399972273],[-71.55955900025856,42.267661999944],[-71.55961899963471,42.26760899969425],[-71.55978100001643,42.26758200031501],[-71.55983500044309,42.26758300011986],[-71.56000899962204,42.26759099988778],[-71.56019500029319,42.2676400002722],[-71.5604070000053,42.26771800022221],[-71.56058399955731,42.26786399983507],[-71.56192599994678,42.267686999682624],[-71.56219399973537,42.26765100010909],[-71.56275100012729,42.267467999853956],[-71.56292799967932,42.26740899993086],[-71.56335100017692,42.267270999737455],[-71.5636819997147,42.267160000143065],[-71.56408099992288,42.26702599998903],[-71.56456399979666,42.26686599968002],[-71.56782799963541,42.26579199976672],[-71.57008800009181,42.26504600007517],[-71.57016699973452,42.265020000108535],[-71.5721789995955,42.26436299979599],[-71.57266599966722,42.2641949998433],[-71.57294600004971,42.26410300015431],[-71.57345800023579,42.263934000310826],[-71.57796800020454,42.26244399975782],[-71.58001299967748,42.261772000075744],[-71.58077699975863,42.261518999693976],[-71.58394400041134,42.260474000050614],[-71.58537899978892,42.260002999869265],[-71.58656399981953,42.25961299996142],[-71.58675899981321,42.25954499994534],[-71.58846299970261,42.254989000038876],[-71.58886299973568,42.2539190000244],[-71.58963199983972,42.251861999954976],[-71.58976699955892,42.251499999922665],[-71.5898550003208,42.25126500003672],[-71.59045100017246,42.24967299967092],[-71.59055599975443,42.249393000099666],[-71.59140900042236,42.247114000298176],[-71.59171200037107,42.24629899992756],[-71.59172300024171,42.246269999782434],[-71.59199799970301,42.24553599974109],[-71.59212999994749,42.245176000299445],[-71.59256500014068,42.244043000181044],[-71.59274000004287,42.24356100026532],[-71.5928680000894,42.24321100011313],[-71.59431500006083,42.23936299982084],[-71.59637399977747,42.233852000086195],[-71.59665599980978,42.23309899988705],[-71.59885699981665,42.227163999971374],[-71.5993179999491,42.22595900022806],[-71.59951799996564,42.2254370002598],[-71.60164399962943,42.21966400028613],[-71.60222100011283,42.218101000046964],[-71.59995700035678,42.21544499970196],[-71.59725300038468,42.21230200025908],[-71.58995800025293,42.20378700031172],[-71.58921599991311,42.202905999885004],[-71.58290999999343,42.195559000043836],[-71.58280000038857,42.19555000017759],[-71.57822500012249,42.19520199992836],[-71.57370000008511,42.194844000166164],[-71.57311799957884,42.19479200025884],[-71.57154000008613,42.19466799974401],[-71.57154799958374,42.194652999976554],[-71.57178899960817,42.194202999972596],[-71.57203100035582,42.19374999982946],[-71.57208499988418,42.193622000017534],[-71.57212900026511,42.19349000002322],[-71.57219299983922,42.19322500022077],[-71.57220500043309,42.19315200027336],[-71.57223800004505,42.19295699967226],[-71.57227099965701,42.192732999682995],[-71.57217199992282,42.19273099969735],[-71.57049899999555,42.192698999918264],[-71.56986100031109,42.19268699999698],[-71.56494999958602,42.192594000196706],[-71.55910800017185,42.19249100029401],[-71.55816199961751,42.1924749996802],[-71.556795000012,42.19245000008572],[-71.55678199959321,42.19245000008572],[-71.55642000009328,42.19207700032955],[-71.5562689995822,42.19185800025002],[-71.55624299964296,42.19182100032574],[-71.55617900006885,42.191552999814064],[-71.55613100038826,42.191319999704916],[-71.55613100038826,42.19107000007798],[-71.55606500026603,42.19089300010634],[-71.55612999966505,42.190606000151845],[-71.55605000019743,42.190433000328966],[-71.55601000001445,42.190253999840685],[-71.55585699985357,42.19001599975618],[-71.55581699967061,42.18984300031525],[-71.55584900035598,42.18959899976031],[-71.555881000143,42.18934299970415],[-71.55595300011304,42.18908600022464],[-71.55588000031811,42.18896699975953],[-71.55586699989931,42.188916000062136],[-71.55584799963275,42.18885400006132],[-71.55592799999869,42.18872299981677],[-71.55607199993872,42.188717000144564],[-71.55623299959721,42.188662999741126],[-71.55619599978728,42.18855799997089],[-71.55610600027391,42.18843300014386],[-71.55609200003022,42.188323999741485],[-71.55631200013823,42.18820499983867],[-71.55642400029124,42.18816299978036],[-71.55653700026915,42.188187000007254],[-71.55667299981326,42.1880970001077],[-71.5566970001027,42.18796600029118],[-71.55660800041424,42.187918000326036],[-71.55639099978096,42.18806099971267],[-71.55634399992529,42.188090999710475],[-71.55631899981094,42.188064000245596],[-71.55624000016822,42.187977999777566],[-71.5562040001832,42.1878700003244],[-71.55628000035118,42.187667999890486],[-71.55637599971233,42.18745399989307],[-71.55643199978884,42.187304999992755],[-71.55644699985746,42.187043000133805],[-71.5564150000704,42.186858000181466],[-71.55642099991817,42.18681399972093],[-71.55644699985746,42.18661400008565],[-71.55657200042924,42.186554000005096],[-71.55669499955457,42.18649500029194],[-71.55679900020996,42.18632199986787],[-71.55679900020996,42.186065999853085],[-71.55698300033298,42.18590500013179],[-71.557055000303,42.1858270002062],[-71.557055000303,42.18577399976666],[-71.55693499975409,42.18568999971997],[-71.5568870000735,42.185839000098625],[-71.55679900020996,42.1858270002062],[-71.55659900019342,42.18587499976223],[-71.55645500025338,42.18587499976223],[-71.55626199990954,42.185946999693485],[-71.55609399968003,42.18583399992187],[-71.5559430000673,42.18567199983808],[-71.55566100003499,42.18552400017112],[-71.55548500030788,42.18540500032253],[-71.55542099983549,42.18524400024923],[-71.55548500030788,42.18511299984566],[-71.5556049999585,42.184987999862976],[-71.55550799987411,42.18477899970732],[-71.55542500003345,42.18479999986565],[-71.55533999964463,42.18482100001701],[-71.55526799967461,42.18496999978122],[-71.55522800038995,42.1849539999261],[-71.55517999981105,42.18493400026797],[-71.5551959997046,42.18474399987166],[-71.5551959997046,42.18461899982506],[-71.55517200031345,42.18454100030974],[-71.55506699983314,42.18447599997455],[-71.55513100030558,42.18423200000414],[-71.5552030002756,42.18410599981441],[-71.55546799969113,42.18395099988636],[-71.55545299962253,42.183824000001344],[-71.5554429995768,42.18373699995384],[-71.55543500007919,42.18352800032218],[-71.55555200025503,42.18337400011644],[-71.55564299959333,42.18325399973937],[-71.55571499956334,42.183046000321276],[-71.55571600028658,42.18302999997926],[-71.5557249996091,42.1828189997082],[-71.55586299970136,42.182748999844456],[-71.5559229999758,42.182718000155816],[-71.55599499994584,42.18268200002594],[-71.55593899986934,42.18264599987552],[-71.55581900021875,42.18260499993813],[-71.55573800002789,42.18250300022208],[-71.55478300015103,42.1829400000602],[-71.55448199985214,42.18307299993238],[-71.55299200022299,42.18373399988121],[-71.55161499967342,42.18434700022756],[-71.5474880000193,42.186176999682594],[-71.54215399969493,42.188552000283025],[-71.53949800030172,42.18973399968185],[-71.53927700036877,42.189730000186266],[-71.53669700024523,42.18967100010933],[-71.53588999960806,42.18964899986349],[-71.53481500008058,42.189618999939434],[-71.53101099956835,42.189524000197046],[-71.52467100021181,42.189365999769784],[-71.5232190002175,42.189332000190646],[-71.5199119998227,42.18924800021251],[-71.51538000011263,42.189138000167404],[-71.51208500031174,42.189056000033446],[-71.50742700020498,42.188940000003136],[-71.50689400010252,42.18892700031357],[-71.50535900026749,42.189812999817725],[-71.50502500035667,42.190006999766155],[-71.5047609998677,42.19017100012269],[-71.50300799957449,42.19119400033067],[-71.50262599998308,42.1914159997568],[-71.50200300036724,42.188401000185664],[-71.49971699997157,42.17767399995603],[-71.49737799987243,42.16664300014211],[-71.49526100042947,42.16642700007658],[-71.49313599969227,42.16620999986003],[-71.48922699959806,42.166122000133804],[-71.48737399974573,42.166080000054905],[-71.48463299996371,42.16602300004588],[-71.48439799978708,42.16601399996967],[-71.48271499981405,42.16597600015168],[-71.48203699994663,42.16596100023474],[-71.48039199960846,42.165924999886926],[-71.48001300039009,42.16591599979678],[-71.47802699957006,42.165870999992656],[-71.47804199963868,42.16446799998722],[-71.47807900034692,42.160826999846954],[-71.47809600006536,42.15866099998088],[-71.47811799980667,42.156806999892474],[-71.47811899963159,42.15678200017963],[-71.47787799960714,42.15678800021818],[-71.47676899974451,42.15680099985578],[-71.4750859997715,42.156829999806064],[-71.47296099993262,42.15687000024391],[-71.47274400019765,42.156873000259104],[-71.47092200030745,42.157149999937126],[-71.47005100009618,42.15728100033137],[-71.46852700013184,42.157509999815154],[-71.4678419996934,42.15761700029607],[-71.46602200035134,42.157892999836214],[-71.46517000040667,42.15803599986522],[-71.46452099995324,42.15812100022766],[-71.4640049995692,42.158198999699806],[-71.46395699988864,42.158238999938256],[-71.46155599986523,42.16024700032276],[-71.46062399955457,42.16102699980491],[-71.45412299964124,42.16646500028951],[-71.45336199993312,42.16710099976469],[-71.45133500000355,42.168796999952015],[-71.44932899999036,42.17047499972926],[-71.4488529997893,42.17087299992307],[-71.4481430001348,42.17146199987513],[-71.44565800044582,42.17353700029779],[-71.44406699963601,42.17488899986343],[-71.44071300028386,42.17596199998771],[-71.43900600002142,42.17653399991116],[-71.43624099994996,42.1774250001885],[-71.43248800038965,42.178634000101205],[-71.4315419998353,42.17893900029343],[-71.43017400040488,42.17938600017625],[-71.42956799960915,42.17936899970242],[-71.42800199981203,42.179337999688],[-71.42728799995957,42.179324000148945],[-71.42662400033585,42.179311999685694],[-71.4262550002649,42.17930300016884],[-71.42532899980205,42.17928499979998],[-71.42499999991406,42.17927299999499],[-71.424888999586,42.17926999971054],[-71.42470899966095,42.179267000091656],[-71.42398399993785,42.179257000029594],[-71.42373000039295,42.179252999871174],[-71.42371100012637,42.17913099991092],[-71.42364699965394,42.17873400030452],[-71.42354999956959,42.178130999702745],[-71.42303900010673,42.17814799984374],[-71.42297100033467,42.17814899973437],[-71.4228890003189,42.178152000072004],[-71.42277399979285,42.17815499974383],[-71.42207599983394,42.17817899977581],[-71.42156399964787,42.178193000234025],[-71.42112000013216,42.178206000133756],[-71.42107800029937,42.17820799991323],[-71.4210039997812,42.17821100024806],[-71.42079500044215,42.17821700025159],[-71.42014799963856,42.1782370000374],[-71.41976600004713,42.178249000038946],[-71.41850499984852,42.17828900024962],[-71.41802500034781,42.17830599968247],[-71.41793300028631,42.17830700023632],[-71.41754499994879,42.17831900022464],[-71.4171790002509,42.17833000032281],[-71.41708700018938,42.17833299998619],[-71.41683899959395,42.1783360003151],[-71.41581599994502,42.17837300014373],[-71.4144700002559,42.17841500004894],[-71.41141899995418,42.178509999842554],[-71.40848800020136,42.178600999959485],[-71.40560099993114,42.178690000181305],[-71.4051270002782,42.178704999742564],[-71.40485399956843,42.17871400001024],[-71.40466000029797,42.17871999996603],[-71.40356300013089,42.17875499980787],[-71.4032469997634,42.17876300018742],[-71.40242499995593,42.17878799986923],[-71.40229500025957,42.178793999818005],[-71.40235700018387,42.17908000026701],[-71.40242099975796,42.179370000239444],[-71.4029089996546,42.18157399983498],[-71.40313899980836,42.182609999704596],[-71.40369399965213,42.1851210000864],[-71.40433499970966,42.188017999824076],[-71.40438099974041,42.18821499981677],[-71.40442699977116,42.18843300014386],[-71.40100300009883,42.189056999751585],[-71.39706499969228,42.1897780001067],[-71.39581600008755,42.19000199991901],[-71.39549200022246,42.19005999998474],[-71.39506299987704,42.190140000079786],[-71.39486799988339,42.19017399988986],[-71.39471200024778,42.19020299985046],[-71.3945170002541,42.190237999991716],[-71.39354399993557,42.19041499980079],[-71.3929749998481,42.19051700006357],[-71.39286500024323,42.190539999702],[-71.39274700024245,42.19056099994338],[-71.39115799998078,42.19085000014747],[-71.38688999986137,42.19162699995467],[-71.38522699997984,42.191930000022566],[-71.3852090004365,42.19193400004447],[-71.3849419995745,42.19198200028791],[-71.38476500002248,42.19201399976443],[-71.38455999998307,42.192061000276446],[-71.38313899995087,42.19238699989244],[-71.38212200014974,42.19262000006164],[-71.38046599994091,42.193000000194424],[-71.37839100033074,42.19347199970011],[-71.37670099978673,42.193708000127735],[-71.37562600025927,42.19385099972685],[-71.37484100026172,42.19396799970273],[-71.37172100036301,42.19440300022204],[-71.36921599968422,42.194753000133844],[-71.3683629999146,42.19487199968897],[-71.36699399976096,42.195062999882275],[-71.36693799968445,42.195071000194865],[-71.36395400022819,42.19548900031064],[-71.36198599984982,42.19576099988508],[-71.3574309996752,42.197023000274555],[-71.34483100042976,42.20050599987323],[-71.3443550002287,42.200647000326526],[-71.34417000028077,42.200703000206886],[-71.34409499993771,42.200871999746894],[-71.34408300024214,42.20097900008037],[-71.34407200037148,42.201107000297284],[-71.34411599985411,42.20122400014916],[-71.34418500034938,42.20133499997895],[-71.34424100042588,42.20137400003474],[-71.34430099980203,42.20141599996554],[-71.34446599965847,42.20145499997129],[-71.34464099956064,42.20149500013996],[-71.34499999958584,42.201646000232145],[-71.34523800013554,42.20176900018163],[-71.34547800033506,42.20190100018561],[-71.34572600003216,42.202069999848746],[-71.34594100011734,42.202253999688494],[-71.34608699970718,42.202414999691015],[-71.34625099973873,42.202609000219574],[-71.34638399980811,42.20281100015059],[-71.34648300044063,42.20303499968794],[-71.34667800043431,42.20331899995596],[-71.34681499980333,42.203556999853454],[-71.346833000245,42.20368000007538],[-71.34684699959038,42.20371399992134],[-71.34684699959038,42.20375000005148],[-71.34683700044296,42.20378500001045],[-71.34678499966611,42.20388499969132],[-71.34675999955176,42.20391600031216],[-71.34670100000052,42.203971999956984],[-71.34666699966533,42.20399799979898],[-71.34658999967245,42.20404200027502],[-71.34656999958095,42.20407200000731],[-71.3465300002963,42.20417499966744],[-71.34645699960305,42.204301999921654],[-71.34644900010545,42.204460999749045],[-71.34650500018193,42.204570000269996],[-71.34654100016695,42.20464100006255],[-71.3466859999319,42.204736999842666],[-71.34691199988772,42.20476699991039],[-71.34717499965345,42.20471699978957],[-71.34738499971574,42.20468399995439],[-71.34778999977169,42.20465399984726],[-71.34816200021567,42.204676000193366],[-71.34845699976846,42.20470600029005],[-71.34871700005945,42.20478400020858],[-71.34885299960358,42.204824999734704],[-71.3492069996059,42.20495099988098],[-71.34985199986139,42.20525100023177],[-71.35020099984082,42.20545200024208],[-71.35046199995674,42.20561099983694],[-71.35069999960812,42.205782999914824],[-71.3509449998305,42.20601300025443],[-71.35123799973346,42.20629599966789],[-71.3512750004417,42.20633399987819],[-71.35147499955993,42.206544000067844],[-71.35175999996527,42.20677499973639],[-71.3519659998296,42.207010999723785],[-71.35209200022629,42.207247000160315],[-71.3521559998004,42.20737099994613],[-71.35217900026493,42.207489000267564],[-71.35215499997548,42.20762499999245],[-71.35201400040849,42.20781799974037],[-71.35195699960879,42.20788999996073],[-71.35182899956226,42.208078999899264],[-71.35173900004887,42.208251999991546],[-71.3516699995536,42.208443999743146],[-71.35165299983514,42.208645000240594],[-71.3516350002918,42.208913000130806],[-71.35172599963009,42.209244999699166],[-71.35173900004887,42.20948800019722],[-71.35173800022396,42.209729999703924],[-71.35173599967584,42.20998799979011],[-71.35172900000313,42.2100369996797],[-71.35169700021608,42.21034400015948],[-71.35163600011673,42.21063899997331],[-71.35161600002523,42.21087999968965],[-71.35159400028392,42.211008999844644],[-71.35159099991087,42.21104399977423],[-71.35154300023031,42.21131600025778],[-71.35147899975787,42.211545999747756],[-71.35134400003868,42.2118109999009],[-71.35092499973901,42.21258000005141],[-71.35091800006633,42.212608999710405],[-71.3509029999977,42.21263399997928],[-71.35088399973112,42.212657000217874],[-71.35063500020911,42.2131199999136],[-71.35031700019178,42.21365099986677],[-71.35010499958136,42.213840999858114],[-71.34998300028093,42.2139510001521],[-71.34949899968396,42.214236999886865],[-71.34932200013195,42.21436099992306],[-71.3490230003812,42.2145429999323],[-71.34881400014385,42.21463400007293],[-71.34877399996087,42.214647999775835],[-71.34831600020146,42.21488900016321],[-71.3482979997598,42.21489899991094],[-71.34821200044439,42.214944000086845],[-71.34737700021813,42.215380999846374],[-71.34719399992002,42.21547100014453],[-71.34706800042164,42.21552500026184],[-71.34701499981988,42.21554300029068],[-71.34697999965978,42.21555499986351],[-71.34683999991769,42.215586000080094],[-71.34680999978048,42.215588999971445],[-71.34656700010622,42.2155500000418],[-71.34624099969298,42.21547300007578],[-71.34592400039888,42.21536700030595],[-71.34560700020648,42.21526600020284],[-71.34526599972463,42.21517700024815],[-71.34494100003462,42.21512399980445],[-71.3444049995591,42.215026999868805],[-71.34417699995346,42.21497499993803],[-71.3438480000655,42.214912000245995],[-71.34375600000399,42.21488900016321],[-71.34323799997013,42.214789999913826],[-71.34282600024149,42.214680999728635],[-71.34279299973119,42.21467299990295],[-71.34250200037638,42.2146050000131],[-71.34231800025337,42.21455800030084],[-71.34177599993006,42.214397999956454],[-71.34168399986856,42.21438100024948],[-71.34142899960042,42.21431100007725],[-71.34077800039549,42.214074000096765],[-71.34070999972512,42.214055000326496],[-71.34029499962342,42.21392599973924],[-71.33995400003988,42.21387300024162],[-71.339764999894,42.213920999788506],[-71.33970200014481,42.2139510001521],[-71.33956400005253,42.21407200012121],[-71.33942900033334,42.21424299979769],[-71.33918999995873,42.21445500027115],[-71.33895099958413,42.21472000019496],[-71.33871299993275,42.214972999991005],[-71.33855800012206,42.2151739996719],[-71.3385050004186,42.215229999982085],[-71.33839599974034,42.215640000099064],[-71.33836899997617,42.21581000022698],[-71.33835100043284,42.21597500010917],[-71.33837300017413,42.21617599992761],[-71.33841699965674,42.21648599969081],[-71.33849399964963,42.21669999984568],[-71.33862300041939,42.21689399975111],[-71.33873300002423,42.2169969997948],[-71.33885500022298,42.217087999725884],[-71.33914399992798,42.21723999974239],[-71.33922900031679,42.21730600024838],[-71.33936999988379,42.2174030000101],[-71.33954200031123,42.217506999822234],[-71.33973099955881,42.21765199997818],[-71.34009100030724,42.21783900012357],[-71.34035999992075,42.21794299988301],[-71.3407299998166,42.21802200001441],[-71.34096599981815,42.2181080001798],[-71.3411669996596,42.218262000245254],[-71.34125200004843,42.21834199989772],[-71.34133099969114,42.21841699985411],[-71.34151300016433,42.2186450002656],[-71.34164100021084,42.21887299985382],[-71.34171099963274,42.218954999883785],[-71.34192099969502,42.21927600026674],[-71.34200100006096,42.2194069997117],[-71.34220299972733,42.219640000038595],[-71.34248099956167,42.21980100030468],[-71.34272300030932,42.21986600023378],[-71.34277299963972,42.219889999730135],[-71.34288700034085,42.21995600012755],[-71.3429059997091,42.21997300032961],[-71.3429890004481,42.220036000294975],[-71.34301399966414,42.22005500026163],[-71.34308599963417,42.22019499976974],[-71.343094999855,42.22041300021051],[-71.34316600000011,42.2206129999895],[-71.34316400035028,42.220772000007095],[-71.34307499976352,42.22099599972073],[-71.34305100037237,42.22105499982195],[-71.34289999986132,42.221354000321675],[-71.34286300005141,42.22138899984041],[-71.34279399955612,42.22145300025967],[-71.34273599982978,42.22149799975681],[-71.34266800005774,42.221526000107765],[-71.34249499980537,42.22158700011663],[-71.34216799956722,42.221672000216124],[-71.34187499966427,42.2217539999375],[-71.34172099967847,42.22183600021768],[-71.34165700010438,42.22192199984545],[-71.34159900037805,42.22215199996065],[-71.34160100002786,42.222367999919186],[-71.3415969998299,42.22263500026953],[-71.34154999997426,42.22282999975214],[-71.34142100010281,42.223088000209415],[-71.34126999959177,42.22344300007446],[-71.34119699979684,42.223649999752816],[-71.34118299955314,42.22371799988148],[-71.34113900007053,42.22392899998087],[-71.34106600027557,42.22426099977825],[-71.3410119998489,42.22447200005857],[-71.34091099956657,42.22463299997784],[-71.34068899980872,42.22484999991354],[-71.34042199984502,42.22500100005714],[-71.3401799999957,42.22512200014064],[-71.3399480001921,42.22529599992564],[-71.3397079999926,42.225482000243595],[-71.33947100016614,42.22566400013156],[-71.3392150000731,42.22589600018568],[-71.3388779997892,42.22622999987308],[-71.33856999981762,42.22649099977906],[-71.33824299957948,42.22673399977663],[-71.33776999975144,42.22706099988213],[-71.33743300036588,42.2272110002792],[-71.33713000041719,42.227332000118075],[-71.33699599962456,42.22738500029329],[-71.33697200023344,42.22739899983015],[-71.33693299987537,42.227419000018294],[-71.33674600027763,42.227493000060825],[-71.33665599986593,42.227558999827785],[-71.33655200010887,42.22763700012864],[-71.33645400019958,42.22771300012436],[-71.33616600031948,42.2279390000262],[-71.33565800033136,42.228374000132305],[-71.33529000008534,42.22869799979109],[-71.33483300015084,42.22913000007517],[-71.33474299973916,42.2292309999538],[-71.33466400009644,42.22931900030907],[-71.33454799974548,42.22953499969348],[-71.33441300002627,42.22974100027775],[-71.3341960002913,42.22994400031532],[-71.33399399972662,42.23009099998086],[-71.33390400021325,42.23018000020023],[-71.3337309999609,42.23030499992277],[-71.33358100017306,42.23039699969343],[-71.33300200003984,42.23072299972451],[-71.3326539998853,42.23092899975752],[-71.33239699996734,42.23105499971108],[-71.33173099979548,42.2314370002397],[-71.33147300005263,42.23162900001193],[-71.33136900029554,42.231725999719856],[-71.33129200030265,42.231797999955226],[-71.33072999988786,42.23222499981101],[-71.33054999996281,42.232365000268906],[-71.33039099995415,42.23249000032032],[-71.33026999958032,42.23263200024333],[-71.33018099989188,42.23273499988922],[-71.3300429997996,42.23287600023613],[-71.3299869997231,42.232934000188344],[-71.32992399997391,42.23301399987442],[-71.32980199977519,42.23316800016523],[-71.32979000007961,42.23318599982056],[-71.32969499964506,42.233328000173046],[-71.32960500013169,42.23362499972754],[-71.32959300043612,42.23388600031868],[-71.32966700005598,42.23417299988835],[-71.32979400027757,42.234464000138075],[-71.33004799982247,42.23485399991826],[-71.33038299955822,42.23541199987424],[-71.3306410001994,42.23585199990296],[-71.33088100039892,42.23623799987502],[-71.33101000027034,42.236523999758326],[-71.33110999982947,42.23689199968726],[-71.33113800031686,42.23719199995729],[-71.33118500017252,42.23758499968287],[-71.3311550000353,42.23795300007548],[-71.33108600043833,42.2386730001886],[-71.33105700012601,42.238972999972624],[-71.33104600025536,42.23909000018021],[-71.33103799985945,42.2391749999903],[-71.33100699989731,42.23949400014989],[-71.33087999967569,42.240465000227616],[-71.33078799961419,42.24098799984486],[-71.33077699974353,42.24105100012039],[-71.33060600003931,42.24171200010577],[-71.33052400002353,42.24192599988187],[-71.3304229997412,42.242064999891426],[-71.33027799997625,42.24214000026219],[-71.33009499967814,42.24223999973114],[-71.32989700020974,42.24243300009364],[-71.32977199963794,42.242592999888],[-71.32970899988875,42.242821000107554],[-71.32969200017033,42.24311400010168],[-71.32963699991875,42.24333000015663],[-71.32948999960564,42.243916000041764],[-71.3294569999937,42.24400299969349],[-71.3294300002295,42.24410799975546],[-71.32934800021376,42.24485099994432],[-71.32937699962774,42.24514799979869],[-71.32940000009228,42.245237000064904],[-71.3294360000773,42.24530199973919],[-71.32957400016954,42.245479999711606],[-71.32965199998735,42.24556000011847],[-71.3299089999053,42.24574499975633],[-71.33006700008906,42.24590999987434],[-71.33021000020419,42.24609599996141],[-71.33046499957399,42.24632099973072],[-71.33073800028379,42.24647500013282],[-71.33096400023958,42.246610999683064],[-71.3312329998531,42.24672200020866],[-71.33137699979315,42.24678299980921],[-71.33151200041067,42.24684799988558],[-71.33176099993271,42.247044999973895],[-71.33201100017796,42.24724899967356],[-71.33212099978283,42.24737400016756],[-71.33229800023315,42.247548999911025],[-71.33237799970077,42.24765500017693],[-71.33243399977727,42.24772899976768],[-71.33259500033407,42.24799900025206],[-71.33265200023547,42.24822499999563],[-71.3326759996266,42.24845000015118],[-71.33266499975595,42.24873200012609],[-71.3326120000525,42.248921000174775],[-71.3325779997173,42.24896600003953],[-71.33253900025758,42.24901799990242],[-71.33249599970155,42.24907500021442],[-71.3323939995943,42.24907500021442],[-71.3322530000273,42.24907199991929],[-71.3317669997805,42.24905799987008],[-71.33114499998956,42.249040000087305],[-71.3286209999425,42.248980000109164],[-71.32743500008695,42.24894000009204],[-71.32593399968884,42.24889899994844],[-71.32582999993176,42.24889600030991],[-71.3235019997033,42.2488329998883],[-71.32004600024392,42.248739000187236],[-71.31898699971167,42.248709999833835],[-71.317877999849,42.24868499988534],[-71.31447400026816,42.24859800004052],[-71.31393699996774,42.24857300004765],[-71.3084920002136,42.24842500009966],[-71.30695499983048,42.24838300017694],[-71.30580300031012,42.24835200010525],[-71.30467400035597,42.24832700001483],[-71.30292199988769,42.24827400013627],[-71.30424300036076,42.25362599967987],[-71.30533399978174,42.25805100023177],[-71.30576399995205,42.25980499976743],[-71.30579900011216,42.25994600012532],[-71.30583199972412,42.26008099996031],[-71.30649000039837,42.26276100016776],[-71.30799099989818,42.268819999871724],[-71.30841799969544,42.27055099988527],[-71.30844100015996,42.270635999846604],[-71.30846000042655,42.27070899997214],[-71.30848399981768,42.27079399972037],[-71.30857500005426,42.27092100024901],[-71.3090489997072,42.271729999760645],[-71.30906799997378,42.27176299978325],[-71.3098000002679,42.27306800005899],[-71.30999400043663,42.27339799981378],[-71.31056000015107,42.274407999928414],[-71.31083399978746,42.274879999863245],[-71.31159399967065,42.27622100009047],[-71.31177899961858,42.27654899996281],[-71.31194600002317,42.276842000137776],[-71.31244499979044,42.27771800020319],[-71.31291199977068,42.278536999838735],[-71.31301200022811,42.27871400009705],[-71.31302399992367,42.27873599989166],[-71.31380999974613,42.28010000007074],[-71.3139699995797,42.28038399994735],[-71.31467900030758,42.28164099997905],[-71.3160889995708,42.284117000025],[-71.31674899989488,42.285272000109394],[-71.31699800031522,42.285713000101865],[-71.31752700021973,42.286640999858534],[-71.31796400006273,42.28741900012555],[-71.31963500034017,42.29034400009516],[-71.32137500021459,42.29339899973456],[-71.32154099989594,42.29368600029729],[-71.3216580000718,42.29389400014934],[-71.32183899982178,42.29422499986166],[-71.32219100017429,42.294827999879],[-71.3231219997617,42.29646600016843],[-71.32366200043518,42.2974150002346],[-71.32400899986649,42.29830199977357],[-71.32407300033893,42.298470999818534],[-71.32415799982941,42.29867000002918],[-71.32432299968586,42.2991109999077],[-71.32445599975524,42.29945099978019],[-71.32450299961091,42.2995699999995],[-71.32474299981041,42.300200999984],[-71.32496700011642,42.30075300018884],[-71.32497100031436,42.300779000031],[-71.32522400003435,42.301378000014985],[-71.32538399986794,42.301820000121666],[-71.32555600029538,42.302285999829316],[-71.32601099968173,42.30341199984898],[-71.32607000013128,42.303577999772465],[-71.32627900036864,42.30409400025383],[-71.32635100033866,42.30428899975574],[-71.32639599964621,42.30440200015824],[-71.32701099976443,42.30598600016209],[-71.32704599992455,42.30607500025476],[-71.32719999991032,42.3064549998173],[-71.32734399985037,42.30683399989698],[-71.32760999998915,42.30751499993538],[-71.32763500010351,42.30757999984751],[-71.32785500021153,42.30814299987611],[-71.32806899957346,42.30871499986249],[-71.32840000000957,42.30953600003389],[-71.32849100024616,42.30977000012857],[-71.3285210003834,42.30984699994675],[-71.32909299994562,42.311317000273924],[-71.32961500017743,42.312644000258274],[-71.32974999989665,42.31299099969099],[-71.32849600026904,42.31337500031737],[-71.32756099958534,42.31366000003563],[-71.32732700013193,42.313746000032786]]]},"properties":{"GEOID":"25017","BASENAME":"Middlesex","STATE":"25","COUNTY":"017","AREALAND":"2118363230","NAME":"Middlesex"}},{"type":"Feature","geometry":{"type":"Polygon","coordinates":[[[-70.99746999990374,42.86444200005894],[-70.9971090002287,42.86449500001097],[-70.99689099977051,42.864525999700994],[-70.99615900037472,42.86463099991585],[-70.99566499973199,42.86470199989721],[-70.99466999967215,42.864844000273436],[-70.99341799969437,42.865023000018034],[-70.9927509996976,42.865119000013],[-70.99164199983494,42.865276999816835],[-70.99155099959836,42.8652840001905],[-70.99150000044304,42.86528900026882],[-70.99078999989027,42.86537999977958],[-70.99070000037688,42.865392999698734],[-70.99007199983986,42.865491000064814],[-70.98919300013098,42.865626999750745],[-70.98880300014363,42.86568899995355],[-70.98851699991336,42.86572499974534],[-70.9875129996327,42.86586799988167],[-70.98722099955467,42.865909000255606],[-70.98665999986308,42.865991000263364],[-70.98615600007292,42.86606300013221],[-70.98315099980194,42.86649299995978],[-70.9802259998969,42.86691099994979],[-70.98008799980462,42.86693099973347],[-70.9762840001907,42.86747499979128],[-70.97521200013797,42.867628999711556],[-70.97508499991638,42.86764600025212],[-70.97471900021847,42.867695000312246],[-70.97228100038515,42.868046999909886],[-70.97204600020851,42.86808100009764],[-70.96943199974977,42.868455000268646],[-70.9670180002059,42.86880000016689],[-70.96663300024143,42.868956999678694],[-70.96575899965711,42.86931300030885],[-70.96477799984096,42.869713000253874],[-70.96263299991061,42.87058600019057],[-70.96221799980891,42.87075599987462],[-70.96215699970955,42.870781000021],[-70.9620970003334,42.87080800027307],[-70.96204700010468,42.87083199968256],[-70.95991499969479,42.87169299972956],[-70.9579649997581,42.87248800026052],[-70.9577820003583,42.87256299988135],[-70.95599999975278,42.873289999891725],[-70.95577799999494,42.873377000050894],[-70.95565800034433,42.87343000023153],[-70.95554199999339,42.873477000279124],[-70.95532699990822,42.87356200014823],[-70.95069800011377,42.87546200004646],[-70.94898400017864,42.876191000079984],[-70.94797800024816,42.87665000004719],[-70.94664900027746,42.87725599980002],[-70.94645699975854,42.87734300029277],[-70.94514500040462,42.87794100028491],[-70.94385099969573,42.87853100028666],[-70.9393569996205,42.880580000263045],[-70.93753100043067,42.88141299981828],[-70.93708100016887,42.88161799981217],[-70.93580300025182,42.882200999770745],[-70.93352699990187,42.883240000208886],[-70.93166099963078,42.88409000001314],[-70.93095199980121,42.88441299968529],[-70.93055400031626,42.88459800026619],[-70.93043700014039,42.88464799986546],[-70.93023499957573,42.88474000028597],[-70.92959400041653,42.88503199993913],[-70.92848600037878,42.885150999687646],[-70.9240099998469,42.88563500019325],[-70.92377800004331,42.88566000023592],[-70.9197149999633,42.88609900004474],[-70.91934800044051,42.886137999866165],[-70.9167230001111,42.88642099992447],[-70.91502400024459,42.88660499994735],[-70.91463099988418,42.886647999970165],[-70.91452499957896,42.886647000168956],[-70.91448600011923,42.88665000023073],[-70.9144629996547,42.886648999771346],[-70.91392500042765,42.88665599969559],[-70.9133780000815,42.88666199981807],[-70.91298100042145,42.8866670001391],[-70.9074370000348,42.88673200032623],[-70.90490799996488,42.88676099978008],[-70.90477099969753,42.886763000036986],[-70.9046340003285,42.88676500029377],[-70.90358900003996,42.88677699985875],[-70.90353299996345,42.886778000316056],[-70.90220300016786,42.88648499990881],[-70.89978100022806,42.885952999954284],[-70.89054500038048,42.88391600015935],[-70.88810300034919,42.88337899984254],[-70.88695900032644,42.883131999822666],[-70.88560199986836,42.88283399989744],[-70.88546399977608,42.88275400027325],[-70.88351700021245,42.88162299988378],[-70.88327199999006,42.881480000045364],[-70.8826960002299,42.88114600004762],[-70.88111700001394,42.88023299991887],[-70.87454599978041,42.87642300007854],[-70.87415999999104,42.87619999981528],[-70.87233499972781,42.87514200021702],[-70.87011100015472,42.87385200002098],[-70.86871600006181,42.87304100025657],[-70.86801700027799,42.87263399995632],[-70.86743099957374,42.87229299989809],[-70.86720200014321,42.87215999986463],[-70.86634299962749,42.87166000025879],[-70.86395099982492,42.870283999976635],[-70.86379099999135,42.87019199972685],[-70.8636959995568,42.870137999988664],[-70.86352499985257,42.87003899968758],[-70.86304700000169,42.869761999989926],[-70.85304100022516,42.86395500004659],[-70.84866299960257,42.861415000065584],[-70.84815100031481,42.86110999977162],[-70.84774799990868,42.860884000151444],[-70.84771799977145,42.860866999724095],[-70.84742800024154,42.8609680000253],[-70.84683800023767,42.861171999901565],[-70.84657299992378,42.86126399976725],[-70.84642300013596,42.861316000260565],[-70.84625300025664,42.86137500021004],[-70.84611500016439,42.86142299977021],[-70.8458210004365,42.861525000028614],[-70.84573799969753,42.86155400013588],[-70.84475500023156,42.86189500026179],[-70.84403100033339,42.862145999824996],[-70.84285200015053,42.862554999870554],[-70.84201600009936,42.86284500010129],[-70.84148499964672,42.86302899997732],[-70.84114999991097,42.863145000132576],[-70.84089499964283,42.86323300028662],[-70.8403149996847,42.86343500022569],[-70.83822800037895,42.864158999929856],[-70.83672500033101,42.864679999735536],[-70.83603900006767,42.8650739998282],[-70.8358449998989,42.86518600015419],[-70.83463499975392,42.86588099969806],[-70.83417199997166,42.866147999677224],[-70.8311769997464,42.86786899982178],[-70.83100600004218,42.86796800031142],[-70.83068899984977,42.86814999985954],[-70.83063399959819,42.86818199978977],[-70.82969299996502,42.86872499992364],[-70.82965799980492,42.86873600027227],[-70.8295359996062,42.8687759999673],[-70.82911800002975,42.868912000316556],[-70.82841599987289,42.86914099977252],[-70.8281630001529,42.86922300009566],[-70.82810299987844,42.86924199970533],[-70.82750100017898,42.869437999911746],[-70.826727999877,42.869689999826896],[-70.8264879996775,42.86976799978023],[-70.8256440001287,42.87004199989856],[-70.82531100004279,42.87015100022258],[-70.82477499956727,42.87032500005099],[-70.82432900040175,42.87047100025499],[-70.82409699969983,42.87054599969341],[-70.82405599969195,42.87054999994178],[-70.82362800006979,42.87069500021222],[-70.82327800026542,42.87081399996175],[-70.82310300036322,42.87087300005122],[-70.82245700028284,42.871079000222714],[-70.8220239997395,42.87121700020867],[-70.8209049998311,42.87157399969974],[-70.82023799983433,42.871786999801124],[-70.81935800030053,42.87183499982448],[-70.81823799966892,42.87189500029497],[-70.81743299957988,42.871916999860346],[-70.81728399961696,42.87193599995747],[-70.81697900001843,42.87194799977326],[-70.81650700001533,42.87200099986436],[-70.81609799976142,42.87204700030404],[-70.81604599988289,42.87205299987229],[-70.81566500011637,42.87209600016222],[-70.81564599984979,42.87209800023623],[-70.81473899965351,42.87219899993878],[-70.81430699983338,42.8722450002309],[-70.81407400020488,42.87227199984256],[-70.81383200035555,42.87229800006699],[-70.8125190002784,42.87244300018092],[-70.80639599975851,42.87269100022633],[-70.79249500013148,42.87329099990939],[-70.74949400034349,42.87469400016973],[-70.74726599967413,42.87469800014925],[-70.73500500036238,42.87468500021481],[-70.73513199968566,42.875091000167],[-70.73432900014477,42.877016999941254],[-70.73334400013069,42.87926399995289],[-70.73258099987443,42.88070699988034],[-70.73118800032967,42.88322399987101],[-70.72979800025962,42.886175000045235],[-70.72872399965875,42.888723999884995],[-70.7279660003237,42.89093600021175],[-70.72730299962657,42.89361699987834],[-70.72722099961081,42.89475499984542],[-70.72665499989637,42.898170999986206],[-70.7265860002994,42.90101499993586],[-70.72636700001628,42.90215399979975],[-70.72670099992712,42.90406000001155],[-70.72694100012663,42.90569800027888],[-70.7262280000991,42.907743000143135],[-70.7256499997908,42.90968699991885],[-70.72539100022301,42.911629000120676],[-70.72508599972619,42.91340400026103],[-70.72492000004483,42.9155470001959],[-70.72475400036348,42.91768899999272],[-70.72481399973962,42.91956299985296],[-70.7249660000756,42.921535999997765],[-70.72507400003062,42.923644000322604],[-70.72554699985864,42.925816000163934],[-70.7260239998846,42.92852399987909],[-70.72438600011745,42.92906800011518],[-70.72215900017132,42.93008300018099],[-70.7194340002828,42.93153600014479],[-70.71625699958437,42.9335929999412],[-70.71298799972274,42.93551600020808],[-70.70906199991008,42.938100999894125],[-70.70899300031311,42.93814600007885],[-70.70405499982385,42.94262000027516],[-70.70030100043864,42.947089000175566],[-70.69741400016844,42.95155300013724],[-70.69615399979473,42.953867999926715],[-70.69463700040139,42.956356999778066],[-70.69439499965375,42.9567539999842],[-70.6937019997177,42.95548600030168],[-70.69323399991255,42.95388200028877],[-70.69272400027462,42.952747000048376],[-70.69165999971949,42.95074399991999],[-70.69054699965889,42.94823899999913],[-70.68796700043364,42.944603999706004],[-70.68442300021242,42.94027099978339],[-70.68093300041784,42.936873999895774],[-70.6763890001139,42.93301300024084],[-70.67285999996126,42.93041899970214],[-70.66979199994108,42.92865900028194],[-70.66777699970706,42.92746399971098],[-70.66169099989541,42.92437900030182],[-70.65510899979122,42.9220989998882],[-70.65040300000388,42.92061399997085],[-70.64574400007221,42.919496000210295],[-70.63944400000032,42.91845300030536],[-70.63602199997783,42.91816700003876],[-70.63428499957814,42.91747199999085],[-70.62971699988306,42.91611900003867],[-70.62449200023694,42.91513500007453],[-70.62167100008898,42.91409700010826],[-70.61874700000884,42.91353000003536],[-70.61408600042735,42.91286199993397],[-70.61065900038197,42.91252900016829],[-70.60572400026577,42.912328999831445],[-70.60170200019363,42.912364000003066],[-70.59667400019103,42.912632000207005],[-70.59287899989961,42.91300099991638],[-70.5904560001349,42.91333499978983],[-70.58634200000125,42.91400500005877],[-70.58190599965235,42.91520899982663],[-70.57737800014024,42.91637999986372],[-70.5750940002927,42.91712599993515],[-70.57735999969856,42.9242389998229],[-70.57931200018342,42.93072699995506],[-70.58185499959872,42.938318999854495],[-70.58408499991789,42.943035000011946],[-70.58627300040428,42.946178000278415],[-70.58759300015413,42.94918800024181],[-70.58955200031166,42.952498999766824],[-70.59183199996124,42.955810000003254],[-70.5950249996549,42.95998899978713],[-70.5959820000799,42.961360000112755],[-70.60141400031355,42.9674789998631],[-70.60562100033361,42.97222999974193],[-70.60619100024601,42.97287399969183],[-70.60864800034591,42.9756620001988],[-70.60871799976779,42.97574200017724],[-70.61115200030146,42.97899000013694],[-70.61121300040084,42.97903399972831],[-70.6113949999757,42.97914799998689],[-70.61153600044102,42.97922299998986],[-70.61158599977142,42.97925800026662],[-70.61168000038109,42.979324999952226],[-70.61178900016102,42.979399999739286],[-70.61198499997958,42.979500000189375],[-70.6120050000711,42.979508999958995],[-70.61222400035419,42.979614000241156],[-70.61226899966172,42.97963600014609],[-70.61251899990698,42.979694999941984],[-70.61265899964906,42.979764999938226],[-70.61291399991718,42.97982499987162],[-70.61314599972077,42.97990299982892],[-70.61323500030755,42.979919000043814],[-70.61333999988953,42.97996300028481],[-70.61341100003466,42.97997099972776],[-70.6135349998832,42.97999500002205],[-70.61369600044002,42.980024999883845],[-70.6147659999446,42.980200000100254],[-70.6150129998168,42.980218999688155],[-70.61578500029388,42.98031100006572],[-70.61628300023625,42.980335999823055],[-70.6165190002378,42.980350000077046],[-70.61684499975271,42.980402000053694],[-70.61711099989151,42.980441000007346],[-70.61734100004527,42.980478000092106],[-70.61791000013275,42.980533000052674],[-70.61824300021868,42.98056500015047],[-70.6185260000759,42.98058300003385],[-70.61859800004592,42.98059599998288],[-70.61906699967598,42.98066099968676],[-70.61930000020281,42.98071600014082],[-70.61949099999852,42.980767999807924],[-70.61981599968853,42.98085300028123],[-70.62031299980599,42.98098099990632],[-70.62062199960248,42.981061999777836],[-70.62078099961113,42.98111399980945],[-70.62092999957405,42.981160999914],[-70.62113100031381,42.981225999677726],[-70.62137499981297,42.98130399982925],[-70.62152100030116,42.98135099978856],[-70.62155800011108,42.98136400023235],[-70.62172799999038,42.981408000096444],[-70.62197400003767,42.98147099978727],[-70.6222769999864,42.98156099979688],[-70.6224900004217,42.98162099994918],[-70.62296599972446,42.981762999879166],[-70.62346500039007,42.98191299998586],[-70.62378900025516,42.98201399986027],[-70.62403399957923,42.98208999987766],[-70.62420400035685,42.98216899981338],[-70.62462699995616,42.98235200028944],[-70.62517799960199,42.98253299978643],[-70.62689900010814,42.983215000231496],[-70.62940600043676,42.98443100030999],[-70.63071399959273,42.98528599991779],[-70.63152200005479,42.98591600018196],[-70.63217999983074,42.986428999758324],[-70.63374700035111,42.987757999934566],[-70.65359499987262,43.004681999729534],[-70.6696439998031,43.018364999991775],[-70.67298399980983,43.021212999801115],[-70.68751200014897,43.03358399971215],[-70.69085399980554,43.03641300007153],[-70.69379700015226,43.03893599989222],[-70.69475299985403,43.03975199967237],[-70.69527000006299,43.04019300025736],[-70.69573700004321,43.04059000016762],[-70.69624500003133,43.04102299995233],[-70.6967489998215,43.04145200030538],[-70.69726900040348,43.04189500030405],[-70.69777200036873,43.04232299991159],[-70.69828700002954,43.042761999956696],[-70.69880800043643,43.043204999687724],[-70.69929999963271,43.04362500031405],[-70.6998190003898,43.04406699985001],[-70.70032099963181,43.044495000061296],[-70.70079400035816,43.044895999798555],[-70.70119699986597,43.045240000071075],[-70.70125399976736,43.0456110001953],[-70.70220600016951,43.05118399999824],[-70.7022279999108,43.05130900023115],[-70.70225800004803,43.05148700017038],[-70.70239000029251,43.052261999980686],[-70.70275199979244,43.05439299974394],[-70.7028129998918,43.05474900023992],[-70.703508000376,43.058829999703484],[-70.70368199955495,43.05987099967375],[-70.70379200005813,43.06051500003169],[-70.70380399975369,43.06058299997226],[-70.70381299997452,43.06063700016089],[-70.70385200033257,43.060867000067056],[-70.7038609996551,43.06091999975187],[-70.70394900041697,43.06143700008223],[-70.70396799978522,43.06155000012482],[-70.70401600036412,43.06183199985704],[-70.70407099971739,43.06214700010498],[-70.70413400036489,43.062512000295385],[-70.70418600024342,43.06283800015309],[-70.70420600033492,43.062966999827445],[-70.70424599961956,43.06319499974809],[-70.70429199965031,43.06345599992894],[-70.70432199978754,43.063625999688064],[-70.7043539995746,43.0638159998261],[-70.70438899973469,43.06403000031274],[-70.70442100042007,43.06420999982474],[-70.7044809997962,43.06454999994022],[-70.70456100016214,43.064999000287926],[-70.70463499978199,43.065417999821],[-70.70469900025441,43.06577900018415],[-70.70476299982852,43.06613699988465],[-70.70479999963844,43.066344999809985],[-70.704818999905,43.06645500016036],[-70.70485800026307,43.06667100028595],[-70.70489000005011,43.06685200007553],[-70.7049159999894,43.06702399991329],[-70.70495000032457,43.06724500009903],[-70.70499499963209,43.06753900032271],[-70.70502499976934,43.06772500023149],[-70.705079000196,43.06805899971654],[-70.70512900042473,43.06836599972469],[-70.7051849996029,43.06871099973516],[-70.70520600041762,43.06883400008536],[-70.7052189999381,43.06891099978415],[-70.70523400000671,43.06900299990257],[-70.70531799967229,43.06949500010353],[-70.70537100027406,43.06980599991671],[-70.70543200037342,43.07016800013416],[-70.70546099978742,43.07033899975442],[-70.70548900027482,43.07050599982112],[-70.70554700000115,43.07084400026899],[-70.70558200016126,43.07105400014822],[-70.705656999606,43.0714940000306],[-70.70568199972037,43.07163999989314],[-70.70575100021566,43.07204599968716],[-70.70578100035289,43.07222499987185],[-70.70584800030004,43.072622999882675],[-70.70589400033079,43.07289299982006],[-70.70593199996563,43.07311599995292],[-70.7059379998134,43.073151999942404],[-70.70594299983628,43.07318300029923],[-70.7059510002322,43.07322700001672],[-70.7059860003923,43.073433000063446],[-70.70600899995851,43.07356699998975],[-70.7060159996312,43.07361000004108],[-70.70604499994353,43.07377899981329],[-70.70605699963909,43.073845000048244],[-70.70608099992855,43.0739900001755],[-70.70608699977632,43.0740240002281],[-70.70611799973845,43.07419799970016],[-70.70613899965485,43.07431600001896],[-70.7061550004467,43.074400000285394],[-70.70617299999005,43.074498000231955],[-70.70618600040883,43.07456999987859],[-70.706205999602,43.07468299999184],[-70.70622499986858,43.07478500025198],[-70.70623800028737,43.0748590002701],[-70.7062469996099,43.074903000096675],[-70.70625699965564,43.07496200026187],[-70.70626599987646,43.075024999808385],[-70.70627000007443,43.0750559998739],[-70.70628099994506,43.075129000199155],[-70.7062900001659,43.075194000271736],[-70.70630100003656,43.07527399991313],[-70.70630699988435,43.07531700007909],[-70.7063100002574,43.075338999831914],[-70.7063739998315,43.07533599977661],[-70.70642999990798,43.07533299972113],[-70.70649500020534,43.07532900030315],[-70.70654500043403,43.075327000266],[-70.70657499967295,43.07532500022873],[-70.70695600033778,43.07530599987166],[-70.70847500027925,43.0752270002923],[-70.71002400035796,43.07514599991185],[-70.71153099970554,43.07506800014908],[-70.7124859995824,43.07501900032305],[-70.71304200014941,43.07499000028704],[-70.71406599962326,43.07493700029889],[-70.71497700001751,43.074883000239105],[-70.71518399970674,43.07487700008367],[-70.71655899970816,43.07483699968882],[-70.7200040001952,43.07463099976817],[-70.72012499967072,43.074624000214186],[-70.72031100034185,43.07461299988235],[-70.72317000012467,43.07446399978613],[-70.72343399971533,43.0744499999831],[-70.72369400000632,43.07443700020998],[-70.7239819998864,43.07442199971121],[-70.72579999957861,43.07432999985264],[-70.731029000321,43.07407100011536],[-70.73118099975866,43.07406399984121],[-70.73310300010625,43.073967999938404],[-70.73325399971898,43.073961000308735],[-70.7347190001321,43.0738889999466],[-70.73489800023226,43.07388000022349],[-70.73796899972717,43.073728000179635],[-70.73999300018204,43.075986999805366],[-70.7405909996835,43.076579000272204],[-70.74060999995007,43.076598000234576],[-70.74070500038465,43.0766929999581],[-70.74078599967719,43.0767740002622],[-70.74088699995951,43.07684099989007],[-70.74104400031837,43.07695199976854],[-70.74117099964165,43.07704200030269],[-70.74137099965819,43.07718400011837],[-70.74140599981828,43.077204999869124],[-70.74157300022287,43.07730699986839],[-70.74176099964554,43.07743899988557],[-70.74193300007299,43.0775310003259],[-70.74205500027172,43.07758000011175],[-70.74230200014392,43.07768000018256],[-70.74268200008552,43.07784300002036],[-70.7430329997148,43.07797300024438],[-70.74332099959489,43.078052000220524],[-70.74349399984726,43.07810100024597],[-70.74376699965872,43.0781649998184],[-70.74395099978173,43.078206999952585],[-70.74417199971468,43.07825799979559],[-70.74437799957899,43.07830299977626],[-70.74508599958367,43.07846300002297],[-70.74528200030056,43.07850000011902],[-70.74540899962385,43.07852399997424],[-70.74565399984623,43.07857700014074],[-70.74587300012935,43.07861899999254],[-70.74653799957798,43.07874799991971],[-70.74701299995415,43.07882199974517],[-70.74718399965836,43.07885399981937],[-70.74876200004938,43.079064999767056],[-70.7508760000176,43.079338000051656],[-70.75213999969095,43.07951999978432],[-70.75255300014283,43.07956500015041],[-70.75266299974768,43.079578000147926],[-70.75350100034699,43.0796759996873],[-70.75462100008029,43.07983600028556],[-70.75482000027193,43.07985699978359],[-70.75569899998082,43.07994999981725],[-70.756170000159,43.08007299992007],[-70.75641200000834,43.08017700027311],[-70.756783999554,43.08033800015606],[-70.75705300006584,43.08053200006024],[-70.75730800033398,43.08079499976452],[-70.75753900031266,43.08103300020783],[-70.75762200015333,43.08113199996831],[-70.7578029999033,43.081345999705945],[-70.7579510000413,43.08152199987426],[-70.7581209999206,43.08179000014367],[-70.75828699960196,43.0820529996968],[-70.75840399977781,43.082254000070996],[-70.75859100027388,43.082574999751515],[-70.75870300042689,43.082766000098026],[-70.75881600040479,43.082960000187335],[-70.75885400003963,43.08302100025417],[-70.75900100035271,43.083257000145075],[-70.75939600036294,43.08388699992155],[-70.75981099956631,43.08454199977111],[-70.76040999979102,43.0854760001252],[-70.76079099955754,43.08606000004668],[-70.76114100026021,43.086603999719124],[-70.76119999981145,43.086696000175074],[-70.76150000028541,43.087161000165665],[-70.76175700020336,43.087579999738246],[-70.76241499997931,43.08866499999784],[-70.76248299975137,43.08877799970286],[-70.76267199989725,43.08907000003619],[-70.76288399960936,43.08939799991888],[-70.76307399958017,43.089692000145014],[-70.76314499972528,43.08979500013141],[-70.76332899984828,43.09005800008792],[-70.76346100009276,43.09024900006436],[-70.76355999982697,43.0903910001039],[-70.76367799982775,43.09053400024069],[-70.76388299986715,43.09078199987433],[-70.76393399992078,43.0908450002112],[-70.76399099982218,43.09090100016473],[-70.7641110003711,43.09101899980533],[-70.76455499988681,43.09145600007477],[-70.7650329997377,43.091842999954274],[-70.76532599964065,43.0920810001168],[-70.76589200025339,43.09249500014174],[-70.76625399975333,43.09272400015928],[-70.76642600018079,43.0928320002714],[-70.76645999961765,43.092852999906654],[-70.76652800028803,43.09289499981157],[-70.76664399974067,43.092967000143794],[-70.76683000041182,43.0930830002823],[-70.76687499971936,43.0931080000572],[-70.76707999975876,43.09322199981962],[-70.76735400029347,43.09337499977149],[-70.7675190001499,43.09346800027572],[-70.76778799976343,43.093595000327106],[-70.76785100041093,43.093626000180855],[-70.767983999582,43.0936899999351],[-70.76814000011592,43.09376499979773],[-70.76847099965373,43.09389699977889],[-70.76873900034064,43.094002999706916],[-70.76914199984844,43.09410499994713],[-70.76934100004009,43.09415599967553],[-70.76939799994149,43.09417300001289],[-70.76967400012602,43.094249000305716],[-70.77003499980104,43.09434799969985],[-70.77015799982469,43.09437600004942],[-70.77038999962828,43.09442700020813],[-70.77075500039959,43.09450899973113],[-70.77098399983012,43.094559000074405],[-70.77132799978669,43.0946349998882],[-70.77141999984822,43.09465499985801],[-70.77167099991837,43.09468900025095],[-70.77226299957208,43.09476800031933],[-70.77390700008533,43.094987999806605],[-70.7760939998485,43.09527399992634],[-70.77736500009286,43.0954359998374],[-70.77797199981518,43.09557999969008],[-70.77862600029148,43.095761000026805],[-70.77921399974721,43.09600799980428],[-70.77968800029846,43.096248000190016],[-70.78024599961698,43.09661600031014],[-70.78048099979361,43.096807999837154],[-70.78071699979516,43.09700000007402],[-70.78078100026758,43.09706800020488],[-70.78080700020686,43.097095999966726],[-70.780838000169,43.09712799967885],[-70.7809589996445,43.09725699998865],[-70.78109699973676,43.09740700006817],[-70.78123900002699,43.0975679999284],[-70.78140800008137,43.09775999975008],[-70.78166400017442,43.09813900001221],[-70.78208299957575,43.09875199984238],[-70.78253399966246,43.09939899984042],[-70.782697999694,43.09963399997703],[-70.78297100040379,43.100003999969],[-70.78345900030044,43.10065899997655],[-70.78386400035639,43.100959000153836],[-70.78484900037047,43.101533999773636],[-70.78531499962747,43.10179699982232],[-70.78579199965345,43.10206699975194],[-70.78602299963212,43.10221600027455],[-70.78630100036479,43.10239599978392],[-70.78668700015417,43.10262599973511],[-70.7873240000137,43.10300600027082],[-70.7878439996974,43.10331500008959],[-70.78809300011774,43.103464000198336],[-70.78852999996074,43.1037239998498],[-70.78882299986371,43.10389800023584],[-70.78917900041417,43.10411000004536],[-70.7894289997611,43.104259000186836],[-70.7896680001357,43.1044020000784],[-70.7899569998407,43.10457400011092],[-70.7903700002926,43.10482099975461],[-70.79088999997627,43.10509500021939],[-70.79119499957478,43.105256000195794],[-70.79206900015912,43.10575199989733],[-70.79244900010072,43.105962000152054],[-70.79405599990574,43.10684900018835],[-70.79490600020063,43.10732099973067],[-70.7956590004111,43.10775799974852],[-70.7959189998038,43.10791100010695],[-70.79624299966889,43.10810899981024],[-70.79707899972007,43.108622999740334],[-70.79746600023267,43.10886600024613],[-70.79841500026176,43.10952099987869],[-70.79882899964022,43.10980899988753],[-70.79911099967252,43.110016000327455],[-70.7992350004194,43.11010700026449],[-70.79966499969139,43.11042299970864],[-70.80068499986558,43.111288000075014],[-70.80096600007299,43.11152499999246],[-70.80142800003036,43.111972999689684],[-70.80220200015724,43.112713999841326],[-70.80239100030313,43.112891999837814],[-70.80260800003812,43.11307799978209],[-70.80284800023762,43.11328500031407],[-70.80316200005699,43.113525999915126],[-70.80352199990709,43.11380200019715],[-70.80435299993539,43.11439599988928],[-70.8047830001057,43.114658999763925],[-70.80570899967026,43.115225999702766],[-70.80672800001953,43.115916999902026],[-70.80725399955098,43.11621000001279],[-70.8077399997978,43.116480999980844],[-70.8084219998632,43.116884000319956],[-70.80866100023779,43.11702500023816],[-70.80935099980078,43.11737099967448],[-70.8105419996792,43.117971999980284],[-70.8113660000348,43.118390999878415],[-70.8115900003408,43.11850499977827],[-70.81257000033202,43.11894499982716],[-70.81360700022464,43.11940099992499],[-70.81369500008817,43.11944000011637],[-70.81496899980728,43.11991500009936],[-70.81561400006275,43.12019700006753],[-70.81619700039394,43.12050099997254],[-70.81751799996869,43.12118799991422],[-70.81853499976982,43.1217199999751],[-70.81894099965069,43.12194699970229],[-70.81970300008204,43.1223710001055],[-70.82001899955121,43.12254499993711],[-70.8201650000394,43.12243200025727],[-70.8210959996268,43.12169899974981],[-70.82254099994843,43.12058699972336],[-70.82357899966597,43.11977400028356],[-70.82466800033545,43.118918000185054],[-70.82545499998282,43.11829999980012],[-70.82557499963343,43.11820600031938],[-70.8256650000451,43.11811499996601],[-70.82577899984793,43.118027000064814],[-70.82579599956638,43.11802100020102],[-70.8261859995537,43.1179870003063],[-70.8262419996302,43.11797100000216],[-70.82651500034,43.11788199991423],[-70.82701300028238,43.11782799967994],[-70.82726699982727,43.117801000200636],[-70.8280300000835,43.11773000020154],[-70.82883400034764,43.117660000103335],[-70.8298109999658,43.11763799981239],[-70.83011200026469,43.1176449996972],[-70.83103199998145,43.117667999968724],[-70.83190099964459,43.11773800005778],[-70.83295500015396,43.117844000021485],[-70.83391599987861,43.11801099977107],[-70.83400299991723,43.118035999859295],[-70.83453799966954,43.1181890000979],[-70.83508300036588,43.11834699981421],[-70.83594500035633,43.118628999796314],[-70.83653199998717,43.11887599977086],[-70.8369980001425,43.11907200014555],[-70.83783099982062,43.11948100018992],[-70.83792899972991,43.11952999985796],[-70.83804000005799,43.11959300012287],[-70.83877900002479,43.12001100012284],[-70.8389830002393,43.12013600031017],[-70.83928500036308,43.12032600028939],[-70.83972899987877,43.120604999869386],[-70.84044600010427,43.12110899984101],[-70.84141199985177,43.12185800015225],[-70.84171999982335,43.12214800027986],[-70.84199799965769,43.12241900017629],[-70.84260100008036,43.12304099984609],[-70.84342299988785,43.12385499968519],[-70.84410800032629,43.12445099988398],[-70.84443499966612,43.124682000098154],[-70.84457600013143,43.12478100011026],[-70.84466999984275,43.12484799967655],[-70.84500299992868,43.12508100008253],[-70.8460170002551,43.12573199985328],[-70.84649000008311,43.125928999748915],[-70.84676700009254,43.126037000294396],[-70.84689900033703,43.12608599995693],[-70.8475310001737,43.12630899985209],[-70.84792399963578,43.12644899984716],[-70.84801499987238,43.12649500031884],[-70.84857800011207,43.12664299989141],[-70.84870100013572,43.12670900020552],[-70.84890000032735,43.12675300015687],[-70.84952600031623,43.126899999928625],[-70.85048700004087,43.127051999807264],[-70.85114300016701,43.127097999825494],[-70.85211200028758,43.12711399970968],[-70.85275199962186,43.127116000022724],[-70.85282199994205,43.12711900016439],[-70.85330700036394,43.127104999939235],[-70.85408700033864,43.127067999703485],[-70.85432699963981,43.12705099997749],[-70.85492699968944,43.126976000242976],[-70.85558399964047,43.126876999849365],[-70.8564439999811,43.12667599972954],[-70.85664200034782,43.12663000004962],[-70.85767400021757,43.12638399974881],[-70.85831500027507,43.12619000019439],[-70.85842200040518,43.12613699992528],[-70.85900200036333,43.12596900021599],[-70.85915399980098,43.12590000021345],[-70.85930100011407,43.125846999693024],[-70.85959700039008,43.12573999997456],[-70.86019200041684,43.12548800024131],[-70.86044500013682,43.12536699992763],[-70.86063699975746,43.12527499987577],[-70.8610769999735,43.12507500025486],[-70.86191700022265,43.12470999968737],[-70.86245000032511,43.12435899976582],[-70.86286299987867,43.12398499994204],[-70.86348800004265,43.12339800011012],[-70.86402199997003,43.1227110000688],[-70.86426700019243,43.12216199967242],[-70.86437299959933,43.12169599999803],[-70.86437299959933,43.12115499973836],[-70.86431200039826,43.12073499981969],[-70.86420500026814,43.12037599987524],[-70.8640830000694,43.120148000277986],[-70.86370200030291,43.11961399975958],[-70.86325899971379,43.11918600008803],[-70.86269800002222,43.118769000318444],[-70.86206299981251,43.118296999881736],[-70.86112300000426,43.11759899978385],[-70.86066500024485,43.117195000228406],[-70.86022300037898,43.11672200011051],[-70.86000900011874,43.1164319998384],[-70.85985599995786,43.11595100029122],[-70.85977999978988,43.11559299983591],[-70.85985699978276,43.115082000153535],[-70.86002400018737,43.11459300022073],[-70.86043599991599,43.113936999739245],[-70.86090299989624,43.11337800008757],[-70.861245000203,43.11296799984808],[-70.8617029999624,43.112113999775154],[-70.86196200042848,43.11144300030472],[-70.86215999989689,43.11048100032179],[-70.86222199982116,43.10991700003332],[-70.86219199968393,43.10947300018268],[-70.86214700037641,43.10882400014674],[-70.86211399986614,43.10834500009718],[-70.86205100011694,43.10801400027434],[-70.86162199977154,43.10575899982998],[-70.86120599984493,43.10357299994699],[-70.86096999984339,43.102333000179804],[-70.86081699968251,43.10138000028062],[-70.86074200023775,43.10063899999993],[-70.86069500038208,43.0995410003099],[-70.86066500024485,43.09828199976809],[-70.86072899981896,43.09701999992743],[-70.86076499980398,43.09646800026386],[-70.86081800040571,43.09542900003634],[-70.86084799964465,43.095215000297685],[-70.86087899960678,43.09495600028809],[-70.86093999970615,43.09461999974252],[-70.86100500000349,43.09436599969178],[-70.8610769999735,43.09409700028172],[-70.86145199989222,43.09269900022762],[-70.86198099979674,43.09080000025834],[-70.86208600027703,43.09041600032165],[-70.86211800006409,43.090296999745014],[-70.86231300005777,43.08953900017667],[-70.86248100028725,43.089133999959245],[-70.86278199968781,43.0885690000092],[-70.86315199958366,43.08805099975673],[-70.86371700037151,43.087333999905965],[-70.86402199997003,43.087082000125505],[-70.86425999962142,43.08692100025153],[-70.8645409998288,43.08673100022667],[-70.86510599971834,43.08644100022652],[-70.86591699965514,43.08608500006395],[-70.8667650003002,43.08575999969948],[-70.867608999849,43.08540800024432],[-70.86811199981423,43.08519900020536],[-70.86891000023057,43.08485799995774],[-70.86978999976436,43.084374000029726],[-70.87040300023277,43.083977999987994],[-70.87115499972003,43.08348699981456],[-70.87132100029972,43.083379000282704],[-70.87202000008354,43.08290500008575],[-70.8723769995606,43.082657000052215],[-70.87284199989101,43.08233700004944],[-70.87368700016303,43.08169200004892],[-70.87449999974964,43.08109300030047],[-70.87543600025826,43.08042200004115],[-70.87673599991662,43.08064299981364],[-70.8773119996768,43.080741000274095],[-70.87806099968934,43.08085699994702],[-70.87938999966,43.08107900004354],[-70.87950799966079,43.08109799992282],[-70.88070100008736,43.08129900014956],[-70.8820280004082,43.081504999962085],[-70.88299199960758,43.081666000292046],[-70.88335800020378,43.08172800024924],[-70.88466799990789,43.08194000005208],[-70.88547999966963,43.082085000051855],[-70.88599500022875,43.08217700007738],[-70.88642899969871,43.082247999981206],[-70.8872589999021,43.08238500002518],[-70.88742999960631,43.08241299993899],[-70.8888649998822,43.08265000010284],[-70.88894900044612,43.08266400000078],[-70.88925099967157,43.0827140001726],[-70.88945200041135,43.08274799997741],[-70.88956799986398,43.08276699999517],[-70.88974299976617,43.08279800008062],[-70.89022399999011,43.08287599984527],[-70.89075600026767,43.082961999975346],[-70.89171799981723,43.083122999757016],[-70.89209899958374,43.0837090002227],[-70.89214100031485,43.0837829999613],[-70.8922359998511,43.083930999826364],[-70.895574000208,43.08443300026084],[-70.89804600037652,43.08479699975175],[-70.89855299964141,43.08486899976256],[-70.90117100029809,43.08526499994939],[-70.90183099972388,43.08536400008818],[-70.90276399985942,43.08549999987219],[-70.90515900003504,43.08587200032465],[-70.90683299978721,43.08611899996614],[-70.90864100033201,43.08638999997817],[-70.91004399992254,43.086597000220735],[-70.91169900030644,43.0868579998148],[-70.9135489997857,43.08713299979766],[-70.9144009997304,43.08726200016822],[-70.91526100007104,43.087396000031504],[-70.9154629997374,43.08742599992154],[-70.92071800041906,43.08822299979949],[-70.9234039999495,43.088629999739204],[-70.92353399964583,43.088649999702014],[-70.92647000031985,43.08908200019085],[-70.92717300030164,43.08918700013185],[-70.92846200008935,43.08938899984954],[-70.9294169999662,43.0895110002397],[-70.93040100015537,43.089662000052726],[-70.93089999992267,43.089740000262125],[-70.93172299955505,43.089859999734344],[-70.93200299993754,43.08990099994292],[-70.93229199964253,43.08994299990413],[-70.93243499975766,43.089965000309704],[-70.93264599964486,43.0899960000328],[-70.93281899989724,43.09002200019052],[-70.93296000036254,43.09004300013324],[-70.93304300020321,43.09005599987551],[-70.93323300017401,43.09008400021938],[-70.93356899973467,43.09013500001615],[-70.93364599972757,43.09014900017159],[-70.93375200003277,43.09015699969672],[-70.9338659998356,43.09015699969672],[-70.93394100017866,43.09013299980626],[-70.9340630003774,43.09010800012903],[-70.93488400035997,43.08996999986399],[-70.93729700007894,43.08956600031462],[-70.93779199964827,43.08948000027113],[-70.93812700028234,43.08942200009734],[-70.93899599994548,43.08927200013973],[-70.94038400036568,43.08902699968132],[-70.94078100002572,43.08895700021386],[-70.94111900013452,43.08889699995057],[-70.94138899957295,43.08885499992815],[-70.9418709996218,43.088783000010096],[-70.94324099960036,43.08853399969572],[-70.94463999989124,43.08829000002869],[-70.94478700020433,43.088263999791806],[-70.94492199992354,43.088239999815606],[-70.9470030002798,43.087878000073275],[-70.95676899985682,43.08627699980417],[-70.95926500031477,43.0858680002824],[-70.95953700030134,43.08582699999845],[-70.96050600042192,43.08566699995614],[-70.96203299986098,43.08542300002194],[-70.96276799962982,43.08530199987419],[-70.96350999996967,43.08518100014358],[-70.96419899970775,43.08507099994246],[-70.96532799966188,43.084900000096496],[-70.96662300019568,43.08468200018779],[-70.96734700009387,43.0845669997518],[-70.96897399999038,43.08430600023773],[-70.97009799992163,43.08412299975687],[-70.97168299998535,43.08385999990468],[-70.97176900019907,43.08384600028004],[-70.97212200037649,43.08378600025913],[-70.9721859999506,43.08377500025985],[-70.97314099982745,43.08362299982909],[-70.97433099988096,43.083427999984586],[-70.97680899989726,43.08300900022428],[-70.97857200023621,43.082729999851516],[-70.97979400007678,43.082543000308505],[-70.9801060002463,43.0824889997343],[-70.98080099983217,43.082366999792626],[-70.98177800034864,43.08235700009857],[-70.98219000007731,43.08235199992289],[-70.98220699979574,43.08235199992289],[-70.98276699966237,43.082343000130464],[-70.98360899956134,43.08232900015916],[-70.9841120004249,43.082323999981206],[-70.9842660004107,43.08232200017232],[-70.98502799994371,43.08231400028008],[-70.98642499968645,43.082298999741255],[-70.9875200002037,43.08228100013956],[-70.98783700039611,43.08227699986283],[-70.98907199975714,43.08226000016015],[-70.99030700001649,43.08224600016988],[-70.99152899985704,43.082231000270475],[-70.99197499992088,43.08222500017848],[-70.99244500027417,43.08221800017975],[-70.99284100010928,43.08221499980513],[-70.994165999882,43.08219600027223],[-70.99497400034409,43.08218499998747],[-70.99574099989998,43.08217399970076],[-70.99616699987233,43.082169000166225],[-70.99748599979725,43.08214499977038],[-70.99949299963536,43.08210799990714],[-70.99951000025212,43.08210799990714],[-71.00013799989082,43.082092999973995],[-71.00067299964313,43.08208099976233],[-71.00141800035601,43.082073999747145],[-71.00203799959881,43.08207000011303],[-71.00382400040229,43.08206699973116],[-71.00390800006788,43.08206699973116],[-71.00450200026972,43.08206300009659],[-71.00537199975776,43.08204999997021],[-71.0058949998145,43.08204100013343],[-71.0061330003642,43.08204000022442],[-71.0063319996575,43.08204100013343],[-71.00787800026147,43.08203900031534],[-71.00798299984346,43.082037999750135],[-71.00960100041745,43.08202500027457],[-71.0101119998803,43.08202600018387],[-71.0116040000576,43.08202500027457],[-71.01187799969397,43.0820219998905],[-71.01224199974205,43.08201699968744],[-71.01231399971208,43.08201800025299],[-71.01256999980511,43.081992999888165],[-71.01274600043052,43.082023999709136],[-71.01298599973171,43.082023999709136],[-71.01370100030739,43.082019000162404],[-71.01393300011098,43.082019000162404],[-71.01425799980099,43.08201499986857],[-71.01438800039564,43.08201399995909],[-71.01513200038531,43.082005000117064],[-71.01680199993953,43.082001999732014],[-71.01797100007663,43.08198900024876],[-71.02926900001391,43.081918999955796],[-71.03046400009029,43.08192400016686],[-71.03277800007506,43.081904999887605],[-71.03563799968278,43.0818759998299],[-71.03569100028454,43.08191399974437],[-71.03576800027743,43.08188100004446],[-71.03586299981367,43.0818800001328],[-71.03599400023323,43.081879000221114],[-71.03605899963225,43.0818800001328],[-71.03613099960226,43.0818800001328],[-71.03620500012043,43.08188100004446],[-71.0362879999611,43.08188100004446],[-71.03649800002339,43.08188199995612],[-71.03660299960538,43.08188199995612],[-71.03677699968264,43.08188399977932],[-71.03686700009433,43.08188399977932],[-71.03703699997364,43.081884999690914],[-71.03718799958638,43.08188600025858],[-71.0373640002118,43.08188600025858],[-71.03747999966443,43.08188399977932],[-71.03768300005402,43.08188199995612],[-71.03783299984185,43.0818800001328],[-71.03798600000273,43.081879000221114],[-71.03810900002637,43.08187699974162],[-71.0382019999128,43.0818759998299],[-71.03841000032526,43.08187400000642],[-71.03866300004525,43.08187100027108],[-71.0388299995515,43.08187100027108],[-71.0391950003228,43.08187100027108],[-71.03929599970681,43.08187100027108],[-71.03985999977145,43.08187100027108],[-71.04028999994175,43.081867999879414],[-71.04079700010494,43.081865000143786],[-71.04111599994718,43.0818640002319],[-71.0413069997429,43.0818640002319],[-71.04159100032334,43.0818640002319],[-71.04205099973255,43.0818640002319],[-71.04235799987921,43.08185999992794],[-71.04273899964572,43.081854999711666],[-71.0431029996938,43.08185000015109],[-71.04397899992794,43.08184400002179],[-71.04450000033485,43.081843000109515],[-71.04580300036626,43.08183999971653],[-71.04591999964381,43.08183999971653],[-71.04711800009322,43.081817999673326],[-71.04843000034548,43.08180999971528],[-71.04972699963079,43.081803000325266],[-71.05105499977655,43.08180400023814],[-71.05238000044758,43.08179499970913],[-71.0536969998244,43.081785999834935],[-71.0539860004277,43.08178400000848],[-71.05502499997016,43.081768999995965],[-71.05527900041338,43.08176499968586],[-71.05552499956234,43.08177199973635],[-71.05685299970811,43.08176499968586],[-71.05818000002897,43.08176499968586],[-71.05950899999964,43.08175000032482],[-71.06082700009966,43.081745000099545],[-71.06132900024,43.081743000271814],[-71.06214900039764,43.081736000218],[-71.06347499999528,43.081725999764835],[-71.06480300014103,43.08171400013741],[-71.06562199957546,43.08170700008029],[-71.06619200038617,43.08170399968065],[-71.0675959998016,43.081695999707726],[-71.06898400022182,43.08170399968065],[-71.07037299956863,43.08168900030467],[-71.07044200006392,43.08168900030467],[-71.07207399998332,43.08168099967366],[-71.07293599997375,43.08168099967366],[-71.07292199973004,43.08174799984106],[-71.07290599983652,43.0818260002864],[-71.07182299991315,43.083145999878724],[-71.07171699960794,43.083272999682215],[-71.07073800033993,43.084458000286055],[-71.07053300030053,43.084709999707876],[-71.07031599966722,43.0849810000485],[-71.07013900011523,43.085191999890405],[-71.07005000042676,43.08530599995339],[-71.06862699984646,43.087037000032176],[-71.06837900014933,43.08733799985247],[-71.06816400006417,43.0876000000439],[-71.0681020001399,43.08767699978187],[-71.06628799974732,43.08990000016215],[-71.06362999980597,43.093153000282236],[-71.06233000014761,43.094727000088994],[-71.06139600018714,43.09585899991697],[-71.0608220000768,43.096557000006605],[-71.06064799999953,43.09676900030991],[-71.05977500013843,43.09783400022439],[-71.05971800023701,43.0979049996913],[-71.05962299980246,43.09802000001123],[-71.05947200018971,43.09820500024377],[-71.05913200043109,43.09862199976408],[-71.05896400020158,43.09882799969974],[-71.0585139999398,43.09938900030302],[-71.05814400004395,43.09984699974026],[-71.05799699973086,43.100029000198084],[-71.05767100021593,43.10041699995178],[-71.05719699966468,43.100979000025916],[-71.05689899973886,43.10133399994803],[-71.0568739996245,43.10136400022588],[-71.05663000012535,43.101661000150195],[-71.05486199976353,43.10382399987577],[-71.05474700013579,43.10396599992058],[-71.05360200028815,43.10533899983077],[-71.05248900022752,43.10669699996119],[-71.05136000027339,43.10807900021435],[-71.05080700007943,43.10874999983896],[-71.05012599983897,43.109580000150274],[-71.05007300013551,43.10964499973891],[-71.05001700005901,43.10971300025374],[-71.04818400029818,43.11196300023868],[-71.0479189999843,43.11228899999222],[-71.04782000025011,43.11241200007766],[-71.04779799961048,43.112450000064705],[-71.04775900015075,43.11251800008625],[-71.04767600031006,43.11259800016918],[-71.04760500016496,43.11266299983162],[-71.0474469999812,43.112855000186954],[-71.04729399982033,43.11304000018493],[-71.04717599981956,43.11318299989231],[-71.04695099968866,43.11345500020204],[-71.04669600031885,43.11376399973802],[-71.04638800034726,43.11414199990735],[-71.0461869996075,43.11439099970617],[-71.04602099992614,43.11459799973158],[-71.04588500038203,43.11476699987625],[-71.04565799970298,43.115047999937275],[-71.04519800029375,43.11560700007261],[-71.04433600030333,43.11665100017092],[-71.04411700002022,43.116921000157895],[-71.04380200037595,43.11730799974463],[-71.04354200008495,43.11762799997558],[-71.04326099987755,43.11797399993653],[-71.0431090004399,43.118162000122204],[-71.04202099959534,43.119525000094335],[-71.04122599955203,43.12045800005183],[-71.04082300004423,43.12093200007027],[-71.04056299975323,43.121245000235675],[-71.04016400044338,43.12172799996536],[-71.03904999965953,43.12307899978964],[-71.03814099981342,43.124195999801145],[-71.03722799976934,43.12533200032327],[-71.03682100006358,43.12583199998274],[-71.0364350002742,43.126303999986796],[-71.03506100009767,43.12791900011902],[-71.03344699972165,43.129861999687606],[-71.03109500010204,43.13267399975377],[-71.03017299983715,43.133794000063624],[-71.0299529997291,43.13406199969998],[-71.02991000007142,43.134106000261895],[-71.02984999979697,43.13417799998072],[-71.02955400041927,43.13453300007747],[-71.02911099983017,43.135063000061635],[-71.02889800029314,43.135268999941395],[-71.0287409999343,43.135465999931434],[-71.0286279999564,43.13560700029001],[-71.02805899986892,43.136321999888864],[-71.0278749997459,43.13654000014618],[-71.02742700003223,43.13706999977936],[-71.02692900008986,43.13764200007696],[-71.02668600041564,43.13794700012499],[-71.02890400014094,43.139323000209174],[-71.02911400020321,43.13945299971089],[-71.02994900042945,43.13997199992366],[-71.0328319996034,43.14174600014944],[-71.03325000007816,43.142002000063655],[-71.0335980002327,43.142216000096305],[-71.03454999973651,43.14280500004249],[-71.03548399969696,43.143377999999764],[-71.03636499995399,43.143922999872814],[-71.03719799963213,43.14443900020937],[-71.03823600024799,43.14507100005802],[-71.03898799973526,43.14554399989801],[-71.03933199969183,43.14576399975023],[-71.03956100002068,43.145906000134104],[-71.04058600021776,43.146528999701744],[-71.04130300044325,43.146977000009926],[-71.04245099976565,43.14768200018793],[-71.04373899972843,43.14847400010234],[-71.04481699962895,43.14913800022527],[-71.045813000412,43.149754000135275],[-71.04665000028808,43.15027599972762],[-71.04675099967211,43.15034099999247],[-71.04686600019815,43.1504130002556],[-71.04780199980844,43.15100199986921],[-71.04878099997477,43.151611000069295],[-71.0489180002421,43.15167999989971],[-71.04930400003148,43.15191499982052],[-71.04958400041397,43.152086999992996],[-71.05042700013783,43.15262100012649],[-71.05108499991378,43.15302999997211],[-71.05174299968972,43.15343500014246],[-71.05232000017313,43.15379600012735],[-71.05251199979374,43.15391799994326],[-71.0529369999412,43.15418699988553],[-71.0530990003229,43.15428900009489],[-71.05322099962332,43.154334999940836],[-71.05333100012648,43.15440099985877],[-71.05369000015169,43.154618999875574],[-71.05465500007429,43.155204000141325],[-71.05544900029267,43.15569999994073],[-71.05624199978784,43.15618100017118],[-71.05630299988718,43.15623399995957],[-71.05738699963548,43.15691300026626],[-71.05815200043986,43.15738600021084],[-71.05829100035704,43.15747199986697],[-71.05831700029631,43.157488000323],[-71.05848499962748,43.15759200023637],[-71.0585919997576,43.1576380002172],[-71.05929300008957,43.15807499994626],[-71.0599569997133,43.15848399998627],[-71.06063200010598,43.15890100027985],[-71.06132800041507,43.15932799992253],[-71.06237799982819,43.15997399972386],[-71.06259600028639,43.16010800030217],[-71.06386199960957,43.16088699996626],[-71.06444800031379,43.161246999905025],[-71.06512899965595,43.16166700010119],[-71.06614399980727,43.162292999933655],[-71.06639499987743,43.16244700010681],[-71.06643699971022,43.162473000284976],[-71.066743000032,43.16265900017821],[-71.06699400010216,43.16281200018374],[-71.06707500029302,43.1628609998647],[-71.06770499958154,43.16324500002861],[-71.06831300002709,43.163614000128575],[-71.06861199977783,43.163797000171755],[-71.06891899992449,43.16398399984652],[-71.06900500013822,43.16403399977822],[-71.07058699982889,43.165007999903004],[-71.07101299980123,43.16529799984202],[-71.07227999984762,43.1660760003153],[-71.07356299978755,43.166862999869686],[-71.0748120002906,43.167640000245555],[-71.07546900024165,43.16804599970966],[-71.07609400040563,43.16843399992914],[-71.07728799975875,43.169165000191626],[-71.07849200005597,43.169906000030885],[-71.07907399966392,43.17026399967931],[-71.07968100028457,43.17064600028053],[-71.08088899988141,43.17138199973126],[-71.08207899993492,43.17211399983763],[-71.0823729996628,43.172294999822206],[-71.0830770003678,43.17273299992882],[-71.08446099969176,43.17357900031457],[-71.0853150001846,43.17410399992987],[-71.08572000024056,43.17435200026619],[-71.08580499973105,43.17440500001465],[-71.0865830000559,43.17488999985296],[-71.087379999749,43.17538400029676],[-71.08876099959822,43.17622900030809],[-71.08918699957057,43.17648800024806],[-71.08977999994752,43.17685100028295],[-71.09012599955393,43.177065000140644],[-71.09040699976131,43.17723799993047],[-71.09071999975575,43.17743100031415],[-71.09122600009405,43.17774400017916],[-71.09135800033852,43.17782499976366],[-71.09185899975564,43.17813499997091],[-71.09211300019886,43.17829199976078],[-71.09250099963806,43.178531000059465],[-71.09281000033285,43.178719000122236],[-71.09323999960483,43.178981000198974],[-71.09378100010325,43.179311999876155],[-71.09401399973174,43.17945699979692],[-71.09454699983421,43.17978600026918],[-71.0950940001804,43.180122999834765],[-71.09571199977336,43.180505999953816],[-71.09626999999018,43.18084999998641],[-71.0969110000477,43.181246999751394],[-71.09777899988592,43.181785000164346],[-71.0983399995775,43.18213200025826],[-71.0993260003148,43.18273999977889],[-71.1003049995828,43.183341000225525],[-71.10092999974678,43.18373200020144],[-71.10114200035719,43.1838639999881],[-71.10119599988555,43.18389300019576],[-71.10129299996994,43.18395900027819],[-71.10327100039403,43.18515800016091],[-71.10413699968413,43.18570899989619],[-71.10555400041666,43.18656499967556],[-71.10755399968376,43.187795000074445],[-71.10971200003291,43.18912299975852],[-71.11218500002636,43.190646000098816],[-71.11433599980448,43.19196299976989],[-71.11559500035328,43.19273099980888],[-71.1159839996174,43.192972000029016],[-71.11643600042734,43.19325399967611],[-71.11660700013155,43.19335999971279],[-71.11681399982078,43.19349000018605],[-71.11723899996824,43.19375299979287],[-71.11763800017641,43.19400100021906],[-71.1180399998593,43.194249999677936],[-71.11837299994524,43.194454999777115],[-71.11887099988762,43.19476199992834],[-71.1190819997748,43.19489100000465],[-71.1192070003466,43.194968000300996],[-71.11939599959416,43.195084000249324],[-71.11955499960283,43.19517800007956],[-71.1197579999924,43.19529699969878],[-71.1200810000326,43.19548499986803],[-71.12037700030861,43.19565899987091],[-71.12052500044662,43.195744999997736],[-71.12055800005858,43.19576400029877],[-71.12161900024064,43.196384999677896],[-71.12177999989915,43.19647900012362],[-71.12197200041807,43.19659199981286],[-71.12234099959069,43.19680299989533],[-71.12242299960647,43.196849999814326],[-71.12256700044482,43.19693100024468],[-71.12327899974912,43.1973340001488],[-71.12360000013949,43.19750100020818],[-71.12370700026962,43.197557000121876],[-71.12402699993676,43.197722000258665],[-71.1242629999383,43.19784500008224],[-71.12444700006131,43.19794000022348],[-71.12450499978765,43.19797100025137],[-71.12456599988701,43.19800700015835],[-71.12458900035155,43.19801999988307],[-71.12468800008575,43.19807799993089],[-71.12472599972057,43.198101000070054],[-71.12475400020799,43.1981169997062],[-71.12477900032233,43.198132000016145],[-71.12481100010939,43.19815100022881],[-71.12484200007152,43.19816899980442],[-71.1251709999595,43.19836300013243],[-71.12557000016767,43.19859699993691],[-71.12625800008084,43.199026000303746],[-71.1265650002275,43.199217999953376],[-71.12662499960364,43.1992539997795],[-71.12674599997747,43.199329999852],[-71.12702299998692,43.19950300006895],[-71.12754900041668,43.19982700015506],[-71.12794799972654,43.200072000290476],[-71.12803999978804,43.200127999809055],[-71.1281340003977,43.20018900030204],[-71.12879999967124,43.200598999853646],[-71.12963900009547,43.20113300025264],[-71.13093999957874,43.20193499986024],[-71.1322329995644,43.20274300012015],[-71.13351600040265,43.20353699975679],[-71.13361400031192,43.20359800011538],[-71.13462899956494,43.204237999932396],[-71.13575800041738,43.204917000250305],[-71.1368720003029,43.205619000137524],[-71.1379350001348,43.2062909999328],[-71.1387589995921,43.20680900030164],[-71.13915500032553,43.20705700004609],[-71.14069099998544,43.20803599986511],[-71.14114600027011,43.208324000122666],[-71.14145000004372,43.20850999982549],[-71.14260999995999,43.209242999806605],[-71.14372399984552,43.20996199991132],[-71.14483899955596,43.210670999720094],[-71.14598199975379,43.21138600032076],[-71.1471719998073,43.212149000062254],[-71.14788900003279,43.21260899985917],[-71.1481080003159,43.212748999905756],[-71.14836900043181,43.21291299981344],[-71.14955299973923,43.21365799985398],[-71.15043599964605,43.21421400010164],[-71.15105599978718,43.21460799977998],[-71.15215299995425,43.215303999950486],[-71.15220700038093,43.21533800006009],[-71.15334399983267,43.21606299973356],[-71.15350399966623,43.216163999709245],[-71.15473100042797,43.2169389998547],[-71.15573300016051,43.217572000221416],[-71.15598400023067,43.21773100001009],[-71.15725600029994,43.21853499999129],[-71.15805700019101,43.21904100027121],[-71.15849599968385,43.21931799977146],[-71.15958600017822,43.22001099969928],[-71.15981999963165,43.22016400001617],[-71.16094500028615,43.22090099974463],[-71.16129500009052,43.221130000199075],[-71.16206500001945,43.22164000022122],[-71.16274600025992,43.22203100029484],[-71.16316999968413,43.2222939999366],[-71.16391899969668,43.22277699979568],[-71.16416599956888,43.22293500018753],[-71.1643439998441,43.22304799996805],[-71.16490000041112,43.22339700022696],[-71.16558800032429,43.223831000050104],[-71.16587200000642,43.22401100031012],[-71.16702100005205,43.224749999745775],[-71.16729200021369,43.22492400006644],[-71.1684539997798,43.22566600010243],[-71.16879799973638,43.2258849998768],[-71.16986099956827,43.226553999739664],[-71.17124099959257,43.227424000084845],[-71.1715030004317,43.22758899994576],[-71.17261499976908,43.22830200023541],[-71.17326199967438,43.22871599984896],[-71.17351100009472,43.22887299977495],[-71.17401300023506,43.22918600025496],[-71.17547799974986,43.23013900009175],[-71.17581199966071,43.23034999998786],[-71.1772899995943,43.23130899982178],[-71.18114699980998,43.23381099985456],[-71.18379999972845,43.235531999865245],[-71.18607400042858,43.23700699971029],[-71.18830399984945,43.2384530000603],[-71.18878500007337,43.238764999803266],[-71.18910200026578,43.23897100012971],[-71.1921800003317,43.2409469998754],[-71.19252799958794,43.24117099999649],[-71.19400200022189,43.24212400023126],[-71.19446800037721,43.2424169999942],[-71.19590299975478,43.24335400017161],[-71.19762400026093,43.244472000244905],[-71.19856200041934,43.24508199994007],[-71.19873399994847,43.24518800021461],[-71.19987700014634,43.24593900017957],[-71.20097900033628,43.246646999925254],[-71.20271300036292,43.24775900020368],[-71.20419200012141,43.24872599995275],[-71.20498999963945,43.24924299991018],[-71.20627099992954,43.25005899972493],[-71.2077870003963,43.25089600005549],[-71.20861400022662,43.25136100006704],[-71.21102000027291,43.252707999982626],[-71.21255400028299,43.25357999998709],[-71.21432799959429,43.25462199972709],[-71.21904900034855,43.25763000012291],[-71.22014499979241,43.25832399980093],[-71.22270700037261,43.259936000096054],[-71.22358799973131,43.26049400006775],[-71.22509400015232,43.26144900006948],[-71.22670299960716,43.26247500016341],[-71.22938900003591,43.26416000023286],[-71.23076499986226,43.265020000140694],[-71.23289899992196,43.26637900016184],[-71.23363700006387,43.26683999970954],[-71.23430800025858,43.26725399977863],[-71.23581499960619,43.268184999709696],[-71.2367240003506,43.26875600029539],[-71.23763300019671,43.26931899981643],[-71.23881999987717,43.27004800012846],[-71.2395820003085,43.27051200030896],[-71.23962999998908,43.27054199997331],[-71.23990799982343,43.27071400016197],[-71.2403070000316,43.2709610001721],[-71.24050299985016,43.2710819999066],[-71.24090899973105,43.27133400015443],[-71.24106199989193,43.27142900026517],[-71.24146399957482,43.271671000249036],[-71.24194599962365,43.27196100023793],[-71.24249499961967,43.27229100030362],[-71.24265399962833,43.27238700029595],[-71.24304199996584,43.27262099988806],[-71.24322299971581,43.27273000016238],[-71.24371999983327,43.27302900019464],[-71.24408399988134,43.27324799979374],[-71.24459100004455,43.2735489999936],[-71.24484899978741,43.27370300002214],[-71.24526200023928,43.27394800024541],[-71.24549700041591,43.27408800002361],[-71.24582299993085,43.27428100011009],[-71.24594000010671,43.274352000018446],[-71.24602999962009,43.27440499988679],[-71.24616900043557,43.27448800004446],[-71.2463190002234,43.274578999685374],[-71.2464539999426,43.274663000289664],[-71.24660700010348,43.274755999725585],[-71.24733600002452,43.27523200023227],[-71.2473479997201,43.2751980001794],[-71.24753100001821,43.27472400011856],[-71.24818799996923,43.27300800030817],[-71.24837299991717,43.27253100000047],[-71.24842300014586,43.27240099992789],[-71.2491639997625,43.27048300007425],[-71.249516000115,43.26963699977722],[-71.24975899978925,43.26881899975581],[-71.25011000031684,43.26781200005235],[-71.25015600034759,43.26770599990627],[-71.2502330003405,43.267552999894434],[-71.25027900037125,43.26743900007165],[-71.25061400010699,43.266798000237266],[-71.25163599993101,43.26482199981914],[-71.25191100029062,43.264264999811644],[-71.2520789996218,43.26397499978679],[-71.25212700020069,43.26390299999515],[-71.25221599988916,43.26376900028338],[-71.25332999977468,43.26212900001983],[-71.25360400030938,43.26173300020657],[-71.25445899972881,43.2604959999389],[-71.25558799968294,43.25881700029561],[-71.25631099975621,43.25776299995464],[-71.25673300042892,43.25714699973715],[-71.25676400039106,43.25710199981903],[-71.25702399978374,43.2567210003133],[-71.25711400019541,43.256590000167805],[-71.26146400033062,43.25162699999843],[-71.2616819998905,43.25137799988342],[-71.26206799967989,43.25093700026395],[-71.26280099979888,43.25006499971197],[-71.26293899989116,43.24982300020297],[-71.26297400005126,43.249760999844185],[-71.26408799993678,43.24774699977474],[-71.2650610002553,43.246004000041836],[-71.26521699989092,43.24572600024573],[-71.26598400034511,43.24435400024457],[-71.26609899997285,43.244147999796056],[-71.26634699966996,43.243703999872196],[-71.26683299991677,43.242817000031025],[-71.26721700005633,43.24211700020627],[-71.26808599971946,43.24054600005879],[-71.26822399981172,43.240339999822055],[-71.26880299994495,43.23927200031377],[-71.26893799966416,43.239031999730585],[-71.26906099968782,43.23881899986091],[-71.26909300037319,43.23869900010416],[-71.2692149996736,43.23853100030946],[-71.27022200032731,43.23671600010586],[-71.27038800000867,43.23641799974093],[-71.2712290000827,43.23490799970584],[-71.27252700009126,43.2325580001084],[-71.27291700007858,43.23185499999438],[-71.2732059997836,43.23132800017243],[-71.27325799966212,43.2312419998125],[-71.27382400027489,43.23022299983389],[-71.27438999998931,43.229197999758284],[-71.27511999973527,43.2278810000767],[-71.27518199965955,43.227782000164375],[-71.27521199979678,43.2277209997747],[-71.27571499976203,43.2268130001699],[-71.27603699997731,43.22630200005154],[-71.27615300032826,43.22611399993817],[-71.27625399971228,43.22594600014014],[-71.27702799983919,43.22467699985839],[-71.27834099991634,43.22253300009305],[-71.27871099981218,43.22193599970231],[-71.27924100043992,43.22108100014556],[-71.27958500039651,43.220527000194615],[-71.27972799961333,43.22029699982566],[-71.27975000025295,43.22026600001413],[-71.28079600036641,43.21860299986174],[-71.28086699961321,43.21848500017291],[-71.2810840002465,43.21812600018159],[-71.28112799972911,43.21805300021834],[-71.28151100004376,43.21744399997093],[-71.2825210001722,43.215842000000464],[-71.283288999553,43.214607000073094],[-71.283436999691,43.21436800027231],[-71.28391000041734,43.213607000241595],[-71.28404699978637,43.2133779996847],[-71.28471899980603,43.21231699990634],[-71.28479099977604,43.212203999879016],[-71.2849709997011,43.21191499985894],[-71.28539000000076,43.211241000299644],[-71.28551100037457,43.211059999893365],[-71.2855270002681,43.211036000291095],[-71.2857249997365,43.21071099972778],[-71.28580000007959,43.21058900008059],[-71.28585500033117,43.21049900017368],[-71.28636199959607,43.2096680001497],[-71.28662600008502,43.20923500013836],[-71.28772400007702,43.20745000030354],[-71.28850099967863,43.2061819999068],[-71.28909800025353,43.20520699989585],[-71.29047099970681,43.202971000111866],[-71.29093100001435,43.20221500017644],[-71.29109099984794,43.20195199971493],[-71.29153799973668,43.20121500016236],[-71.29182899998982,43.20073600016135],[-71.29294100022553,43.19896499995776],[-71.29330899957324,43.19837899969987],[-71.2947289997805,43.19602899995156],[-71.29614700033795,43.19368599977156],[-71.29628600025514,43.19348800008012],[-71.29648399972353,43.19314499993451],[-71.2966360000595,43.19293100011579],[-71.29750600044585,43.19149700029505],[-71.29759699978415,43.19129900005111],[-71.29770399991426,43.19116100007672],[-71.2988179997998,43.18934500014304],[-71.29985600041563,43.187644000069795],[-71.29994799957882,43.18749200019536],[-71.30029599973336,43.18693300020677],[-71.30060299988004,43.18643900019055],[-71.30072599990368,43.1862479998047],[-71.30078600017815,43.18611800028052],[-71.30208400018667,43.183981999843546],[-71.30213000021743,43.183912999811405],[-71.3029379997812,43.18260899975829],[-71.30434200009496,43.18027400010188],[-71.30515100038194,43.178992000120054],[-71.30530299981959,43.178724999926544],[-71.3054710000491,43.17845799987562],[-71.30655499979738,43.17668800005959],[-71.30711899986198,43.17578800000731],[-71.30724100006071,43.175543999684514],[-71.30734800019084,43.17539900029813],[-71.30763799972077,43.17490299991586],[-71.30843100011423,43.17362099984714],[-71.30862899958264,43.17324799969607],[-71.30875199960627,43.17310300009907],[-71.30940799973239,43.17200399993963],[-71.30952999993114,43.17184399979392],[-71.30971400005416,43.171508000154496],[-71.31053800040976,43.17018800010144],[-71.31089900008479,43.16961199988133],[-71.31136100004215,43.168876000066945],[-71.31192599993167,43.1678770000121],[-71.31285599969418,43.166373999817445],[-71.31302499974858,43.166099000064825],[-71.31316200001592,43.16587800017646],[-71.31394000034078,43.164626000078385],[-71.31426000000793,43.16408500020369],[-71.31430500021376,43.16401099990645],[-71.31505300040139,43.16278700005058],[-71.31513200004412,43.16264999974198],[-71.3152369996261,43.162467000194425],[-71.315349999604,43.16229800013257],[-71.3155119999857,43.16205500021296],[-71.31557200026018,43.16204800016863],[-71.31690100023084,43.16227700008062],[-71.31750499958011,43.16236699969086],[-71.31770899979462,43.162399000000846],[-71.3177849999626,43.16225400020264],[-71.31843900043889,43.16103300031723],[-71.31847200005086,43.16097200000658],[-71.31859400024959,43.16069700018091],[-71.31859400024959,43.16063600019002],[-71.31871700027324,43.16046100001792],[-71.31948100035439,43.15898299991789],[-71.31949300004996,43.158958000183745],[-71.3195109995933,43.15892500007343],[-71.32030300016187,43.15738600021084],[-71.32111200044886,43.155792000095055],[-71.32193599990615,43.154204999973416],[-71.32199500035568,43.15409700002208],[-71.32210400013565,43.15389200005663],[-71.32347699958895,43.15140500019761],[-71.32461300011408,43.14936400031748],[-71.3247770001456,43.149069000146625],[-71.32480800010774,43.14901300031997],[-71.32485199959036,43.14893500026526],[-71.32486599983407,43.148909999697324],[-71.32623900018567,43.14641500024918],[-71.32730399966741,43.1444740000224],[-71.3275859996997,43.14395999974337],[-71.32761199963898,43.143912999744494],[-71.32771999959401,43.1437679999944],[-71.32858900015545,43.14220399986924],[-71.3292679998478,43.14095400024291],[-71.3293520004117,43.1408000003078],[-71.32944299974999,43.14063999971749],[-71.3295289999637,43.1405230002867],[-71.33067999965915,43.13895400025395],[-71.33181600018429,43.13736399985342],[-71.33189999984987,43.13724500007175],[-71.33312099986553,43.135535999978075],[-71.3336399997243,43.13485700014348],[-71.33482999977781,43.133223999940434],[-71.33539399984242,43.13243699980283],[-71.3356180001484,43.13212399986539],[-71.3360049997627,43.131583999799616],[-71.33717999974759,43.12995100004964],[-71.3374700001758,43.129584999941834],[-71.33833999966386,43.12837200012405],[-71.3385680001678,43.12802100023482],[-71.3387509995676,43.1277849997727],[-71.3395909998167,43.12663999972641],[-71.33977400011483,43.1263879997669],[-71.33994200034431,43.12616699984823],[-71.3406949996565,43.1250819999445],[-71.34070600042547,43.12506600018443],[-71.34181899958779,43.12345100012969],[-71.34290200040945,43.12184900026419],[-71.34435199985565,43.11975100014795],[-71.34545099967255,43.11817199987173],[-71.34555299977981,43.11802400013299],[-71.34654899966455,43.11658500015323],[-71.34790699994755,43.11460099983136],[-71.34903599990169,43.112861999963116],[-71.34947100009485,43.11219800002046],[-71.34963799960113,43.111954000206765],[-71.35031499964364,43.11090999998433],[-71.35082199980685,43.11013800028421],[-71.35184399963086,43.108612000266795],[-71.35285100028457,43.10707899980585],[-71.35381200000923,43.10561400012469],[-71.3547889996274,43.10414900014384],[-71.35492500006983,43.10393500005439],[-71.35575000025037,43.102631000223504],[-71.35594900044198,43.10231100028197],[-71.35608699963592,43.10209100021281],[-71.35611699977316,43.102042999937616],[-71.35612599999399,43.10202700005614],[-71.35614000023769,43.10200300022614],[-71.35616000032917,43.101967000135495],[-71.35663900000498,43.10114099992978],[-71.35689199972497,43.100703000295695],[-71.35709199974151,43.10035699976517],[-71.35746300036058,43.09971000005145],[-71.35805400018938,43.098677999821554],[-71.35899999984541,43.09700800001616],[-71.3597170000709,43.09570299989743],[-71.35991500043762,43.09534400004578],[-71.36083099995642,43.09375700008786],[-71.36118900015671,43.09311700023606],[-71.36171600041139,43.092171000075055],[-71.36313599972034,43.089722000222615],[-71.36457000017134,43.087273000197385],[-71.3652439998408,43.08604099973805],[-71.36549999993385,43.08557099986141],[-71.36643100041958,43.08387000000952],[-71.36725499987686,43.0824360003273],[-71.36759499963549,43.0818609998399],[-71.36811000019462,43.08098599975521],[-71.36907099991927,43.07929200022108],[-71.37004800043574,43.07760600029025],[-71.37111600029053,43.075713999682776],[-71.37216800025178,43.07380699972281],[-71.37332800016804,43.07176200019471],[-71.37378799957726,43.07098700009931],[-71.37451999987135,43.069749999710226],[-71.37503799990523,43.06895499994362],[-71.3759529995991,43.06734499997174],[-71.3766499997331,43.066116000278925],[-71.37686900001623,43.06572799980003],[-71.37692099989476,43.06564199976399],[-71.37830400029212,43.06328599969845],[-71.37970900043076,43.06092400011011],[-71.37975299991339,43.06084499971381],[-71.38097399992903,43.05872399995657],[-71.38219499994467,43.056588000074626],[-71.3831110003618,43.05500200009766],[-71.38358300036491,43.05418499996539],[-71.38472800021256,43.052171000079255],[-71.38495599981819,43.051765999681095],[-71.38581100013593,43.05032400025999],[-71.38662000042292,43.048899999979724],[-71.38782399982182,43.04683699981915],[-71.38901499970025,43.044785000299],[-71.3900530003161,43.04300700025223],[-71.3910750001401,43.041221999800435],[-71.39122800030098,43.04096300002656],[-71.39152700005174,43.04046700027492],[-71.39223500005637,43.03928499984938],[-71.39301400020616,43.039421000121074],[-71.39342400028497,43.03948999976231],[-71.39463000023201,43.03968099978218],[-71.39583500035411,43.039887000281865],[-71.39704100030114,43.04007799972252],[-71.39844499971657,43.040306999986804],[-71.39986400009894,43.04054300021637],[-71.4012680004127,43.04078000012038],[-71.40210000026592,43.040915999704524],[-71.40267199982814,43.041007999812265],[-71.40296200025635,43.04105400014271],[-71.40160300014844,43.03746800010719],[-71.40155799994261,43.037315999734886],[-71.40152199995761,43.037234999819006],[-71.4013749996445,43.03688899998764],[-71.40035600019354,43.034004999915794],[-71.40003200032845,43.03309000016706],[-71.39939100027092,43.03104499978505],[-71.39823200017958,43.027374999709394],[-71.39759100012206,43.025284999891994],[-71.3975450000913,43.024995000086605],[-71.3973199999604,43.02346800002649],[-71.39696599995808,43.02106599980955],[-71.39679899955351,43.02000499995912],[-71.39650700037377,43.018135999948406],[-71.39630900000705,43.01689199983499],[-71.39620199987694,43.01665599994931],[-71.39559199978156,43.015472999695135],[-71.39459900026986,43.0136090002028],[-71.39409999960426,43.01265400030131],[-71.3940300001824,43.01251999994696],[-71.39351700017139,43.01153700010418],[-71.39244900031663,43.0094769997051],[-71.39238800021725,43.0093089998576],[-71.39229600015575,43.009102999855344],[-71.39227699988918,43.00901099987349],[-71.39188899955167,43.00818199994825],[-71.3920600001542,43.00801999997223],[-71.39203699968967,43.00789399976844],[-71.39200699955244,43.007792999720834],[-71.39198499981113,43.007702000212184],[-71.39196899991761,43.007649999681654],[-71.39195899987187,43.00758399980394],[-71.39183300037348,43.007053999906724],[-71.39136899986799,43.00508499982593],[-71.3912440001945,43.00464399990354],[-71.39100800019295,43.00376800030282],[-71.39079899995559,43.00300899971903],[-71.3904969998318,43.00189100028344],[-71.3901090003926,43.00048400019151],[-71.38999200021672,43.000070000227886],[-71.38990400035318,42.99972599970723],[-71.38972000023017,42.99900499982911],[-71.38962300014578,42.99862600017385],[-71.38950900034297,42.99828400003163],[-71.38855100009306,42.99426099987722],[-71.38841999967349,42.99390599999174],[-71.38820600031156,42.99305100004051],[-71.38783499969247,42.99156899993847],[-71.38723200016813,42.989158000215696],[-71.38587700025818,42.9837190001951],[-71.3850689997961,42.980478000092106],[-71.38497199971172,42.9801269998302],[-71.38489499971881,42.979676999798635],[-71.38483399961946,42.979547000213245],[-71.38478000009108,42.97931999991938],[-71.3843929995785,42.977765000202304],[-71.38424000031594,42.97714399999371],[-71.3842389995927,42.977014000310824],[-71.38417800039164,42.97690700022914],[-71.38404500032227,42.97636900001886],[-71.38382600003915,42.975469000151],[-71.38353200031128,42.97430500015479],[-71.38338499999819,42.973727000237965],[-71.38329600030973,42.97337699992647],[-71.38328100024111,42.973317999983834],[-71.38327500039333,42.973284999690456],[-71.38320199970006,42.972872000257624],[-71.38315599966933,42.97278800030094],[-71.38291999966778,42.97177900002424],[-71.38272399984919,42.9709990000854],[-71.38271299997852,42.97087300021387],[-71.38263699981056,42.97064900002399],[-71.3825770004344,42.970402000004476],[-71.38253399987839,42.97023999967662],[-71.38249899971828,42.97009899984728],[-71.38246199990836,42.969953000214815],[-71.38239800033426,42.96970300006638],[-71.38235899997619,42.96954600004005],[-71.38230700009767,42.96934000016379],[-71.38227100011265,42.969194000044325],[-71.38223099992969,42.968992999862124],[-71.38217200037845,42.96869800024644],[-71.3821549997617,42.96861800030735],[-71.38208299979169,42.96834099973082],[-71.38203099991314,42.96814300008715],[-71.38202300041553,42.96811100009817],[-71.38196099959295,42.967873999702846],[-71.38194700024756,42.96782499970409],[-71.38188899962293,42.967602000048565],[-71.38181699965291,42.96732200007605],[-71.38176300012454,42.967115999982155],[-71.38169799982721,42.96684500007784],[-71.38160999996367,42.96647900027921],[-71.38150799985642,42.96605099979637],[-71.38147699989428,42.966019999862276],[-71.38140199955119,42.96571000031969],[-71.38129000029653,42.96524600021852],[-71.38121300030363,42.96493000032804],[-71.3811270000899,42.96457300029419],[-71.3810989996025,42.964458999968514],[-71.38106799964036,42.96433199999124],[-71.38100999991404,42.96409100005893],[-71.38093799994401,42.96379400021296],[-71.38085699975316,42.963460999676585],[-71.38077999976028,42.96314300006996],[-71.38074499960017,42.962999000116696],[-71.38071799983598,42.96285200018654],[-71.38066900033051,42.96258000002011],[-71.38061800027688,42.962419000014805],[-71.38059200033761,42.96233600013333],[-71.38054499958363,42.96213699967624],[-71.38051899964437,42.96202800022006],[-71.38046799959073,42.961812999761655],[-71.38037700025247,42.961429000039494],[-71.38033299987153,42.961229999935746],[-71.38033299987153,42.96109200021591],[-71.38028699984076,42.96092400022495],[-71.38020999984786,42.960588000181666],[-71.38009500022015,42.96008100018836],[-71.38000300015864,42.95967499971126],[-71.37988500015786,42.95915500020699],[-71.3797549995632,42.95858099972229],[-71.37965199963104,42.95812899990157],[-71.37956700014054,42.95775299990048],[-71.37954100020129,42.95764000005089],[-71.37946300038348,42.95729500009306],[-71.37939700026124,42.95700600011263],[-71.3791699995822,42.95600599991185],[-71.37904499990873,42.95545400030351],[-71.3789860003575,42.955194999706066],[-71.37893100010591,42.95495400014347],[-71.37892899955777,42.954943000050875],[-71.37890500016664,42.954866000005204],[-71.37888000005229,42.95478499981902],[-71.37886599980858,42.95473599991439],[-71.37884900009016,42.95466599970116],[-71.37881399993006,42.95451700021257],[-71.37876200005152,42.95429999976934],[-71.37870799962484,42.954075999718114],[-71.37868800043167,42.95399199973523],[-71.3785989998449,42.953618000157526],[-71.37854799979128,42.9533940002539],[-71.37849900028579,42.95317899987011],[-71.37844499985911,42.95293800030242],[-71.37834799977473,42.95251000029628],[-71.37828099982758,42.95220900022213],[-71.37819499961385,42.95182699985637],[-71.37813000021484,42.95153899990287],[-71.37799499959732,42.950941000256606],[-71.37796399963518,42.95080600004386],[-71.37795299976452,42.95075400002901],[-71.37790699973377,42.95060200003723],[-71.37784900000744,42.950327000041206],[-71.37779100028112,42.95005300021945],[-71.37778299988521,42.950016999672286],[-71.37775500029612,42.94988400024434],[-71.37766700043258,42.949465000261696],[-71.3774520003474,42.94845000008816],[-71.37739999957056,42.94820700017801],[-71.37731500008006,42.94780500010373],[-71.3772969996384,42.94771799973231],[-71.37724999978273,42.94761099997601],[-71.37718600020864,42.947144999882426],[-71.3770930003222,42.94675099992391],[-71.37701799997915,42.94640700022116],[-71.37684399990188,42.94561199970832],[-71.37670699963452,42.94498200016152],[-71.37660200005253,42.94456799991731],[-71.37652300040982,42.944267999982884],[-71.37650300031832,42.94419300009964],[-71.3763540003554,42.943504999774234],[-71.3762189997379,42.9428800000731],[-71.37601100022374,42.94192699968402],[-71.37569499985624,42.9404969999259],[-71.37568399998561,42.94044599999528],[-71.37567499976477,42.940406000084664],[-71.37565499967327,42.94031699994362],[-71.37562799990909,42.94019399979559],[-71.3756069999927,42.94009699998139],[-71.37558899955103,42.94001400024278],[-71.3755710000077,42.93993599968128],[-71.37554800044148,42.939829000208874],[-71.37552400015203,42.939721000294675],[-71.37549999986257,42.93961300019104],[-71.37547800012128,42.93951400025846],[-71.37546100040284,42.939435000118344],[-71.37543499956524,42.939317999782865],[-71.37544899980895,42.93931599991573],[-71.37596600001788,42.93925599992531],[-71.3771209999113,42.93911699998596],[-71.37810000007761,42.93899499968121],[-71.37866400014222,42.938941999942486],[-71.37905999997736,42.93890100010093],[-71.37954600022415,42.93885099977597],[-71.37997700021938,42.93880400022264],[-71.3803660003818,42.9387580002473],[-71.38048100000952,42.938745000004985],[-71.38077899993536,42.938707999806226],[-71.38129199994636,42.938647999881006],[-71.38158200037459,42.93861699995153],[-71.38225699986896,42.938546000202706],[-71.38276599968198,42.938491999801734],[-71.38388999961325,42.93836799967601],[-71.38406000039089,42.938349000313565],[-71.38433499985216,42.938318999854495],[-71.38449700023388,42.9383029999983],[-71.38512400004768,42.93823300016745],[-71.38688400001357,42.93803099983363],[-71.38898499956301,42.9378130001689],[-71.38998100034607,42.93769099991112],[-71.39097300003286,42.93758100026923],[-71.39320500000187,42.937333999681876],[-71.3936650003094,42.93728700028592],[-71.39409299993157,42.937240000196475],[-71.39474900005769,42.93716000012967],[-71.39526999956628,42.937092999895064],[-71.3953480002824,42.93708300019736],[-71.39551599961358,42.93709000031478],[-71.39661600015371,42.936954999977274],[-71.39757699987835,42.936838000190725],[-71.39900700013138,42.936661000293434],[-71.39947300028669,42.936607000212334],[-71.39964099961787,42.936588000306514],[-71.40030199976687,42.93651399992511],[-71.40056999955546,42.9364850001958],[-71.4008599999837,42.936449999914615],[-71.40111100005387,42.9364199998457],[-71.40138999971312,42.936385999837604],[-71.40166199969968,42.93635399977416],[-71.4018109996626,42.93633600010108],[-71.40226599994726,42.936288000289515],[-71.40267900039915,42.93624500002921],[-71.40312100026503,42.936197999802125],[-71.40357900002442,42.93614900022684],[-71.40376599962217,42.93613000017966],[-71.40426699993759,42.93607600029059],[-71.4049010003224,42.93600799987578],[-71.40541900035625,42.93595199990333],[-71.4054799995573,42.93594599997373],[-71.40572399995479,42.93590900006608],[-71.4058310000849,42.935891999923314],[-71.40605799986564,42.93586600019876],[-71.40645899972363,42.935818999682404],[-71.40660900040976,42.935800999852994],[-71.40696300041208,42.935765999840726],[-71.4073450000035,42.9357280001619],[-71.40782299985439,42.935681000197896],[-71.40792099976369,42.935671000270865],[-71.40807800012252,42.93565200007625],[-71.40840299981254,42.93561199968199],[-71.40864300001205,42.93558300018553],[-71.40899799983927,42.935540000090626],[-71.40907099963422,42.93553099980694],[-71.40920799990157,42.93551400021745],[-71.40938299980375,42.9354949999744],[-71.40962999967594,42.935467999757385],[-71.40998600022644,42.93542900022679],[-71.41020999963409,42.93540399997511],[-71.41067300031469,42.93535400009893],[-71.41084400001891,42.935334999806514],[-71.41092299966162,42.93532600015055],[-71.41123800020421,42.935290999868315],[-71.41152299971125,42.93526099989244],[-71.41169199976564,42.935242999899884],[-71.41208599995096,42.93519899989595],[-71.41225500000535,42.93518000021334],[-71.41253000036497,42.93514899985333],[-71.41266199971113,42.9351349998341],[-71.41274700009996,42.93512600014891],[-71.41278399990986,42.935122000142265],[-71.4130819998357,42.9350880000752],[-71.4134340001882,42.93505199998369],[-71.4137089996495,42.93502500023009],[-71.41449399964705,42.93494800025884],[-71.41519599980393,42.93486500015639],[-71.41604199990084,42.934765000145894],[-71.41688799999775,42.93467199970754],[-71.41731800016807,42.93462500025292],[-71.41759199980446,42.93459699997308],[-71.41785799994325,42.93457000001999],[-71.41841799980989,42.93451299971481],[-71.42086099966609,42.93423600015748],[-71.42131299957771,42.93419099974607],[-71.42242700036154,42.93407699969676],[-71.4230440001296,42.93400800001437],[-71.42322200040483,42.93398800027308],[-71.42335999959877,42.933973000298394],[-71.42373600024072,42.933931000086865],[-71.4242629995971,42.93387100011081],[-71.42459800023117,42.9338329999204],[-71.4248750002406,42.93380200019762],[-71.42493499961674,42.93381700021396],[-71.42517499981626,42.93378700017769],[-71.42526600005287,42.93377600024842],[-71.42528000029657,42.93377299984887],[-71.42529500036518,42.93377299984887],[-71.42563299957567,42.93372999980547],[-71.42569399967505,42.933722000268226],[-71.42615599963239,42.933664999835855],[-71.42632899988476,42.93366299978511],[-71.42695800024669,42.933658999683445],[-71.42722500021038,42.933657000290154],[-71.42833800027101,42.933527000128265],[-71.42856099985374,42.93340600028748],[-71.42894900019127,42.933360000225875],[-71.4294580000043,42.93330100005362],[-71.43012400017615,42.93323000009471],[-71.4302749997889,42.93321600029693],[-71.43112699973359,42.93312199978717],[-71.43335700005277,42.932869000158256],[-71.43425199965519,42.93277299969692],[-71.43595499971968,42.93258899998389],[-71.43862899955457,42.932303999943706],[-71.4392079996878,42.93224200025875],[-71.44280499961248,42.93186000029264],[-71.44314699991924,42.9318209997926],[-71.44424300026142,42.931694999930926],[-71.44451100005001,42.93166300006074],[-71.44492799980152,42.931614000165645],[-71.445024000061,42.931602999848266],[-71.44583199962476,42.93152999978495],[-71.44692999961676,42.93140999970005],[-71.44801300043846,42.931289000304],[-71.44805699992108,42.931290000039084],[-71.44949300002189,42.93112399972802],[-71.44963100011414,42.93110799997554],[-71.44979400032076,42.931090999822906],[-71.450149000148,42.93105000001579],[-71.45043600020317,42.93101999994711],[-71.45115400025358,42.930900000184025],[-71.4510849997583,42.930716000137004],[-71.45103899972753,42.930493000172554],[-71.45101199996336,42.93035799984307],[-71.45123100024647,42.93043800019584],[-71.45122100020073,42.93039900011084],[-71.45116699977406,42.93016300023321],[-71.45111800026856,42.9299490000251],[-71.45106899986476,42.92973399997088],[-71.45105899981903,42.929690999738405],[-71.45091300022915,42.929048999856604],[-71.45089399996257,42.92896400015132],[-71.45087600041921,42.92888699983728],[-71.45086399982534,42.92883399994957],[-71.45084600028201,42.92875599969682],[-71.45081199994682,42.92860699997662],[-71.4507900002055,42.92851000032711],[-71.45070800018974,42.928147999906535],[-71.45067999970233,42.928027000021956],[-71.45067200020473,42.92799200019588],[-71.45062799982381,42.927799999706046],[-71.45056099987664,42.92750499993185],[-71.45052800026468,42.927358000072175],[-71.45048100040901,42.92715399998105],[-71.45045499957143,42.92704099986547],[-71.45044899972365,42.92701200027971],[-71.45044899972365,42.92695800028884],[-71.45041399956357,42.926844000006525],[-71.45038799962428,42.92675999969814],[-71.450297000286,42.926373000204045],[-71.45026499960065,42.92623499994423],[-71.45025100025524,42.92617399988817],[-71.45024600023238,42.926150000302464],[-71.45024500040746,42.92613900032475],[-71.45023100016377,42.92607500005679],[-71.4501569996456,42.925704999876494],[-71.45005200006362,42.92518100017449],[-71.44999099996424,42.92500500015838],[-71.44992999986488,42.924682999814024],[-71.4499099997734,42.92456700023774],[-71.44989800007782,42.92448300011336],[-71.44988499965905,42.92438699973695],[-71.44981299968903,42.924075999799406],[-71.44979599997058,42.92400200017103],[-71.44969600041148,42.92356799979677],[-71.44961000019775,42.92319400022274],[-71.44950300006762,42.92272599976327],[-71.44941500020407,42.92234200022256],[-71.44930800007396,42.92187700019056],[-71.44929899985311,42.92183700005928],[-71.44925399964727,42.921644000228326],[-71.44906799987444,42.920831000090715],[-71.44886200001011,42.91993699976013],[-71.4488400002688,42.919837999773456],[-71.44882000017732,42.91975199993501],[-71.44877499997149,42.91955700030031],[-71.44818300031777,42.91685400031853],[-71.44811800002046,42.916546999751546],[-71.44806799979173,42.91639200024496],[-71.44782799959222,42.915286000132184],[-71.44771499961432,42.91476199997148],[-71.44769700007097,42.914701999744075],[-71.4476850003754,42.91457799974698],[-71.44666199982817,42.909982000135756],[-71.44661900017044,42.909784999681406],[-71.44532199998685,42.90371199996283],[-71.44518200024474,42.903086999800884],[-71.44386599979454,42.89723799995597],[-71.44379100034978,42.89687900029123],[-71.44365099970939,42.89616800011733],[-71.44351799964,42.895586999849584],[-71.44237000031761,42.89069499990468],[-71.44230099982232,42.8903989997956],[-71.44221899980656,42.89006299988925],[-71.44167700038157,42.88774900030963],[-71.44081799986586,42.88398499998985],[-71.4407290001774,42.88358600024621],[-71.44068300014665,42.88349400007941],[-71.44056900034383,42.88296699996461],[-71.4398980001491,42.880013999894125],[-71.43950499978871,42.87832699984631],[-71.43926899978716,42.87733699992223],[-71.43917800044886,42.87696400020796],[-71.43786100017377,42.871240000066614],[-71.4378300002116,42.871091000205126],[-71.4370970000926,42.86806800008616],[-71.43631399974488,42.8646929998021],[-71.43624900034587,42.86441900030161],[-71.43594600039715,42.86312300007445],[-71.43480599967405,42.85821899992078],[-71.43473600025217,42.85792100019322],[-71.43401300017891,42.85485199977357],[-71.43285599973737,42.84984200008118],[-71.43278999961512,42.849541000213094],[-71.43273600008675,42.849309999687094],[-71.43239399977999,42.84783899985749],[-71.43224700036522,42.84722599998088],[-71.43197700002848,42.84607100008979],[-71.43170800041497,42.84494300004689],[-71.43161600035346,42.84455500019711],[-71.43157299979744,42.84440999978561],[-71.43149499997963,42.84404800014817],[-71.43096699990004,42.84172400007046],[-71.43080500041665,42.8410079998456],[-71.43035799962958,42.83911899972016],[-71.42999000028186,42.83755400027219],[-71.42964899980001,42.83605500021915],[-71.42915900025356,42.833934000141724],[-71.42855599983089,42.831331000182665],[-71.42839199979936,42.83062800007787],[-71.42805899971341,42.82919999997196],[-71.42762799971821,42.82734299992809],[-71.4272129996165,42.82555899988641],[-71.42706700002663,42.824839999700956],[-71.4269099996678,42.82484300013145],[-71.42618699959453,42.82481200028787],[-71.42025499976867,42.82463900017399],[-71.41608299990872,42.82448599992887],[-71.41605600014454,42.82448499977962],[-71.4139630000927,42.82443500020222],[-71.40788599960358,42.82423900012492],[-71.40419300031775,42.824126999990014],[-71.40323000004497,42.824083999896075],[-71.40321300032652,42.82408299974032],[-71.4031909996869,42.82408200024342],[-71.40037100026214,42.82399999993273],[-71.39777000022221,42.823926000121475],[-71.39640899956616,42.82388699986478],[-71.39616199969396,42.82387399977375],[-71.39526899974138,42.823828999842945],[-71.38720000038107,42.823559000229295],[-71.38679899962477,42.82317700021598],[-71.38665800005776,42.823059999931154],[-71.38592999996163,42.82239100028398],[-71.38370700021346,42.820330999828336],[-71.38169299980434,42.818429999901376],[-71.37973600019494,42.81661200012804],[-71.37818499956812,42.81517099984845],[-71.37792299962729,42.81492899993399],[-71.37628800023317,42.81339699979064],[-71.37560299979474,42.81275500030203],[-71.37451999987135,42.811702999785105],[-71.37352300016171,42.81078599995603],[-71.37123599994112,42.80866700023355],[-71.37105099999319,42.80849399975979],[-71.36949000021892,42.80705300012949],[-71.36897300000997,42.806555999973014],[-71.36893600020005,42.80651999996573],[-71.36890100003995,42.806486000159275],[-71.3688850001464,42.806471000141805],[-71.36776299986498,42.80543900009223],[-71.36771600000931,42.805396999982364],[-71.36769199971988,42.80537499978788],[-71.36164799974102,42.7998269997366],[-71.36163500022056,42.799813999860305],[-71.36162400034989,42.79980299976005],[-71.36155800022766,42.79973800032601],[-71.36075999981131,42.799035000208484],[-71.36067899962045,42.79896200008544],[-71.36090499957626,42.79890399975469],[-71.3610540004375,42.79885800020379],[-71.36114999979866,42.79881999986122],[-71.36122299959358,42.798751999675574],[-71.36132399987592,42.798642999900665],[-71.36141400028761,42.798549999807825],[-71.36149200010541,42.79848399980601],[-71.36154200033413,42.7984430001589],[-71.36181299959746,42.798215000178935],[-71.36234900007298,42.7978720000315],[-71.36273900006033,42.79760400030541],[-71.36292200035842,42.797390000187455],[-71.36296800038917,42.79707700006818],[-71.36293800025196,42.796841000171696],[-71.36280000015971,42.796748999945905],[-71.3626319999302,42.7967110002856],[-71.36212899996495,42.79668799969928],[-71.36194599966687,42.79662700005171],[-71.36186899967396,42.79656599968479],[-71.3618569999784,42.796526000027484],[-71.36182400036644,42.796429000273335],[-71.3618999996361,42.79606299995391],[-71.36200699976621,42.79577299998993],[-71.36220500013293,42.79563500018443],[-71.36226700005723,42.79564299983766],[-71.36241900039317,42.795733999775145],[-71.36262000023463,42.79598200001211],[-71.36266299989234,42.79603999978587],[-71.36286100025906,42.79615399993296],[-71.36302899959024,42.79617700005858],[-71.3631730004286,42.796104999808726],[-71.36319599999482,42.796086000113355],[-71.36322100010916,42.79606200000408],[-71.3632729999877,42.79600900000445],[-71.36327600036077,42.79595500000793],[-71.3632729999877,42.795878999688846],[-71.36319699981972,42.7957499997141],[-71.36293800025196,42.79554400010136],[-71.36290700028982,42.795505999701106],[-71.36296800038917,42.79544500020669],[-71.36300900039706,42.79544099970825],[-71.36320500021566,42.795428000228796],[-71.36338099994275,42.7953970001408],[-71.36364100023374,42.795428000228796],[-71.36387899988512,42.79560500015732],[-71.36403500041905,42.79560500015732],[-71.36412800030546,42.79551100015406],[-71.36396199972579,42.79531400006264],[-71.36386899983937,42.79507600010283],[-71.36393099976364,42.79482600025054],[-71.36404499956647,42.79452600001756],[-71.36410200036619,42.79443700023343],[-71.36407499970369,42.79426100023899],[-71.36404100026682,42.794156999707404],[-71.36396599992375,42.79392899975588],[-71.36402399965007,42.793709000185906],[-71.36417599998605,42.7935049996941],[-71.36440100011693,42.7934059998335],[-71.36441799983537,42.79336900009134],[-71.36476900036297,42.79308700001108],[-71.36529400006953,42.79279499993899],[-71.3653490003211,42.792766999859715],[-71.36567400001111,42.792500999793],[-71.36595900041647,42.792271000310464],[-71.36617199995348,42.79196600013706],[-71.36620299991564,42.79169099974035],[-71.36608099971689,42.79152300003301],[-71.36591300038572,42.79140899992483],[-71.36576000022484,42.79139300018195],[-71.3655469997895,42.79146199990871],[-71.3652720003282,42.791698999903396],[-71.36522600029745,42.79172099968722],[-71.36504299999935,42.79178999970749],[-71.36489099966339,42.79176699992901],[-71.36470700043868,42.791714000206305],[-71.36461299982903,42.79160199983451],[-71.36458500023996,42.79157599991933],[-71.36448499978252,42.791170000080406],[-71.3643719998046,42.79071399974226],[-71.36440000029202,42.79046900026936],[-71.36441799983537,42.79036299987398],[-71.36452400014058,42.79009599997653],[-71.36475299957112,42.78970699989416],[-71.36478400043157,42.78950899973014],[-71.36473800040082,42.789394999867774],[-71.36438299967527,42.789241000044186],[-71.36432699959877,42.78921100021373],[-71.36423500043558,42.789119999914],[-71.36420399957512,42.78892900030585],[-71.36432599977385,42.78856299979999],[-71.36441799983537,42.7884330003243],[-71.36446399986612,42.78817399997186],[-71.36446300004121,42.78790699986127],[-71.36449400000336,42.787761999728545],[-71.36452999998836,42.78766999985011],[-71.36459399956246,42.78750500004096],[-71.36478400043157,42.7870139996772],[-71.36479899960187,42.78677000016257],[-71.36473800040082,42.78666299992344],[-71.36461600020209,42.78651100010372],[-71.36451699956957,42.78645299997007],[-71.36443299990398,42.78640400007619],[-71.36420399957512,42.786274000021876],[-71.36415800044269,42.78616000013496],[-71.36423399971235,42.78597700020714],[-71.36436199975887,42.78583999977016],[-71.3644489997975,42.78574799967233],[-71.3645400000341,42.78551099996565],[-71.36452400014058,42.78535100029044],[-71.36441799983537,42.78523700002235],[-71.36420399957512,42.78509200022815],[-71.36417400033622,42.784991999967545],[-71.36415900026759,42.784886000082],[-71.36414300037407,42.784847000258786],[-71.36412699958224,42.78478600014797],[-71.36407600042692,42.7847570002687],[-71.36386800001445,42.78465700012629],[-71.36373099974712,42.78459599982826],[-71.36354800034731,42.784458000153485],[-71.36342600014858,42.784397000318606],[-71.36329999975189,42.78427099990745],[-71.36311999982684,42.78409200024276],[-71.36286100025906,42.78361100003118],[-71.36271999979375,42.78329299998845],[-71.36260199979299,42.78310799983814],[-71.36243399956348,42.78296299967246],[-71.36222100002645,42.78292500011852],[-71.36214800023153,42.78296799982024],[-71.36208899978199,42.783025999922586],[-71.3618999996361,42.783169000283785],[-71.36182099999338,42.783358999708646],[-71.36176300026706,42.783496999855345],[-71.36168700009908,42.78361200018214],[-71.36153999978598,42.78371499982336],[-71.36138099977734,42.78382500032637],[-71.3610000000108,42.7838789996986],[-71.36080099981919,42.78383300018749],[-71.36058699955893,42.783718000271215],[-71.36051100028929,42.78360400029245],[-71.36037400002193,42.783504999758854],[-71.36016499978456,42.78350300011276],[-71.36000800032403,42.783543000275415],[-71.35990100019391,42.78362699980771],[-71.35984000009454,42.78373400002013],[-71.35974899985796,42.78399299983028],[-71.35970100017738,42.78403200019149],[-71.35956499973493,42.784138000220736],[-71.35928500025076,42.78416000005482],[-71.35919900003705,42.78416799987264],[-71.35903099980754,42.78422899993312],[-71.35904699970108,42.78431299985323],[-71.35916800007492,42.78439000000951],[-71.35938200033516,42.78448899978712],[-71.35962599983431,42.784496000085035],[-71.35967900043607,42.78451299976929],[-71.35970200000229,42.7845189999282],[-71.35968799975858,42.78462599991748],[-71.35950399963556,42.78470999995821],[-71.35916899989981,42.784694999935745],[-71.35892399967743,42.78476399987706],[-71.35866500010965,42.78494700009428],[-71.35862499992668,42.78497900027123],[-71.35858100044408,42.785015000285725],[-71.35856800002529,42.785026999846394],[-71.35849699988016,42.78508399987042],[-71.35826900027453,42.78516799994894],[-71.35805500001429,42.78513699999601],[-71.35758899985898,42.78494999982313],[-71.35751000021625,42.784918999761075],[-71.3574309996752,42.78488700021236],[-71.3572380002297,42.78483700026635],[-71.35686400013587,42.78476399987706],[-71.35654399957042,42.78462599991748],[-71.35645300023215,42.78456500024819],[-71.3560559996738,42.78422899993312],[-71.3557040002196,42.784106999752034],[-71.35547499989075,42.78409200024276],[-71.35527700042235,42.78402300021176],[-71.35491099982615,42.78372600014616],[-71.35475799966525,42.783565999813334],[-71.35454400030332,42.783401000273194],[-71.35428599966214,42.78320699968796],[-71.35423299995871,42.78319499977452],[-71.354190000301,42.78318699983096],[-71.35415199976784,42.78318000004429],[-71.3540560004067,42.78315399988794],[-71.3539650001701,42.78313900014777],[-71.3538739999335,42.78312300024513],[-71.35355199971822,42.7832440002305],[-71.35353800037284,42.783248999696276],[-71.35349200034209,42.78326800003607],[-71.35327899990675,42.783299000265586],[-71.35307999971512,42.78326100025856],[-71.3529580004147,42.78316099967755],[-71.35286600035319,42.78293999991054],[-71.35286600035319,42.78270400016839],[-71.35300400044547,42.782245999750074],[-71.35309599960866,42.78211600019443],[-71.35310999985235,42.78181100008939],[-71.35309499978374,42.781711999985255],[-71.35280500025382,42.78151299977644],[-71.35228600039505,42.781223999735744],[-71.35223899964107,42.781188000154046],[-71.35187399976809,42.78091800031662],[-71.35153900003235,42.78060600016628],[-71.35152399996373,42.780505999912144],[-71.35153900003235,42.78025499968374],[-71.35164600016246,42.779949000090966],[-71.35172200033045,42.779812000160206],[-71.35179199975232,42.779575999703454],[-71.35195099976099,42.77904199998734],[-71.35208800002833,42.77885100027335],[-71.35280500025382,42.77822500017039],[-71.35292699955424,42.7780339999143],[-71.35286700017811,42.777874000036846],[-71.35239699982483,42.77767099969204],[-71.35213400005908,42.77755699978804],[-71.35169899986592,42.777332999700754],[-71.351325999597,42.77713399992372],[-71.35115800026581,42.776981999785875],[-71.35108100027293,42.77694300025861],[-71.35098900021144,42.77685900022971],[-71.35088200008131,42.77675300026615],[-71.35076099970749,42.776295000004815],[-71.35060800044494,42.77583700031237],[-71.35060800044494,42.77570800010725],[-71.35066899964596,42.775441000301036],[-71.35066899964596,42.77528000003192],[-71.35030299994808,42.77464700000252],[-71.350051000053,42.77431299987629],[-71.34995899999149,42.77419000029402],[-71.34986100008221,42.77406000030909],[-71.34978400008931,42.773821999731084],[-71.34977700041662,42.77374799989137],[-71.34979999998285,42.77360199991264],[-71.34992100035666,42.77326499979031],[-71.35001300041817,42.7729920000451],[-71.35009000041106,42.772823999705246],[-71.3506770000419,42.772386999787514],[-71.35103500024218,42.77218300024301],[-71.35082199980685,42.77214299999488],[-71.34681200032861,42.7714029999775],[-71.34593400044461,42.77125499970438],[-71.33930999960933,42.770063000293746],[-71.33897999989645,42.77000799971198],[-71.33161899964249,42.768671000040754],[-71.32337100018204,42.7671719998688],[-71.31944199999633,42.7664719997928],[-71.31942899957754,42.766471000024424],[-71.31281800005934,42.765240999703224],[-71.31243800011774,42.7651770000347],[-71.31212799959803,42.76512399997059],[-71.31012499995789,42.76478699988336],[-71.30989499980411,42.76474400008676],[-71.30939199983888,42.76465099984172],[-71.30852400000066,42.76448900008138],[-71.30784100011034,42.764363999850545],[-71.30765399961427,42.76433099976859],[-71.306169000008,42.76406999988038],[-71.30594999972489,42.76403199994392],[-71.3057460004087,42.763996000260306],[-71.30551000040715,42.7639550001921],[-71.30520099971235,42.763897999843124],[-71.30483900021241,42.76383000020283],[-71.30459399999003,42.76378500011854],[-71.30441499988989,42.76375099991595],[-71.30416399981972,42.76370400014832],[-71.30408299962886,42.76368900031317],[-71.30385199965019,42.76364400012651],[-71.30368099994595,42.76361100032055],[-71.30343099970071,42.76356299997189],[-71.30320200027015,42.76351900016921],[-71.3031060000107,42.76350100018097],[-71.30289099992555,42.7634650001888],[-71.30275299983327,42.763443000256565],[-71.30251299963376,42.76340300029981],[-71.30243200034123,42.76339000002798],[-71.30215399960858,42.76334399980529],[-71.30185700040595,42.76329199997124],[-71.30178100023798,42.76327899967616],[-71.30163399992489,42.763254000217096],[-71.30158200004637,42.763244999855395],[-71.3014730002664,42.7632259999668],[-71.3013390003721,42.76320200030749],[-71.30115400042418,42.76317000008777],[-71.3010570003398,42.76315199999813],[-71.3008809997144,42.76311800010766],[-71.30067300020023,42.763078999764154],[-71.3004089997113,42.763028000191106],[-71.3001009997397,42.76296999982388],[-71.29998000026418,42.76294699989063],[-71.29984899984461,42.76292200029764],[-71.2985430003385,42.76268900025515],[-71.29754099970766,42.76249999989402],[-71.29433100029557,42.761933999809536],[-71.29374799996437,42.761825999676724],[-71.29342800029724,42.76176700031855],[-71.29257600035253,42.761611999859],[-71.29212600009072,42.761529999837734],[-71.29137399970516,42.76139499975132],[-71.29068800034011,42.761268000168464],[-71.29032799959168,42.76120699991279],[-71.28977600012097,42.761105000280885],[-71.28885100038131,42.76093299992646],[-71.28740199986173,42.76066499987966],[-71.28583900043765,42.760383999749756],[-71.28477499988252,42.76019899975012],[-71.28426100004663,42.76011299969411],[-71.28353600032354,42.759982999843004],[-71.28258100044667,42.759809999795735],[-71.28104200041369,42.759521999922846],[-71.27949199961178,42.75923699968575],[-71.27859700000937,42.75907500027884],[-71.27332399978437,42.758124000166035],[-71.27296499975917,42.758059999741064],[-71.272424999984,42.7579699997324],[-71.27222499996746,42.75793499973041],[-71.27199999983655,42.757897999895214],[-71.27193000041467,42.757875000057844],[-71.27186799959209,42.757849999737374],[-71.27167799962128,42.757815000327135],[-71.27120599961818,42.757738000103984],[-71.27095500044632,42.75770800017959],[-71.26735400032366,42.757164000042295],[-71.2662150003238,42.75692799968566],[-71.26618600001147,42.756922000151135],[-71.2660889999271,42.75690300030229],[-71.26607600040664,42.75689999987431],[-71.26530800012752,42.756690999823135],[-71.26302599992978,42.75627799990887],[-71.26112000037404,42.75592199970466],[-71.2600900001541,42.755733999749935],[-71.2592669996234,42.754959999858016],[-71.25772900031366,42.7535459997889],[-71.2572880002727,42.75313999990727],[-71.255374000321,42.751384000068704],[-71.25408200016025,42.7503480002726],[-71.25374200040163,42.75007499979685],[-71.24953500038157,42.746236999942525],[-71.24589700044899,42.74289499986476],[-71.24548099962408,42.742514000066336],[-71.24542600027081,42.74254599973771],[-71.24485700018333,42.74271300022886],[-71.24402199995706,42.7429590001172],[-71.24360400038063,42.74308100020929],[-71.23743200035526,42.74489499994652],[-71.23488499984369,42.745192000193995],[-71.23406899988399,42.74528800028956],[-71.23319900039596,42.74539199978553],[-71.23237900023828,42.745488000231056],[-71.2318660002273,42.74554699991575],[-71.22680700026254,42.746137000271105],[-71.22618000044875,42.746211000109426],[-71.22382999958064,42.74648399979196],[-71.2230949998118,42.74632500031154],[-71.22177699971178,42.74604000007287],[-71.21936900001569,42.74550999994116],[-71.21654600021789,42.74490599990773],[-71.21599200019902,42.744780999753495],[-71.21541700026376,42.74465499988649],[-71.2150409996218,42.74457600022149],[-71.21341100025057,42.7442210002171],[-71.21271800031452,42.74407100005954],[-71.21093599970901,42.74368299993888],[-71.21019000006952,42.74351899983792],[-71.20972200026438,42.74341700011945],[-71.20872300000657,42.74320000028952],[-71.20857599969348,42.743169999924945],[-71.20840499998926,42.743131999706186],[-71.20798700041283,42.74304199978956],[-71.2076199999917,42.742961999900636],[-71.20748299972435,42.74293200008058],[-71.20723300037743,42.74287699982309],[-71.20713899976776,42.74285599998776],[-71.20630400043981,42.74267800018691],[-71.20597800002659,42.74260699989027],[-71.20491299964655,42.74237299983302],[-71.20359899974449,42.74208699973658],[-71.20353799964514,42.74207400027063],[-71.20300500044097,42.74195799984034],[-71.20233900026909,42.741813000316775],[-71.2002689997835,42.74136200023603],[-71.19755599959055,42.74077099977637],[-71.19623400019088,42.74048299983175],[-71.19606500013649,42.74044600013359],[-71.19378600031182,42.7399509999623],[-71.19272299958159,42.7397220001175],[-71.19250199964867,42.739673999737434],[-71.18813399997013,42.738720000144454],[-71.18637099963118,42.7383410002062],[-71.18590100017622,42.738240000110245],[-71.18295500035478,42.73759599972564],[-71.18178600021767,42.73734100016633],[-71.18180399976102,42.73759000029918],[-71.18180899978388,42.737668000055685],[-71.18210900025784,42.741948000179846],[-71.18211699975545,42.74206200030445],[-71.18226599971837,42.74419699979404],[-71.18230000005356,42.744669000250894],[-71.18256899966708,42.74851900025325],[-71.18263099959134,42.749396000097136],[-71.18265499988081,42.7497380003131],[-71.18269300041395,42.750262999767685],[-71.18275600016314,42.751006999742835],[-71.18284099965364,42.75201299969467],[-71.18301100043126,42.75402500008286],[-71.1830359996473,42.75430899992175],[-71.18306699960945,42.75467499974569],[-71.18313199990679,42.75544999984543],[-71.18343700040361,42.759065000081726],[-71.18348199971116,42.75959700014919],[-71.1835410001607,42.76029200008279],[-71.18356899974978,42.76062199986023],[-71.1840009995699,42.76571099994243],[-71.18404999997372,42.76628700016584],[-71.18409400035465,42.76679700015233],[-71.18416499960145,42.76763300024141],[-71.184845000017,42.775656999722],[-71.1848719997812,42.77597399980669],[-71.18504900023152,42.77806899977058],[-71.18508000019365,42.77843100006242],[-71.18512700004932,42.77898400010887],[-71.18611700008628,42.79066800003626],[-71.18613899982759,42.79091900023764],[-71.18613999965251,42.79093500010305],[-71.18596999977319,42.79108900032645],[-71.18567100002245,42.79135999999883],[-71.18540999990654,42.79159799974683],[-71.18503800036086,42.79193600030894],[-71.18477800006985,42.79217299980699],[-71.18324800025773,42.793558999850944],[-71.18239799996286,42.79433000006424],[-71.18236700000071,42.79435900007294],[-71.1823300001908,42.79439199997536],[-71.18012599981087,42.79642800032941],[-71.17579099974432,42.80043300001454],[-71.17550700006218,42.80069699985233],[-71.17478800018688,42.801359999713654],[-71.1744319996364,42.801689000298964],[-71.17440300022238,42.801715999778445],[-71.16861000031372,42.80707300018353],[-71.16822600017414,42.80742799990118],[-71.16810099960237,42.807542999920514],[-71.16788800006535,42.80773600025752],[-71.16777000006459,42.807844000070695],[-71.16769200024677,42.80791700025862],[-71.16664699995823,42.808881000230166],[-71.1659900000072,42.80913899985757],[-71.16567600018784,42.809259999728496],[-71.16456700032518,42.80969300011605],[-71.15562799968022,42.813179999924884],[-71.15350500038947,42.81400799987455],[-71.14986200043403,42.81542400009433],[-71.14970599990009,42.81548900018048],[-71.14793900026152,42.816175999884614],[-71.14689300014804,42.816541999833646],[-71.1435170001563,42.81772399990036],[-71.14083900012345,42.818662000154276],[-71.13745200026105,42.81984800012889],[-71.13548800008064,42.82053599971844],[-71.13280500002493,42.8214759998798],[-71.1323160003034,42.82136899969133],[-71.12520199992164,42.819813000175934],[-71.124966999745,42.819760000096515],[-71.12481100010939,42.81972500009379],[-71.12433699955814,42.819618999738665],[-71.12418000009764,42.81958400031499],[-71.11966099990804,42.81857099967603],[-71.11942400008157,42.818517999849824],[-71.11861999981745,42.81833500006352],[-71.11768199965903,42.81812599977471],[-71.11734100007548,42.81804900007982],[-71.1160670003564,42.81776199983311],[-71.11575199981382,42.8176929997818],[-71.11542700012382,42.817621000190535],[-71.11393099974856,42.81728800024904],[-71.11373999995284,42.81724600027745],[-71.11366299995993,42.81722899970037],[-71.1130889998496,42.817100999701395],[-71.1130539996895,42.81709300018686],[-71.11294800028259,42.8170699999295],[-71.11283600012959,42.817044999783285],[-71.11267499957279,42.81700899995031],[-71.1103439998696,42.81648999986488],[-71.10967000020011,42.81634000006481],[-71.10786699967821,42.81593999969776],[-71.10724999991015,42.815802000064686],[-71.10715299982577,42.81578099990727],[-71.1067250002036,42.815687000245],[-71.10488200039703,42.81527600028189],[-71.10446700029532,42.81518399979255],[-71.10373099980326,42.8150199998414],[-71.1027890003452,42.8148139998088],[-71.10256099984126,42.81475900010309],[-71.1021139999525,42.81465999998239],[-71.10180599998094,42.8145920000739],[-71.10005199986281,42.8142009998081],[-71.09974700026429,42.81413300005389],[-71.09933899983527,42.81404299981844],[-71.09848500024076,42.81385299969671],[-71.0972139999964,42.81356999973028],[-71.09510599987595,42.813100999994234],[-71.0948339998894,42.81304099972926],[-71.09319199992427,42.812675000147195],[-71.09214900018385,42.81244299983784],[-71.09150899995126,42.812301000241696],[-71.0912360001398,42.812240000171215],[-71.09120600000256,42.81223299971638],[-71.09111499976596,42.81221300001279],[-71.09057199961775,42.81209299967855],[-71.08752899971192,42.81141599974083],[-71.08729799973324,42.811364999777304],[-71.08220500033161,42.81023200026116],[-71.08187499972041,42.81015799978824],[-71.0814439997252,42.81006299976378],[-71.07996099976873,42.809732999828455],[-71.07972300011737,42.809679999676746],[-71.07801500002999,42.80929999972092],[-71.07237000025933,42.808048000081946],[-71.07216199984687,42.80799799973439],[-71.07070800020273,42.80767399987684],[-71.06867399970211,42.8072209998549],[-71.06735899997514,42.80692999968821],[-71.06722000005797,42.80689900009024],[-71.067031999737,42.80685700031257],[-71.06598999982148,42.806624999928445],[-71.06570600013937,42.80656199997221],[-71.06562999997138,42.80654499975331],[-71.06554899978053,42.80652699974906],[-71.06543199960466,42.80650100017307],[-71.06441599962844,42.80627499979891],[-71.06440700030592,42.80628900007938],[-71.06435299987925,42.80642900007353],[-71.06428500010718,42.80660499972961],[-71.06225599962944,42.81186400022335],[-71.06213799962866,42.81217299992727],[-71.06193099993943,42.812704999805526],[-71.06178899964921,42.81307200020294],[-71.06097299968954,42.81518700003268],[-71.06090699956728,42.815358999939825],[-71.060780000244,42.815687000245],[-71.0607240001675,42.815832999813274],[-71.06067899996167,42.81594999993616],[-71.06067399993879,42.81596400000362],[-71.06065200019748,42.816020999869],[-71.0605979997708,42.81615999995626],[-71.06051800030318,42.816369000300554],[-71.06044999963281,42.81654399973017],[-71.06034800042387,42.81680999989161],[-71.06030300021801,42.8169270001428],[-71.06019799973772,42.81719699972548],[-71.06013800036158,42.8173529996938],[-71.06003799990414,42.81761199982388],[-71.05999699989627,42.817718999924814],[-71.05986999967466,42.81804700023196],[-71.05983799988762,42.81813199996944],[-71.05972099971174,42.81843299998407],[-71.0596470000919,42.81862700018891],[-71.0595900001905,42.81877199982233],[-71.05956599990104,42.81883499986153],[-71.0594289996337,42.81919199974987],[-71.05928499969366,42.81956300012416],[-71.05915099979936,42.81991000016631],[-71.05904399966923,42.820187999676115],[-71.05899000014087,42.82032799983774],[-71.05888200018583,42.820609000080864],[-71.05877699970554,42.820880999814996],[-71.05872599965191,42.82101199985352],[-71.05863899961328,42.82123700020741],[-71.05860000015353,42.82133800008242],[-71.05850499971898,42.82158400007932],[-71.05846000041143,42.82170200005723],[-71.05836300032708,42.82195300021611],[-71.05833300018983,42.82203000032044],[-71.05832700034206,42.822047999766234],[-71.05830600042566,42.82210700032893],[-71.05826600024268,42.82222099988298],[-71.05825399964881,42.82221399989905],[-71.0582250002348,42.82231100007597],[-71.05812999980026,42.82255700015474],[-71.05807100024903,42.822709999902834],[-71.05793900000454,42.823050000183734],[-71.05789999964647,42.82315099973258],[-71.057879999555,42.82320300002955],[-71.05768799993436,42.82370100032931],[-71.05756699956054,42.824012999997265],[-71.05692499967813,42.82567800031369],[-71.0563170001309,42.82725299981343],[-71.05529600013179,42.82989900026094],[-71.05513299992518,42.830330999701985],[-71.05400499979596,42.83328199971637],[-71.05395399974233,42.83336900025869],[-71.04986300007323,42.84028200029175],[-71.04967399992734,42.840604000123214],[-71.04946700023811,42.84095299972899],[-71.0475449998905,42.844212999989466],[-71.04748600033926,42.84431300003804],[-71.0449199995611,42.8486669999432],[-71.04093400037232,42.85173800024861],[-71.03979000034956,42.85261899970383],[-71.03944100037009,42.852887000090526],[-71.03938500029359,42.852929999901775],[-71.03910800028417,42.85314400014062],[-71.0384780000973,42.85362899980204],[-71.03800400044437,42.853994999931984],[-71.03793999997198,42.854060000291454],[-71.03792400007843,42.85406600029079],[-71.03492899985321,42.856353999688245],[-71.03120100040726,42.8590869998415],[-71.03098999962175,42.859121999943504],[-71.02844999968117,42.85954799974506],[-71.02551899992835,42.86013199970173],[-71.02402000007834,42.8604310001788],[-71.02351899976293,42.86053100031036],[-71.02322099983711,42.860578000303065],[-71.02303500006425,42.860607999761335],[-71.02287199985763,42.860634000289714],[-71.02275700022992,42.860652999909114],[-71.02262499998542,42.86067399996689],[-71.01746499973834,42.86150300005168],[-71.01715099991897,42.861552999928065],[-71.01633900015725,42.86168200026491],[-71.01493999986639,42.86188899970624],[-71.01467299990267,42.8619279996855],[-71.01385899959281,42.86204599967534],[-71.01178099960961,42.8623480000284],[-71.01053600020282,42.86252900015114],[-71.00990799966578,42.86261999977962],[-71.00976600027388,42.86264099982678],[-71.00490200030279,42.86334699970112],[-71.00444000034544,42.86341600014549],[-71.00260500003647,42.86368200007766],[-71.00100499990414,42.86391600003087],[-71.00060700041921,42.863973999960905],[-70.99950400040433,42.86413499990109],[-70.99746999990374,42.86444200005894]]]},"properties":{"GEOID":"33015","BASENAME":"Rockingham","STATE":"33","COUNTY":"015","AREALAND":"1801476227","NAME":"Rockingham"}},{"type":"Feature","geometry":{"type":"Polygon","coordinates":[[[-70.83887299973613,43.24449300016003],[-70.83879900011625,43.244589000147116],[-70.83879900011625,43.24466599987065],[-70.83876800015412,43.24471900006572],[-70.83850899968805,43.24529100007626],[-70.8382650001889,43.24571800012926],[-70.83814200016523,43.24602999996728],[-70.83812700009662,43.2464280001593],[-70.83814100034033,43.24648199996855],[-70.83831000039473,43.24699199987763],[-70.83840999995385,43.247208999925824],[-70.838476999901,43.24732700028492],[-70.8385699997874,43.24744200029291],[-70.83881400018488,43.24764100002716],[-70.83905799968404,43.24769400025118],[-70.83974499977231,43.24770999996409],[-70.84040099989843,43.24767899969865],[-70.84067600025804,43.24768700021191],[-70.84094999989442,43.2478389999494],[-70.84095900011526,43.2478579997263],[-70.84108700016176,43.24812900027326],[-70.84107200009316,43.24847999982693],[-70.84080900032743,43.249462999814035],[-70.8406469999457,43.249674000194645],[-70.84033399995128,43.25007899989745],[-70.84001500010905,43.25040000023027],[-70.83997300027625,43.250426000242285],[-70.83959199961143,43.25069999979465],[-70.83950100027315,43.25088299982402],[-70.839470000311,43.25108200009353],[-70.8395129999687,43.25118499980342],[-70.83954700030391,43.25126999973775],[-70.83957599971791,43.251341000315506],[-70.83977499990952,43.25166199988567],[-70.84032499973044,43.2521960000268],[-70.84078199966493,43.25260800009952],[-70.84108700016176,43.25284399995279],[-70.84174300028788,43.25340099976439],[-70.84223200000943,43.253790000125996],[-70.84252200043767,43.25400399970952],[-70.84282700003617,43.25422499979249],[-70.84314699970332,43.25436200000965],[-70.84345200020014,43.254438999810176],[-70.84384999968512,43.254538000251785],[-70.8443989996811,43.25461400012476],[-70.84490199964635,43.2546980001495],[-70.84558899973462,43.25485099975665],[-70.8460320003237,43.25495000018273],[-70.84642999980866,43.255041999945426],[-70.84681200029839,43.255121999939],[-70.84685999997896,43.255128999778044],[-70.84720700030861,43.25516299991949],[-70.84735799992134,43.255188999860906],[-70.84738999970838,43.25519400030129],[-70.84757300000649,43.25522400031809],[-70.84888500025873,43.25552999977608],[-70.84929699998739,43.255666999674375],[-70.85001400021287,43.255911000191254],[-70.85065500027038,43.256146999675245],[-70.85103699986178,43.25633100002452],[-70.85115300021275,43.25638300020731],[-70.85178400022451,43.25666600009677],[-70.85208899982304,43.25672700029826],[-70.85242500028201,43.256749999907925],[-70.85271499981192,43.25667400008374],[-70.85306600033952,43.256498999800925],[-70.85338600000667,43.25627699978766],[-70.85367600043489,43.25601800027579],[-70.8539659999648,43.25578900005503],[-70.85430200042377,43.255514000154676],[-70.85446999975495,43.2553689997548],[-70.85478799977227,43.25517199979979],[-70.85510999998755,43.25505699999312],[-70.85541799995912,43.25511100000337],[-70.85579700007581,43.25520900031153],[-70.85619399973584,43.255391999877325],[-70.85663700032494,43.255514000154676],[-70.85712500022159,43.25565900020932],[-70.85745999995733,43.25581200001898],[-70.85755500039188,43.25586899972151],[-70.85781899998253,43.256031000065384],[-70.8578469995716,43.25605199992088],[-70.85788699975458,43.25608099983406],[-70.85814200002272,43.25626699973851],[-70.85818600040365,43.256298000212574],[-70.85848299960625,43.25647600009646],[-70.85913899973238,43.256994000010636],[-70.85938399995476,43.25721600002684],[-70.85956600042795,43.257474999677044],[-70.85971899969051,43.2576890000497],[-70.859738999782,43.25774900022707],[-70.85975100037588,43.25778199990685],[-70.8598369996913,43.258025000150624],[-70.85983000001858,43.25834900005741],[-70.85981499994998,43.25887599972642],[-70.85983000001858,43.25897500015097],[-70.8598529995848,43.259631999781455],[-70.8598529995848,43.25969700007746],[-70.8598860000951,43.25993200031701],[-70.85991200003436,43.260021000246056],[-70.85991799988213,43.26004000014794],[-70.85997399995864,43.260215000066964],[-70.86006099999727,43.260477000179314],[-70.8600779997157,43.26052900009252],[-70.86028299975511,43.26079400028118],[-70.86048199994676,43.261029999811456],[-70.86057599965808,43.26127300017649],[-70.86065799967385,43.26147800002903],[-70.8607170001234,43.26180100029159],[-70.86075099956027,43.26197500014411],[-70.86075599958313,43.261998999971965],[-70.86078800026851,43.262334999839254],[-70.86084000014704,43.262603000047186],[-70.86084799964465,43.26264799982484],[-70.86096999984339,43.26286100010921],[-70.861245000203,43.26314399998221],[-70.86137300024951,43.26325799999852],[-70.86145899956493,43.26333400010886],[-70.86174899999315,43.263539999775944],[-70.86183900040483,43.263555999905044],[-70.86223699988979,43.26382999991048],[-70.86238900022576,43.26400600026142],[-70.86243299970836,43.26408500004907],[-70.86244799977698,43.26410999990254],[-70.8625680003259,43.26448199980631],[-70.86264000029591,43.26460499972813],[-70.8628930000159,43.26479899998781],[-70.86318199972091,43.26492099973335],[-70.86357900027923,43.2650739998193],[-70.86376199967904,43.26521900000331],[-70.86403700003865,43.26542499983324],[-70.86447800007961,43.26561500003643],[-70.86495199973254,43.265722000075755],[-70.86561299988153,43.26578399988405],[-70.86588400004318,43.26584399993389],[-70.86629599977184,43.26584399993389],[-70.86673799963772,43.26583700001834],[-70.86702800006593,43.26579899990204],[-70.86710500005883,43.26578299970831],[-70.86731799959584,43.265738000285516],[-70.86783700035294,43.265722000075755],[-70.86838700017384,43.26573000018116],[-70.86904300029995,43.265805999821964],[-70.86936299996711,43.2658670000245],[-70.8697439997336,43.26596699972026],[-70.87006500012397,43.2661340002131],[-70.87027799966097,43.26630199976092],[-70.87050699998984,43.26647000015331],[-70.87062699964045,43.26666200003402],[-70.87067000019648,43.26672400019324],[-70.87075100038732,43.266806000201264],[-70.87090399964988,43.26714900012246],[-70.87115399989513,43.26747799996619],[-70.87124599995664,43.267596000299996],[-70.87139200044483,43.26770599990627],[-70.87162099987536,43.267865999870686],[-70.87194100044083,43.26801099994527],[-70.87227700000149,43.26819400028172],[-70.8725520003611,43.26839999985558],[-70.87273499976088,43.26862200014637],[-70.87276300024828,43.268664000322474],[-70.87284199989101,43.26878200031941],[-70.87284199989101,43.268933999734486],[-70.87273499976088,43.26913299988382],[-70.87265899959291,43.26977299987447],[-70.87271999969228,43.27001800022057],[-70.87272399989024,43.27002699986744],[-70.87310300000692,43.2706899998454],[-70.87322299965751,43.270848999722375],[-70.87337599981839,43.27106300018045],[-70.87338699968906,43.2710749999393],[-70.87360500014725,43.27131499985286],[-70.87386399971503,43.271612000136244],[-70.87429100041061,43.27185600019855],[-70.87440799968816,43.27188499977904],[-70.87450599959745,43.271909999699496],[-70.87554300038839,43.272223000162946],[-70.87577199981892,43.2722759999232],[-70.87622899975342,43.27235199989388],[-70.8768399996737,43.27244400017885],[-70.87741200013421,43.27246799980374],[-70.87755699989918,43.27247400019905],[-70.87827400012466,43.27253500025996],[-70.87890000011356,43.27247400019905],[-70.87908300041167,43.2724969997467],[-70.87929599994868,43.27246699973783],[-70.87944900010955,43.27242899983614],[-70.8798459997696,43.272359999781976],[-70.88045599986495,43.27232900029143],[-70.88062400009444,43.27232199981353],[-70.8808679995936,43.272367000255514],[-70.88115800002184,43.27244400017885],[-70.88143300038145,43.2724969997467],[-70.8815990000628,43.272512000072595],[-70.88161400013142,43.272514000202975],[-70.88164000007069,43.27251599967925],[-70.88183000004149,43.27253500025996],[-70.8820280004082,43.272512000072595],[-70.88218099967075,43.27253500025996],[-70.88266899956739,43.272779999952895],[-70.88277599969751,43.27283299988216],[-70.88295899999561,43.27296299968602],[-70.88309600026297,43.27303100030803],[-70.88334099958703,43.273230000143144],[-70.88346199996087,43.273542000310094],[-70.88356900009099,43.27379400018284],[-70.88361500012174,43.27403799999966],[-70.8835840001596,43.27441200012509],[-70.88365799977944,43.274891000130744],[-70.88366700000027,43.274948000284546],[-70.88373700032048,43.275404000247036],[-70.88380900029048,43.276006000067476],[-70.88381299959013,43.27604899973331],[-70.88379800041984,43.27635799983026],[-70.88380000006967,43.276370999854976],[-70.88384399955228,43.276645999726966],[-70.88381299959013,43.277159000090684],[-70.88376699955938,43.27735700017578],[-70.88353899995376,43.27789899976214],[-70.88318699960126,43.27823400018492],[-70.88297400006422,43.278341000276924],[-70.8827749998726,43.27843999978489],[-70.88273600041286,43.27850199971847],[-70.88272600036711,43.278518999805236],[-70.882683999636,43.27858500017403],[-70.88262300043496,43.27870000001145],[-70.88262300043496,43.27881400032386],[-70.88265400039708,43.27891299971629],[-70.88275999980398,43.27897499982181],[-70.88289799989624,43.278989999858965],[-70.88390499965165,43.27929500024827],[-70.88428700014138,43.27946300009274],[-70.88437800037798,43.27946300009274],[-70.88471300011372,43.279646000002764],[-70.88507999963653,43.279776000294184],[-70.88546200012627,43.28001200013349],[-70.88556800043149,43.280088000252675],[-70.88573599976266,43.28038600016555],[-70.88574900018146,43.28043800007541],[-70.88584299989279,43.280813000033525],[-70.88584299989279,43.28108800010339],[-70.88575099983127,43.28128599982874],[-70.88561399956392,43.28145400006143],[-70.8851259996673,43.281889000224886],[-70.88466799990789,43.28219399981511],[-70.88462199987714,43.28220899971259],[-70.88381299959013,43.28281200011598],[-70.88360000005312,43.283087000305635],[-70.88353899995376,43.28324699972505],[-70.88355400002237,43.28337700016963],[-70.88361500012174,43.28343799976437],[-70.88424000028571,43.283537000134224],[-70.88443899957903,43.28346800025015],[-70.88491200030538,43.28331599985978],[-70.88541500027061,43.28296499969717],[-70.88562899963254,43.28285000007354],[-70.88593400012937,43.282766000307696],[-70.88629999982727,43.28271299987419],[-70.886682000317,43.282690000263976],[-70.88720000035086,43.28271999981071],[-70.88756699987367,43.28279699971316],[-70.88799399967094,43.28289599981826],[-70.888513000428,43.28307899986583],[-70.88900100032464,43.283292999823566],[-70.88990199977482,43.2837960002804],[-70.8902370004089,43.283917999876294],[-70.8904209996336,43.283971999790865],[-70.89072600013046,43.28413899992569],[-70.89147299959484,43.28431499975173],[-70.8922359998511,43.28448999985416],[-70.89267900044018,43.28451300009178],[-70.8930750002753,43.28445200026705],[-70.89328899963725,43.28447499986508],[-70.89386899959537,43.28474200016355],[-70.89452600044471,43.28499400008297],[-70.89489100031768,43.28513099972309],[-70.89524199994698,43.28517699970491],[-70.89565399967564,43.28519200017478],[-70.89627999966451,43.285230999809755],[-70.89673800032223,43.28534500030967],[-70.89695099985924,43.285489999936985],[-70.89706999968494,43.28566300023079],[-70.89729999983871,43.2861459999662],[-70.89742500041051,43.28642800028867],[-70.89768399997827,43.286802000114164],[-70.89803499960755,43.28716100027516],[-70.89837100006653,43.28734399991713],[-70.89844700023451,43.28735899985268],[-70.89849200044034,43.287373999784485],[-70.89866099959644,43.28734399991713],[-70.89878299979517,43.287298000266176],[-70.89880299988666,43.28730399985301],[-70.8989810001619,43.28735899985268],[-70.89920999959244,43.287527000316395],[-70.89923499970679,43.28757100015877],[-70.89928599976044,43.28765700011546],[-70.89928699958533,43.28766700023938],[-70.89931400024781,43.28786699975728],[-70.89931699972257,43.28788699993447],[-70.89928599976044,43.288008000016085],[-70.89896600009328,43.28854199981407],[-70.89879700003888,43.28896100031369],[-70.89873699976442,43.28905299968113],[-70.89844700023451,43.289654999811944],[-70.89838500031024,43.289914999844314],[-70.89826300011148,43.29073099989053],[-70.89824800004287,43.29094499973807],[-70.89811099977554,43.29126499997528],[-70.89800500036863,43.29136499978582],[-70.89760799981029,43.291563000063405],[-70.89727200024963,43.29167699981193],[-70.8971500000509,43.29169199998663],[-70.8969049998285,43.29178399980018],[-70.89649800012272,43.2918899998535],[-70.89641699993187,43.29195199981135],[-70.89632599969526,43.29210400020001],[-70.89631099962668,43.292249000061794],[-70.89637199972603,43.292317999793475],[-70.89644799989401,43.29233299981008],[-70.89657000009275,43.29239400023178],[-70.89669200029148,43.29243299982617],[-70.89705999963921,43.29256499972643],[-70.89724100028748,43.29266099977114],[-70.89731800028038,43.2927219998638],[-70.89782100024563,43.292684000188395],[-70.89821799990565,43.292516999974175],[-70.89879700003888,43.29215800004013],[-70.89896600009328,43.29205100005601],[-70.89965200035662,43.29168499977483],[-70.89983499975642,43.29163900013745],[-70.90029300041414,43.291455999686335],[-70.90042999978316,43.29142599987073],[-70.90099499967269,43.29138000003747],[-70.90178800006616,43.29133400016946],[-70.90192600015841,43.29134899977489],[-70.90209299966469,43.29140300028537],[-70.90226099989418,43.29141799987378],[-70.90264300038393,43.291631999919545],[-70.90293299991382,43.291891000254054],[-70.90310100014332,43.29208199996077],[-70.90349699997844,43.2923709997048],[-70.90366500020792,43.29237900023023],[-70.9038030003002,43.29232600032587],[-70.90387899956984,43.292043000141305],[-70.90395599956275,43.29153199989409],[-70.90404500014952,43.29130700021653],[-70.90418400006669,43.291235000065434],[-70.90435200029619,43.291211999754005],[-70.9052329996549,43.291332999759746],[-70.9059089998725,43.291539999876015],[-70.90656400017372,43.29203599996985],[-70.90683899963501,43.29246299979896],[-70.90714499995676,43.29278299989533],[-70.90715699965232,43.292802999763694],[-70.9074789998676,43.293329000218016],[-70.907435000385,43.29364599987339],[-70.90737299956238,43.293737000283905],[-70.90728200022411,43.29376799998312],[-70.9068539997036,43.29373000030748],[-70.90656499999861,43.293836000238194],[-70.906289999639,43.29390500013081],[-70.9061680003386,43.293973999945194],[-70.90606200003337,43.29411100028267],[-70.9060150001777,43.29434799979406],[-70.90589299997897,43.294721000257944],[-70.90548100025032,43.295530000127584],[-70.90531399984575,43.29572799992155],[-70.90509999958549,43.29595700026938],[-70.9048100000556,43.296132999899235],[-70.90442799956585,43.29639200002554],[-70.9041079998987,43.29666700028],[-70.90393999966922,43.29678100026806],[-70.90365400033728,43.29690899991972],[-70.90288699988307,43.29713999971753],[-70.90249000022305,43.297216000013876],[-70.90162099966159,43.29733099993762],[-70.90114799983357,43.29739900013129],[-70.90055299980683,43.29744499998846],[-70.90021700024616,43.297338000153346],[-70.89981999968781,43.29725400012645],[-70.89942300002777,43.29715499985235],[-70.89855400036464,43.29697200030823],[-70.89824300002002,43.29682400028839],[-70.89776000014625,43.29672000032397],[-70.89771499994039,43.29681700001345],[-70.89760699998537,43.297116999677954],[-70.89746999971803,43.297269999891455],[-70.89705799998939,43.297460000048034],[-70.89687499969128,43.29756700032228],[-70.89684499955405,43.297635999904315],[-70.89653900013062,43.29791000011538],[-70.89637500009907,43.298289000116505],[-70.89631099962668,43.29843699983955],[-70.8963409997639,43.29855099977818],[-70.89658500016137,43.29876500022134],[-70.8970880001266,43.299017000229604],[-70.89746999971803,43.299070000186646],[-70.8978830001699,43.299040000204336],[-70.8981869999435,43.299070000186646],[-70.89875199983304,43.29920700015756],[-70.89885899996315,43.29923799968343],[-70.89919500042214,43.29954299989122],[-70.89917899963031,43.29981800027806],[-70.89914799966816,43.29986299999712],[-70.89911800042925,43.30025299987171],[-70.89912199972889,43.300269999764076],[-70.8991309999497,43.30030799992933],[-70.89919500042214,43.30059600020324],[-70.89923999972966,43.30076400005995],[-70.89953000015788,43.30107699983894],[-70.89974400041814,43.30112199993367],[-70.9003689996838,43.3011600002202],[-70.9009529998399,43.30112300018241],[-70.9015589997373,43.30119100005786],[-70.90192600015841,43.30127499987591],[-70.90204800035715,43.30135900023172],[-70.90207799959609,43.30152699994134],[-70.90189500019628,43.301900999752455],[-70.90146800039902,43.30251100003164],[-70.90143700043689,43.30284699981121],[-70.90168199976097,43.3030829997057],[-70.9020020003264,43.30335799977053],[-70.9022769997877,43.303739000217625],[-70.90255200014731,43.30421200020771],[-70.90259700035317,43.30433400003793],[-70.90261300024669,43.30480699997457],[-70.9025360002538,43.30503600012261],[-70.90252100018517,43.30546300018717],[-70.90258200028455,43.305586000296884],[-70.90288799970799,43.30575299992003],[-70.90304000004394,43.305807000060135],[-70.90321400012122,43.30588100029523],[-70.9035439998341,43.306020000290225],[-70.90368100010146,43.30614999978155],[-70.90372600030729,43.30628700014138],[-70.90418400006669,43.306515999943706],[-70.9042760001282,43.306515999943706],[-70.90453700024412,43.30648400004602],[-70.90470399975038,43.3064629999406],[-70.9048250001242,43.306416999715374],[-70.90525299974638,43.306111999999224],[-70.90532700026453,43.306028999841566],[-70.9056489995815,43.3057840000305],[-70.90598500004049,43.30540199980126],[-70.90619900030073,43.3051049997269],[-70.9065359996863,43.30468499978613],[-70.90658099989214,43.30467499984559],[-70.90670200026598,43.30464699974174],[-70.90683899963501,43.30464699974174],[-70.90703700000172,43.30466199998576],[-70.90711399999462,43.30469299999891],[-70.90715900020045,43.30473900022128],[-70.90729700029271,43.30479199976638],[-70.90770900002136,43.30499000012499],[-70.90799899955128,43.305189000020526],[-70.9085490002705,43.305478999753134],[-70.90861000036988,43.305546999986106],[-70.90859399957803,43.30572999987001],[-70.90870099970815,43.305891000037434],[-70.90909700044158,43.306211000070526],[-70.90932599987212,43.30630999998064],[-70.90977000028614,43.30654700031878],[-70.90990699965518,43.30669900017894],[-70.91048599978839,43.306859999741036],[-70.91057799984992,43.306867000167074],[-70.91088300034676,43.30697400022871],[-70.91123399997603,43.30711100003882],[-70.91153899957455,43.30715699973887],[-70.9117520000099,43.30728700006704],[-70.91213399960132,43.307400999753945],[-70.91260700032765,43.307583999939595],[-70.912668000427,43.307683999715366],[-70.91274600024481,43.30793399974246],[-70.91279099955236,43.30807999990501],[-70.91292799981969,43.30822500023875],[-70.9131110001178,43.30838500020551],[-70.91324800038515,43.308468999888746],[-70.91352299984645,43.30859199979913],[-70.91375200017531,43.30889700014518],[-70.9138070004269,43.30906200024097],[-70.9138280003433,43.30912499980283],[-70.91384300041189,43.30932399988878],[-70.91381300027467,43.30940800023533],[-70.91370600014454,43.30948400023096],[-70.91359900001444,43.30950700016792],[-70.91345199970134,43.30955099979569],[-70.91321800024791,43.30955300001567],[-70.91272899962806,43.30950700016792],[-70.91253100015966,43.30949199981215],[-70.91207300040026,43.30935400002585],[-70.91189000010216,43.30936200027783],[-70.91170699980405,43.309431000201045],[-70.911570000435,43.30958300003976],[-70.91140200020553,43.30990399969726],[-70.91131000014401,43.31023899969665],[-70.9112950000754,43.310438000057204],[-70.91166099977329,43.31100200027829],[-70.91205800033164,43.31145200012212],[-70.91245499999168,43.311863999793985],[-70.9124909999767,43.31190099983091],[-70.91268400032054,43.312101000046916],[-70.91280599962096,43.31236000012965],[-70.91300399998767,43.31258200016248],[-70.91358399994581,43.31323800013161],[-70.91396499971232,43.31374899967401],[-70.91437700033929,43.314251999887766],[-70.91515499976583,43.31498499980628],[-70.91529299985808,43.31509900008787],[-70.91536900002606,43.31521400017248],[-70.91536900002606,43.315295000175354],[-70.9153999999882,43.3154119999162],[-70.91535399995745,43.31546499995934],[-70.91488100012945,43.31556499984081],[-70.91462400021149,43.315595000165295],[-70.91416399990393,43.315678999687954],[-70.91384300041189,43.31574000021777],[-70.91376700024392,43.31577799986329],[-70.91268299959731,43.315938000208455],[-70.91253100015966,43.315938000208455],[-70.91234799986155,43.31586999983547],[-70.91211900043102,43.31579299997483],[-70.91193799978272,43.31571800003376],[-70.91179800004065,43.315733000160115],[-70.91166099977329,43.31589299997015],[-70.9116759998419,43.31615200023212],[-70.91167699966682,43.316289000270054],[-70.91172199987265,43.31632000023578],[-70.91181399993417,43.31631200024614],[-70.91196600027014,43.31634300020015],[-70.9128369995831,43.31667899999399],[-70.91315700014854,43.31689999994651],[-70.91336999968557,43.31711299986467],[-70.91348699986143,43.317550999817186],[-70.91349199988431,43.3175720000131],[-70.91347699981569,43.31768600001654],[-70.91355399980858,43.318189000321524],[-70.91350699995293,43.3182809999113],[-70.91336999968557,43.31834199978983],[-70.91297300002553,43.31830399978699],[-70.91251600009105,43.31834199978983],[-70.91220499974642,43.318493000254264],[-70.91202800019441,43.31857800030731],[-70.91179800004065,43.318746000139335],[-70.91163099963607,43.318899000165786],[-70.91138700013691,43.31931099967548],[-70.91134000028123,43.31947099986778],[-70.91141700027414,43.31972300031292],[-70.91169199973544,43.319752999891705],[-70.91179800004065,43.31974600029629],[-70.91228599993727,43.31976799967552],[-70.91288199978894,43.31968399992337],[-70.91332399965482,43.31972300031292],[-70.9139499996437,43.31967700032001],[-70.91443800043865,43.319715000117746],[-70.91498200041178,43.31966900011877],[-70.91506400042753,43.31966199986016],[-70.91533899988885,43.31966099991648],[-70.91607100018294,43.319631000292276],[-70.91636099971285,43.31969200012259],[-70.9165749999731,43.31979899982708],[-70.91680299957874,43.319973999774355],[-70.91687999957162,43.3201420003214],[-70.916940999671,43.32020300029225],[-70.91698900024988,43.32034100027888],[-70.91709399983188,43.32095199973074],[-70.91689499964025,43.32137799982154],[-70.91680400030197,43.32147699986134],[-70.91676499994391,43.32155999983637],[-70.9167580002712,43.32157300000331],[-70.91660500011032,43.3218970000978],[-70.91669600034693,43.32203400025336],[-70.91680400030197,43.32207199988398],[-70.91706299986973,43.32208800030612],[-70.91744500035946,43.321988000049544],[-70.9176729999651,43.321973000160206],[-70.91797099989093,43.32190599991236],[-70.91880299974413,43.32178300015266],[-70.9193219996029,43.32161500022192],[-70.91948900000749,43.32149299978657],[-70.92009900010285,43.321164999822734],[-70.92020700005789,43.321141999722975],[-70.92035900039386,43.321210000078004],[-70.92037399956415,43.32126400020961],[-70.92037399956415,43.32150799979442],[-70.92020700005789,43.32184299987527],[-70.9197640003671,43.32205000003191],[-70.91923000043971,43.32233199984925],[-70.9184050002592,43.32271300030452],[-70.91825399974815,43.323056999920254],[-70.91837500012196,43.32335399984353],[-70.91883299988137,43.32393399972325],[-70.91884499957692,43.323957999945996],[-70.91885899982064,43.32398700017529],[-70.91886499966843,43.323999999822895],[-70.91897000014872,43.324215999944634],[-70.9191230003096,43.32439899981896],[-70.91915400027173,43.324445000157745],[-70.919320999778,43.3244680003141],[-70.91987099959891,43.324407000050826],[-70.92087800025261,43.32408699975552],[-70.92165599967916,43.32385800015342],[-70.92183899997727,43.323812000023665],[-70.92217500043624,43.3236360001432],[-70.92235799983604,43.32347599980939],[-70.9228619996262,43.32326999982105],[-70.92301399996215,43.32325500024828],[-70.92353299982092,43.32332400008226],[-70.92365500001966,43.32340000032013],[-70.92438700031376,43.323849999849244],[-70.92463199963784,43.324070999859906],[-70.92473899976795,43.32422400020061],[-70.92492700008893,43.32437899988808],[-70.92495200020329,43.32439899981896],[-70.92504300043987,43.324590000003305],[-70.92501300030267,43.324704999769935],[-70.92483000000456,43.32501699992686],[-70.92475399983657,43.32507099994216],[-70.9241579999849,43.32520000000223],[-70.92403599978617,43.32518500025249],[-70.92368500015688,43.32526100012267],[-70.92333500035251,43.3253989997299],[-70.92299899989354,43.325604999687336],[-70.92283099966404,43.32582599984838],[-70.92281800014358,43.32585800001799],[-70.92280100042515,43.32590200022362],[-70.92281599959546,43.3260320003183],[-70.92287699969481,43.3261079997823],[-70.92292299972556,43.32616200013473],[-70.92310600002365,43.32620799979201],[-70.92321300015378,43.32616200013473],[-70.92333500035251,43.32609300025677],[-70.9234259996908,43.32603999968162],[-70.92364199960087,43.3258650002162],[-70.92386900027991,43.32568099968557],[-70.9240669997483,43.325657999988515],[-70.92547100006205,43.32575000003156],[-70.92575999976705,43.32580300020618],[-70.92621900024969,43.32597100031858],[-70.92634100044843,43.3260469998589],[-70.92638599975595,43.32636000014504],[-70.92630999958797,43.32645199977839],[-70.92536399993195,43.32661200011584],[-70.9244180002759,43.3267799999512],[-70.92428100000855,43.32687099977698],[-70.92418899994703,43.32697799990754],[-70.92420400001566,43.32729899982191],[-70.92428000018364,43.32737500031464],[-70.9244180002759,43.32745100005878],[-70.92486000014178,43.327581000105816],[-70.92510399964094,43.32759599991742],[-70.92554700023004,43.32774100008334],[-70.9259740000273,43.32777900006508],[-70.92602099988297,43.327824999804825],[-70.92641699971809,43.32792399979416],[-70.92716400008081,43.328191000129365],[-70.92792800016196,43.32845799994443],[-70.92821699986695,43.32858799979661],[-70.92861400042531,43.32872499989269],[-70.92913300028408,43.32885499982693],[-70.92957599997486,43.328923999834785],[-70.93040000033048,43.32914499968286],[-70.93067399996686,43.32931299970058],[-70.9308880002271,43.32954900007638],[-70.9310709996269,43.329792999711195],[-70.93117799975703,43.33016700006605],[-70.93129999995575,43.33063299991351],[-70.93132500007012,43.33064900004111],[-70.93165099958505,43.330860999700135],[-70.9317119996844,43.33097600001004],[-70.93165099958505,43.3311440001907],[-70.93143700022311,43.33118999999578],[-70.93123899985638,43.331418000305135],[-70.93119299982563,43.33157899972426],[-70.93126899999362,43.33170799968545],[-70.93159000038399,43.33206699999921],[-70.93168099972226,43.33225699985978],[-70.9317889996773,43.33247899972801],[-70.93181299996672,43.33262100015415],[-70.9318179999896,43.332653999740906],[-70.93183399988314,43.33275400008194],[-70.93180299992099,43.33291400015439],[-70.93175799971516,43.332997999909324],[-70.93149800032248,43.33309699996144],[-70.93134799963633,43.33315700027088],[-70.93122299996287,43.33322599996538],[-70.93122700016083,43.33325100015731],[-70.93123899985638,43.333326000017976],[-70.93133099991789,43.33337900011628],[-70.93148300025386,43.33335600006695],[-70.93162299999594,43.333363000054476],[-70.93181100031691,43.33340000006847],[-70.93190300037843,43.333425999905856],[-70.93192599994465,43.333432000168344],[-70.93203300007477,43.33350899989034],[-70.93212400031135,43.33364599999443],[-70.9321410000298,43.333698999813485],[-70.93215100007554,43.33375799981655],[-70.93212299958815,43.33385200007951],[-70.93211099989256,43.333913000005545],[-70.93206200038709,43.33416500000372],[-70.93210900024275,43.33428699981903],[-70.9321689996189,43.33433299985715],[-70.93235299974191,43.33436300006208],[-70.9329019997379,43.33449299968998],[-70.93326900015902,43.3346529997546],[-70.93333299973312,43.33469399972785],[-70.93366499999415,43.33490499994903],[-70.93381800015503,43.335027000237915],[-70.93395500042239,43.33536299993781],[-70.93383300022363,43.33552300032375],[-70.93340600042637,43.33575900009092],[-70.9332530002655,43.3357670001334],[-70.93278000043749,43.33571400015904],[-70.93259700013938,43.33559100026214],[-70.93224599961178,43.33544700022568],[-70.93195600008187,43.33536999969399],[-70.93166599965363,43.33540099972459],[-70.9313459999865,43.33551500024913],[-70.93114799961978,43.33559899967335],[-70.93094900032646,43.33572899992224],[-70.93076600002836,43.33603399996655],[-70.9307960001656,43.336163999937526],[-70.93084200019635,43.33627799968306],[-70.93117799975703,43.33654499988285],[-70.93181899981452,43.3368120002154],[-70.93210900024275,43.33688099967733],[-70.93252000014647,43.337117000047044],[-70.93282599956993,43.337223999768554],[-70.93317700009752,43.33725500015945],[-70.93342099959668,43.33720099986877],[-70.93415299989078,43.33730099990942],[-70.93503800034576,43.33724000011982],[-70.93583199966582,43.337392000306394],[-70.93605299959877,43.337387000087105],[-70.93615300005618,43.33738399982463],[-70.93630500039214,43.33742299995814],[-70.93680900018231,43.33744500012295],[-70.93702199971933,43.33749099972898],[-70.93749500044565,43.337536999953535],[-70.93766299977682,43.33748400021728],[-70.9379980004109,43.33720099986877],[-70.93808799992428,43.33714900014841],[-70.93859300043765,43.337025999891324],[-70.93876099976882,43.33688500027817],[-70.93912800018994,43.33642300003018],[-70.9394629999257,43.336269999707866],[-70.93963199998011,43.336095000314266],[-70.93988999972298,43.33567500023464],[-70.93996699971586,43.33554600020577],[-70.94005799995246,43.33544700022568],[-70.94010499980811,43.33543799980366],[-70.94018099997609,43.33542400030617],[-70.94080600014009,43.33544700022568],[-70.94111099973861,43.33550799985631],[-70.9413710000296,43.33550799985631],[-70.94156500019835,43.33544100016228],[-70.94165600043496,43.33538900024156],[-70.94182899978901,43.335294000057786],[-70.94199700001847,43.33521000021167],[-70.94227099965488,43.33520299978364],[-70.94251599987726,43.33521000021167],[-70.942850999613,43.33533999998648],[-70.94306499987326,43.335408999814234],[-70.94320200014062,43.33540099972459],[-70.94344599963978,43.33536299993781],[-70.944208999896,43.335294000057786],[-70.94468300044724,43.335118999811655],[-70.94486500002213,43.33515699975112],[-70.94512399958991,43.33558399987804],[-70.94526199968216,43.335720999874766],[-70.94542999991165,43.335836000129355],[-70.94578100043924,43.3359730002109],[-70.94618899996993,43.3360259999592],[-70.94630000029802,43.335987999910124],[-70.94642199959844,43.33584299983102],[-70.94655899986579,43.33549199970202],[-70.9465739999344,43.335281000213634],[-70.94657099956136,43.335271000080326],[-70.94649199991863,43.334902000217326],[-70.94648799972067,43.33487799974488],[-70.9464819998729,43.334851999875745],[-70.94652899972854,43.334751999722364],[-70.94675700023251,43.334714000182814],[-70.9469549997009,43.334744999894944],[-70.94736800015279,43.334928000065105],[-70.94738400004631,43.33493600021706],[-70.9474250000542,43.334953999901714],[-70.94756700034442,43.33501900009795],[-70.94788600018664,43.335149000281696],[-70.94816099964794,43.33522500009936],[-70.94858900016844,43.33543900014106],[-70.94868000040502,43.33544700022568],[-70.9492910003253,43.33559899967335],[-70.94982400042778,43.33568300028817],[-70.95014499991983,43.33570600010954],[-70.95049600044743,43.33559899967335],[-70.95063299981645,43.33543900014106],[-70.95080199987086,43.33505000030773],[-70.9509390001382,43.334966000124105],[-70.95131999990471,43.33501900009795],[-70.9516859996026,43.334989000217085],[-70.95199199992437,43.33493499987144],[-70.9521290001917,43.33486699985187],[-70.952479999821,43.33461500015316],[-70.95260200001972,43.33442400012819],[-70.95252599985174,43.33402799976362],[-70.95243499961514,43.333915000077035],[-70.9522970004212,43.33352400019819],[-70.95234299955364,43.33342500018878],[-70.95250999995822,43.33335600006695],[-70.95287700037935,43.333402000156866],[-70.95327300021447,43.333584999800266],[-70.95391400027196,43.333951000046255],[-70.95429500003847,43.334073000291525],[-70.95472299966065,43.33418000014953],[-70.95525699958803,43.33412700009686],[-70.95543999988614,43.3340809999027],[-70.95585199961478,43.33399699968549],[-70.9562330002796,43.33411100023212],[-70.95649199984739,43.33428699981903],[-70.95692000036787,43.33473699971784],[-70.95709299972191,43.335317000026485],[-70.95711799983627,43.33540099972459],[-70.95713299990487,43.33572899992224],[-70.95711899966118,43.336255000078296],[-70.95712200003425,43.336273999695614],[-70.9571260002322,43.3363029999253],[-70.95728600006575,43.33738500012992],[-70.95737700030236,43.33768999969691],[-70.95749899960278,43.33801999988072],[-70.9575060001738,43.338039000252486],[-70.95762099980152,43.338336999734516],[-70.95770700001525,43.338504999806375],[-70.95771799988589,43.3385279998656],[-70.95794300001678,43.33895600008827],[-70.9579570002605,43.33898499969047],[-70.95798900004755,43.33904800024286],[-70.95806500021553,43.339199999823634],[-70.95843099991343,43.33973400013965],[-70.95859900014291,43.34011600015874],[-70.95925500026902,43.34061900029428],[-70.95936099967592,43.34074900024914],[-70.95949899976819,43.34097800019616],[-70.9597880003715,43.34119899995364],[-70.96029299998656,43.34146600007466],[-70.96073099965447,43.341571000152896],[-70.96093300021917,43.341618999717504],[-70.96154300031452,43.34172499976492],[-70.96163500037605,43.341725999998744],[-70.9619709999367,43.34180200007783],[-70.9624289996961,43.34179400017714],[-70.96284100032307,43.34166500008132],[-70.96291699959274,43.341626000059186],[-70.96290200042245,43.34149700025974],[-70.9626739999185,43.341278999697145],[-70.96267200026865,43.3412020000276],[-70.96273400019295,43.34099299996571],[-70.96283899977493,43.34095700025126],[-70.96326800012032,43.34088599969931],[-70.96339000031907,43.340909000163236],[-70.96349599972596,43.34097800019616],[-70.96370999998621,43.341328999973285],[-70.96393900031505,43.34167199976437],[-70.96413799960838,43.34213000032499],[-70.96421399977635,43.342565000215906],[-70.96421700014942,43.342583000252404],[-70.96424399991359,43.342778000305366],[-70.96427499987573,43.343136999853726],[-70.96430599983786,43.3432209998401],[-70.96447300024245,43.34324400007275],[-70.96456500030395,43.34322799999706],[-70.96490099986462,43.34329700000765],[-70.96552699985352,43.34331199985752],[-70.96614600016972,43.343235999708796],[-70.96651900043861,43.34318999988199],[-70.96667000005137,43.34322900020607],[-70.96682400003714,43.34337400028662],[-70.96703699957416,43.34375500006876],[-70.96715899977289,43.34393000025097],[-70.96746699974447,43.344238000182706],[-70.96755600033123,43.34432700025371],[-70.96795299999127,43.34457900015087],[-70.96818099959691,43.34496000020988],[-70.96818700034301,43.344975999829074],[-70.96876399992809,43.34621399996194],[-70.96877700034689,43.34629599994668],[-70.96879200041549,43.34641000026726],[-70.96871600024753,43.346540000234015],[-70.96848699991867,43.346584999981786],[-70.96784599986114,43.34678400019388],[-70.96776899986826,43.3468299999104],[-70.96747900033834,43.346936000005],[-70.9673570001396,43.34698200025966],[-70.96728099997163,43.347074000011055],[-70.9672509998344,43.347280000269535],[-70.96708299960491,43.34738699971882],[-70.96677700018147,43.34759200008444],[-70.96667000005137,43.347646000279056],[-70.96650299964676,43.34780600030744],[-70.96659399988337,43.34831699979082],[-70.96662499984551,43.34840099979527],[-70.96694500041097,43.34875199976945],[-70.96744900020111,43.34923999986897],[-70.96765699971526,43.349352000323464],[-70.96834899982639,43.349529999710626],[-70.96873100031611,43.349644999939976],[-70.96886799968516,43.34968299993375],[-70.96907299972457,43.34972699986243],[-70.96913999967173,43.34974699993826],[-70.96967699997217,43.349912000149025],[-70.97030299996105,43.350269999875444],[-70.97066899965895,43.35042300019283],[-70.97094300019364,43.35049899983566],[-70.97115599973067,43.350149000260714],[-70.97113800018732,43.35004600018804],[-70.97105100014869,43.34957599995915],[-70.97103500025516,43.349133999878376],[-70.9710810002859,43.34904199998301],[-70.9711869996928,43.34897299996999],[-70.97141400037185,43.34876899981348],[-70.97194999994905,43.34841599969051],[-70.97204200001056,43.348385999896315],[-70.97219500017142,43.348378000210026],[-70.9724539997392,43.34832500013841],[-70.97259100000656,43.348378000210026],[-70.97304899976595,43.34881299975149],[-70.97323200006404,43.349073000218944],[-70.97328200029277,43.34918800000766],[-70.97329599963817,43.34922000027933],[-70.97330800023204,43.34924699998506],[-70.97334400021705,43.34933200011748],[-70.97340000029355,43.349461999705426],[-70.97343399973042,43.349610999684664],[-70.97346100039292,43.34972900006632],[-70.9734460003243,43.34980399982424],[-70.97346100039292,43.3498889998298],[-70.97332400012556,43.35002600021074],[-70.9728050002668,43.35026299987733],[-70.97272900009881,43.350346999801566],[-70.97279000019819,43.350850000088634],[-70.9729269995672,43.35141500018131],[-70.97289599960507,43.35171999981415],[-70.97288100043477,43.35179599979254],[-70.9728050002668,43.35192599998183],[-70.97275900023605,43.35223100031277],[-70.97275900023605,43.352803000319206],[-70.97267300002233,43.35319600024709],[-70.97265200010592,43.353291999897515],[-70.97228600040802,43.35386399970184],[-70.97216400020929,43.35403199991731],[-70.97208800004131,43.354268000243174],[-70.97202699994193,43.354633999918505],[-70.97216400020929,43.35481700023476],[-70.97240900043165,43.354946999831455],[-70.97269800013667,43.35504600002088],[-70.97321699999544,43.35532100006246],[-70.9737199999607,43.35558000007838],[-70.97402600028245,43.35580200023862],[-70.97408700038181,43.35588599968146],[-70.97448300021694,43.35623700013077],[-70.97463600037781,43.35641200025135],[-70.97487300020427,43.356636999944755],[-70.97492599990773,43.35668699998106],[-70.97497199993848,43.356838999812226],[-70.97526200036671,43.357236000295394],[-70.97539299988794,43.35752199991906],[-70.9755169997365,43.35779299996748],[-70.97567300027043,43.35806000025346],[-70.9760239998997,43.35836499980061],[-70.9762840001907,43.358486999974],[-70.9766499998886,43.358608999902046],[-70.97685499992801,43.35859499986922],[-70.97712899956441,43.35849800015957],[-70.97719600040988,43.35845200014209],[-70.97744400010698,43.35828900021105],[-70.97773299981198,43.35818199973379],[-70.97794700007223,43.35823499968859],[-70.9781000002331,43.358379999845845],[-70.97816100033248,43.35866300009165],[-70.97811500030173,43.35891399995528],[-70.97788599997286,43.359166000033206],[-70.9777339996369,43.35940299992898],[-70.97750500020636,43.35960900014187],[-70.9771989998846,43.36010499990935],[-70.97663499981998,43.36105799974277],[-70.97634500029007,43.3613629998944],[-70.97620800002274,43.3614320001893],[-70.97613100002982,43.361462999974414],[-70.97486499980835,43.362301999730306],[-70.97451400017907,43.362995999757295],[-70.97452099985176,43.36308600028781],[-70.97454599996613,43.363398999707265],[-70.97456699988251,43.36348299973567],[-70.97459000034705,43.36357599981801],[-70.97477299974685,43.363912000212686],[-70.97477899959462,43.36393200018526],[-70.97478299979258,43.36394300003674],[-70.97494599999919,43.36448899977696],[-70.97519500041955,43.36494799978263],[-70.97543600044398,43.36523699981853],[-70.97546900005594,43.36528299991644],[-70.97562800006459,43.36557499983791],[-70.976085999824,43.36593299989916],[-70.97614699992337,43.366070999810994],[-70.97614699992337,43.36621600017986],[-70.97594799973173,43.36632300020281],[-70.97600999965601,43.36661200021856],[-70.97648199965911,43.36720700014114],[-70.9768330001867,43.367467000168226],[-70.97718399981598,43.367688000131295],[-70.9773820001827,43.367763999702056],[-70.97814600026385,43.36817600011719],[-70.978726000222,43.36852000014599],[-70.97903099982052,43.36874100019072],[-70.97979400007678,43.369366999790785],[-70.98012499961456,43.36967400016164],[-70.98023699976754,43.36977799999446],[-70.98051100030224,43.37012899974623],[-70.98070899977064,43.37028200027486],[-70.98083199979432,43.37045699971917],[-70.98104500022963,43.37072500018801],[-70.981106000329,43.37089199967665],[-70.98113700029114,43.37124300016458],[-70.981106000329,43.37157099999003],[-70.98083199979432,43.37171600027122],[-70.98078499993863,43.371884000032864],[-70.9807549998014,43.37220500023071],[-70.98076999987002,43.37266199986551],[-70.9808309999694,43.372861000109104],[-70.98101400026749,43.37336399987097],[-70.98121400028404,43.37364099988371],[-70.98127299983528,43.373723000028996],[-70.98134999982817,43.37383699976008],[-70.9814720000269,43.37402000027221],[-70.98147700004976,43.374031999954674],[-70.98164699992907,43.37440199998988],[-70.98170100035576,43.37451599975052],[-70.98180799958757,43.37464600023557],[-70.98205500035809,43.375065999697185],[-70.98212399995505,43.37513700009606],[-70.98248999965296,43.375443999990296],[-70.9835490001852,43.376332999820356],[-70.98353400011659,43.37642300015122],[-70.98347999968992,43.37673500030743],[-70.98266499955513,43.377505999816634],[-70.98270999976098,43.377806000037744],[-70.98292099964817,43.378095000185546],[-70.98351900004796,43.37830100025891],[-70.98389899998958,43.378358000092206],[-70.98406399984601,43.37852899992351],[-70.98414500003688,43.37861900025956],[-70.9849569997986,43.378874999890186],[-70.98534799961084,43.37886799992737],[-70.98551599984033,43.378964000092616],[-70.98563800003907,43.37914000021836],[-70.9856680001763,43.37917800002264],[-70.9856759996739,43.3792179996878],[-70.9857230004279,43.37937600016388],[-70.98579100019994,43.37957499992148],[-70.9859429996376,43.380055000159665],[-70.98600399973697,43.380391000024105],[-70.98604999976772,43.380849000237035],[-70.98624800013444,43.38196300025751],[-70.98626300020305,43.3822299999321],[-70.98624800013444,43.382618999691104],[-70.98608099972985,43.383237000012976],[-70.9860199996305,43.383305000033424],[-70.98577500030642,43.38383200005393],[-70.98576100006272,43.38387400029697],[-70.9855769999397,43.38441099981459],[-70.98539399964159,43.38552500032182],[-70.98540899971022,43.38592199978952],[-70.98546999980957,43.38634899989319],[-70.98554699980247,43.38666599997106],[-70.9855769999397,43.386791999945274],[-70.98574400034428,43.38715100024892],[-70.98586099962183,43.387333000267176],[-70.98587400004062,43.38734899981217],[-70.98600399973697,43.38747900020241],[-70.98609599979848,43.38761599992026],[-70.9863169997314,43.38783700022767],[-70.98646200039467,43.38798200013044],[-70.98716399965325,43.38871399979628],[-70.98788099987873,43.38993499970597],[-70.98791199984088,43.39020200017327],[-70.98781999977936,43.39071299968024],[-70.98757000043241,43.391470000022004],[-70.98751500018084,43.391635999759984],[-70.98737700008857,43.39208700013808],[-70.98740800005072,43.392459999814136],[-70.98743900001286,43.392811000135815],[-70.98739200015719,43.39301699981687],[-70.98736200001994,43.39326100021896],[-70.98728599985198,43.39337599980566],[-70.98722499975261,43.393467999709586],[-70.98717899972186,43.393536000002904],[-70.98667599975661,43.39375700026598],[-70.98609499997356,43.39394000005699],[-70.9858360004058,43.39408599974364],[-70.98545499974097,43.39424600002461],[-70.98541000043343,43.394253000170075],[-70.98536299967945,43.39426099968251],[-70.98502700011879,43.39439799973708],[-70.9846620002458,43.39446700030954],[-70.9843719998176,43.39448199991273],[-70.98388300009604,43.394443999909875],[-70.98341000026802,43.39451999989181],[-70.9831960000078,43.39448199991273],[-70.98296699967894,43.39443599976878],[-70.98284600020342,43.394443999909875],[-70.98266299990532,43.39457400009588],[-70.98267799997393,43.3947630001049],[-70.9827390000733,43.39553500011614],[-70.98249499967582,43.39678599971163],[-70.98246399971369,43.3973050002552],[-70.98232700034464,43.39783899969478],[-70.98229700020744,43.398281999967125],[-70.98237199965217,43.3987150001414],[-70.98257000001888,43.39910599972939],[-70.98274999994395,43.39933999974492],[-70.98276900021054,43.39936500011714],[-70.98339500019941,43.39989100025666],[-70.98353199956846,43.39993700017583],[-70.98377599996593,43.40010500006631],[-70.98407899991463,43.400440999755155],[-70.98412800031844,43.40049399998661],[-70.98413699964095,43.40051099989091],[-70.98415500008261,43.40054199993452],[-70.98417000015122,43.4005710001294],[-70.98434099985543,43.40087500007639],[-70.98443200009206,43.40092099990119],[-70.98469200038305,43.40094399980048],[-70.98482899975208,43.401028000039524],[-70.98496600001941,43.40126500017943],[-70.98513199970077,43.40133099974765],[-70.9853640004027,43.40142499977992],[-70.98556199987108,43.401585000263246],[-70.98560700007694,43.40174500032402],[-70.98560899972675,43.40178199976801],[-70.98562299997045,43.40219499998363],[-70.98569900013844,43.40266100028822],[-70.98609599979848,43.403041999803946],[-70.98615500024802,43.40312200024751],[-70.9862029999286,43.40318699987749],[-70.9863090002338,43.40340900005589],[-70.98635600008947,43.4035420001905],[-70.98650800042545,43.403980999789184],[-70.98651400027323,43.404038000276806],[-70.98656899962648,43.404575999821326],[-70.9865839996951,43.40549100021997],[-70.98669099982523,43.40591100005457],[-70.98667599975661,43.40649100016654],[-70.9864919996336,43.407314999881535],[-70.98647699956497,43.40794000017575],[-70.98635500026455,43.408390000153375],[-70.98632500012734,43.40877199996464],[-70.98629400016519,43.40906199974332],[-70.98624800013444,43.40935899979677],[-70.9861109998671,43.409665000207305],[-70.98604999976772,43.409909000134796],[-70.98591199967545,43.41022100022551],[-70.98591300039868,43.410480999834725],[-70.98612599993571,43.41072499973786],[-70.98644599960284,43.41083200017965],[-70.98649300035683,43.41087300023783],[-70.98654500023537,43.41091900030194],[-70.98670599989383,43.41106099991054],[-70.9869219998039,43.411546000075234],[-70.9869360000476,43.41157699969268],[-70.98703099958385,43.4118070002531],[-70.98705400004839,43.41186500028492],[-70.98708800038357,43.41195000011865],[-70.9871179996225,43.41267799983486],[-70.98708699966033,43.41307500022995],[-70.98696500035993,43.41346399974134],[-70.9868430001612,43.41378399998749],[-70.98683300011545,43.41379699998012],[-70.9866749999317,43.414005999829605],[-70.98658600024324,43.41415299979749],[-70.98653799966435,43.414234999957436],[-70.98635500026455,43.41454000019066],[-70.98623300006582,43.41469199988949],[-70.98614100000431,43.41489099985011],[-70.98604999976772,43.41499000007223],[-70.9859140002236,43.41506999974463],[-70.98579000037505,43.41514199994664],[-70.98545499974097,43.41535600004185],[-70.98530199958009,43.41554699981438],[-70.98530199958009,43.415615000124326],[-70.98513400024892,43.41593599976002],[-70.98481399968345,43.41655400031055],[-70.9842179998318,43.417209999877215],[-70.98388300009604,43.417667999829796],[-70.98385299995883,43.41774400004243],[-70.98287600034065,43.418835000230985],[-70.98258199971447,43.419225999803466],[-70.98249899987378,43.41933699996456],[-70.98215900011515,43.41978899993571],[-70.98199099988567,43.42009400025135],[-70.981655000325,43.42055199992105],[-70.98127299983528,43.42087199990225],[-70.98081599990077,43.42110799981609],[-70.98049500040872,43.42119200014957],[-70.98032600035432,43.421224000277014],[-70.97983900028261,43.42131500007803],[-70.9793670002795,43.4213219997057],[-70.97904599988912,43.42130700022286],[-70.97851199996177,43.421313999851506],[-70.9777479998806,43.421368000314956],[-70.97695600021035,43.42148199983024],[-70.97622300009135,43.42165799980507],[-70.97588699963238,43.42178700009936],[-70.97561200017107,43.42188699970336],[-70.9750020000757,43.422245000011166],[-70.9749040001664,43.4223350000253],[-70.97483499967112,43.422398000151276],[-70.97425399988808,43.422795000110305],[-70.97358299969333,43.423320999711166],[-70.97320199992683,43.42358799985856],[-70.97265299993083,43.424030999733944],[-70.97221000024004,43.424443000090044],[-70.97179699978817,43.42485400008393],[-70.97098900022439,43.425601999798374],[-70.97074499982692,43.42588399998152],[-70.97031700020476,43.426319000172576],[-70.96999800036254,43.426624000211994],[-70.96970700010938,43.42690699968266],[-70.96920400014415,43.4276159999307],[-70.9690819999454,43.427936999877325],[-70.96900599977742,43.42850900021693],[-70.96891399971592,43.4287380002953],[-70.96873100031611,43.428936000311296],[-70.96851700005588,43.4292800000114],[-70.96850199998728,43.42958500013574],[-70.96854800001803,43.43001999982491],[-70.96857399995729,43.43008999970031],[-70.96858999985083,43.430134000009254],[-70.96865199977509,43.430297999989406],[-70.96873200014103,43.43051200001124],[-70.96880900013393,43.430721000225894],[-70.9688209998295,43.430755000024014],[-70.96894399985314,43.43108799976161],[-70.96900599977742,43.43136199999758],[-70.96908100012051,43.4314999997086],[-70.96913399982394,43.4317170002108],[-70.9691510004407,43.431778000250965],[-70.96921199964174,43.43195599974936],[-70.96929000035787,43.43218000025058],[-70.96929799985547,43.432204000068715],[-70.9693559995818,43.43257499990651],[-70.96938700044225,43.433170000178016],[-70.9693559995818,43.433476000295016],[-70.96920400014415,43.434001999715704],[-70.96902000002113,43.43436800021915],[-70.96879200041549,43.4345970003084],[-70.96857800015525,43.43478000001602],[-70.96819700038874,43.43500099984847],[-70.96784599986114,43.43511599978142],[-70.967602000362,43.43519200026949],[-70.96712699998584,43.43529099991243],[-70.9666020002793,43.43539999998425],[-70.96644300027063,43.43543399976302],[-70.966320000247,43.435459000240506],[-70.96528199963113,43.43570299994841],[-70.96432099990648,43.435986000021536],[-70.96372599987974,43.43619900017169],[-70.96302399972285,43.4364889997129],[-70.96279500029232,43.436633999940746],[-70.96262700006282,43.436718000255695],[-70.96226100036493,43.436916000257156],[-70.96218400037203,43.43698500001649],[-70.96201699996746,43.437077000225486],[-70.96149700028377,43.43752700023927],[-70.9613299998792,43.437701999920634],[-70.96114699958109,43.4380379997687],[-70.96097900024992,43.438389000179924],[-70.96087299994471,43.438892000116645],[-70.96081100002041,43.43930399976882],[-70.96090300008193,43.44066299990557],[-70.96094900011269,43.4412499997469],[-70.96111599961895,43.44215799994347],[-70.96116699967259,43.44230900021337],[-70.96153599974352,43.44318099981598],[-70.96157000007872,43.44324100017616],[-70.9615900001702,43.44327199987148],[-70.96203200003606,43.443751999712504],[-70.96223000040278,43.4439580002998],[-70.96223100022769,43.44400400001219],[-70.96224299992328,43.444016000186636],[-70.96226499966457,43.444047000137076],[-70.96252300030574,43.444322000243275],[-70.96323799998311,43.44502500030593],[-70.9633019995572,43.44507800000086],[-70.96335099996101,43.445117999862866],[-70.9636609995824,43.44548599996146],[-70.96383399983476,43.44564099970161],[-70.96389400010922,43.44571200024519],[-70.96475299972661,43.44658800025122],[-70.96521999970685,43.446989999692725],[-70.96537100021791,43.44716800009763],[-70.96555100014297,43.44732699993214],[-70.96573500026597,43.44758199971689],[-70.96579899984008,43.44767499990799],[-70.96589599992446,43.4477939996915],[-70.96593699993234,43.44789700003854],[-70.96601700029828,43.44809599976265],[-70.96614299979666,43.44840800002771],[-70.96623999988105,43.44867099997305],[-70.96633500031558,43.44895300027317],[-70.96634700001117,43.44899000022191],[-70.96662599967043,43.45127399987264],[-70.96654899967753,43.45209099990985],[-70.96648699975324,43.452517999899115],[-70.96645800033926,43.45263999971498],[-70.96641099958526,43.45284600003203],[-70.96635000038421,43.45305999987161],[-70.96628900028483,43.45330399967892],[-70.96580100038821,43.45415099998639],[-70.96554100009722,43.45453200028068],[-70.96532799966188,43.45481500031485],[-70.96494600007046,43.455271999730684],[-70.96468699960437,43.45550199991809],[-70.96419899970775,43.45605800023368],[-70.96404600044518,43.456301999682346],[-70.96395400038368,43.456524000099826],[-70.96378600015417,43.45687500019841],[-70.96370599978823,43.45704899970368],[-70.96352800041133,43.457438999923994],[-70.96323700015819,43.45805699993734],[-70.96287099956197,43.45921699971747],[-70.96279500029232,43.459705000174125],[-70.96279500029232,43.45997200020399],[-70.96270300023082,43.46059800028873],[-70.96264200013145,43.46091100018265],[-70.9625199999327,43.46123099998853],[-70.96229099960384,43.461924999872735],[-70.96200100007393,43.462887000007875],[-70.96193999997456,43.463115999730924],[-70.96183399966937,43.463458999880096],[-70.96157400027667,43.464054000259985],[-70.96125399971122,43.464710000089084],[-70.96111599961895,43.46491599971167],[-70.96078099988321,43.46538100027014],[-70.96055199955434,43.46570200003259],[-70.96033800019241,43.466182999997635],[-70.96032300012381,43.46649500018397],[-70.96032599959852,43.46651699981867],[-70.96036900015456,43.46679300024588],[-70.96037500000233,43.46680399968403],[-70.96054400005674,43.4670989998133],[-70.96070800008826,43.4672860001265],[-70.96081100002041,43.467403000206104],[-70.96093300021917,43.46762400017317],[-70.96094800028779,43.46776900009604],[-70.96111599961895,43.46820399973362],[-70.96119299961184,43.468501999845635],[-70.96119000013712,43.46851599991977],[-70.96117699971833,43.468600000296554],[-70.96116400019784,43.46865599983093],[-70.96111399996914,43.46886800025253],[-70.96108800002986,43.46897899998607],[-70.96111599961895,43.46918800031713],[-70.96130800013788,43.46955599999207],[-70.9613159996355,43.46957099990298],[-70.96148200021516,43.46969199978682],[-70.96187999970012,43.46995100009786],[-70.96218400037203,43.4701419996968],[-70.96256599996346,43.470523999691665],[-70.96300899965425,43.471096000316756],[-70.96323700015819,43.471462000010185],[-70.96337400042555,43.47156100027316],[-70.96375699984188,43.47164499967765],[-70.96387800021569,43.471744000292794],[-70.96397000027721,43.47200399967411],[-70.9640470002701,43.472385000252395],[-70.96418299981421,43.47259900004219],[-70.96432099990648,43.472788999720144],[-70.96433599997509,43.47286599984154],[-70.96438200000586,43.47301100022716],[-70.96448800031106,43.47320099991361],[-70.96450000000662,43.47321600022367],[-70.96458000037258,43.47331600023992],[-70.96471699974161,43.47333900001816],[-70.96480899980313,43.473300999954674],[-70.96490099986462,43.47321700024418],[-70.96499200010122,43.47302599993245],[-70.96512900036856,43.47288899979103],[-70.96531199976835,43.472788999720144],[-70.96567599981641,43.472769999844395],[-70.96590799962003,43.47283500032092],[-70.96602999981876,43.472904000178545],[-70.96627400021625,43.47320900007945],[-70.9663009999804,43.47325000026078],[-70.96633500031558,43.473300999954674],[-70.96648799957815,43.473368999914186],[-70.96660999977688,43.4734069999349],[-70.96676200011287,43.47351399974485],[-70.9668850001365,43.47356799991209],[-70.96690900042596,43.4735979996944],[-70.9670550000158,43.473782000076156],[-70.96720399997872,43.473842000065346],[-70.96734200007099,43.473842000065346],[-70.96737200020823,43.473623000044874],[-70.96736899983519,43.4735979996944],[-70.96735799996453,43.4735519996744],[-70.96740300017036,43.47333099986957],[-70.96748000016326,43.47324700020077],[-70.96755499960801,43.47321700024418],[-70.96764699966953,43.47325499970861],[-70.96796700023498,43.473507000287015],[-70.96840999992577,43.473743000279384],[-70.96876200027828,43.473811999752265],[-70.96932600034289,43.473773999986165],[-70.96959999997925,43.4736969997179],[-70.96959999997925,43.473677000114726],[-70.96959999997925,43.47351399974485],[-70.96964600001002,43.473368999914186],[-70.9697990001709,43.47318600025174],[-70.97004299967006,43.473064000168904],[-70.97033300009828,43.47313299976507],[-70.97057699959744,43.473346000147366],[-70.97062900037429,43.473492000049184],[-70.97067299985692,43.47390900005893],[-70.97083699988843,43.47410900024009],[-70.97091300005641,43.474177999946946],[-70.97109600035452,43.47430799975691],[-70.9714469999838,43.47452899990029],[-70.9716150002133,43.4746660002352],[-70.97176699965094,43.47470400009227],[-70.97204200001056,43.47469700012041],[-70.97213400007205,43.47473499995798],[-70.97231700037017,43.474895000315755],[-70.97232599969269,43.474941999957345],[-70.97233499991353,43.474972999700974],[-70.9724129997313,43.47500400008053],[-70.97248499970134,43.475032999811425],[-70.97281199993948,43.47507999999758],[-70.97295800042767,43.475108999692],[-70.97301899962874,43.475170000307564],[-70.97300299973519,43.47521599974781],[-70.97265200010592,43.47529200005012],[-70.97248499970134,43.47535299982906],[-70.97240799970845,43.475422000071156],[-70.97239299963982,43.47553600010016],[-70.97249999976995,43.475673000107776],[-70.97266799999944,43.47581800027715],[-70.97294199963584,43.47597099989873],[-70.9731709999647,43.475940000015235],[-70.97323100023915,43.475940000015235],[-70.97329300016342,43.475940000015235],[-70.97347599956322,43.47622300023325],[-70.97362000040157,43.47628299975446],[-70.9737209997856,43.476398000082696],[-70.9735519997312,43.47670299994983],[-70.97353699966258,43.47690200005059],[-70.97368999982346,43.47717600007997],[-70.97384200015942,43.47730599995911],[-70.97399500032029,43.47738999985256],[-70.97416299965147,43.47742799995229],[-70.97440700004896,43.477382000240226],[-70.97459000034705,43.47719200000997],[-70.97491099983911,43.47695499983914],[-70.97521600033596,43.47690200005059],[-70.97544399994158,43.476978000188026],[-70.97549300034538,43.47703099990991],[-70.97553600000309,43.477076999889185],[-70.97555299972151,43.47710999975351],[-70.97556199994236,43.4771290002203],[-70.9755660001403,43.477139999733076],[-70.97552099993446,43.4773749999267],[-70.97530699967423,43.47769499992749],[-70.97530699967423,43.47783999980787],[-70.9753689995985,43.477893000077415],[-70.97578100022545,43.478038000134504],[-70.97588699963238,43.47812200031409],[-70.9760239998997,43.478305000021656],[-70.97603999979324,43.47842799988767],[-70.97594899955664,43.478511000244005],[-70.97587199956375,43.47856499985704],[-70.97582200023335,43.478574999828346],[-70.97547499990371,43.47864899995585],[-70.97517000030518,43.478656000121774],[-70.97488099970187,43.47859499976603],[-70.9748189997776,43.47854200011224],[-70.97459000034705,43.47835099968288],[-70.97449900011046,43.4783589998188],[-70.974334000254,43.47841899982648],[-70.974254999713,43.478449999741926],[-70.97417299969722,43.478446000006045],[-70.9741019995521,43.478443000203995],[-70.97395000011446,43.4783740001522],[-70.97381200002219,43.47821399988016],[-70.97358299969333,43.4781379999936],[-70.97349200035505,43.4781379999936],[-70.97346100039292,43.47818299984363],[-70.97338400040003,43.47871000025704],[-70.97321699999544,43.47878600007595],[-70.97301799980382,43.478770999844826],[-70.9729269995672,43.47872499985149],[-70.9729109996737,43.478405000090724],[-70.97279000019819,43.47832799985667],[-70.97249999976995,43.47829799981508],[-70.97214800031577,43.47832799985667],[-70.97201100004841,43.47838899983007],[-70.97188899984967,43.47861099997219],[-70.9719039999183,43.4788239999496],[-70.97195099977397,43.478976999782084],[-70.97167499958944,43.47892299988545],[-70.97146200005243,43.478893000139266],[-70.97126399968569,43.47907600011914],[-70.97114099966205,43.47915200012954],[-70.97060699973466,43.47933499997679],[-70.97051600039639,43.479427000303275],[-70.97053099956668,43.47957199993834],[-70.97050100032777,43.47960199999918],[-70.97034800016691,43.47962499999229],[-70.9701799999374,43.47964099992565],[-70.96992100036962,43.47966299999008],[-70.96982900030812,43.47967099995228],[-70.96975300014013,43.47976299976716],[-70.96975300014013,43.47985400018308],[-70.96984400037674,43.479892000036855],[-70.97010399976942,43.47999900009703],[-70.97019599983093,43.48007500025012],[-70.97027199999891,43.4801749999971],[-70.97022599996816,43.480265999792486],[-70.96990600030102,43.480433999706555],[-70.9697079999343,43.48056399974621],[-70.96969299986569,43.48057599983604],[-70.96956999984205,43.480677999851636],[-70.96929600020566,43.48076200027199],[-70.96918800025063,43.480770000088626],[-70.9688989996473,43.48073900005987],[-70.96885299961654,43.48072400031356],[-70.96871600024753,43.480677999851636],[-70.968624000186,43.48063999984038],[-70.96859300022386,43.48034200026156],[-70.968624000186,43.480243000043394],[-70.96847100002512,43.480228000173994],[-70.96839499985715,43.48019699986709],[-70.96783099979254,43.48063200000653],[-70.96752600019401,43.4809449998056],[-70.96753799988959,43.48096100004125],[-70.967602000362,43.4810440001771],[-70.96772399966241,43.48108999970858],[-70.96782999996763,43.48108999970858],[-70.96797200025784,43.48108399971498],[-70.96804400022786,43.48109800013361],[-70.96804400022786,43.48114400027576],[-70.96786099992977,43.481370000267],[-70.96786099992977,43.48143300019755],[-70.96786799960246,43.481453999725225],[-70.96788199984616,43.48149400029527],[-70.96793799992265,43.4816550002361],[-70.96818099959691,43.481769000238415],[-70.96853299994942,43.4819980001247],[-70.96859300022386,43.48215099974148],[-70.96857800015525,43.4822500000922],[-70.96848600009375,43.48233400028233],[-70.96837999978854,43.482349000280735],[-70.9682430004195,43.482326000020954],[-70.96809000025863,43.48226500011146],[-70.96792200002913,43.48205900030377],[-70.96780400002835,43.48196999970129],[-70.96769299970028,43.48192199978332],[-70.96754100026263,43.48191400011916],[-70.96744900020111,43.48195199998094],[-70.9672509998344,43.48224199981971],[-70.96720499980364,43.482455999900445],[-70.96728099997163,43.48256299998245],[-70.96740300017036,43.48260100008778],[-70.96783099979254,43.482523999986675],[-70.96792200002913,43.48250900003177],[-70.96796700023498,43.48258399976918],[-70.96796800005988,43.48270799991299],[-70.96782999996763,43.48293600029114],[-70.96779999983039,43.483074000325],[-70.96783099979254,43.48324200025244],[-70.96795200016636,43.48340200024563],[-70.96823000000072,43.48347899987949],[-70.96842499999437,43.483569999912746],[-70.96859400004878,43.48372200026429],[-70.96885299961654,43.48404299973292],[-70.96883699972302,43.484110999988204],[-70.96873100031611,43.484180000006084],[-70.96834899982639,43.48427100028699],[-70.96824199969626,43.48432499996631],[-70.96822699962767,43.48440899987844],[-70.96836499971992,43.484478000207744],[-70.9684559999565,43.48449300032556],[-70.96877599962366,43.4846610002176],[-70.96885299961654,43.48478299969895],[-70.96879200041549,43.48492000024924],[-70.96857800015525,43.4851180001864],[-70.96857899998017,43.48514499997939],[-70.96859400004878,43.48538500007135],[-70.96874600038474,43.485568999756836],[-70.96941800040439,43.48563000024086],[-70.96940199961256,43.485950000189455],[-70.96929500038075,43.48621700030762],[-70.96877700034689,43.48714000003391],[-70.96867000021676,43.487278000240615],[-70.96843800041317,43.48767700029721],[-70.96833399975779,43.48779600021551],[-70.96818099959691,43.48804800011196],[-70.96814999963476,43.488117000195075],[-70.96795200016636,43.4884750003245],[-70.96798300012851,43.48855899967977],[-70.96822699962767,43.48870400020841],[-70.96834999965131,43.48881100030339],[-70.96840999992577,43.48897200029621],[-70.96837999978854,43.489193000247305],[-70.96828899955194,43.489451999747736],[-70.96813499956613,43.48957399998069],[-70.96787599999838,43.48968099983788],[-70.96760099963878,43.489826000279905],[-70.96741800023898,43.490184000055784],[-70.96723499994086,43.49037500022418],[-70.96695999958125,43.49060400007335],[-70.96668599994487,43.49085599998537],[-70.96645699961601,43.49129800028127],[-70.96633500031558,43.491602999877585],[-70.96613699994889,43.491909000251646],[-70.96610599998674,43.49196199990973],[-70.96589299955141,43.49225199992052],[-70.96579899984008,43.492357000187816],[-70.96570900032671,43.49245800016097],[-70.965434999792,43.492678999738864],[-70.96521800005704,43.49276600015883],[-70.96508300033781,43.4928999998114],[-70.96485499983388,43.49319800000589],[-70.9644280000366,43.49347999985918],[-70.96436699993723,43.493601999775905],[-70.96445800017383,43.49389199973178],[-70.96446900004449,43.493913999819924],[-70.96462300003026,43.49417000025629],[-70.96467900010678,43.49426200014802],[-70.9647369998331,43.49435599989265],[-70.96474000020613,43.49436700017904],[-70.96483999976525,43.49473099969854],[-70.96480899980313,43.49495299974269],[-70.96467200043408,43.495227000016385],[-70.96450400020458,43.49549400018108],[-70.9645200000981,43.49553999978763],[-70.96438200000586,43.49573800010226],[-70.96432000008157,43.49613499972833],[-70.96438200000586,43.49674600028747],[-70.96439700007446,43.49706599999268],[-70.96433599997509,43.49714200017848],[-70.96403100037658,43.4972949998851],[-70.96375600001696,43.49733999980173],[-70.96346700031195,43.49728700030188],[-70.96323700015819,43.497394000178694],[-70.96303899979146,43.49745499979826],[-70.96271800029942,43.497469999951655],[-70.96239799973397,43.49752400021241],[-70.96172599971432,43.49770699979552],[-70.9614849996899,43.497828000030786],[-70.96145200007794,43.49784399970443],[-70.96142600013866,43.49786199990241],[-70.9611890003122,43.498029999753896],[-70.96087299994471,43.49829399978634],[-70.96030700023027,43.49860699995091],[-70.95984500027292,43.49881499986242],[-70.95952999973032,43.49895000002304],[-70.95930100029979,43.499118000105476],[-70.95914800013891,43.49915600022217],[-70.95884299964206,43.499369999678485],[-70.95881199967994,43.49947699977379],[-70.95911700017678,43.499750999719744],[-70.95948399969957,43.50006400015083],[-70.95949899976819,43.50007099979007],[-70.95964100005841,43.500147000103276],[-70.95974300016566,43.50020200015024],[-70.95974300016566,43.50026300019111],[-70.95973099957178,43.50034500029851],[-70.95972800009704,43.50036200017966],[-70.95962099996692,43.50057499970346],[-70.95936200039915,43.50100999970958],[-70.95927000033765,43.501108999776484],[-70.95891899981004,43.50120100017363],[-70.95873499968704,43.501216000047975],[-70.95859900014291,43.50129999992729],[-70.9585070000814,43.50166599975954],[-70.95847600011926,43.50201000024249],[-70.95839999995127,43.50233000006851],[-70.95853100037084,43.50270499987475],[-70.95858300024939,43.50286300007561],[-70.95855200028724,43.50316900008051],[-70.95846100005065,43.503307000150194],[-70.95823199972179,43.50396999984011],[-70.95806400039062,43.50430600026982],[-70.95785099995528,43.504634000219596],[-70.95780499992453,43.50502300013437],[-70.95783599988667,43.50538300001464],[-70.95789699998603,43.50555000030339],[-70.95780499992453,43.5058619998586],[-70.95772899975655,43.50601500027286],[-70.95772899975655,43.506122000319394],[-70.95789600016113,43.50641200008851],[-70.95792700012326,43.506618000237495],[-70.95785099995528,43.50696099975442],[-70.95781999999315,43.50774699981623],[-70.95783599988667,43.5077729998175],[-70.95797099960588,43.50797199985702],[-70.95797300015401,43.50803700024834],[-70.95780499992453,43.508150999973786],[-70.9573170000279,43.508373000192854],[-70.95708799969904,43.5084489998279],[-70.95699700036076,43.50857100012199],[-70.95696600039862,43.50867800019835],[-70.95689000023063,43.508837999916054],[-70.95679800016913,43.50889899970081],[-70.95646199971016,43.50897499997651],[-70.95637100037187,43.50899099995382],[-70.95592799978277,43.50898299996572],[-70.95560800011562,43.50889899970081],[-70.95545499995475,43.508890999700476],[-70.95522499980099,43.50896800006661],[-70.95487499999662,43.50915100014481],[-70.95466099973636,43.50930299996599],[-70.95464599966776,43.5094030001882],[-70.95463099959915,43.50950200017334],[-70.95454000026086,43.50970800020105],[-70.95454199991067,43.50973800027926],[-70.95455399960623,43.50998199997067],[-70.9546769996299,43.51017300006352],[-70.95484400003447,43.5104859998843],[-70.9549519999895,43.510638000252456],[-70.9549519999895,43.51087499987416],[-70.95490599995875,43.511089000137744],[-70.95495100016458,43.51132499990173],[-70.95516500042484,43.511553999784354],[-70.95539399985537,43.511691000194894],[-70.95553000029781,43.511804000152026],[-70.95554299981829,43.51181499986558],[-70.95555200003913,43.51182200009685],[-70.95557799997839,43.511844000166846],[-70.95624900017314,43.51220999991854],[-70.95640099961078,43.51227899975656],[-70.95673700006977,43.51256899991274],[-70.95679200032134,43.512759000270385],[-70.95679800016913,43.51278200001593],[-70.95675200013838,43.51311000016365],[-70.95662999993964,43.51347700006086],[-70.95635499958003,43.51408699971496],[-70.95609600001227,43.514551999715025],[-70.95591299971416,43.514773999842596],[-70.95585199961478,43.51480400000846],[-70.955669000215,43.51504100020831],[-70.95537899978676,43.51532300032195],[-70.95515000035621,43.51563600014317],[-70.95494100011885,43.51602400019881],[-70.95482999979077,43.51623100007433],[-70.95464200036811,43.51693299977442],[-70.95462300010155,43.51700599986366],[-70.95461600042884,43.5170319997849],[-70.95463099959915,43.51724499977012],[-70.95455500032948,43.517794999851226],[-70.95443300013073,43.518047000281605],[-70.9544020001686,43.51822200012415],[-70.95424900000772,43.51846600004012],[-70.95386800024123,43.519144999877646],[-70.95379200007324,43.51948799985893],[-70.95380799996676,43.52002999986156],[-70.95373099997386,43.52063299985635],[-70.95382999970806,43.52089700005401],[-70.95386800024123,43.5210079999476],[-70.95390000002826,43.52153800020955],[-70.9539440004092,43.52227299998951],[-70.95401700020412,43.52246500012128],[-70.95402800007479,43.52249499972027],[-70.954050999641,43.52255500017627],[-70.95414699990046,43.52272500005852],[-70.95418899973325,43.52280000000758],[-70.95452400036734,43.52305099987971],[-70.9550280001575,43.52324999969792],[-70.95533299975601,43.52333400018025],[-70.95632500034111,43.52370799993108],[-70.95652299980951,43.52381400004134],[-70.95679800016913,43.5241040001286],[-70.95707299963044,43.524585000198094],[-70.95707699982839,43.524599000302445],[-70.95711899966118,43.52472399997379],[-70.95716399986703,43.524864999714225],[-70.95716499969193,43.525127000005945],[-70.95708799969904,43.525821000057604],[-70.9569089995989,43.526970999921176],[-70.95687400033712,43.527193999727615],[-70.95682800030636,43.52745299970058],[-70.9567680000319,43.52794900016585],[-70.95682900013126,43.52835400031528],[-70.9568659999412,43.528449999898946],[-70.95699599963754,43.528781000107344],[-70.95725599992853,43.52915499995557],[-70.95809500035276,43.529688999885],[-70.95820199958457,43.529841000078655],[-70.95829399964607,43.530055000164786],[-70.95826299968392,43.53039099996108],[-70.95818599969103,43.53060399967661],[-70.95785099995528,43.53100900023468],[-70.95774399982515,43.531252999886846],[-70.95775899989377,43.53149699985443],[-70.95782099981804,43.53154999992772],[-70.95780499992453,43.53159600006421],[-70.95821699965317,43.53172600003369],[-70.95897999990942,43.53209199967513],[-70.95950499961599,43.53234900007116],[-70.95974300016566,43.53246599983287],[-70.95982000015856,43.53248099975251],[-70.96027700009306,43.53274799991216],[-70.96068399979883,43.53310599981765],[-70.96090300008193,43.53329700030946],[-70.96139099997856,43.53371699997946],[-70.96194099979948,43.534030000110675],[-70.9623369996346,43.534175000193045],[-70.96247399990195,43.5342049998297],[-70.96247899992481,43.5342429999993],[-70.9625199999327,43.5345789999085],[-70.96258100003207,43.53464800021638],[-70.96261100016929,43.53473199980506],[-70.96282500042955,43.534976000024464],[-70.96287899995791,43.535124000028794],[-70.9628859996306,43.53514400012475],[-70.96296199979858,43.53527299996549],[-70.96296599999654,43.53528500025467],[-70.96302399972285,43.535478999931534],[-70.96299299976071,43.53579200003466],[-70.96294799955487,43.53629599992609],[-70.96297799969209,43.536456000003064],[-70.96308900002019,43.53669599997371],[-70.96311599978438,43.53675400008923],[-70.96311599978438,43.53701300003652],[-70.96293199966134,43.537387000282834],[-70.96297799969209,43.53834000004058],[-70.96302100024812,43.53847700019359],[-70.96304600036248,43.5385580002374],[-70.96316099999021,43.53891999980294],[-70.96318000025677,43.538930000199024],[-70.96369499991759,43.53920299988701],[-70.96378699997909,43.5393019998191],[-70.96379000035213,43.5393180002204],[-70.96380200004772,43.53937099993218],[-70.96377199991049,43.53945399987862],[-70.96366499978036,43.539491999996436],[-70.96349699955088,43.53956899973332],[-70.96341999955797,43.539606999778606],[-70.96329800025757,43.539720999770935],[-70.96303899979146,43.53984400022346],[-70.96273400019295,43.5399199999435],[-70.96245899983334,43.53990399970196],[-70.9615130001773,43.540126000313826],[-70.9614210001158,43.54019399992115],[-70.9614219999407,43.54029399974071],[-70.96163500037605,43.540538000245284],[-70.96172700043755,43.54063699993887],[-70.96183000036972,43.54077700004372],[-70.96194099979948,43.54092699988833],[-70.96197400030975,43.540951999717606],[-70.9621540002348,43.5410870000492],[-70.96234199965748,43.54118799988738],[-70.96240299975682,43.541223000275366],[-70.96253599982623,43.54130099995069],[-70.96255199971975,43.54128699981601],[-70.96279500029232,43.54107800021015],[-70.96288099960773,43.54100399974608],[-70.96301000037747,43.54089300018201],[-70.96308399999732,43.540828000019744],[-70.96314900029465,43.54077200032462],[-70.96316099999021,43.5407620002341],[-70.96335500015897,43.54059499971379],[-70.96341200006039,43.54054599995689],[-70.96352500003829,43.54045000009177],[-70.9636120000769,43.540374999948334],[-70.96365100043498,43.54034099993069],[-70.96369099971965,43.5403069998939],[-70.96371099981111,43.540290999755065],[-70.96378100013132,43.54023100001049],[-70.96393099991913,43.5401019997063],[-70.96477700001607,43.53938199982965],[-70.96485099963591,43.5393180002204],[-70.96495100009334,43.5392320000484],[-70.96519999961535,43.5390199997819],[-70.96546900012719,43.53878999971259],[-70.96599600038188,43.53834000004058],[-70.96646500001194,43.53793799997669],[-70.96673199997562,43.537708999942424],[-70.96705800038887,43.53741999975263],[-70.96729600004024,43.53721099976634],[-70.96780599967818,43.536759999761166],[-70.96836100042029,43.536276000212254],[-70.96892200011183,43.535784999979356],[-70.96918599970249,43.53554599993005],[-70.96938499989412,43.53536700032179],[-70.96964500018511,43.53513199980746],[-70.96981500006443,43.53497900027456],[-70.96999599981437,43.534813999972904],[-70.9703060003341,43.53452300027073],[-70.97051700022129,43.53432700015212],[-70.97092599957689,43.533944000211534],[-70.97120199976143,43.53369300007713],[-70.97135999994516,43.53354699981414],[-70.9715599999617,43.533362000124086],[-70.97175999997826,43.53318000020616],[-70.97203399961464,43.53292900014817],[-70.97265600030389,43.53234499999734],[-70.97319600007904,43.53183700019166],[-70.97351699957109,43.53153899990407],[-70.97369900004429,43.531369999820974],[-70.97400500036605,43.531085999732355],[-70.97426099956077,43.53084900003364],[-70.97444999970666,43.53067099988108],[-70.97500299990061,43.5301479998073],[-70.9752759997121,43.52988899968319],[-70.97565800020182,43.529529999829506],[-70.97591699976958,43.52928799985814],[-70.97654899960627,43.52870099970989],[-70.97741999981754,43.52789100004887],[-70.97816600035534,43.52719599993535],[-70.97885500009343,43.52656300023836],[-70.98005199981964,43.525472999920396],[-70.98047799979197,43.525085000050666],[-70.98111899984949,43.524497000212044],[-70.98128899972879,43.5243329997178],[-70.98208200012226,43.523607999963566],[-70.98456099996346,43.52125099979397],[-70.98701200021559,43.51894099997252],[-70.9879849996358,43.518014999913056],[-70.98963599982176,43.51646000023276],[-70.98989600011276,43.516210000260934],[-70.99028799974992,43.515835000315434],[-70.99156499984205,43.51461000027908],[-70.99313999986002,43.513113000198494],[-70.99357900025116,43.51268100016164],[-70.9941240000492,43.51215699979109],[-70.9944610003331,43.51183199977428],[-70.99484299992451,43.51147199991773],[-70.99560700000568,43.51075399972725],[-70.99645800012547,43.50996400012864],[-70.99679899970899,43.50964599986183],[-70.9973689996214,43.50910599991001],[-70.99763399993527,43.508855000011756],[-70.99802100044786,43.50848699993524],[-70.99833500026722,43.50818700008239],[-70.99849599992571,43.50803399996118],[-70.99891500022535,43.507638999941825],[-70.9992490001362,43.50732799990566],[-70.99930699986251,43.50727399994355],[-70.99951000025212,43.50708399990989],[-70.9996719997355,43.506924000103545],[-71.00015999963215,43.50644400009455],[-71.00044599986241,43.50616100006386],[-71.00056999971096,43.50604000023985],[-71.00073299991757,43.505879000140965],[-71.00079200036713,43.50582100030772],[-71.00186299969663,43.50478100024251],[-71.00202599990324,43.5046290001106],[-71.00240300037011,43.50426500031371],[-71.00255900000572,43.504114999855446],[-71.00278599978644,43.50389600010695],[-71.00306000032113,43.50363199980927],[-71.00325500031481,43.5034439997326],[-71.00332700028484,43.50337599974092],[-71.00357400015703,43.50313700029315],[-71.00373700036366,43.50297999968567],[-71.00381099998349,43.50290799975198],[-71.00388499960334,43.50283699991427],[-71.00411899995508,43.50260999990956],[-71.0044939998738,43.50224500012743],[-71.00501199990765,43.50174099981978],[-71.00591200043125,43.50085400030152],[-71.00640100015279,43.500370000007116],[-71.00679199996505,43.49998499969755],[-71.00737100009827,43.49942199971803],[-71.00777199995626,43.49903300020361],[-71.00823599956344,43.49858000031087],[-71.00857700004529,43.498245000200775],[-71.00884300018409,43.497987999834855],[-71.00899100032208,43.49783800007167],[-71.00909400025424,43.49773599970704],[-71.00920200020927,43.497630000052766],[-71.01029900037636,43.49656200011267],[-71.01173600030207,43.49516000020224],[-71.01301500004404,43.49391999984261],[-71.01454300020633,43.49242399985333],[-71.01472599960613,43.492245000026536],[-71.01488600033802,43.49208799977088],[-71.0151879995635,43.49178799988655],[-71.01596300041362,43.49103000008689],[-71.01602199996483,43.49097300005266],[-71.01735799960822,43.48965299971697],[-71.01864200027137,43.48839499992986],[-71.01926900008517,43.48778500003571],[-71.01965999989741,43.48740100008823],[-71.02424400038434,43.48291300025484],[-71.02522699985029,43.486199999703025],[-71.0253259995845,43.48653699975368],[-71.02560199976901,43.48745300000678],[-71.02654800032336,43.49068799972641],[-71.0274939999794,43.49392999987899],[-71.02754000001015,43.49408400023076],[-71.02800699999038,43.495630000248056],[-71.02841399969616,43.496976999996456],[-71.02852900022219,43.49735899977091],[-71.02877299972135,43.498167999840796],[-71.02910099978442,43.499261999804084],[-71.02921899978519,43.49965399985013],[-71.0292549997702,43.49977399986081],[-71.02973099997126,43.501415999754705],[-71.02999799993496,43.502348000232345],[-71.03020600034742,43.50307300001596],[-71.03040600036397,43.503768999957316],[-71.03062300009894,43.50452700014182],[-71.03092799969747,43.50553500020272],[-71.03100300004054,43.505855000239194],[-71.03116299987411,43.50638999999311],[-71.0315989998922,43.50784599991144],[-71.03254399972333,43.51113400019709],[-71.03269500023438,43.511660999784425],[-71.03319400000166,43.51340000023549],[-71.03419999993214,43.516890999977484],[-71.03493800007404,43.519424999888926],[-71.03505900044786,43.51984200004921],[-71.03619199970164,43.523790999941085],[-71.03628399976314,43.524004999997224],[-71.03626799986964,43.5240970000194],[-71.03677099983487,43.5257669997075],[-71.03760600006112,43.52870799993615],[-71.03788499972038,43.52970399984401],[-71.03793099975114,43.529826000153726],[-71.03887700030548,43.529103999876],[-71.04452299990108,43.52479800022509],[-71.04590499957519,43.5283319997514],[-71.04643100000497,43.529688999885],[-71.0476510001957,43.52869700004544],[-71.04885700014273,43.52770500017352],[-71.05007700033347,43.52669800021857],[-71.0512830002805,43.52570600003785],[-71.05251900036475,43.5246919998898],[-71.05642599991086,43.52811000000734],[-71.06309300040385,43.52418000014552],[-71.06756499983946,43.52723999992978],[-71.06852599956412,43.52608999998397],[-71.06981299970198,43.52455699997961],[-71.07029599957575,43.52398199996979],[-71.07166899992735,43.522350000217514],[-71.07302700021035,43.520708999686235],[-71.07440100038687,43.519084000026204],[-71.07577399984015,43.51743599967716],[-71.07714800001668,43.51581099981225],[-71.0785210003683,43.514162999972505],[-71.07943199986423,43.51308499986757],[-71.07981900037682,43.51262599975713],[-71.08066399975051,43.51161600011803],[-71.08125299992949,43.510905000023826],[-71.08262499955788,43.50926499972079],[-71.08386200036536,43.50779299986092],[-71.08483800015861,43.50668599983504],[-71.08541800011676,43.50741899984115],[-71.08636399977279,43.50864700015924],[-71.08773799994931,43.51042499974893],[-71.0891110003009,43.51220199970561],[-71.0894769999988,43.5126909996968],[-71.0901170002314,43.51173899990848],[-71.09123199994183,43.510096999993216],[-71.09231700041333,43.50849899968988],[-71.09292499996059,43.5075939998828],[-71.09321600021372,43.50724399994369],[-71.09327599958985,43.50733500000581],[-71.09439100019861,43.50865500019188],[-71.09551900032783,43.509975000177505],[-71.09635899967866,43.51098900010291],[-71.09693899963678,43.51168399994843],[-71.09762499990013,43.511035000282874],[-71.09866299961769,43.51008199971948],[-71.10008299982496,43.508746000081324],[-71.10129100032012,43.507615000088265],[-71.10208100034055,43.50687699993327],[-71.10426999975351,43.509515999868576],[-71.1043469997464,43.50960899990228],[-71.1045629996565,43.50986999992507],[-71.10478600013755,43.510137999897324],[-71.10494799962095,43.510333999784805],[-71.10554000017298,43.51103999986125],[-71.10563800008225,43.51115799995439],[-71.10586800023603,43.511443000089166],[-71.10635799978247,43.512032000142106],[-71.1065360000577,43.51224800026399],[-71.10682700031086,43.51194300005702],[-71.10686699959551,43.51189699991767],[-71.10708900025168,43.51164699993523],[-71.10804699960326,43.51056999989504],[-71.10826099986352,43.51035599974575],[-71.10830699989427,43.51028799972213],[-71.10966500017726,43.50880000002963],[-71.1098169996149,43.508624000140905],[-71.1106269997268,43.50770099973648],[-71.11068700000126,43.50766299978584],[-71.11149600028826,43.50670899994025],[-71.11206600020066,43.50894099984785],[-71.11265100018167,43.51133200018984],[-71.11293599968872,43.51249899973304],[-71.11354599978407,43.51490500021843],[-71.11553500007884,43.52284899985447],[-71.11587400001254,43.52421100002209],[-71.11594199978461,43.52448399990712],[-71.1159920000133,43.52468799995951],[-71.1160670003564,43.5249809998495],[-71.11903099972119,43.53717399977742],[-71.11931500030163,43.53834199987873],[-71.11969000022036,43.53988699988833],[-71.11972799985519,43.5400410002084],[-71.1198340001604,43.54047699988612],[-71.11990500030551,43.54076800015838],[-71.11993799991745,43.54090500000394],[-71.12023900021634,43.54214800009517],[-71.12142400024698,43.54703999991207],[-71.12147899960026,43.54726800021993],[-71.12151899978323,43.547431000111196],[-71.12183900034867,43.54875499978958],[-71.1219320002351,43.54913800005978],[-71.12210399976424,43.5498640002882],[-71.1231299997862,43.55408700005372],[-71.12334400004646,43.55497199970482],[-71.12396400018757,43.55753399987085],[-71.1244460002364,43.559522999945116],[-71.12451300018355,43.559806000303084],[-71.12475599985781,43.560626000291236],[-71.12492400008729,43.561273999713194],[-71.125078999898,43.56187600019413],[-71.12519400042403,43.56232199989146],[-71.12540100011327,43.56313000018432],[-71.12544399977098,43.56330400022618],[-71.12546999971025,43.5634089999073],[-71.12559699993184,43.56392099985924],[-71.12564899981038,43.56412899985791],[-71.12570499988689,43.564359000234546],[-71.12614000008006,43.566071000001976],[-71.12732000008782,43.570856999704084],[-71.12760100029523,43.572014999827005],[-71.12780799998446,43.57278699968813],[-71.12839799998834,43.572191999937736],[-71.12878499960263,43.57179500019605],[-71.12922800019174,43.57133700007266],[-71.1296690002327,43.57088699996121],[-71.13000999981622,43.570550000292414],[-71.13134800000773,43.569193999869555],[-71.13137899996987,43.56917100015542],[-71.13240400016694,43.568109000251205],[-71.13304799969919,43.567450000165856],[-71.1335780003269,43.56690700022456],[-71.13400500012418,43.566469999928245],[-71.13409399981263,43.56637800011283],[-71.13537599992765,43.56508899985842],[-71.13656299960812,43.563887000104145],[-71.13673199966252,43.56371800021333],[-71.13696099999137,43.56348599968733],[-71.13728999987934,43.563155999751146],[-71.13795500022628,43.562480000206556],[-71.13929800044068,43.5611139997565],[-71.1412509998521,43.55915299991724],[-71.14274700022736,43.5576430001919],[-71.1441659997114,43.556178000045485],[-71.14596699968517,43.55436200007186],[-71.14675400023086,43.55356199996705],[-71.14823999966207,43.55205800021268],[-71.1497200001438,43.55059299970877],[-71.15094100015943,43.549356999688435],[-71.15268000020895,43.54761799979111],[-71.15327100003773,43.547058999862145],[-71.1536569998271,43.546709999755336],[-71.15481599991848,43.54577099986698],[-71.15653300022666,43.544275999744045],[-71.15689200025186,43.54396300005462],[-71.1579280003196,43.54305299997762],[-71.15814300040475,43.54286500029184],[-71.15940999955282,43.54177400007776],[-71.15997399961743,43.541278000006805],[-71.1609629998295,43.54042999980216],[-71.16121100042493,43.54021700027853],[-71.16125999993041,43.54017400019782],[-71.16177499959122,43.53972900024209],[-71.16267500011482,43.53895899984052],[-71.16508500035904,43.53687500019552],[-71.16653499980524,43.53564699993297],[-71.16790899998175,43.53441100018793],[-71.16824999956529,43.53411700020197],[-71.1685740003287,43.53383699999917],[-71.16872800031449,43.5337039997079],[-71.16889900001871,43.53355600012605],[-71.16913599984518,43.53335200010709],[-71.16915500011174,43.53333499974874],[-71.16925100037122,43.533251000167894],[-71.1711290003379,43.53166400017338],[-71.17117000034577,43.531631000158704],[-71.17250199979118,43.530504999792306],[-71.17617999990672,43.52739999993493],[-71.17859099997588,43.525332000298356],[-71.178662000121,43.525272999808976],[-71.17992699961925,43.524214000156405],[-71.18037600005613,43.523837000132836],[-71.18237500039665,43.52214000025241],[-71.18341200028925,43.52125800023341],[-71.18793599960341,43.51744399984762],[-71.19079899958417,43.5150329997192],[-71.19064200012365,43.51405599984814],[-71.19057000015364,43.513605999988094],[-71.19030999986263,43.512096000041666],[-71.19017500014343,43.511260999836075],[-71.19014300035637,43.511064000307435],[-71.18997400030197,43.50997400011392],[-71.18976000004173,43.508769000053135],[-71.18946999961351,43.50699900014704],[-71.18913400005283,43.50495399981981],[-71.18885899969322,43.50335200014715],[-71.18858500005685,43.501818999731476],[-71.18841699982735,43.500787999779014],[-71.18836699959861,43.500539999836334],[-71.1882720000624,43.5000739998214],[-71.18826500038969,43.50004899999023],[-71.18811200022883,43.499217000016614],[-71.18780699973198,43.497401999747744],[-71.18776200042446,43.49709599983735],[-71.18754800016421,43.49599000009686],[-71.18748700006485,43.49559399981933],[-71.18630299985911,43.48898999988011],[-71.18616599959178,43.48822999996264],[-71.18607799972823,43.48773400018327],[-71.18503499998782,43.48182599983294],[-71.18426400023397,43.47759499998707],[-71.18422599970081,43.47738799994958],[-71.18387599989644,43.47547699982036],[-71.18387099987356,43.47544499969977],[-71.18385499998006,43.475389999921425],[-71.18379800007864,43.4750120000077],[-71.18376499956837,43.47478999968056],[-71.18362700037441,43.47403799978874],[-71.18350400035077,43.47334700016573],[-71.18234000023654,43.466905000003074],[-71.18181800000472,43.464027999690714],[-71.18164200027763,43.46306900002082],[-71.18164200027763,43.46300100020907],[-71.18153799962222,43.46242599997041],[-71.1813390003289,43.461336000055006],[-71.18104800007578,43.459735000316826],[-71.18091900020434,43.45902300004253],[-71.17967399989926,43.45218200025658],[-71.1796129997999,43.45198400000063],[-71.17952199956329,43.45150099977937],[-71.17929200030784,43.4500990001475],[-71.17921600013986,43.44989300025599],[-71.17921500031495,43.44978700012707],[-71.17915500004048,43.44954200006559],[-71.17896000004683,43.44852099970793],[-71.17792599962894,43.44307700005075],[-71.17775099972674,43.44215000023399],[-71.1772820000967,43.43972000021887],[-71.17721699979936,43.43937900028711],[-71.17702099998078,43.43835799993934],[-71.17628799986177,43.43455600000572],[-71.17617999990672,43.434001999715704],[-71.17537999984056,43.429799000069075],[-71.17528600012923,43.429313999966624],[-71.17480599973021,43.426800000243496],[-71.17448600006308,43.42507599979142],[-71.1741210001901,43.42317300027307],[-71.17334200004032,43.419133000252494],[-71.17247199965396,43.41462100014205],[-71.17232199986613,43.41384600017815],[-71.17186300028182,43.411466000315556],[-71.17095299971248,43.40713699971535],[-71.17062499964943,43.40557500002826],[-71.17032400024885,43.404158000235],[-71.16959399960457,43.40072300029358],[-71.16937400039487,43.39968499979302],[-71.16827600040287,43.3940170000429],[-71.16714700044874,43.388324999978465],[-71.16635300023036,43.38454099997712],[-71.16556499985977,43.38076899976782],[-71.16511299994814,43.37845800023157],[-71.16501000001598,43.37794199977958],[-71.16498200042687,43.37787100005324],[-71.16457300017296,43.375589999828534],[-71.16241200034906,43.366442999741516],[-71.16190299963775,43.364570999887654],[-71.16185999998002,43.36441399988133],[-71.16181800014724,43.36425799998424],[-71.15951699968295,43.35580200023862],[-71.15936400042038,43.35512299976621],[-71.16027900011429,43.35425199980727],[-71.1616530002908,43.3529779998917],[-71.1630259997441,43.35171999981415],[-71.16438400002708,43.350460999699514],[-71.16443000005785,43.350407000049614],[-71.16526799975884,43.34963600031613],[-71.16542299956954,43.34949399983264],[-71.16554599959319,43.349381000185794],[-71.16575700037869,43.34918699989684],[-71.16664299976027,43.348370999993655],[-71.16713099965689,43.34791999975198],[-71.16836699974115,43.34679099993995],[-71.1695879997568,43.34566200003391],[-71.17082399984106,43.34453300003508],[-71.17205999992531,43.34339600025507],[-71.17329600000957,43.34227499976389],[-71.17433299990219,43.34131400028675],[-71.1746080002618,43.34106900030903],[-71.17590500044544,43.33985599987332],[-71.17721699979936,43.33865900000834],[-71.17840799967777,43.337574999686645],[-71.17912699955309,43.33691600018875],[-71.17965200015794,43.33646499978222],[-71.17988999980933,43.336247000100116],[-71.18003499957429,43.33615199995187],[-71.18010200041975,43.336097000313934],[-71.18021000037477,43.335983000228616],[-71.18026599955297,43.3359010000349],[-71.1808799998463,43.33535899989009],[-71.1811979998636,43.335124000217704],[-71.18135100002449,43.33498100007208],[-71.18145300013173,43.33487400031863],[-71.18161799998816,43.33472900019303],[-71.18171000004968,43.334656999848875],[-71.18180899978388,43.33455200022841],[-71.18187699955595,43.33448900023831],[-71.18201399982331,43.33438999984185],[-71.18210699970972,43.33431999980728],[-71.1823159999471,43.334142999957386],[-71.1824509996663,43.3340249999886],[-71.18258600028383,43.333899000156485],[-71.18264999985793,43.33379199980332],[-71.18267300032245,43.333770999986676],[-71.18491000031435,43.3317900003136],[-71.18565699977873,43.33113100011166],[-71.18639499992062,43.33044999986972],[-71.18826700003952,43.3287070003222],[-71.18962399959928,43.32745100005878],[-71.19096599998875,43.32622299994265],[-71.19144399983965,43.325780999744744],[-71.19207999987428,43.32519299972739],[-71.1922930003096,43.32498699967978],[-71.19322399989704,43.32416299969239],[-71.19503599974146,43.3219839997744],[-71.19633700012305,43.320469999926075],[-71.19914499985222,43.317213000302075],[-71.19967899977961,43.31657899998498],[-71.20025000041524,43.31593200017858],[-71.20028899987497,43.31588499992426],[-71.20050200031032,43.31561000032202],[-71.20098699983389,43.3150929999752],[-71.20189099965712,43.314114999832775],[-71.2028599997777,43.31308500023091],[-71.20328099972717,43.31263500005925],[-71.20436700002361,43.31147100030804],[-71.2046690001474,43.311147000177826],[-71.20576700013939,43.3099419997237],[-71.20685099988769,43.30874399977498],[-71.20741900015025,43.30815199972173],[-71.20756800011317,43.3079959996842],[-71.2100400002817,43.30598999981499],[-71.21126100029734,43.30499800029763],[-71.2124970003816,43.3039909998757],[-71.21379399966689,43.30295300019292],[-71.2155109999751,43.30155000027402],[-71.21563599964855,43.301448999970425],[-71.21613399959094,43.301044000096994],[-71.21629400032282,43.300914000146726],[-71.21660599959404,43.300660000296766],[-71.21666000002071,43.30061600011715],[-71.21701499984795,43.30032699967617],[-71.21746799958447,43.299958000021],[-71.21761200042285,43.29985299991714],[-71.21764099983685,43.29983099986615],[-71.218180999612,43.29939500024509],[-71.22002799961655,43.29789500016681],[-71.22153900006042,43.29667100026026],[-71.22271999989309,43.29573600000534],[-71.22394299955856,43.29473000017428],[-71.22523899991727,43.29368400025536],[-71.22648900024524,43.29266900025841],[-71.22769500019226,43.29171500011653],[-71.22810400044617,43.29138500012055],[-71.22887000017715,43.29076900013232],[-71.22909299975991,43.290589000291035],[-71.23006000023065,43.28980799983732],[-71.23125000028415,43.28884700005156],[-71.23244100016257,43.28787800031328],[-71.23268899985969,43.28767899999361],[-71.23363100021608,43.286924000220736],[-71.23482100026958,43.28596299998973],[-71.23601100032307,43.28499400008297],[-71.23613299962349,43.28489500012233],[-71.23746099976927,43.28381900012645],[-71.2387090004474,43.28280000005562],[-71.23891000028887,43.28263599986543],[-71.24034399984151,43.281469000141364],[-71.24179400018603,43.280294000115575],[-71.2432429998073,43.27912699993994],[-71.2443269995556,43.27825700017168],[-71.24518900044436,43.277555000270624],[-71.24539500030869,43.27738699973609],[-71.24646399998835,43.276516999941755],[-71.24696699995359,43.276188999910254],[-71.24721100035107,43.27556400025022],[-71.24731699975797,43.27528199992925],[-71.24733600002452,43.27523200023227],[-71.24660700010348,43.274755999725585],[-71.2464539999426,43.274663000289664],[-71.2463190002234,43.274578999685374],[-71.24616900043557,43.27448800004446],[-71.24602999962009,43.27440499988679],[-71.24594000010671,43.274352000018446],[-71.24582299993085,43.27428100011009],[-71.24549700041591,43.27408800002361],[-71.24526200023928,43.27394800024541],[-71.24484899978741,43.27370300002214],[-71.24459100004455,43.2735489999936],[-71.24408399988134,43.27324799979374],[-71.24371999983327,43.27302900019464],[-71.24322299971581,43.27273000016238],[-71.24304199996584,43.27262099988806],[-71.24265399962833,43.27238700029595],[-71.24249499961967,43.27229100030362],[-71.24194599962365,43.27196100023793],[-71.24146399957482,43.271671000249036],[-71.24106199989193,43.27142900026517],[-71.24090899973105,43.27133400015443],[-71.24050299985016,43.2710819999066],[-71.2403070000316,43.2709610001721],[-71.23990799982343,43.27071400016197],[-71.23962999998908,43.27054199997331],[-71.2395820003085,43.27051200030896],[-71.23881999987717,43.27004800012846],[-71.23763300019671,43.26931899981643],[-71.2367240003506,43.26875600029539],[-71.23581499960619,43.268184999709696],[-71.23430800025858,43.26725399977863],[-71.23363700006387,43.26683999970954],[-71.23289899992196,43.26637900016184],[-71.23076499986226,43.265020000140694],[-71.22938900003591,43.26416000023286],[-71.22670299960716,43.26247500016341],[-71.22509400015232,43.26144900006948],[-71.22358799973131,43.26049400006775],[-71.22270700037261,43.259936000096054],[-71.22014499979241,43.25832399980093],[-71.21904900034855,43.25763000012291],[-71.21432799959429,43.25462199972709],[-71.21255400028299,43.25357999998709],[-71.21102000027291,43.252707999982626],[-71.20861400022662,43.25136100006704],[-71.2077870003963,43.25089600005549],[-71.20627099992954,43.25005899972493],[-71.20498999963945,43.24924299991018],[-71.20419200012141,43.24872599995275],[-71.20271300036292,43.24775900020368],[-71.20097900033628,43.246646999925254],[-71.19987700014634,43.24593900017957],[-71.19873399994847,43.24518800021461],[-71.19856200041934,43.24508199994007],[-71.19762400026093,43.244472000244905],[-71.19590299975478,43.24335400017161],[-71.19446800037721,43.2424169999942],[-71.19400200022189,43.24212400023126],[-71.19252799958794,43.24117099999649],[-71.1921800003317,43.2409469998754],[-71.18910200026578,43.23897100012971],[-71.18878500007337,43.238764999803266],[-71.18830399984945,43.2384530000603],[-71.18607400042858,43.23700699971029],[-71.18379999972845,43.235531999865245],[-71.18114699980998,43.23381099985456],[-71.1772899995943,43.23130899982178],[-71.17581199966071,43.23034999998786],[-71.17547799974986,43.23013900009175],[-71.17401300023506,43.22918600025496],[-71.17351100009472,43.22887299977495],[-71.17326199967438,43.22871599984896],[-71.17261499976908,43.22830200023541],[-71.1715030004317,43.22758899994576],[-71.17124099959257,43.227424000084845],[-71.16986099956827,43.226553999739664],[-71.16879799973638,43.2258849998768],[-71.1684539997798,43.22566600010243],[-71.16729200021369,43.22492400006644],[-71.16702100005205,43.224749999745775],[-71.16587200000642,43.22401100031012],[-71.16558800032429,43.223831000050104],[-71.16490000041112,43.22339700022696],[-71.1643439998441,43.22304799996805],[-71.16416599956888,43.22293500018753],[-71.16391899969668,43.22277699979568],[-71.16316999968413,43.2222939999366],[-71.16274600025992,43.22203100029484],[-71.16206500001945,43.22164000022122],[-71.16129500009052,43.221130000199075],[-71.16094500028615,43.22090099974463],[-71.15981999963165,43.22016400001617],[-71.15958600017822,43.22001099969928],[-71.15849599968385,43.21931799977146],[-71.15805700019101,43.21904100027121],[-71.15725600029994,43.21853499999129],[-71.15598400023067,43.21773100001009],[-71.15573300016051,43.217572000221416],[-71.15473100042797,43.2169389998547],[-71.15350399966623,43.216163999709245],[-71.15334399983267,43.21606299973356],[-71.15220700038093,43.21533800006009],[-71.15215299995425,43.215303999950486],[-71.15105599978718,43.21460799977998],[-71.15043599964605,43.21421400010164],[-71.14955299973923,43.21365799985398],[-71.14836900043181,43.21291299981344],[-71.1481080003159,43.212748999905756],[-71.14788900003279,43.21260899985917],[-71.1471719998073,43.212149000062254],[-71.14598199975379,43.21138600032076],[-71.14483899955596,43.210670999720094],[-71.14372399984552,43.20996199991132],[-71.14260999995999,43.209242999806605],[-71.14145000004372,43.20850999982549],[-71.14114600027011,43.208324000122666],[-71.14069099998544,43.20803599986511],[-71.13915500032553,43.20705700004609],[-71.1387589995921,43.20680900030164],[-71.1379350001348,43.2062909999328],[-71.1368720003029,43.205619000137524],[-71.13575800041738,43.204917000250305],[-71.13462899956494,43.204237999932396],[-71.13361400031192,43.20359800011538],[-71.13351600040265,43.20353699975679],[-71.1322329995644,43.20274300012015],[-71.13093999957874,43.20193499986024],[-71.12963900009547,43.20113300025264],[-71.12879999967124,43.200598999853646],[-71.1281340003977,43.20018900030204],[-71.12803999978804,43.200127999809055],[-71.12794799972654,43.200072000290476],[-71.12754900041668,43.19982700015506],[-71.12702299998692,43.19950300006895],[-71.12674599997747,43.199329999852],[-71.12662499960364,43.1992539997795],[-71.1265650002275,43.199217999953376],[-71.12625800008084,43.199026000303746],[-71.12557000016767,43.19859699993691],[-71.1251709999595,43.19836300013243],[-71.12484200007152,43.19816899980442],[-71.12481100010939,43.19815100022881],[-71.12477900032233,43.198132000016145],[-71.12475400020799,43.1981169997062],[-71.12472599972057,43.198101000070054],[-71.12468800008575,43.19807799993089],[-71.12458900035155,43.19801999988307],[-71.12456599988701,43.19800700015835],[-71.12450499978765,43.19797100025137],[-71.12444700006131,43.19794000022348],[-71.1242629999383,43.19784500008224],[-71.12402699993676,43.197722000258665],[-71.12370700026962,43.197557000121876],[-71.12360000013949,43.19750100020818],[-71.12327899974912,43.1973340001488],[-71.12256700044482,43.19693100024468],[-71.12242299960647,43.196849999814326],[-71.12234099959069,43.19680299989533],[-71.12197200041807,43.19659199981286],[-71.12177999989915,43.19647900012362],[-71.12161900024064,43.196384999677896],[-71.12055800005858,43.19576400029877],[-71.12052500044662,43.195744999997736],[-71.12037700030861,43.19565899987091],[-71.1200810000326,43.19548499986803],[-71.1197579999924,43.19529699969878],[-71.11955499960283,43.19517800007956],[-71.11939599959416,43.195084000249324],[-71.1192070003466,43.194968000300996],[-71.1190819997748,43.19489100000465],[-71.11887099988762,43.19476199992834],[-71.11837299994524,43.194454999777115],[-71.1180399998593,43.194249999677936],[-71.11763800017641,43.19400100021906],[-71.11723899996824,43.19375299979287],[-71.11681399982078,43.19349000018605],[-71.11660700013155,43.19335999971279],[-71.11643600042734,43.19325399967611],[-71.1159839996174,43.192972000029016],[-71.11559500035328,43.19273099980888],[-71.11433599980448,43.19196299976989],[-71.11218500002636,43.190646000098816],[-71.10971200003291,43.18912299975852],[-71.10755399968376,43.187795000074445],[-71.10555400041666,43.18656499967556],[-71.10413699968413,43.18570899989619],[-71.10327100039403,43.18515800016091],[-71.10129299996994,43.18395900027819],[-71.10119599988555,43.18389300019576],[-71.10114200035719,43.1838639999881],[-71.10092999974678,43.18373200020144],[-71.1003049995828,43.183341000225525],[-71.0993260003148,43.18273999977889],[-71.0983399995775,43.18213200025826],[-71.09777899988592,43.181785000164346],[-71.0969110000477,43.181246999751394],[-71.09626999999018,43.18084999998641],[-71.09571199977336,43.180505999953816],[-71.0950940001804,43.180122999834765],[-71.09454699983421,43.17978600026918],[-71.09401399973174,43.17945699979692],[-71.09378100010325,43.179311999876155],[-71.09323999960483,43.178981000198974],[-71.09281000033285,43.178719000122236],[-71.09250099963806,43.178531000059465],[-71.09211300019886,43.17829199976078],[-71.09185899975564,43.17813499997091],[-71.09135800033852,43.17782499976366],[-71.09122600009405,43.17774400017916],[-71.09071999975575,43.17743100031415],[-71.09040699976131,43.17723799993047],[-71.09012599955393,43.177065000140644],[-71.08977999994752,43.17685100028295],[-71.08918699957057,43.17648800024806],[-71.08876099959822,43.17622900030809],[-71.087379999749,43.17538400029676],[-71.0865830000559,43.17488999985296],[-71.08580499973105,43.17440500001465],[-71.08572000024056,43.17435200026619],[-71.0853150001846,43.17410399992987],[-71.08446099969176,43.17357900031457],[-71.0830770003678,43.17273299992882],[-71.0823729996628,43.172294999822206],[-71.08207899993492,43.17211399983763],[-71.08088899988141,43.17138199973126],[-71.07968100028457,43.17064600028053],[-71.07907399966392,43.17026399967931],[-71.07849200005597,43.169906000030885],[-71.07728799975875,43.169165000191626],[-71.07609400040563,43.16843399992914],[-71.07546900024165,43.16804599970966],[-71.0748120002906,43.167640000245555],[-71.07356299978755,43.166862999869686],[-71.07227999984762,43.1660760003153],[-71.07101299980123,43.16529799984202],[-71.07058699982889,43.165007999903004],[-71.06900500013822,43.16403399977822],[-71.06891899992449,43.16398399984652],[-71.06861199977783,43.163797000171755],[-71.06831300002709,43.163614000128575],[-71.06770499958154,43.16324500002861],[-71.06707500029302,43.1628609998647],[-71.06699400010216,43.16281200018374],[-71.066743000032,43.16265900017821],[-71.06643699971022,43.162473000284976],[-71.06639499987743,43.16244700010681],[-71.06614399980727,43.162292999933655],[-71.06512899965595,43.16166700010119],[-71.06444800031379,43.161246999905025],[-71.06386199960957,43.16088699996626],[-71.06259600028639,43.16010800030217],[-71.06237799982819,43.15997399972386],[-71.06132800041507,43.15932799992253],[-71.06063200010598,43.15890100027985],[-71.0599569997133,43.15848399998627],[-71.05929300008957,43.15807499994626],[-71.0585919997576,43.1576380002172],[-71.05848499962748,43.15759200023637],[-71.05831700029631,43.157488000323],[-71.05829100035704,43.15747199986697],[-71.05815200043986,43.15738600021084],[-71.05738699963548,43.15691300026626],[-71.05630299988718,43.15623399995957],[-71.05624199978784,43.15618100017118],[-71.05544900029267,43.15569999994073],[-71.05465500007429,43.155204000141325],[-71.05369000015169,43.154618999875574],[-71.05333100012648,43.15440099985877],[-71.05322099962332,43.154334999940836],[-71.0530990003229,43.15428900009489],[-71.0529369999412,43.15418699988553],[-71.05251199979374,43.15391799994326],[-71.05232000017313,43.15379600012735],[-71.05174299968972,43.15343500014246],[-71.05108499991378,43.15302999997211],[-71.05042700013783,43.15262100012649],[-71.04958400041397,43.152086999992996],[-71.04930400003148,43.15191499982052],[-71.0489180002421,43.15167999989971],[-71.04878099997477,43.151611000069295],[-71.04780199980844,43.15100199986921],[-71.04686600019815,43.1504130002556],[-71.04675099967211,43.15034099999247],[-71.04665000028808,43.15027599972762],[-71.045813000412,43.149754000135275],[-71.04481699962895,43.14913800022527],[-71.04373899972843,43.14847400010234],[-71.04245099976565,43.14768200018793],[-71.04130300044325,43.146977000009926],[-71.04058600021776,43.146528999701744],[-71.03956100002068,43.145906000134104],[-71.03933199969183,43.14576399975023],[-71.03898799973526,43.14554399989801],[-71.03823600024799,43.14507100005802],[-71.03719799963213,43.14443900020937],[-71.03636499995399,43.143922999872814],[-71.03548399969696,43.143377999999764],[-71.03454999973651,43.14280500004249],[-71.0335980002327,43.142216000096305],[-71.03325000007816,43.142002000063655],[-71.0328319996034,43.14174600014944],[-71.02994900042945,43.13997199992366],[-71.02911400020321,43.13945299971089],[-71.02890400014094,43.139323000209174],[-71.02668600041564,43.13794700012499],[-71.02692900008986,43.13764200007696],[-71.02742700003223,43.13706999977936],[-71.0278749997459,43.13654000014618],[-71.02805899986892,43.136321999888864],[-71.0286279999564,43.13560700029001],[-71.0287409999343,43.135465999931434],[-71.02889800029314,43.135268999941395],[-71.02911099983017,43.135063000061635],[-71.02955400041927,43.13453300007747],[-71.02984999979697,43.13417799998072],[-71.02991000007142,43.134106000261895],[-71.0299529997291,43.13406199969998],[-71.03017299983715,43.133794000063624],[-71.03109500010204,43.13267399975377],[-71.03344699972165,43.129861999687606],[-71.03506100009767,43.12791900011902],[-71.0364350002742,43.126303999986796],[-71.03682100006358,43.12583199998274],[-71.03722799976934,43.12533200032327],[-71.03814099981342,43.124195999801145],[-71.03904999965953,43.12307899978964],[-71.04016400044338,43.12172799996536],[-71.04056299975323,43.121245000235675],[-71.04082300004423,43.12093200007027],[-71.04122599955203,43.12045800005183],[-71.04202099959534,43.119525000094335],[-71.0431090004399,43.118162000122204],[-71.04326099987755,43.11797399993653],[-71.04354200008495,43.11762799997558],[-71.04380200037595,43.11730799974463],[-71.04411700002022,43.116921000157895],[-71.04433600030333,43.11665100017092],[-71.04519800029375,43.11560700007261],[-71.04565799970298,43.115047999937275],[-71.04588500038203,43.11476699987625],[-71.04602099992614,43.11459799973158],[-71.0461869996075,43.11439099970617],[-71.04638800034726,43.11414199990735],[-71.04669600031885,43.11376399973802],[-71.04695099968866,43.11345500020204],[-71.04717599981956,43.11318299989231],[-71.04729399982033,43.11304000018493],[-71.0474469999812,43.112855000186954],[-71.04760500016496,43.11266299983162],[-71.04767600031006,43.11259800016918],[-71.04775900015075,43.11251800008625],[-71.04779799961048,43.112450000064705],[-71.04782000025011,43.11241200007766],[-71.0479189999843,43.11228899999222],[-71.04818400029818,43.11196300023868],[-71.05001700005901,43.10971300025374],[-71.05007300013551,43.10964499973891],[-71.05012599983897,43.109580000150274],[-71.05080700007943,43.10874999983896],[-71.05136000027339,43.10807900021435],[-71.05248900022752,43.10669699996119],[-71.05360200028815,43.10533899983077],[-71.05474700013579,43.10396599992058],[-71.05486199976353,43.10382399987577],[-71.05663000012535,43.101661000150195],[-71.0568739996245,43.10136400022588],[-71.05689899973886,43.10133399994803],[-71.05719699966468,43.100979000025916],[-71.05767100021593,43.10041699995178],[-71.05799699973086,43.100029000198084],[-71.05814400004395,43.09984699974026],[-71.0585139999398,43.09938900030302],[-71.05896400020158,43.09882799969974],[-71.05913200043109,43.09862199976408],[-71.05947200018971,43.09820500024377],[-71.05962299980246,43.09802000001123],[-71.05971800023701,43.0979049996913],[-71.05977500013843,43.09783400022439],[-71.06064799999953,43.09676900030991],[-71.0608220000768,43.096557000006605],[-71.06139600018714,43.09585899991697],[-71.06233000014761,43.094727000088994],[-71.06362999980597,43.093153000282236],[-71.06628799974732,43.08990000016215],[-71.0681020001399,43.08767699978187],[-71.06816400006417,43.0876000000439],[-71.06837900014933,43.08733799985247],[-71.06862699984646,43.087037000032176],[-71.07005000042676,43.08530599995339],[-71.07013900011523,43.085191999890405],[-71.07031599966722,43.0849810000485],[-71.07053300030053,43.084709999707876],[-71.07073800033993,43.084458000286055],[-71.07171699960794,43.083272999682215],[-71.07182299991315,43.083145999878724],[-71.07290599983652,43.0818260002864],[-71.07292199973004,43.08174799984106],[-71.07293599997375,43.08168099967366],[-71.07207399998332,43.08168099967366],[-71.07044200006392,43.08168900030467],[-71.07037299956863,43.08168900030467],[-71.06898400022182,43.08170399968065],[-71.0675959998016,43.081695999707726],[-71.06619200038617,43.08170399968065],[-71.06562199957546,43.08170700008029],[-71.06480300014103,43.08171400013741],[-71.06347499999528,43.081725999764835],[-71.06214900039764,43.081736000218],[-71.06132900024,43.081743000271814],[-71.06082700009966,43.081745000099545],[-71.05950899999964,43.08175000032482],[-71.05818000002897,43.08176499968586],[-71.05685299970811,43.08176499968586],[-71.05552499956234,43.08177199973635],[-71.05527900041338,43.08176499968586],[-71.05502499997016,43.081768999995965],[-71.0539860004277,43.08178400000848],[-71.0536969998244,43.081785999834935],[-71.05238000044758,43.08179499970913],[-71.05105499977655,43.08180400023814],[-71.04972699963079,43.081803000325266],[-71.04843000034548,43.08180999971528],[-71.04711800009322,43.081817999673326],[-71.04591999964381,43.08183999971653],[-71.04580300036626,43.08183999971653],[-71.04450000033485,43.081843000109515],[-71.04397899992794,43.08184400002179],[-71.0431029996938,43.08185000015109],[-71.04273899964572,43.081854999711666],[-71.04235799987921,43.08185999992794],[-71.04205099973255,43.0818640002319],[-71.04159100032334,43.0818640002319],[-71.0413069997429,43.0818640002319],[-71.04111599994718,43.0818640002319],[-71.04079700010494,43.081865000143786],[-71.04028999994175,43.081867999879414],[-71.03985999977145,43.08187100027108],[-71.03929599970681,43.08187100027108],[-71.0391950003228,43.08187100027108],[-71.0388299995515,43.08187100027108],[-71.03866300004525,43.08187100027108],[-71.03841000032526,43.08187400000642],[-71.0382019999128,43.0818759998299],[-71.03810900002637,43.08187699974162],[-71.03798600000273,43.081879000221114],[-71.03783299984185,43.0818800001328],[-71.03768300005402,43.08188199995612],[-71.03747999966443,43.08188399977932],[-71.0373640002118,43.08188600025858],[-71.03718799958638,43.08188600025858],[-71.03703699997364,43.081884999690914],[-71.03686700009433,43.08188399977932],[-71.03677699968264,43.08188399977932],[-71.03660299960538,43.08188199995612],[-71.03649800002339,43.08188199995612],[-71.0362879999611,43.08188100004446],[-71.03620500012043,43.08188100004446],[-71.03613099960226,43.0818800001328],[-71.03605899963225,43.0818800001328],[-71.03599400023323,43.081879000221114],[-71.03586299981367,43.0818800001328],[-71.03576800027743,43.08188100004446],[-71.03569100028454,43.08191399974437],[-71.03563799968278,43.0818759998299],[-71.03277800007506,43.081904999887605],[-71.03046400009029,43.08192400016686],[-71.02926900001391,43.081918999955796],[-71.01797100007663,43.08198900024876],[-71.01680199993953,43.082001999732014],[-71.01513200038531,43.082005000117064],[-71.01438800039564,43.08201399995909],[-71.01425799980099,43.08201499986857],[-71.01393300011098,43.082019000162404],[-71.01370100030739,43.082019000162404],[-71.01298599973171,43.082023999709136],[-71.01274600043052,43.082023999709136],[-71.01256999980511,43.081992999888165],[-71.01231399971208,43.08201800025299],[-71.01224199974205,43.08201699968744],[-71.01187799969397,43.0820219998905],[-71.0116040000576,43.08202500027457],[-71.0101119998803,43.08202600018387],[-71.00960100041745,43.08202500027457],[-71.00798299984346,43.082037999750135],[-71.00787800026147,43.08203900031534],[-71.0063319996575,43.08204100013343],[-71.0061330003642,43.08204000022442],[-71.0058949998145,43.08204100013343],[-71.00537199975776,43.08204999997021],[-71.00450200026972,43.08206300009659],[-71.00390800006788,43.08206699973116],[-71.00382400040229,43.08206699973116],[-71.00203799959881,43.08207000011303],[-71.00141800035601,43.082073999747145],[-71.00067299964313,43.08208099976233],[-71.00013799989082,43.082092999973995],[-70.99951000025212,43.08210799990714],[-70.99949299963536,43.08210799990714],[-70.99748599979725,43.08214499977038],[-70.99616699987233,43.082169000166225],[-70.99574099989998,43.08217399970076],[-70.99497400034409,43.08218499998747],[-70.994165999882,43.08219600027223],[-70.99284100010928,43.08221499980513],[-70.99244500027417,43.08221800017975],[-70.99197499992088,43.08222500017848],[-70.99152899985704,43.082231000270475],[-70.99030700001649,43.08224600016988],[-70.98907199975714,43.08226000016015],[-70.98783700039611,43.08227699986283],[-70.9875200002037,43.08228100013956],[-70.98642499968645,43.082298999741255],[-70.98502799994371,43.08231400028008],[-70.9842660004107,43.08232200017232],[-70.9841120004249,43.082323999981206],[-70.98360899956134,43.08232900015916],[-70.98276699966237,43.082343000130464],[-70.98220699979574,43.08235199992289],[-70.98219000007731,43.08235199992289],[-70.98177800034864,43.08235700009857],[-70.98080099983217,43.082366999792626],[-70.9801060002463,43.0824889997343],[-70.97979400007678,43.082543000308505],[-70.97857200023621,43.082729999851516],[-70.97680899989726,43.08300900022428],[-70.97433099988096,43.083427999984586],[-70.97314099982745,43.08362299982909],[-70.9721859999506,43.08377500025985],[-70.97212200037649,43.08378600025913],[-70.97176900019907,43.08384600028004],[-70.97168299998535,43.08385999990468],[-70.97009799992163,43.08412299975687],[-70.96897399999038,43.08430600023773],[-70.96734700009387,43.0845669997518],[-70.96662300019568,43.08468200018779],[-70.96532799966188,43.084900000096496],[-70.96419899970775,43.08507099994246],[-70.96350999996967,43.08518100014358],[-70.96276799962982,43.08530199987419],[-70.96203299986098,43.08542300002194],[-70.96050600042192,43.08566699995614],[-70.95953700030134,43.08582699999845],[-70.95926500031477,43.0858680002824],[-70.95676899985682,43.08627699980417],[-70.9470030002798,43.087878000073275],[-70.94492199992354,43.088239999815606],[-70.94478700020433,43.088263999791806],[-70.94463999989124,43.08829000002869],[-70.94324099960036,43.08853399969572],[-70.9418709996218,43.088783000010096],[-70.94138899957295,43.08885499992815],[-70.94111900013452,43.08889699995057],[-70.94078100002572,43.08895700021386],[-70.94038400036568,43.08902699968132],[-70.93899599994548,43.08927200013973],[-70.93812700028234,43.08942200009734],[-70.93779199964827,43.08948000027113],[-70.93729700007894,43.08956600031462],[-70.93488400035997,43.08996999986399],[-70.9340630003774,43.09010800012903],[-70.93394100017866,43.09013299980626],[-70.9338659998356,43.09015699969672],[-70.93375200003277,43.09015699969672],[-70.93364599972757,43.09014900017159],[-70.93356899973467,43.09013500001615],[-70.93323300017401,43.09008400021938],[-70.93304300020321,43.09005599987551],[-70.93296000036254,43.09004300013324],[-70.93281899989724,43.09002200019052],[-70.93264599964486,43.0899960000328],[-70.93243499975766,43.089965000309704],[-70.93229199964253,43.08994299990413],[-70.93200299993754,43.08990099994292],[-70.93172299955505,43.089859999734344],[-70.93089999992267,43.089740000262125],[-70.93040100015537,43.089662000052726],[-70.9294169999662,43.0895110002397],[-70.92846200008935,43.08938899984954],[-70.92717300030164,43.08918700013185],[-70.92647000031985,43.08908200019085],[-70.92353399964583,43.088649999702014],[-70.9234039999495,43.088629999739204],[-70.92071800041906,43.08822299979949],[-70.9154629997374,43.08742599992154],[-70.91526100007104,43.087396000031504],[-70.9144009997304,43.08726200016822],[-70.9135489997857,43.08713299979766],[-70.91169900030644,43.0868579998148],[-70.91004399992254,43.086597000220735],[-70.90864100033201,43.08638999997817],[-70.90683299978721,43.08611899996614],[-70.90515900003504,43.08587200032465],[-70.90276399985942,43.08549999987219],[-70.90183099972388,43.08536400008818],[-70.90117100029809,43.08526499994939],[-70.89855299964141,43.08486899976256],[-70.89804600037652,43.08479699975175],[-70.895574000208,43.08443300026084],[-70.8922359998511,43.083930999826364],[-70.89214100031485,43.0837829999613],[-70.89209899958374,43.0837090002227],[-70.89171799981723,43.083122999757016],[-70.89075600026767,43.082961999975346],[-70.89022399999011,43.08287599984527],[-70.88974299976617,43.08279800008062],[-70.88956799986398,43.08276699999517],[-70.88945200041135,43.08274799997741],[-70.88925099967157,43.0827140001726],[-70.88894900044612,43.08266400000078],[-70.8888649998822,43.08265000010284],[-70.88742999960631,43.08241299993899],[-70.8872589999021,43.08238500002518],[-70.88642899969871,43.082247999981206],[-70.88599500022875,43.08217700007738],[-70.88547999966963,43.082085000051855],[-70.88466799990789,43.08194000005208],[-70.88335800020378,43.08172800024924],[-70.88299199960758,43.081666000292046],[-70.8820280004082,43.081504999962085],[-70.88070100008736,43.08129900014956],[-70.87950799966079,43.08109799992282],[-70.87938999966,43.08107900004354],[-70.87806099968934,43.08085699994702],[-70.8773119996768,43.080741000274095],[-70.87673599991662,43.08064299981364],[-70.87543600025826,43.08042200004115],[-70.87449999974964,43.08109300030047],[-70.87368700016303,43.08169200004892],[-70.87284199989101,43.08233700004944],[-70.8723769995606,43.082657000052215],[-70.87202000008354,43.08290500008575],[-70.87132100029972,43.083379000282704],[-70.87115499972003,43.08348699981456],[-70.87040300023277,43.083977999987994],[-70.86978999976436,43.084374000029726],[-70.86891000023057,43.08485799995774],[-70.86811199981423,43.08519900020536],[-70.867608999849,43.08540800024432],[-70.8667650003002,43.08575999969948],[-70.86591699965514,43.08608500006395],[-70.86510599971834,43.08644100022652],[-70.8645409998288,43.08673100022667],[-70.86425999962142,43.08692100025153],[-70.86402199997003,43.087082000125505],[-70.86371700037151,43.087333999905965],[-70.86315199958366,43.08805099975673],[-70.86278199968781,43.0885690000092],[-70.86248100028725,43.089133999959245],[-70.86231300005777,43.08953900017667],[-70.86211800006409,43.090296999745014],[-70.86208600027703,43.09041600032165],[-70.86198099979674,43.09080000025834],[-70.86145199989222,43.09269900022762],[-70.8610769999735,43.09409700028172],[-70.86100500000349,43.09436599969178],[-70.86093999970615,43.09461999974252],[-70.86087899960678,43.09495600028809],[-70.86084799964465,43.095215000297685],[-70.86081800040571,43.09542900003634],[-70.86076499980398,43.09646800026386],[-70.86072899981896,43.09701999992743],[-70.86066500024485,43.09828199976809],[-70.86069500038208,43.0995410003099],[-70.86074200023775,43.10063899999993],[-70.86081699968251,43.10138000028062],[-70.86096999984339,43.102333000179804],[-70.86120599984493,43.10357299994699],[-70.86162199977154,43.10575899982998],[-70.86205100011694,43.10801400027434],[-70.86211399986614,43.10834500009718],[-70.86214700037641,43.10882400014674],[-70.86219199968393,43.10947300018268],[-70.86222199982116,43.10991700003332],[-70.86215999989689,43.11048100032179],[-70.86196200042848,43.11144300030472],[-70.8617029999624,43.112113999775154],[-70.861245000203,43.11296799984808],[-70.86090299989624,43.11337800008757],[-70.86043599991599,43.113936999739245],[-70.86002400018737,43.11459300022073],[-70.85985699978276,43.115082000153535],[-70.85977999978988,43.11559299983591],[-70.85985599995786,43.11595100029122],[-70.86000900011874,43.1164319998384],[-70.86022300037898,43.11672200011051],[-70.86066500024485,43.117195000228406],[-70.86112300000426,43.11759899978385],[-70.86206299981251,43.118296999881736],[-70.86269800002222,43.118769000318444],[-70.86325899971379,43.11918600008803],[-70.86370200030291,43.11961399975958],[-70.8640830000694,43.120148000277986],[-70.86420500026814,43.12037599987524],[-70.86431200039826,43.12073499981969],[-70.86437299959933,43.12115499973836],[-70.86437299959933,43.12169599999803],[-70.86426700019243,43.12216199967242],[-70.86402199997003,43.1227110000688],[-70.86348800004265,43.12339800011012],[-70.86286299987867,43.12398499994204],[-70.86245000032511,43.12435899976582],[-70.86191700022265,43.12470999968737],[-70.8610769999735,43.12507500025486],[-70.86063699975746,43.12527499987577],[-70.86044500013682,43.12536699992763],[-70.86019200041684,43.12548800024131],[-70.85959700039008,43.12573999997456],[-70.85930100011407,43.125846999693024],[-70.85915399980098,43.12590000021345],[-70.85900200036333,43.12596900021599],[-70.85842200040518,43.12613699992528],[-70.85831500027507,43.12619000019439],[-70.85767400021757,43.12638399974881],[-70.85664200034782,43.12663000004962],[-70.8564439999811,43.12667599972954],[-70.85558399964047,43.126876999849365],[-70.85492699968944,43.126976000242976],[-70.85432699963981,43.12705099997749],[-70.85408700033864,43.127067999703485],[-70.85330700036394,43.127104999939235],[-70.85282199994205,43.12711900016439],[-70.85275199962186,43.127116000022724],[-70.85211200028758,43.12711399970968],[-70.85114300016701,43.127097999825494],[-70.85048700004087,43.127051999807264],[-70.84952600031623,43.126899999928625],[-70.84890000032735,43.12675300015687],[-70.84870100013572,43.12670900020552],[-70.84857800011207,43.12664299989141],[-70.84801499987238,43.12649500031884],[-70.84792399963578,43.12644899984716],[-70.8475310001737,43.12630899985209],[-70.84689900033703,43.12608599995693],[-70.84676700009254,43.126037000294396],[-70.84649000008311,43.125928999748915],[-70.8460170002551,43.12573199985328],[-70.84500299992868,43.12508100008253],[-70.84466999984275,43.12484799967655],[-70.84457600013143,43.12478100011026],[-70.84443499966612,43.124682000098154],[-70.84410800032629,43.12445099988398],[-70.84342299988785,43.12385499968519],[-70.84260100008036,43.12304099984609],[-70.84199799965769,43.12241900017629],[-70.84171999982335,43.12214800027986],[-70.84141199985177,43.12185800015225],[-70.84044600010427,43.12110899984101],[-70.83972899987877,43.120604999869386],[-70.83928500036308,43.12032600028939],[-70.8389830002393,43.12013600031017],[-70.83877900002479,43.12001100012284],[-70.83804000005799,43.11959300012287],[-70.83792899972991,43.11952999985796],[-70.83783099982062,43.11948100018992],[-70.8369980001425,43.11907200014555],[-70.83653199998717,43.11887599977086],[-70.83594500035633,43.118628999796314],[-70.83508300036588,43.11834699981421],[-70.83453799966954,43.1181890000979],[-70.83400299991723,43.118035999859295],[-70.83391599987861,43.11801099977107],[-70.83295500015396,43.117844000021485],[-70.83190099964459,43.11773800005778],[-70.83103199998145,43.117667999968724],[-70.83011200026469,43.1176449996972],[-70.8298109999658,43.11763799981239],[-70.82883400034764,43.117660000103335],[-70.8280300000835,43.11773000020154],[-70.82726699982727,43.117801000200636],[-70.82701300028238,43.11782799967994],[-70.82651500034,43.11788199991423],[-70.8262419996302,43.11797100000216],[-70.8261859995537,43.1179870003063],[-70.82579599956638,43.11802100020102],[-70.82577899984793,43.118027000064814],[-70.8256650000451,43.11811499996601],[-70.82557499963343,43.11820600031938],[-70.82545499998282,43.11829999980012],[-70.82466800033545,43.118918000185054],[-70.82357899966597,43.11977400028356],[-70.82254099994843,43.12058699972336],[-70.8210959996268,43.12169899974981],[-70.8201650000394,43.12243200025727],[-70.82001899955121,43.12254499993711],[-70.82027399981934,43.12266500003003],[-70.82117400034294,43.12316900007932],[-70.8217369996843,43.12349300002596],[-70.8220749997931,43.12368800015022],[-70.82332599994598,43.124373999837275],[-70.82457700009887,43.125068999770974],[-70.82459999966508,43.12508500018588],[-70.82514199998838,43.125511000187174],[-70.82553899964842,43.12586200005527],[-70.82578300004589,43.12609800006898],[-70.82665199970903,43.12701399970908],[-70.82708000022953,43.127395000108145],[-70.82739999989666,43.127806999693135],[-70.82761199960876,43.128154000252394],[-70.82767500025626,43.12825800025203],[-70.828009999992,43.1288759997038],[-70.82825500021441,43.129401999722276],[-70.82831200011583,43.129535999804155],[-70.82835499977351,43.12963400004026],[-70.82875999982947,43.13052800024254],[-70.82905299973243,43.131328999950476],[-70.82913499974819,43.13148500030839],[-70.82931499967324,43.132193999804045],[-70.82939800041224,43.13282299984467],[-70.82963100004075,43.135339999907785],[-70.8296910003152,43.13605999973009],[-70.82971300005651,43.136166000069636],[-70.82971899990429,43.13619400030179],[-70.82970399983567,43.13655099984385],[-70.82968799994217,43.13681800018277],[-70.82976099973709,43.13762199973051],[-70.82976599975996,43.13768400006215],[-70.8299160004461,43.13813099998989],[-70.83011899993737,43.13860100019516],[-70.8307340000556,43.1396629996835],[-70.83155099984022,43.1409100000201],[-70.83221100016429,43.142123999824875],[-70.83281100021391,43.14336600000078],[-70.83303600034482,43.14390699979783],[-70.8332460004071,43.14447100007667],[-70.83343300000486,43.145107999889255],[-70.8335929998384,43.14601000009524],[-70.83360999955686,43.14610599980147],[-70.83359500038657,43.14696500006204],[-70.83353400028719,43.14781100012135],[-70.83322899979035,43.149039999786346],[-70.83318000028486,43.14920299973421],[-70.83292400019182,43.15006999994392],[-70.83246600043243,43.15114499997281],[-70.83200799977472,43.15211400006753],[-70.83148899991592,43.15315999981766],[-70.83087899982057,43.154364999793216],[-70.83065000039002,43.15478500011229],[-70.83025500037981,43.155578999768984],[-70.82997900019528,43.15613499974885],[-70.82946000033651,43.157241000310826],[-70.8293380001378,43.157562000002315],[-70.82932200024425,43.15761499990349],[-70.8289720004399,43.158523000157935],[-70.82892600040914,43.158775000062185],[-70.82865400042259,43.15983000001684],[-70.82865100004953,43.1598430000089],[-70.82857400005663,43.16030899996337],[-70.82839099975853,43.16141399975153],[-70.8281630001529,43.162551000097764],[-70.82805600002278,43.16390199971274],[-70.82784199976254,43.16503799975717],[-70.82784199976254,43.16506300027963],[-70.82784000011272,43.16508800013668],[-70.82778099966316,43.16693099968081],[-70.82779599973178,43.167115000100594],[-70.82794700024283,43.16768400022749],[-70.82800599979404,43.16788099993669],[-70.82809500038083,43.16815300009063],[-70.82809899968048,43.16816799990247],[-70.82808600015998,43.16822699995666],[-70.82814800008428,43.16854800024109],[-70.82801099981694,43.169517000199036],[-70.82778200038639,43.17043200020373],[-70.8268969999314,43.17141699983849],[-70.82616700018545,43.17205699976035],[-70.82594999955215,43.17224799999358],[-70.82566099984716,43.17243099972191],[-70.82559899992287,43.17246200025881],[-70.82501800013983,43.172737000190544],[-70.8244390000066,43.173010999805776],[-70.82410400027085,43.1732170002133],[-70.82392299962255,43.1733749999278],[-70.82376799981186,43.17357599983208],[-70.82364700033635,43.17388100008559],[-70.82361600037422,43.174087000178965],[-70.82356899962022,43.1742390000186],[-70.82356899962022,43.174262999682824],[-70.82357000034347,43.17456999985162],[-70.82357000034347,43.17474599992886],[-70.82357000034347,43.17507899968846],[-70.82359299990969,43.175119000102065],[-70.82360700015337,43.175141999722],[-70.82362300004691,43.17524099992419],[-70.82363800011552,43.175352000237886],[-70.82365300018412,43.17546100030833],[-70.8237429996975,43.176013000117536],[-70.8238549998505,43.1765739998739],[-70.82423800016514,43.178108000258426],[-70.82470599997028,43.17960700012063],[-70.82474100013039,43.179751999995865],[-70.82502300016269,43.18065699992878],[-70.82514199998838,43.181028999766085],[-70.82547699972415,43.18184599999715],[-70.82611799978163,43.183134999909456],[-70.8268960001065,43.18435600013204],[-70.827537000164,43.18562199985496],[-70.827565999578,43.185671000232226],[-70.82758099964663,43.18569699969458],[-70.82805699984769,43.18652900022351],[-70.8281849998942,43.186856000252476],[-70.82829799987209,43.18733599998239],[-70.82827299975776,43.187601000208346],[-70.82825500021441,43.187788999851485],[-70.82811700012213,43.188232000208195],[-70.82784299958743,43.188636000054686],[-70.82750600020186,43.18903300027539],[-70.82708000022953,43.1893909997913],[-70.82631600014837,43.189947999971054],[-70.82598100041261,43.19014600001326],[-70.825706000053,43.19027600012826],[-70.82542900004356,43.190384999754336],[-70.82540700030225,43.19039400003323],[-70.82520800011062,43.190472000211514],[-70.8249889998275,43.19055799978873],[-70.82468400022898,43.190673000161105],[-70.82384499980476,43.19093999984276],[-70.82294500017949,43.191169000150204],[-70.8225319997276,43.19125999984793],[-70.82207399996821,43.19132100003716],[-70.82186100043118,43.191367000160994],[-70.82071599968522,43.191649000020064],[-70.82036500005593,43.191748999736085],[-70.82015199962059,43.19185499976705],[-70.8200450003888,43.19191600001653],[-70.81975499996057,43.19226699979482],[-70.81957199966246,43.192504000261145],[-70.81947999960096,43.192701999870394],[-70.81928200013255,43.19299199994475],[-70.81911399990307,43.19351099998464],[-70.81902299966646,43.194121000211375],[-70.81902199984154,43.19450300023112],[-70.81902199984154,43.194520000191886],[-70.81905899965147,43.19511899986858],[-70.81934400005683,43.19600599968629],[-70.81967399976972,43.19660799984467],[-70.81983199995345,43.19685299980793],[-70.81992999986275,43.197025999844364],[-70.82002000027444,43.19719700006074],[-70.82025200007803,43.197633999673634],[-70.82056800044553,43.19840800021487],[-70.8206510002862,43.198834000049935],[-70.82065600030909,43.19885999979905],[-70.82068600044629,43.19926400001845],[-70.82066999965447,43.19944699997674],[-70.82067100037767,43.199491999914585],[-70.82045700011743,43.20095700028188],[-70.81981600005993,43.203436999713226],[-70.81977000002918,43.20358199995209],[-70.81964799983044,43.20395599997083],[-70.8187780003424,43.206687000052064],[-70.81786299975019,43.20918899973428],[-70.81726799972343,43.21025000024122],[-70.81717599966191,43.21038699982759],[-70.81664199973456,43.211126999824224],[-70.81656599956656,43.211318000258935],[-70.8165050003655,43.21181400004778],[-70.81652000043412,43.21212699972885],[-70.81656499974164,43.212226000184636],[-70.81662699966593,43.212676000052525],[-70.81682500003265,43.213400999948156],[-70.81689100015488,43.21366099967581],[-70.81689600017776,43.213681999733886],[-70.8169759996454,43.21402100013795],[-70.81697499982047,43.21406099991258],[-70.81696300012491,43.21432399988914],[-70.81691700009416,43.21452999968347],[-70.81684099992617,43.214689999908074],[-70.81682599985757,43.21476599973679],[-70.81662699966593,43.2150410002723],[-70.81652000043412,43.21521599984836],[-70.8162450000745,43.215498999820966],[-70.81584900023938,43.21568200017972],[-70.8144139999635,43.21635300007002],[-70.8136049996765,43.216779999964864],[-70.81287300028072,43.21735300004372],[-70.8127660001506,43.217505000169865],[-70.81261399981464,43.2177190002134],[-70.81250699968452,43.21795499970879],[-70.81244599958515,43.2182069998592],[-70.81249300033912,43.218511000057404],[-70.81252000010329,43.218593999815816],[-70.81255299971527,43.218679999690835],[-70.81265900002047,43.21890100026723],[-70.81291900031147,43.21919899987095],[-70.81346800030748,43.21967199986285],[-70.81356000036898,43.219846999895985],[-70.81354500030037,43.21996900000723],[-70.81345300023885,43.22015200004371],[-70.81320899984138,43.220411999791274],[-70.81301100037297,43.22061799996723],[-70.81270500005122,43.220908000242964],[-70.81265499982251,43.22094499996446],[-70.81241600034623,43.22112099987154],[-70.8112870003921,43.22197600017658],[-70.81098100007034,43.2223269998414],[-70.8105840004103,43.222853000018716],[-70.80972999991747,43.22416499995795],[-70.80964299987885,43.22440100003209],[-70.80970700035124,43.22442599981165],[-70.80974400016117,43.224524999937856],[-70.80970700035124,43.22485400031312],[-70.80961600011466,43.22490899979875],[-70.80952499987806,43.22488199983137],[-70.80951599965722,43.225165000107765],[-70.80957099990881,43.225330000192294],[-70.80959299965012,43.225394000255584],[-70.80960799971872,43.22551100013631],[-70.80982100015407,43.22588200000177],[-70.81000500027709,43.226041999894385],[-70.81034000001283,43.22622500002991],[-70.81055400027307,43.22632500002209],[-70.8111330004063,43.22662999983594],[-70.81122499956952,43.22672100031748],[-70.81132599985183,43.22700500006924],[-70.81138100010342,43.22727500027495],[-70.81141000041573,43.22750300020091],[-70.81145499972327,43.22774100008089],[-70.8114770003629,43.22779600023449],[-70.81154599995988,43.22796599980043],[-70.81177500028873,43.22824699988383],[-70.81218600019247,43.22862099985579],[-70.81226300018535,43.22867400026298],[-70.81287300028072,43.22890300031927],[-70.81317799987924,43.228991000303594],[-70.81348300037607,43.22907900016082],[-70.81406400015912,43.22911700028307],[-70.81455200005577,43.22909400005691],[-70.81519300011327,43.22900199971999],[-70.8153289996574,43.22894900025256],[-70.81552799984902,43.22891899973083],[-70.81592500040738,43.22881199982256],[-70.81641300030401,43.228789000135855],[-70.81647400040337,43.228780999758996],[-70.81664199973456,43.228841999742365],[-70.81687100006341,43.22898000023067],[-70.81720699962406,43.229345999984076],[-70.81721599984489,43.2293609998144],[-70.81723799958621,43.2293989997608],[-70.817399000143,43.22968200001164],[-70.81745900041746,43.22993699980146],[-70.81746400044034,43.22994999992129],[-70.81747799978572,43.229989000264176],[-70.8174200000594,43.23030700011485],[-70.81707000025503,43.23103199982388],[-70.81661199959731,43.23158100010923],[-70.81607699984502,43.23216900028771],[-70.81560499984191,43.23284000002768],[-70.81548299964318,43.23316799997267],[-70.81548199981827,43.233259999911596],[-70.81548199981827,43.23351899998976],[-70.81548600001624,43.23353200000004],[-70.81553500042003,43.23370099988148],[-70.81559399997127,43.233894999771714],[-70.81561200041294,43.233953999784525],[-70.81586400030801,43.23443400008457],[-70.81601599974564,43.23465599986914],[-70.81615499966283,43.234899000103596],[-70.8162169995871,43.23500599979723],[-70.81629100010527,43.235135999875595],[-70.81652799993172,43.235511000133684],[-70.81655100039626,43.23554700013656],[-70.8165959997038,43.23561700004486],[-70.816842999576,43.23592499986419],[-70.81707699992772,43.23621699998069],[-70.81708500032364,43.23622700004959],[-70.81720699962406,43.23633400002925],[-70.8172579996777,43.23640399968797],[-70.8174209998843,43.236624000148716],[-70.81757300022028,43.23688400032368],[-70.81761800042612,43.23710499969831],[-70.81761900025103,43.23718199971855],[-70.81761900025103,43.2373639997961],[-70.81760300035751,43.237668999998135],[-70.81761900025103,43.237707999982575],[-70.81762799957355,43.237727000301504],[-70.81763599996947,43.237744999978226],[-70.81768200000022,43.23784600002899],[-70.81770899976439,43.23790100022598],[-70.81776499984089,43.23801599970401],[-70.81782599994025,43.23815600031212],[-70.8179559996366,43.238231999684785],[-70.81826399960818,43.238384000109086],[-70.81870800002218,43.238485999724844],[-70.8190539996286,43.23859099972833],[-70.81941799967667,43.23866699986732],[-70.82015599981855,43.23886700009007],[-70.82119100006138,43.23919299974626],[-70.82170200042252,43.23932499996612],[-70.82218199992323,43.23946999995236],[-70.82261000044372,43.239655000246245],[-70.82332500012106,43.24001900013613],[-70.82353000016049,43.24020699989642],[-70.82354799970383,43.240232999678355],[-70.82386300024642,43.24051799988325],[-70.82389400020855,43.24054600005879],[-70.82397500039941,43.240764000097194],[-70.82405300021722,43.241004999676086],[-70.82414000025585,43.241377000041126],[-70.82420999967775,43.24167100004206],[-70.82428699967063,43.24179699998211],[-70.82450099993088,43.24194199997498],[-70.8250800000641,43.242162999981694],[-70.82572100012159,43.24236100004122],[-70.82608799964443,43.2424529998433],[-70.82645400024062,43.242620999948485],[-70.82662099974686,43.24274300028762],[-70.82692700006864,43.2430860003129],[-70.82721599977364,43.24333000019326],[-70.82743099985879,43.24338400013125],[-70.82790299986189,43.243451999766975],[-70.8281630001529,43.24344499989457],[-70.8285439999194,43.243398999778336],[-70.82875900000455,43.243359000274964],[-70.82939900023715,43.243239000298516],[-70.83014599970154,43.24320099982046],[-70.83028499961873,43.2432340001853],[-70.83058799956744,43.24326799976915],[-70.83094099974484,43.243307999986655],[-70.83126999963282,43.24334499985365],[-70.83146799999953,43.243345999743624],[-70.83178799966669,43.243345999743624],[-70.83225700019504,43.24334700028794],[-70.83251199956487,43.243331000083494],[-70.83375100002216,43.24325100030681],[-70.83397600015307,43.243216000166996],[-70.83417399962147,43.24322300006566],[-70.83419899973583,43.24322200017365],[-70.83429699964512,43.24320099982046],[-70.8347539995796,43.24318500023201],[-70.83535000032958,43.243117000298255],[-70.83544200039108,43.24307899974409],[-70.83557899976013,43.24299500005368],[-70.83571600002747,43.24296400000629],[-70.83579200019545,43.242949000252096],[-70.83686099987514,43.242422000174464],[-70.83715100030338,43.24233100023223],[-70.83744000000837,43.24230799975785],[-70.83766900033723,43.24236100004122],[-70.83792899972991,43.24243799996329],[-70.83805000010373,43.2425600000145],[-70.83820400008952,43.242613000078634],[-70.83840099973301,43.24276599994337],[-70.83872200012337,43.24312400020834],[-70.83881400018488,43.24342899971582],[-70.83889000035288,43.24426100016644],[-70.8388290002535,43.24438299983888],[-70.83886000021563,43.24445399993801],[-70.83887299973613,43.24449300016003]]]},"properties":{"GEOID":"33017","BASENAME":"Strafford","STATE":"33","COUNTY":"017","AREALAND":"951766257","NAME":"Strafford"}}]}