{"type":"FeatureCollection","features":[{"type":"Feature","geometry":{"type":"Polygon","coordinates":[[[-104.8526770004349,41.160074999906605],[-104.85267900008472,41.159256999719446],[-104.85252300044911,41.159256000109025],[-104.85016699973323,41.15925200031448],[-104.84769600028794,41.159247000232746],[-104.84487699978978,41.15924200015069],[-104.84205800018995,41.15923599978117],[-104.83942500036297,41.15921100003907],[-104.83941699996704,41.159082000028015],[-104.83939100002777,41.15859399967632],[-104.83939000020287,41.156839000291264],[-104.83939000020287,41.15523499989497],[-104.83939000020287,41.15361500027946],[-104.83938299963185,41.15325699974312],[-104.83936099989054,41.15201399997175],[-104.83938900037796,41.15039199973174],[-104.83938900037796,41.150074000035836],[-104.83938900037796,41.1488130002068],[-104.83938900037796,41.147849000025296],[-104.83958600002143,41.14710400015853],[-104.83967300006009,41.14677699983842],[-104.84041100020198,41.14701599980871],[-104.84050900011127,41.14684199970714],[-104.83960199991498,41.14658599973691],[-104.83947999971623,41.146547999745984],[-104.83911700039138,41.146434000317555],[-104.83899600001757,41.146396000238546],[-104.83890399995605,41.14636900004438],[-104.83885799992531,41.14635500003955],[-104.83881299971945,41.14634199983916],[-104.83856199964927,41.1462660002289],[-104.83844700002156,41.14622999967076],[-104.8382520000279,41.14614200017734],[-104.83803500029292,41.14617199989492],[-104.83720699973937,41.14612299971772],[-104.83693200027804,41.146107000038505],[-104.83553100033734,41.14609699989878],[-104.83410399955906,41.146089999867705],[-104.83409799971128,41.14645399981626],[-104.83408099999285,41.147547000179706],[-104.83407599996998,41.14791199994093],[-104.83406799957406,41.14879000008828],[-104.83405400022869,41.14989499981356],[-104.83404800038089,41.150212999701274],[-104.83403099976414,41.151167999989994],[-104.83402599974124,41.15148700019629],[-104.83402300026653,41.15174000011919],[-104.83401700041875,41.15249799972751],[-104.83401599969554,41.15275200019325],[-104.83401800024367,41.152852000165204],[-104.83402400009145,41.153151999842265],[-104.83402699956618,41.15325199988047],[-104.83375600030284,41.153247999719554],[-104.83294299981789,41.15323599991169],[-104.83267199965623,41.15323199974976],[-104.8312969996548,41.15324400023474],[-104.83004200020228,41.153226000182855],[-104.83019899966281,41.153387999795875],[-104.83027400000589,41.15349200029676],[-104.8306270001833,41.153978999712024],[-104.831479000128,41.15528699971549],[-104.83154000022738,41.15540700002831],[-104.83158600025811,41.155533000154186],[-104.83161600039534,41.155681000110825],[-104.83193100003962,41.15616699983913],[-104.83287900024379,41.15762699967058],[-104.8331960004362,41.15811400015439],[-104.83336200011755,41.15835499997894],[-104.83386300043296,41.159078000222856],[-104.83403099976414,41.159320000170304],[-104.83416399983354,41.159537999889],[-104.83456300004168,41.16019299970117],[-104.83469699993601,41.160412000166865],[-104.83450899961504,41.16048800028711],[-104.8339439997255,41.160719000236206],[-104.83375700012776,41.16079600026378],[-104.83366500006625,41.160840999921795],[-104.83339200025478,41.1609770003236],[-104.83330100001817,41.16102300011712],[-104.83285499995434,41.16124699976776],[-104.83151599993792,41.161919999782654],[-104.831070999699,41.16214499999164],[-104.83133600001284,41.16235999974009],[-104.83220899987397,41.163012999970846],[-104.83336999961513,41.16388099995021],[-104.8350769998776,41.164982000136064],[-104.83580199960068,41.16535300001817],[-104.837077000043,41.16600699968799],[-104.83713300011951,41.16603500009274],[-104.837301000349,41.1661219997524],[-104.83735800025039,41.16615100028955],[-104.83774900006266,41.166319000140525],[-104.83892400004754,41.16682299981411],[-104.8393159996847,41.166990999970935],[-104.83949499978485,41.16704599975964],[-104.83968999977851,41.16710600033711],[-104.84003499956,41.16721199969026],[-104.84006499969725,41.16722199999039],[-104.84014099986523,41.16724300007476],[-104.84021700003322,41.1672640001524],[-104.8402739999346,41.167277000261464],[-104.84044499963883,41.16731599989697],[-104.84050300026348,41.167330000159254],[-104.84056299963962,41.16734300025528],[-104.84074299956467,41.16738499966341],[-104.84080399966403,41.16739899991096],[-104.84098899961197,41.167431999854735],[-104.84154400035408,41.167532999907245],[-104.84173000012689,41.16756699994342],[-104.84195899955743,41.16759800015996],[-104.84209800037294,41.16761699980553],[-104.84250900027666,41.16766200018978],[-104.84264599964571,41.16770299991186],[-104.84286800030186,41.16782500012068],[-104.84294799976949,41.16783099970381],[-104.84355200001708,41.167878999730384],[-104.8435539996669,41.16765899971429],[-104.843552999842,41.16756400013983],[-104.843552999842,41.16715400021859],[-104.84480599964469,41.167158999697016],[-104.84556700025111,41.167162000195404],[-104.84602199963746,41.16716399985132],[-104.84602699966032,41.16624899974776],[-104.84603000003338,41.16591500030269],[-104.84603000003338,41.165677999953374],[-104.84603000003338,41.165439999907036],[-104.84603500005625,41.16516000021765],[-104.84603599988117,41.16495399995764],[-104.84604400027709,41.16408100027598],[-104.84754599960182,41.16408100027598],[-104.85222399980005,41.16408100027598],[-104.85266400001609,41.16408899995173],[-104.85266999986389,41.1622079996953],[-104.85267300023693,41.16115900014124],[-104.8526770004349,41.160074999906605]]]},"properties":{"GEOID":"560210009001","BASENAME":"1","STATE":"56","COUNTY":"021","TRACT":"000900","BLKGRP":"1","NAME":"1"}},{"type":"Feature","geometry":{"type":"Polygon","coordinates":[[[-104.80922300001208,41.152369999748345],[-104.80922200018716,41.15206700003815],[-104.80921899981409,41.151158999679645],[-104.80921899981409,41.15085700019879],[-104.80921899981409,41.150823000286564],[-104.80921899981409,41.150748999939225],[-104.80921899981409,41.15072299992532],[-104.80921899981409,41.15068999968474],[-104.80902200017061,41.150694999742726],[-104.80842999961861,41.150711000331704],[-104.8082339998,41.150717000128815],[-104.80801899971485,41.150717000128815],[-104.80737600000752,41.15071799986946],[-104.80716199974728,41.15071900028652],[-104.8069380003396,41.15071799986946],[-104.80626700014489,41.150717000128815],[-104.80604399966381,41.150717000128815],[-104.8058239995558,41.150714999971],[-104.80516499995493,41.150712000072446],[-104.80494599967182,41.150711000331704],[-104.80472599956377,41.15070799975655],[-104.80406600013804,41.15070199995862],[-104.8038469998549,41.150699999800395],[-104.80359800033288,41.15069900005947],[-104.80285099997015,41.15069900005947],[-104.80260300027304,41.15069900005947],[-104.80230299979907,41.15068399988515],[-104.80227500020999,41.15068300014399],[-104.80181499990245,41.1506139997028],[-104.80142900011306,41.15053300023923],[-104.80141800024242,41.15052899991241],[-104.8011300003623,41.15044699992258],[-104.80120499980708,41.15028100014077],[-104.80127199975423,41.15010100005717],[-104.80127699977712,41.150074000035836],[-104.80131299976212,41.14988899994128],[-104.80133000037885,41.14970400000111],[-104.80131799978498,41.14950599996584],[-104.80129600004368,41.149321000297846],[-104.80125400021089,41.149150000195355],[-104.80117600039308,41.14893399996243],[-104.80116100032446,41.14889599997935],[-104.80101800020933,41.148522000288395],[-104.80082599969039,41.14810499979961],[-104.80079899992622,41.14802600018198],[-104.80077800000983,41.1479649999412],[-104.80074399967461,41.147830000060345],[-104.80071400043572,41.14758099976141],[-104.80072299975824,41.14641000023462],[-104.8007279997811,41.145868999951986],[-104.80062599967385,41.14586700032275],[-104.8003200002504,41.14586100008188],[-104.80021800014318,41.14586000026717],[-104.79962599959114,41.14585799996119],[-104.79785200027986,41.14585199971948],[-104.79726099955273,41.14585000008974],[-104.79702000042663,41.14584799978349],[-104.7962999998281,41.14584200021731],[-104.79605999962858,41.14583999991082],[-104.79580899955843,41.145840999725834],[-104.79505700007114,41.14584300003229],[-104.7948069998259,41.14584499966226],[-104.79344600006817,41.14582800009996],[-104.79257999987976,41.145820000224845],[-104.79251899978041,41.14581899973304],[-104.79001099962687,41.14582599979305],[-104.79002200039584,41.147075999783276],[-104.79002599969549,41.14752599987215],[-104.7899839998627,41.1481379999885],[-104.78991000024286,41.148391999758694],[-104.7898790002807,41.148487999841734],[-104.78986800041007,41.1485080000668],[-104.78974200001335,41.14874699981553],[-104.7895830000047,41.148988000256466],[-104.78940999975235,41.1491689997778],[-104.78933299975944,41.149236000183976],[-104.78924999991878,41.1493089997712],[-104.78909900030602,41.149429000204016],[-104.78886599977922,41.14959099972969],[-104.78847800034,41.14978600024377],[-104.78804200032192,41.149938999762384],[-104.78802800007823,41.14994199969631],[-104.78759299988502,41.15004100014497],[-104.78721600031648,41.15013999976776],[-104.78687700038277,41.15026800004228],[-104.78652599985517,41.15044300026694],[-104.7862890000287,41.150602999831634],[-104.78603600030873,41.15081399992886],[-104.78578699988839,41.15105599994808],[-104.78564499959816,41.151256000178634],[-104.78551800027486,41.15147000006753],[-104.78543000041132,41.15173799999263],[-104.78539899955086,41.15198700006183],[-104.78539000022833,41.152067999758216],[-104.78537699980956,41.15230000001333],[-104.78537400033483,41.15259699969854],[-104.7855199999247,41.152675999896125],[-104.78555000006193,41.15198900018079],[-104.78558199984897,41.15185000022223],[-104.78565700019203,41.15177599968131],[-104.78577500019281,41.15173799999263],[-104.78597799968409,41.151759000303905],[-104.78680100021478,41.15188200015611],[-104.78710099979044,41.15199499986094],[-104.78731500005068,41.15204799994269],[-104.78755500025021,41.15207999977992],[-104.78814299970595,41.1520749998275],[-104.78864099964831,41.15210199970118],[-104.78885499990857,41.152059000247824],[-104.78958700020267,41.15206999987475],[-104.7897160000741,41.15210199970118],[-104.78980599958746,41.152192999819825],[-104.78994500040294,41.15226199995197],[-104.79004599978697,41.15223000020361],[-104.79016299996285,41.15226999971751],[-104.79050100007164,41.15229099985837],[-104.79203099988376,41.15229099985837],[-104.79407600025503,41.15229099985837],[-104.79861200016305,41.15231800031952],[-104.80080599959891,41.15233199972755],[-104.8024889995719,41.15234200026916],[-104.8033189997753,41.15234700020117],[-104.80753900021415,41.152362999710554],[-104.80922300001208,41.152369999748345]]]},"properties":{"GEOID":"560210008002","BASENAME":"2","STATE":"56","COUNTY":"021","TRACT":"000800","BLKGRP":"2","NAME":"2"}},{"type":"Feature","geometry":{"type":"Polygon","coordinates":[[[-104.82766600029323,41.1496260000381],[-104.82755400014024,41.149450999662044],[-104.82721799968125,41.148928999770085],[-104.8271070002515,41.14875500000998],[-104.82702100003777,41.148627999936345],[-104.82676400011982,41.148248999825334],[-104.82667899973102,41.148122999904714],[-104.8266439995709,41.14806300021171],[-104.82653899998893,41.14788499969461],[-104.82650499965372,41.14782600024502],[-104.82639500004889,41.14764900022489],[-104.826065000336,41.14712000027094],[-104.82595499983283,41.14694400017256],[-104.8258340003573,41.14675399968211],[-104.82561500007421,41.14640899975181],[-104.8254739996089,41.14618599993881],[-104.8254309999512,41.14611899979831],[-104.8253539999583,41.145996999770475],[-104.82507699994886,41.14599599995783],[-104.82424599992055,41.14599500014519],[-104.82396999973604,41.14599500014519],[-104.82381800029837,41.14599400033253],[-104.82252299976457,41.14598199987338],[-104.82248099993177,41.14598199987338],[-104.82241900000751,41.14598100006051],[-104.82116299983177,41.14596900027546],[-104.82111199977813,41.14596900027546],[-104.8210330001354,41.14596900027546],[-104.81974799964736,41.14597099990158],[-104.81962600034694,41.14597099990158],[-104.81834500005684,41.14596499967017],[-104.81831099972163,41.146891000023466],[-104.81831200044486,41.14779100032863],[-104.81830900007182,41.14796899974801],[-104.81830200039913,41.148505999841646],[-104.81829999985099,41.14868600024551],[-104.81830099967591,41.148863999940986],[-104.81830400004895,41.14939999970806],[-104.81830499987386,41.14944399998902],[-104.8183209997674,41.149531000027196],[-104.81834599988176,41.149570999834964],[-104.81862000041646,41.14957500022024],[-104.81944200022393,41.1495879997797],[-104.8197159998603,41.14959299992174],[-104.8199960002428,41.149593999679524],[-104.82083700031684,41.14959700030572],[-104.82111799962593,41.14959800006344],[-104.82139399981045,41.149601000012964],[-104.82222499983874,41.149609999860765],[-104.82250199984817,41.14961299980978],[-104.82278899990337,41.14961500000117],[-104.82365199971872,41.14962399984705],[-104.8239399995988,41.14962699979539],[-104.8242199999813,41.14962800022909],[-104.82506299970515,41.1496319999345],[-104.82534399991253,41.1496340001253],[-104.82560900022642,41.1496340001253],[-104.82640500009462,41.149634999882466],[-104.8266710002334,41.14963600031605],[-104.8268689997018,41.1496340001253],[-104.8274660002767,41.14962699979539],[-104.82766600029323,41.1496260000381]]]},"properties":{"GEOID":"560210009003","BASENAME":"3","STATE":"56","COUNTY":"021","TRACT":"000900","BLKGRP":"3","NAME":"3"}},{"type":"Feature","geometry":{"type":"Polygon","coordinates":[[[-104.82857799961408,41.17734500014278],[-104.82859699988066,41.17490699979479],[-104.82650700020187,41.17490799984267],[-104.825993000366,41.17490899989051],[-104.8256789996483,41.17491099998617],[-104.82345599990012,41.17489299979922],[-104.8223760003498,41.174878999800704],[-104.82218800002882,41.17487699970408],[-104.82162700033727,41.17487400023519],[-104.82143999984119,41.17487300018679],[-104.82133899955886,41.17487300018679],[-104.82103499978525,41.17487300018679],[-104.82093500022613,41.17487400023519],[-104.82082300007315,41.1748720001384],[-104.82048699961416,41.17486699989617],[-104.82037500035948,41.17486599984766],[-104.81929099971286,41.17486499979916],[-104.81860399962461,41.17485900018396],[-104.81860699999767,41.17637700025762],[-104.81856599998977,41.176490000329316],[-104.81855799959386,41.17650600003048],[-104.81860899964747,41.17666200012408],[-104.81854099987542,41.17671299982703],[-104.81842899972243,41.176768000244415],[-104.8181450000403,41.176888999782975],[-104.81804100028323,41.17694200001899],[-104.8179979997272,41.176999000275934],[-104.81799100005453,41.177072000046294],[-104.81798000018387,41.177698000247545],[-104.8179540002446,41.17846399980043],[-104.81795199969645,41.17862399992828],[-104.81794699967358,41.17910399999507],[-104.81794599984866,41.17926499989307],[-104.81773400013657,41.17926199994898],[-104.81709999975175,41.17925500007889],[-104.81688899986456,41.17925300011588],[-104.81666999958145,41.17926099996758],[-104.81664399964218,41.17926199994898],[-104.81642699990721,41.17929100007885],[-104.81609399982126,41.17935900009991],[-104.81602299967616,41.17935900009991],[-104.81580500011626,41.17936200003955],[-104.81580299956812,41.179809000328824],[-104.81579800044355,41.181150999747345],[-104.81579699972035,41.18159899994213],[-104.81586600021562,41.18159899994213],[-104.81599400026215,41.18159899994213],[-104.81607200007996,41.181608000128975],[-104.81614099967692,41.18161700031452],[-104.8161320003544,41.18164500013275],[-104.81610700024005,41.18172900019166],[-104.81609899984413,41.18175799990528],[-104.81603199989698,41.181980999721944],[-104.81588299993408,41.18248100020122],[-104.81584699994906,41.18258299997077],[-104.81580699976608,41.18263900012144],[-104.81578900022274,41.182666000249355],[-104.81563799971168,41.1827980002639],[-104.81572800012336,41.18287200025811],[-104.81599799956179,41.183096000260825],[-104.81608799997346,41.18317099984],[-104.81617099981416,41.183239999809665],[-104.81623899958622,41.183288000039624],[-104.81638300042457,41.18338899998611],[-104.81650499972501,41.18344600004109],[-104.81663500031966,41.183490999693596],[-104.81675999999312,41.18351800014632],[-104.8169480003141,41.183559000086404],[-104.81688200019187,41.18375299968558],[-104.81685399970445,41.183879000072295],[-104.81684299983378,41.18396700028438],[-104.81684100018398,41.18398699982442],[-104.81683500033621,41.185234999738995],[-104.81683399961297,41.185657999921375],[-104.81704899969812,41.18565700003764],[-104.81769800015155,41.18565600015389],[-104.81791400006162,41.18565600015389],[-104.81803000041258,41.185658999805085],[-104.8183989995852,41.18566899999353],[-104.81844700016408,41.185669999877085],[-104.81859000027923,41.18566200013223],[-104.81872599982334,41.18564400019561],[-104.81885899989273,41.185612999729784],[-104.81898699993924,41.1855769998247],[-104.8191099999629,41.185527000148994],[-104.81931900020028,41.18541099978084],[-104.81944800007172,41.18535200030733],[-104.81958699998889,41.18531600025876],[-104.81973199975384,41.185289999760656],[-104.81987999989184,41.185285000313726],[-104.82069400020171,41.18528299985878],[-104.82109300040989,41.18528299985878],[-104.82229299961081,41.18528600020314],[-104.82269299964388,41.18528799998193],[-104.82269500019203,41.184894999686094],[-104.82270500023778,41.18371800002343],[-104.82270900043571,41.18332599968968],[-104.82288900036079,41.183328000204405],[-104.82330299973924,41.18333299980074],[-104.82342900013596,41.183341999749274],[-104.82347699981653,41.183346000101565],[-104.82360300021321,41.18338800006773],[-104.8237279998867,41.18344699995859],[-104.82375499965087,41.18346700033347],[-104.82416899992765,41.18377299996706],[-104.82422099980619,41.18381199992369],[-104.82431700006566,41.18386100032164],[-104.82433299995917,41.18386799969939],[-104.8243830001879,41.18389099967793],[-104.82439999990632,41.183899000315236],[-104.82444299956406,41.18391899987603],[-104.8245940000751,41.18395500001659],[-104.82469399963422,41.18396499978923],[-104.8248059997872,41.183977999964576],[-104.82501800039762,41.18395500001659],[-104.82558900013494,41.18382199971811],[-104.82588600023585,41.183754000274476],[-104.82589799993141,41.18375099985992],[-104.82593800011439,41.183741999967644],[-104.82595099963486,41.18374000014165],[-104.82645000030047,41.18374499970653],[-104.8273890002838,41.183754000274476],[-104.82794999997536,41.183759999751004],[-104.82844999956755,41.183764999990395],[-104.82846200016144,41.18342100007051],[-104.82850099962118,41.182389000286],[-104.8285149998649,41.18204599983788],[-104.82855000002499,41.17990800028879],[-104.82856099989566,41.179805999733524],[-104.82856099989566,41.17971899998951],[-104.82856199972056,41.179681000274854],[-104.8285650000936,41.1794550001287],[-104.82857799961408,41.17877699974411],[-104.82858199981203,41.17855199985149],[-104.82858099998712,41.17851600012148],[-104.82858000016223,41.17841100011981],[-104.82858000016223,41.17837600030722],[-104.82857900033731,41.17816899968102],[-104.82857799961408,41.17755099998496],[-104.82857799961408,41.17734500014278]]]},"properties":{"GEOID":"560210013021","BASENAME":"1","STATE":"56","COUNTY":"021","TRACT":"001302","BLKGRP":"1","NAME":"1"}},{"type":"Feature","geometry":{"type":"Polygon","coordinates":[[[-104.82859699988066,41.17490699979479],[-104.82860299972845,41.173546000288255],[-104.82858500018509,41.17266799971848],[-104.82858400036017,41.17131499982243],[-104.82770499975297,41.1713000003087],[-104.82741299967492,41.17129499979382],[-104.82712599961975,41.17129100005785],[-104.82706200004566,41.17128999995476],[-104.82626500035252,41.17128199980575],[-104.82597800029735,41.17127900017226],[-104.82568000037152,41.17127800006899],[-104.82478800024387,41.17127599986241],[-104.82449100014294,41.17127599986241],[-104.82345400025032,41.17126600018097],[-104.82249699982532,41.171258000029034],[-104.82218800002882,41.171255999821845],[-104.82126099974106,41.17125099997981],[-104.82095199994455,41.17124999987611],[-104.8204690000708,41.17124700024116],[-104.81902200009935,41.17124000019076],[-104.81854000005052,41.17123799998301],[-104.8185390002256,41.17150799975105],[-104.81853500002764,41.17232100007892],[-104.81853500002764,41.17259200020015],[-104.81853500002764,41.1727630000067],[-104.81853599985254,41.1730449998159],[-104.81853800040068,41.17327600012911],[-104.81854000005052,41.173447000178776],[-104.81852699963173,41.17388699982061],[-104.81852599980682,41.17392899976711],[-104.81850900008838,41.17485800013535],[-104.81860399962461,41.17485900018396],[-104.81929099971286,41.17486499979916],[-104.82037500035948,41.17486599984766],[-104.82048699961416,41.17486699989617],[-104.82082300007315,41.1748720001384],[-104.82093500022613,41.17487400023519],[-104.82103499978525,41.17487300018679],[-104.82133899955886,41.17487300018679],[-104.82143999984119,41.17487300018679],[-104.82162700033727,41.17487400023519],[-104.82218800002882,41.17487699970408],[-104.8223760003498,41.174878999800704],[-104.82345599990012,41.17489299979922],[-104.8256789996483,41.17491099998617],[-104.825993000366,41.17490899989051],[-104.82650700020187,41.17490799984267],[-104.82859699988066,41.17490699979479]]]},"properties":{"GEOID":"560210013011","BASENAME":"1","STATE":"56","COUNTY":"021","TRACT":"001301","BLKGRP":"1","NAME":"1"}},{"type":"Feature","geometry":{"type":"Polygon","coordinates":[[[-104.81931400017741,41.164405000225244],[-104.81931599982721,41.16405900031736],[-104.81890800029653,41.16406500024536],[-104.81884399982413,41.16406299981858],[-104.81828999980526,41.16405099996171],[-104.8176939999536,41.16402000009593],[-104.81743399966258,41.163979000098195],[-104.81711399999547,41.16392999970437],[-104.81697099988031,41.163898000241694],[-104.81679500015322,41.163894000054164],[-104.81626700007362,41.163883999922405],[-104.81609100034653,41.16388099995021],[-104.81590399985046,41.16387999973402],[-104.81534300015892,41.16387900019406],[-104.81515599966282,41.16387900019406],[-104.81512499970069,41.16388099995021],[-104.8150689996242,41.16387999973402],[-104.8150479997078,41.16387999973402],[-104.81490299994284,41.16387900019406],[-104.81484799969127,41.16387900019406],[-104.81482400030013,41.16390400018444],[-104.81476800022362,41.16394899973723],[-104.81473300006353,41.163979000098195],[-104.81462900030645,41.164015999915854],[-104.81450100025994,41.16404399981879],[-104.81446899957457,41.16404500003247],[-104.81436300016769,41.16404900021079],[-104.81420300033412,41.16378200011423],[-104.81418599971735,41.16375400009936],[-104.81394800006599,41.163505000092826],[-104.81370000036887,41.163165999728214],[-104.8135909996906,41.16303400005152],[-104.81355800007864,41.162997999909095],[-104.81346000016936,41.16289199982579],[-104.81328500026719,41.16272700000572],[-104.81318599963467,41.16266899994568],[-104.81308900044858,41.16261200006987],[-104.81306099996118,41.162599999947304],[-104.8129000003027,41.16253500014706],[-104.81274799996673,41.16245800013377],[-104.81267799964652,41.16241399979573],[-104.81261700044548,41.16237499994788],[-104.812561000369,41.162334000273574],[-104.81249699989658,41.162288000047575],[-104.81242099972859,41.16223300032309],[-104.81234499956062,41.16216200005721],[-104.81232600019234,41.16214499999164],[-104.81232199999441,41.16213299978356],[-104.81231199994863,41.162101000119705],[-104.81228299963634,41.16206699995257],[-104.8122170004124,41.161991000310756],[-104.81215899978777,41.16193500009115],[-104.81213700004646,41.16191400033457],[-104.81204300033515,41.161837000267965],[-104.81199200028149,41.16178800030146],[-104.81188299960326,41.161771000138884],[-104.81175999957959,41.16177700027632],[-104.81167799956383,41.161793999761024],[-104.81163599973104,41.16180400021171],[-104.81153399962379,41.16184299972309],[-104.81151199988248,41.16185900029622],[-104.81138899985883,41.16194700033544],[-104.81126500001028,41.16196399977605],[-104.81113500031394,41.16196399977605],[-104.81098200015306,41.16193099978375],[-104.81091699985572,41.161870000307594],[-104.81082200031948,41.161815000232316],[-104.81077899976344,41.16176600024932],[-104.81074199995354,41.161628999881685],[-104.81068800042517,41.161563999794645],[-104.8106330001736,41.161496999814375],[-104.81053899956396,41.16143599993423],[-104.81040800004268,41.161397999758464],[-104.81026300027773,41.16137000007758],[-104.81000100033692,41.16129900022932],[-104.80986999991735,41.161162000238036],[-104.80980899981799,41.160990000327295],[-104.80977600020603,41.160920000328765],[-104.80971799958138,41.16087099967666],[-104.80920600029364,41.16035499968065],[-104.80917600015641,41.1603249996896],[-104.8091689995854,41.16034499968519],[-104.80915799971474,41.16184599978858],[-104.80915699988984,41.162024999841066],[-104.80914299964613,41.1640569998904],[-104.80913799962326,41.16445600000245],[-104.8091269997526,41.16555000001318],[-104.8091259999277,41.165651999774404],[-104.80912199972973,41.16605199982546],[-104.80911699970686,41.16620700028775],[-104.80910699966111,41.16652299981528],[-104.80910300036147,41.16667499999535],[-104.8090990001635,41.166830999831376],[-104.80909699961536,41.16699600013805],[-104.80909300031573,41.16749300023981],[-104.80909300031573,41.16765899971429],[-104.80908599974471,41.16836599977287],[-104.80907499987406,41.169406999894576],[-104.8090640000034,41.17048700015853],[-104.80905800015563,41.17119500023533],[-104.81146500002681,41.17119899997716],[-104.8126600001032,41.1712099997731],[-104.8138280004154,41.171215999722484],[-104.81429899969525,41.171217999930896],[-104.81571100040493,41.17122600008772],[-104.81618300040803,41.171228999723645],[-104.81618599988276,41.17105400021987],[-104.81619799957834,41.17052999969473],[-104.8162019997763,41.17035599979359],[-104.81620099995139,41.17017800030265],[-104.81620000012647,41.16964499973265],[-104.81620000012647,41.16946799979341],[-104.81620099995139,41.16928999991859],[-104.81620400032443,41.16875999998824],[-104.81620599997426,41.16858299968686],[-104.81620699979918,41.168405000112635],[-104.81621299964695,41.16787400030689],[-104.81621600001999,41.16769799979868],[-104.81857000018775,41.16771199997935],[-104.81875599996056,41.167710999821644],[-104.81895799962696,41.167691000045295],[-104.81925599955278,41.16743599982629],[-104.81928800023813,41.16727200011578],[-104.81929099971286,41.16723299977783],[-104.8192990001088,41.167114000319785],[-104.81930199958352,41.166576999821736],[-104.81930999997942,41.16578899984705],[-104.81931099980434,41.16544200029178],[-104.81931400017741,41.164405000225244]]]},"properties":{"GEOID":"560210013012","BASENAME":"2","STATE":"56","COUNTY":"021","TRACT":"001301","BLKGRP":"2","NAME":"2"}},{"type":"Feature","geometry":{"type":"Polygon","coordinates":[[[-104.75170800012864,41.12886899987846],[-104.75169700025798,41.128745000089616],[-104.75169100041019,41.1286740000941],[-104.75166700012075,41.12837500015628],[-104.75166000044806,41.1282930002068],[-104.75098099985739,41.12836299985649],[-104.75030899983776,41.128442000154436],[-104.74980699969743,41.12852999971481],[-104.74969000041986,41.12855100001538],[-104.74905699985996,41.12869799990107],[-104.74855499971963,41.12882999969728],[-104.74791500038536,41.12904300030016],[-104.74737899990984,41.12921199991807],[-104.74692899964803,41.12937800025605],[-104.74605699961185,41.12975499969181],[-104.7445750003786,41.13050700008655],[-104.74290699957591,41.13135500011067],[-104.74307099960744,41.13147000007342],[-104.74356400042525,41.13181500010541],[-104.74380000042682,41.13205899992314],[-104.74400700011604,41.13243400015325],[-104.74423300007184,41.132713000238304],[-104.74428800032344,41.13277999986618],[-104.74450900025637,41.13303700028852],[-104.74468300033365,41.13316900015095],[-104.74487499995426,41.13326000015771],[-104.74507900016876,41.13335200004371],[-104.7451799995528,41.133397000271884],[-104.74540399985878,41.13350900002915],[-104.74555000034695,41.13359600023422],[-104.74567800039347,41.133673000319526],[-104.74585099974753,41.1338050002554],[-104.74595799987765,41.133904000033034],[-104.74597100029645,41.13391599999591],[-104.74606099980981,41.13404000016049],[-104.74616299991705,41.134183999948405],[-104.74620399992494,41.13424200017773],[-104.746279000268,41.13437099967569],[-104.74640899996436,41.134654000260895],[-104.74648400030745,41.134814999769226],[-104.7465899997143,41.13507900019223],[-104.74661200035395,41.13513199973903],[-104.74666599988231,41.135285000296854],[-104.74673299982946,41.13557100023664],[-104.7467570001189,41.135740999922284],[-104.74676200014179,41.135877000300724],[-104.74675999959362,41.13591199981027],[-104.74674399970012,41.13619699976059],[-104.74697499967878,41.13619699976059],[-104.74766900033805,41.13619699976059],[-104.74790100014165,41.13619699976059],[-104.74826299964157,41.13619899968464],[-104.74914899992147,41.136206000094916],[-104.74935099958783,41.13620500013302],[-104.749713999811,41.13620500013302],[-104.75002900035358,41.13620500013302],[-104.7509740001847,41.13620800001873],[-104.75128899982897,41.136208999980596],[-104.75128700017915,41.135714000077215],[-104.75128299998119,41.134230000274485],[-104.75128200015628,41.13373600032203],[-104.75128200015628,41.13342899973875],[-104.75128200015628,41.13251000023093],[-104.75128200015628,41.13220400002272],[-104.75128299998119,41.1320390000942],[-104.75128800000407,41.13154499988171],[-104.75128999965388,41.131380999684474],[-104.75128899982897,41.131199999783085],[-104.75128700017915,41.13065899988221],[-104.75128700017915,41.130479000067986],[-104.75128700017915,41.130328999958365],[-104.75128800000407,41.129882999835],[-104.75128899982897,41.12973399977661],[-104.75128899982897,41.12963599985796],[-104.75129300002693,41.129341999900475],[-104.75129499967674,41.12924500014097],[-104.75137699969251,41.12916899966424],[-104.75162500028794,41.12894399995351],[-104.75170800012864,41.12886899987846]]]},"properties":{"GEOID":"560210005022","BASENAME":"2","STATE":"56","COUNTY":"021","TRACT":"000502","BLKGRP":"2","NAME":"2"}},{"type":"Feature","geometry":{"type":"Polygon","coordinates":[[[-104.85112599980806,41.11916000012067],[-104.8511209997852,41.11893999969927],[-104.85111699958722,41.11879999984693],[-104.85110700043978,41.11836400017265],[-104.85110700043978,41.11834799981289],[-104.85110499989165,41.1182189999419],[-104.85110400006674,41.11820399978307],[-104.85110200041693,41.11815899996272],[-104.85110200041693,41.118143999790185],[-104.8511009996937,41.11811799970858],[-104.85109800021897,41.11804000007867],[-104.85109700039405,41.11801500019503],[-104.85109499984591,41.1179849997807],[-104.8510920003712,41.117897000290874],[-104.85109099964795,41.117868000064014],[-104.85084499960065,41.11797300028786],[-104.8493120003138,41.11868300022953],[-104.8486799995788,41.118979999892275],[-104.84750600031715,41.1195120000732],[-104.84643199971629,41.12000499998997],[-104.84466699972751,41.12081800029649],[-104.84395799989795,41.12114100002017],[-104.84283499979159,41.12169900030628],[-104.84223499974196,41.12198600009996],[-104.84165099958588,41.122243999668434],[-104.84097400044166,41.12249899974041],[-104.8404610004307,41.12269199994549],[-104.84016199978161,41.12279299990719],[-104.83913400010982,41.12313000028976],[-104.83762199984105,41.12355199997301],[-104.83733599961079,41.12352800031396],[-104.83672399986558,41.123681000189315],[-104.83571200008733,41.12389899998372],[-104.83546000019224,41.1239540000627],[-104.83269900031871,41.12464400021248],[-104.83169599986297,41.12489600002959],[-104.82417700032359,41.12775500029058],[-104.82201800014951,41.12857399978906],[-104.82194799982933,41.12874199986262],[-104.82192899956274,41.12879000009464],[-104.82166300032227,41.12914700016862],[-104.82164300023076,41.12919400003554],[-104.82157399973549,41.1293629999411],[-104.8215389995754,41.12956899972581],[-104.82153699992557,41.12958299993077],[-104.82159399982699,41.12981100033497],[-104.8217439996148,41.13008200030714],[-104.82178899982064,41.13013499983125],[-104.82192500026311,41.13029500022869],[-104.8219460001795,41.130286999812085],[-104.8220109995785,41.13026299990976],[-104.82203300021813,41.130256000218495],[-104.8220459997386,41.130276999966625],[-104.82208699974649,41.13033999984728],[-104.8221009999902,41.13036100024511],[-104.82223999990737,41.13057600003299],[-104.82259700028273,41.13112899973773],[-104.82317100039309,41.13200299984554],[-104.8237289997116,41.13289300001267],[-104.82432000043872,41.13380000026266],[-104.8248760001074,41.134667000071985],[-104.82491499956716,41.134653000275335],[-104.8249399996815,41.13476399993411],[-104.82504299961367,41.134919999941694],[-104.82535200030847,41.13538899974267],[-104.82545600006556,41.13554600026565],[-104.82557099969328,41.13572299980128],[-104.82591800002291,41.13625400027862],[-104.82603400037387,41.136431999892025],[-104.82614800017666,41.13660899974324],[-104.82649200013327,41.13713999981394],[-104.826606999761,41.13731799972929],[-104.82683100006697,41.13723400023988],[-104.8275020002617,41.136983999673355],[-104.8277270003926,41.136900999707585],[-104.8279519996252,41.13681499977901],[-104.82862899966771,41.13655899990632],[-104.82885499962352,41.136474000163695],[-104.82907999975441,41.136392000188245],[-104.82975799962185,41.13614600032335],[-104.82978600010925,41.13613699998079],[-104.82999100014867,41.13608799974779],[-104.83005300007295,41.13607300029048],[-104.83038399961072,41.13604200004802],[-104.83076399955235,41.13604499994115],[-104.83082499965171,41.13604499994115],[-104.8313319998149,41.13606899975803],[-104.8317050000838,41.136069999722004],[-104.83204700039056,41.136043999976785],[-104.83235899966179,41.135981000161074],[-104.83268000005215,41.135864000052884],[-104.83296499955918,41.13572299980128],[-104.83320599958363,41.13554800020954],[-104.83328799959938,41.13546599975308],[-104.8334790002934,41.135277999788286],[-104.83431299979644,41.13446699998715],[-104.83439800018525,41.13438300022973],[-104.83465599992813,41.13413100031224],[-104.83474200014186,41.13404800011943],[-104.83475899986027,41.134030000210466],[-104.8348109997388,41.13397599977745],[-104.83482900018048,41.13395899984488],[-104.83486199979244,41.13397599977745],[-104.83496300007478,41.13402700022519],[-104.83499700040998,41.13404500013493],[-104.83510899966464,41.134101999816636],[-104.83544699977345,41.13427499990035],[-104.83555999975135,41.13433300004926],[-104.83571299991223,41.13441099993531],[-104.8360979998767,41.13460900021838],[-104.83617499986958,41.13464799967064],[-104.83632899985538,41.13472699984319],[-104.8367039997741,41.134917999978654],[-104.8372090002875,41.13517400016649],[-104.83795999994985,41.13554800020954],[-104.83871599963508,41.13592600001476],[-104.83953900016579,41.13633699970997],[-104.84022500042913,41.136663999993445],[-104.84031400011759,41.13670600011652],[-104.84034199970667,41.1367200001516],[-104.84045899988254,41.13677600026194],[-104.84056400036285,41.13683099969554],[-104.84058100008129,41.13683999994292],[-104.84066999976973,41.136885999759606],[-104.84123999968213,41.13718099968521],[-104.84190699967891,41.137423999897905],[-104.8426099996607,41.13757699984559],[-104.84350099996344,41.13769600015954],[-104.8436959999571,41.13768300027222],[-104.84396000044607,41.13771600029348],[-104.84415299989162,41.13770199979442],[-104.84452299978746,41.137649000294466],[-104.84399499970786,41.13677099981909],[-104.84327300035783,41.13566100032406],[-104.84208599977904,41.133834000205745],[-104.84263499977504,41.13237400031458],[-104.84300899986887,41.13243400015325],[-104.84306300029553,41.13225099972954],[-104.84280899985234,41.132201999976836],[-104.84220200013,41.132086999943965],[-104.84214799970333,41.13194100023551],[-104.84205999983979,41.1316990000402],[-104.84211000006852,41.13158099970506],[-104.84252699982001,41.13077299966701],[-104.84289300041621,41.13015999983452],[-104.84293600007392,41.13008900001692],[-104.84347300037436,41.12930700026887],[-104.84385499996579,41.12880800008801],[-104.84435799993103,41.1282290003071],[-104.84486799956896,41.12766199990694],[-104.84566400033546,41.12688400006838],[-104.84638099966266,41.12625800031985],[-104.84686100006168,41.1258400002475],[-104.84771899985415,41.12512800032674],[-104.84791399984783,41.12496499978658],[-104.84794499980997,41.12493999983398],[-104.84797800032025,41.12491200014642],[-104.84849800000394,41.12447099976979],[-104.8486929999976,41.12430700016112],[-104.84917699969628,41.12380500007428],[-104.84921699987923,41.123765000115164],[-104.84968999970727,41.12320900012102],[-104.85005299993041,41.122702000270216],[-104.85039900043515,41.1221139998343],[-104.85042799984915,41.12206600013232],[-104.8506220000179,41.12162299988664],[-104.85067999974423,41.121476999902086],[-104.85078799969925,41.121203999875306],[-104.8508830001338,41.12090100030811],[-104.85098699989089,41.12049000000629],[-104.85103399974655,41.120248000210346],[-104.85108599962507,41.11983699987972],[-104.85111800031045,41.11948100012624],[-104.85112599980806,41.11916000012067]]]},"properties":{"GEOID":"560210007022","BASENAME":"2","STATE":"56","COUNTY":"021","TRACT":"000702","BLKGRP":"2","NAME":"2"}},{"type":"Feature","geometry":{"type":"Polygon","coordinates":[[[-104.79416800031653,41.13664600012572],[-104.79411899991273,41.13656900014733],[-104.79397199959963,41.13634000026618],[-104.79392399991906,41.136263999889614],[-104.79385399959887,41.13615899983876],[-104.79364500025979,41.13584400003084],[-104.79357599976451,41.135738999984234],[-104.7935320002819,41.13567199999556],[-104.79347399965725,41.13558299989462],[-104.79342199977873,41.13546299983343],[-104.7933909998166,41.13539099969134],[-104.7933640000524,41.13528800022465],[-104.793335999565,41.13517600012172],[-104.79333700028823,41.13503699970394],[-104.79334800015889,41.13497500025495],[-104.79336900007529,41.13487100015278],[-104.79342799962652,41.13472599985874],[-104.79356700044198,41.13449500033341],[-104.79368500044276,41.13434099997242],[-104.79370499963593,41.13431700019997],[-104.79378699965173,41.13422400032199],[-104.79344600006817,41.13404200015034],[-104.79317499990653,41.13389700005363],[-104.79242800044211,41.13348799996237],[-104.79229000034985,41.133412999668955],[-104.79209100015824,41.13330199975397],[-104.79155200020799,41.132999999900136],[-104.79146400034443,41.132951000030246],[-104.79109699992331,41.13277099973841],[-104.79078899995173,41.132660000090326],[-104.79047699978219,41.13257400001441],[-104.79026300042027,41.1325339999879],[-104.78994399967972,41.13250200008448],[-104.78979300006698,41.132495999974],[-104.78950400036199,41.13248699980721],[-104.78917700012383,41.132489999862905],[-104.78912400042039,41.132488999844355],[-104.78896500041172,41.132488999844355],[-104.78891299963487,41.132488999844355],[-104.78655900036544,41.132476000278274],[-104.7853299999539,41.13246900014656],[-104.78446799996344,41.132470000165405],[-104.78391700031763,41.13246600008984],[-104.78295700041791,41.13245999997607],[-104.7828240003485,41.13245999997607],[-104.78257199955512,41.13245899995706],[-104.78181599986988,41.13245799993803],[-104.78163199974686,41.13245799993803],[-104.78156499979971,41.13245799993803],[-104.78126500022405,41.13245899995706],[-104.78077399995438,41.13246300003305],[-104.78036800007352,41.13247500025951],[-104.78021599973755,41.13247999967662],[-104.7800700001477,41.13249499995549],[-104.7800700001477,41.13256399984091],[-104.7800700001477,41.132578000083384],[-104.7800700001477,41.132660000090326],[-104.78006900032277,41.13275000011195],[-104.78006799959955,41.13277099973841],[-104.78006799959955,41.132840000010155],[-104.78002499994184,41.1329160002941],[-104.78001200042137,41.13294299993753],[-104.77999499980461,41.132982999714706],[-104.779979999736,41.13306599990175],[-104.77998200028412,41.133288999672374],[-104.77998399993396,41.13340700031839],[-104.77998399993396,41.13348499995226],[-104.77998399993396,41.13372000032712],[-104.77998399993396,41.133799000264084],[-104.77998300010904,41.13387800010586],[-104.77998300010904,41.13411499973707],[-104.77998300010904,41.13419499986751],[-104.77998200028412,41.134308000283],[-104.77997899991108,41.134645999699316],[-104.77997899991108,41.13475999999847],[-104.77997800008616,41.134804999937344],[-104.77997700026124,41.134940000245464],[-104.77997700026124,41.13498600004142],[-104.77997399988821,41.13512399991234],[-104.77996700021554,41.135539999756986],[-104.77996600039062,41.1356789997855],[-104.77996499966738,41.135856000315414],[-104.77996300001756,41.136389000310935],[-104.77996300001756,41.13656700023458],[-104.78028600005774,41.13656800019097],[-104.78125799965305,41.13657299997272],[-104.78158200041646,41.13657499988535],[-104.78183000011359,41.13657599984161],[-104.78257599975308,41.13658200025551],[-104.78282500017342,41.13658500012393],[-104.78307600024357,41.136587000036194],[-104.78382899955575,41.13659399972849],[-104.78408100034915,41.13659700027294],[-104.7843240000234,41.13659900018484],[-104.78505299994445,41.136604999920046],[-104.78529700034193,41.13660699983165],[-104.78529200031905,41.13678399988722],[-104.78527899990026,41.13731599983932],[-104.78527600042553,41.13749399995362],[-104.78527800007535,41.137677999898514],[-104.78528499974804,41.13823199988103],[-104.7852880001211,41.13841699971347],[-104.78528599957298,41.13859700007358],[-104.78527899990026,41.13913800013694],[-104.78527800007535,41.13931899978587],[-104.78527700025045,41.139370000138754],[-104.78527700025045,41.139526000016815],[-104.78527700025045,41.13957800011925],[-104.78527399987739,41.139706000039624],[-104.78526600037979,41.1400900003314],[-104.78526399983166,41.14021899982976],[-104.78556000010765,41.14021999973047],[-104.78644899986229,41.14022599981101],[-104.7867459999632,41.14022800028873],[-104.78688400005547,41.14022900018936],[-104.78730099980699,41.14023299979151],[-104.78743999972414,41.140235000269065],[-104.78783100043472,41.14022900018936],[-104.78876200002213,41.14022800028873],[-104.78891000016014,41.14022800028873],[-104.79002900006853,41.14023399969205],[-104.7900330002665,41.13993800006186],[-104.7900330002665,41.139815000128955],[-104.7900330002665,41.139448000124176],[-104.7900340000914,41.13932599986322],[-104.7900330002665,41.139294999805074],[-104.79002999989345,41.13920400005183],[-104.79002900006853,41.13917399985274],[-104.79002999989345,41.13902400000445],[-104.79003599974124,41.138573999754456],[-104.79003800028939,41.13842499981517],[-104.79004499996205,41.138241999867034],[-104.7900680004266,41.13769400028116],[-104.7900759999242,41.137512000265154],[-104.79007699974912,41.137332000310266],[-104.7900840003201,41.136793000141004],[-104.79008699979487,41.13661400019845],[-104.79034899973567,41.13661700006541],[-104.79113600028136,41.13662599966558],[-104.7913990000471,41.13663000016406],[-104.791660000163,41.136631000119486],[-104.79244299961242,41.13663399998567],[-104.79270499955324,41.13663499994109],[-104.79299699963128,41.136636999851774],[-104.79387500041358,41.13664300026008],[-104.79416800031653,41.13664600012572]]]},"properties":{"GEOID":"560210006011","BASENAME":"1","STATE":"56","COUNTY":"021","TRACT":"000601","BLKGRP":"1","NAME":"1"}},{"type":"Feature","geometry":{"type":"Polygon","coordinates":[[[-104.81831099972163,41.14596499967017],[-104.81822799988097,41.14582199985547],[-104.81818400039835,41.1457470001355],[-104.81814099984234,41.14567099983568],[-104.81772800028877,41.145040000273184],[-104.81715400017842,41.1441560002513],[-104.81703799982746,41.14397600026505],[-104.81669200022105,41.14343799975111],[-104.81657699969502,41.1432589996779],[-104.81645799986934,41.1430789999355],[-104.81610200021717,41.14254000031531],[-104.8159840002164,41.14236099982053],[-104.81586799986545,41.142183999931724],[-104.81552100043413,41.14165300010517],[-104.8154059999081,41.141476000335096],[-104.81528899973223,41.14130500006916],[-104.81493899992786,41.14079299987074],[-104.8148229995769,41.14062299974808],[-104.81470799994916,41.14044300021244],[-104.81436300016769,41.13990499980551],[-104.81424799964164,41.139726000237154],[-104.81402699970872,41.13980800010384],[-104.81336399990988,41.14005600024827],[-104.81314399980187,41.14013900028087],[-104.8129200003942,41.140221000307704],[-104.81224699965132,41.14046699977316],[-104.81202400006856,41.14054999996211],[-104.8118030001356,41.140634999834866],[-104.81114000033679,41.14089000014522],[-104.81092000022876,41.140976000142985],[-104.81069000007501,41.14105799979991],[-104.81000200016184,41.14130400018499],[-104.80977299983297,41.14138699999121],[-104.8095500002502,41.14146899981074],[-104.80888300025346,41.14171699976308],[-104.80866099959728,41.14180100027626],[-104.80854400031973,41.1416250001084],[-104.80819399961705,41.14109999981544],[-104.80807800016441,41.14092499968591],[-104.80796199981347,41.140743999733346],[-104.80761700003195,41.140203999964086],[-104.80750200040424,41.14002399995499],[-104.80738699987818,41.139852999962336],[-104.8070429999216,41.13934000001559],[-104.80692900011879,41.13917000018595],[-104.80670700036093,41.13925299998669],[-104.80604100018908,41.13950300002342],[-104.80582000025615,41.13958699998971],[-104.80559900032318,41.139664999717056],[-104.80493499980115,41.139901000183315],[-104.80471499969313,41.139980000118136],[-104.8044870000875,41.140066999859236],[-104.80380300037228,41.14032799974307],[-104.80357499986833,41.14041499969903],[-104.80335200028557,41.140497000057366],[-104.80268600011371,41.140743999733346],[-104.80246400035587,41.14082700024828],[-104.80223699967684,41.14090800020124],[-104.8015579999845,41.14115299990948],[-104.8013320000287,41.14123500002158],[-104.8011069998978,41.14131799991513],[-104.80043200040342,41.141567000318624],[-104.80020800009741,41.14165099967091],[-104.7990799999682,41.14207200010316],[-104.7979390003185,41.142431999886284],[-104.7979819999762,41.142500000277366],[-104.79802600035713,41.14256899978638],[-104.79829199959761,41.142969000000065],[-104.79855699991147,41.14336899980345],[-104.79912699982387,41.144234999796154],[-104.79924399999975,41.14441200023763],[-104.79959700017716,41.144943999877285],[-104.79971500017791,41.14512200026051],[-104.79981499973704,41.14526900022027],[-104.80011699986082,41.14571199978582],[-104.80021800014318,41.14586000026717],[-104.8003200002504,41.14586100008188],[-104.80062599967385,41.14586700032275],[-104.8007279997811,41.145868999951986],[-104.800880999942,41.145868999951986],[-104.80134000042462,41.145868999951986],[-104.80149299968716,41.14586999976655],[-104.8017760004427,41.145872999886656],[-104.80262500001436,41.14588399987493],[-104.80290799987156,41.145887999808686],[-104.8035229999898,41.145895999675545],[-104.80425299973577,41.14588900029944],[-104.80431700020819,41.14586999976655],[-104.8043320002768,41.14586999976655],[-104.80499199970257,41.145895999675545],[-104.80566999956999,41.14590100009914],[-104.80607999964883,41.14590199991322],[-104.80618299958098,41.14590599984592],[-104.80623299980971,41.14590299972733],[-104.80625399972608,41.14590199991322],[-104.80654400015432,41.14590299972733],[-104.80707700025678,41.14590400021786],[-104.80719400043264,41.14590400021786],[-104.80846800015175,41.14591100026874],[-104.80939100024156,41.1459209997604],[-104.81236499965209,41.145947000325606],[-104.8125119999652,41.14594800013903],[-104.81401599983805,41.14596200023071],[-104.81419499993818,41.14596300004391],[-104.81541599995384,41.145973000204066],[-104.81556400009184,41.14597400001705],[-104.81682399956722,41.14597600031944],[-104.81822000038336,41.14596499967017],[-104.81831099972163,41.14596499967017]]]},"properties":{"GEOID":"560210007012","BASENAME":"2","STATE":"56","COUNTY":"021","TRACT":"000701","BLKGRP":"2","NAME":"2"}},{"type":"Feature","geometry":{"type":"Polygon","coordinates":[[[-104.81424799964164,41.139726000237154],[-104.81413100036409,41.13954600026929],[-104.8137809996614,41.139007999946244],[-104.81366500020877,41.13882899995947],[-104.81354999968273,41.13865399985913],[-104.81320800027427,41.13812900013948],[-104.81309399957316,41.13795400020115],[-104.81298300014338,41.13777699992004],[-104.81265199970727,41.13724700021625],[-104.81254200010243,41.13707100000568],[-104.81242499992655,41.1368969999022],[-104.812076999772,41.13637500020526],[-104.81196100031936,41.13620100028519],[-104.81184300031859,41.136016000291704],[-104.81149099996608,41.135463999806646],[-104.81137399979022,41.13527999974034],[-104.81126099981232,41.1351100002132],[-104.8109219998786,41.1346030003006],[-104.8108099997256,41.134433999684525],[-104.8107319999078,41.134303000328615],[-104.8105000001042,41.13391100001163],[-104.81042300011133,41.133781000286795],[-104.8103949996239,41.13372600032566],[-104.81031099995832,41.133563000170035],[-104.81028300036922,41.13350900002915],[-104.81022999976746,41.13343399975975],[-104.81007400013185,41.133211999813014],[-104.81002300007823,41.133137999889335],[-104.80934199983774,41.133397000271884],[-104.80856000021326,41.133695000327265],[-104.80729499981666,41.13416200010461],[-104.80661199992639,41.13441499989228],[-104.80620799969535,41.13455100031354],[-104.80572300017177,41.134682999835924],[-104.80556099979005,41.13471500002866],[-104.80529800002431,41.134768999853364],[-104.8048040002799,41.13485899968801],[-104.8038950004338,41.13492299988617],[-104.80354899992908,41.13492799979331],[-104.8030519998116,41.13490600019908],[-104.80270399965706,41.13487700004604],[-104.80291399971937,41.13515699986785],[-104.80303400026827,41.13532899990038],[-104.80339400011836,41.135847999900435],[-104.80351399976897,41.136021000115534],[-104.80354599955602,41.136069999722004],[-104.80364199981548,41.13621900027502],[-104.80367500032575,41.136268999694536],[-104.80375899999135,41.13639799994239],[-104.80401099988644,41.1367849998403],[-104.80409600027525,41.13691499970104],[-104.80466899966238,41.13780600014407],[-104.80523199990208,41.13867700015026],[-104.80534900007795,41.13885900031637],[-104.80570200025535,41.1394049998141],[-104.80582000025615,41.13958699998971],[-104.80604100018908,41.13950300002342],[-104.80670700036093,41.13925299998669],[-104.80692900011879,41.13917000018595],[-104.8070429999216,41.13934000001559],[-104.80738699987818,41.139852999962336],[-104.80750200040424,41.14002399995499],[-104.80761700003195,41.140203999964086],[-104.80796199981347,41.140743999733346],[-104.80807800016441,41.14092499968591],[-104.80819399961705,41.14109999981544],[-104.80854400031973,41.1416250001084],[-104.80866099959728,41.14180100027626],[-104.80888300025346,41.14171699976308],[-104.8095500002502,41.14146899981074],[-104.80977299983297,41.14138699999121],[-104.81000200016184,41.14130400018499],[-104.81069000007501,41.14105799979991],[-104.81092000022876,41.140976000142985],[-104.81114000033679,41.14089000014522],[-104.8118030001356,41.140634999834866],[-104.81202400006856,41.14054999996211],[-104.81224699965132,41.14046699977316],[-104.8129200003942,41.140221000307704],[-104.81314399980187,41.14013900028087],[-104.81336399990988,41.14005600024827],[-104.81402699970872,41.13980800010384],[-104.81424799964164,41.139726000237154]]]},"properties":{"GEOID":"560210007011","BASENAME":"1","STATE":"56","COUNTY":"021","TRACT":"000701","BLKGRP":"1","NAME":"1"}},{"type":"Feature","geometry":{"type":"Polygon","coordinates":[[[-104.80021800014318,41.14586000026717],[-104.80011699986082,41.14571199978582],[-104.79981499973704,41.14526900022027],[-104.79971500017791,41.14512200026051],[-104.79959700017716,41.144943999877285],[-104.79924399999975,41.14441200023763],[-104.79912699982387,41.144234999796154],[-104.79855699991147,41.14336899980345],[-104.79829199959761,41.142969000000065],[-104.79802600035713,41.14256899978638],[-104.7979819999762,41.142500000277366],[-104.7979390003185,41.142431999886284],[-104.79740799986583,41.141586000068784],[-104.7968270000828,41.14070700030949],[-104.79635400025478,41.13997200020616],[-104.79623200005605,41.13980999991779],[-104.79586200016018,41.13922800006593],[-104.79566999964126,41.13892299999455],[-104.79563200000642,41.138871999970625],[-104.79552099967833,41.13872000026111],[-104.7954839998684,41.138670000003685],[-104.79517000004907,41.13817399979686],[-104.79476499999309,41.13755299990394],[-104.79471200028965,41.13747199986683],[-104.79455599975574,41.13723199967083],[-104.7945039998772,41.13715199986142],[-104.79443600010512,41.13704999972605],[-104.79423500026368,41.136747000259106],[-104.79416800031653,41.13664600012572],[-104.79387500041358,41.13664300026008],[-104.79299699963128,41.136636999851774],[-104.79270499955324,41.13663499994109],[-104.79244299961242,41.13663399998567],[-104.791660000163,41.136631000119486],[-104.7913990000471,41.13663000016406],[-104.79113600028136,41.13662599966558],[-104.79034899973567,41.13661700006541],[-104.79008699979487,41.13661400019845],[-104.7900840003201,41.136793000141004],[-104.79007699974912,41.137332000310266],[-104.7900759999242,41.137512000265154],[-104.7900680004266,41.13769400028116],[-104.79004499996205,41.138241999867034],[-104.79003800028939,41.13842499981517],[-104.79003599974124,41.138573999754456],[-104.79002999989345,41.13902400000445],[-104.79002900006853,41.13917399985274],[-104.79002999989345,41.13920400005183],[-104.7900330002665,41.139294999805074],[-104.7900340000914,41.13932599986322],[-104.7900330002665,41.139448000124176],[-104.7900330002665,41.139815000128955],[-104.7900330002665,41.13993800006186],[-104.79002900006853,41.14023399969205],[-104.79002999989345,41.140695000235866],[-104.79001499982483,41.141584000308946],[-104.79001499982483,41.141676000021135],[-104.79001700037296,41.141954000161405],[-104.79001800019789,41.14204699990389],[-104.79001599964975,41.14212299966828],[-104.7900120003501,41.142352000330746],[-104.79001099962687,41.14242900028523],[-104.79000999980195,41.14260799991794],[-104.79000700032722,41.143145999799614],[-104.79000700032722,41.14332600003462],[-104.79000599960402,41.143435000196064],[-104.79000499977909,41.1437630001166],[-104.79000499977909,41.14387300007321],[-104.79000399995417,41.14395000027128],[-104.78999999975622,41.14418200016339],[-104.78999999975622,41.144259999837764],[-104.78999899993131,41.14447500007309],[-104.78999599955824,41.145123000086464],[-104.78999599955824,41.145339000020876],[-104.79000399995417,41.145606000159134],[-104.79001099962687,41.14582599979305],[-104.79251899978041,41.14581899973304],[-104.79257999987976,41.145820000224845],[-104.79344600006817,41.14582800009996],[-104.7948069998259,41.14584499966226],[-104.79505700007114,41.14584300003229],[-104.79580899955843,41.145840999725834],[-104.79605999962858,41.14583999991082],[-104.7962999998281,41.14584200021731],[-104.79702000042663,41.14584799978349],[-104.79726099955273,41.14585000008974],[-104.79785200027986,41.14585199971948],[-104.79962599959114,41.14585799996119],[-104.80021800014318,41.14586000026717]]]},"properties":{"GEOID":"560210006012","BASENAME":"2","STATE":"56","COUNTY":"021","TRACT":"000601","BLKGRP":"2","NAME":"2"}},{"type":"Feature","geometry":{"type":"Polygon","coordinates":[[[-104.80582000025615,41.13958699998971],[-104.80570200025535,41.1394049998141],[-104.80534900007795,41.13885900031637],[-104.80523199990208,41.13867700015026],[-104.80466899966238,41.13780600014407],[-104.80409600027525,41.13691499970104],[-104.80401099988644,41.1367849998403],[-104.80375899999135,41.13639799994239],[-104.80367500032575,41.136268999694536],[-104.80364199981548,41.13621900027502],[-104.80354599955602,41.136069999722004],[-104.80351399976897,41.136021000115534],[-104.80339400011836,41.135847999900435],[-104.80303400026827,41.13532899990038],[-104.80291399971937,41.13515699986785],[-104.80270399965706,41.13487700004604],[-104.80266799967204,41.1348740000995],[-104.80230600017212,41.13482900020791],[-104.80193100025339,41.134771999804755],[-104.80156999968007,41.13469199970144],[-104.80123099974634,41.134596999705686],[-104.8011420000579,41.13456900007955],[-104.79994399960846,41.13416300009766],[-104.79944200036644,41.13399099971426],[-104.79687300011354,41.13310500027133],[-104.79632400011755,41.1329160002941],[-104.79584999956631,41.13275200014113],[-104.79576199970276,41.13271700029882],[-104.79549800011212,41.13261299999985],[-104.79541000024858,41.13257900010058],[-104.79524799986686,41.13252199977224],[-104.79506100026913,41.132456999919],[-104.7950110000404,41.132439000250095],[-104.79470999974151,41.13298599974772],[-104.79444699997579,41.13339100024325],[-104.79426100020294,41.133646000299876],[-104.79405199996557,41.13390900001784],[-104.79378699965173,41.13422400032199],[-104.79370499963593,41.13431700019997],[-104.79368500044276,41.13434099997242],[-104.79356700044198,41.13449500033341],[-104.79342799962652,41.13472599985874],[-104.79336900007529,41.13487100015278],[-104.79334800015889,41.13497500025495],[-104.79333700028823,41.13503699970394],[-104.793335999565,41.13517600012172],[-104.7933640000524,41.13528800022465],[-104.7933909998166,41.13539099969134],[-104.79342199977873,41.13546299983343],[-104.79347399965725,41.13558299989462],[-104.7935320002819,41.13567199999556],[-104.79357599976451,41.135738999984234],[-104.79364500025979,41.13584400003084],[-104.79385399959887,41.13615899983876],[-104.79392399991906,41.136263999889614],[-104.79397199959963,41.13634000026618],[-104.79411899991273,41.13656900014733],[-104.79416800031653,41.13664600012572],[-104.79423500026368,41.136747000259106],[-104.79443600010512,41.13704999972605],[-104.7945039998772,41.13715199986142],[-104.79455599975574,41.13723199967083],[-104.79471200028965,41.13747199986683],[-104.79476499999309,41.13755299990394],[-104.79517000004907,41.13817399979686],[-104.7954839998684,41.138670000003685],[-104.79552099967833,41.13872000026111],[-104.79563200000642,41.138871999970625],[-104.79566999964126,41.13892299999455],[-104.79586200016018,41.13922800006593],[-104.79623200005605,41.13980999991779],[-104.79635400025478,41.13997200020616],[-104.7968270000828,41.14070700030949],[-104.79740799986583,41.141586000068784],[-104.7979390003185,41.142431999886284],[-104.7990799999682,41.14207200010316],[-104.80020800009741,41.14165099967091],[-104.80043200040342,41.141567000318624],[-104.8011069998978,41.14131799991513],[-104.8013320000287,41.14123500002158],[-104.8015579999845,41.14115299990948],[-104.80223699967684,41.14090800020124],[-104.80246400035587,41.14082700024828],[-104.80268600011371,41.140743999733346],[-104.80335200028557,41.140497000057366],[-104.80357499986833,41.14041499969903],[-104.80380300037228,41.14032799974307],[-104.8044870000875,41.140066999859236],[-104.80471499969313,41.139980000118136],[-104.80493499980115,41.139901000183315],[-104.80559900032318,41.139664999717056],[-104.80582000025615,41.13958699998971]]]},"properties":{"GEOID":"560210007013","BASENAME":"3","STATE":"56","COUNTY":"021","TRACT":"000701","BLKGRP":"3","NAME":"3"}},{"type":"Feature","geometry":{"type":"Polygon","coordinates":[[[-104.76705699955204,41.12660400012348],[-104.76708500003943,41.12594899969415],[-104.76704400003156,41.12505400008186],[-104.76701700026737,41.124164999962574],[-104.7639500000721,41.12422800029829],[-104.76102099996909,41.124279000203465],[-104.75933200014833,41.124294999794095],[-104.75907900042833,41.124299999834506],[-104.75889699995514,41.12430300026456],[-104.75262600019556,41.124414999982505],[-104.7525850001877,41.124414999982505],[-104.75137199966966,41.12443699971133],[-104.75007899968398,41.12446000025035],[-104.74804500008169,41.12449599990107],[-104.74769500027732,41.12450300020681],[-104.74687799959442,41.12451300025557],[-104.7467150002861,41.12451499985915],[-104.7450389999858,41.124534999951535],[-104.74351599984637,41.124555000037766],[-104.74106100029461,41.12460400008806],[-104.74016499996897,41.12464000033647],[-104.74001500018113,41.124649000226306],[-104.73898199958816,41.124712000097354],[-104.7383430000788,41.12475600002513],[-104.73814300006225,41.12476999990365],[-104.73741599979104,41.12483600006422],[-104.73668600004504,41.12491700013982],[-104.73552500030387,41.12505900006445],[-104.73467800038205,41.12518599976536],[-104.73398200007294,41.125296999878096],[-104.73355699992551,41.125365999890136],[-104.73156299960789,41.12575199978613],[-104.73102000035797,41.12587400025573],[-104.72958699973191,41.1262119998174],[-104.7281139998212,41.126607999879774],[-104.72661900016915,41.127057999664146],[-104.72500099959518,41.127607000229176],[-104.72132400020284,41.128911000255826],[-104.71722900033579,41.13036399972144],[-104.71718199958183,41.1303809999089],[-104.71665900042339,41.13056600023158],[-104.71509100007812,41.13112100009946],[-104.71456899984629,41.13130699972535],[-104.71453500040941,41.13131900016326],[-104.7144330003022,41.13135400007483],[-104.71439999979191,41.13136699986319],[-104.71348699974784,41.13168999976408],[-104.71075000016376,41.132660000090326],[-104.70983799994458,41.132983999725724],[-104.70934400020019,41.133164000109744],[-104.70869499974677,41.13341599968236],[-104.70805200003943,41.133687000325274],[-104.7074290004236,41.13395499986016],[-104.70679400021385,41.134254000078776],[-104.70534100039463,41.13499099994375],[-104.70457800013838,41.13540100011047],[-104.70380200036168,41.1357960002237],[-104.69791499984333,41.138795999821625],[-104.69583799968503,41.139874000021074],[-104.69435599955348,41.140647999813645],[-104.69335399982096,41.14116200024028],[-104.69158800000727,41.14205100007174],[-104.68976000026933,41.143006000177266],[-104.6878449995944,41.14398399968862],[-104.68702000031222,41.14440699970045],[-104.6859499999093,41.1449690003251],[-104.68486100013813,41.14555599973965],[-104.68340800031889,41.146291999980875],[-104.68219999982372,41.14692499994537],[-104.6780859996901,41.14904999998809],[-104.67640899956486,41.14989900017912],[-104.67500699979927,41.15062399983005],[-104.67315399994693,41.151540000012304],[-104.6718769998548,41.15212900024017],[-104.67087500012227,41.15257200012988],[-104.66960700025098,41.15309600018716],[-104.66902300009487,41.15333099996514],[-104.66781899979766,41.15380600019658],[-104.66685399987506,41.154161000023166],[-104.66583000040121,41.154520999722706],[-104.66477500006694,41.154877000089165],[-104.66355499987618,41.15526700020563],[-104.66247299977773,41.15559899980139],[-104.66151600025104,41.15587200009564],[-104.66073999957601,41.15608500013766],[-104.65987799958556,41.156316999703975],[-104.65974600023938,41.15634999981751],[-104.6589930000289,41.156540000230244],[-104.65817899971901,41.156724999818124],[-104.65674099996842,41.157040000108566],[-104.65573800041098,41.15726100024612],[-104.6546770002289,41.15745400031377],[-104.65442500033383,41.1574979999237],[-104.65353800022902,41.1576550002742],[-104.65153200021581,41.157957999857224],[-104.65047199985867,41.15810700005362],[-104.64999300018289,41.1581749997447],[-104.64914799991087,41.15826499992364],[-104.64879700028158,41.15831599974467],[-104.64751599999148,41.15844299998873],[-104.64513300040974,41.158623999783345],[-104.64464399978989,41.158651999961045],[-104.64402199999894,41.158687999785464],[-104.64255900013396,41.158756999844535],[-104.6415409996096,41.15878100014207],[-104.64022599988262,41.158800999932474],[-104.63990600021549,41.158800999932474],[-104.63777700017864,41.158788999788435],[-104.63572099993675,41.15877299981843],[-104.63414099989589,41.15876099966927],[-104.63108499957129,41.15873300021449],[-104.62656499955679,41.15869200029076],[-104.62593699991808,41.158687999785464],[-104.62494900042924,41.15867800021196],[-104.62383499964541,41.15866799996063],[-104.62166700014882,41.158648000129645],[-104.6180119995995,41.15862500007976],[-104.61564699956111,41.158616999737085],[-104.61291800037296,41.15860799977307],[-104.6128299996111,41.15860700015275],[-104.61256600002045,41.15860599985606],[-104.6124789999818,41.15860599985606],[-104.60962600004679,41.15859600027004],[-104.60789200002017,41.158591000138316],[-104.60106899989155,41.1585599997188],[-104.59821699978144,41.15854800020698],[-104.59064899983824,41.15851400022559],[-104.58758400019111,41.15850099973072],[-104.58323099968287,41.158493999671265],[-104.57932900015963,41.158471000243686],[-104.57780000017243,41.158455000196064],[-104.57518300023897,41.15844299998873],[-104.57070900025522,41.15843700022236],[-104.56794599983355,41.15844100006664],[-104.56657400020518,41.15844299998873],[-104.56214899972693,41.158455999818706],[-104.56037899971527,41.158446999832634],[-104.55772800034494,41.15844299998873],[-104.55395499979483,41.158437999845276],[-104.5537980003343,41.15843700022236],[-104.55013500028738,41.15842899985673],[-104.5443570004473,41.15843000015612],[-104.54005800036575,41.15843500030013],[-104.53517099993013,41.158434000000824],[-104.53405500039479,41.15843099977915],[-104.53343199988062,41.15843000015612],[-104.52747499994041,41.158434000000824],[-104.52648699955327,41.15841999986691],[-104.5235259996632,41.158380000047536],[-104.5225389999993,41.15836700020244],[-104.52170200012321,41.158344000053944],[-104.51940300020708,41.15828299994457],[-104.51919399996969,41.158277999788965],[-104.51835799991852,41.15826199969422],[-104.51804099972611,41.15825500028559],[-104.51709099987212,41.15823700025697],[-104.51677500040293,41.15823099979539],[-104.51590599984148,41.15820599966997],[-104.51398799969185,41.15817900028131],[-104.51048399965357,41.15809099991713],[-104.51023699978136,41.15808599974687],[-104.50845800044719,41.158050000268155],[-104.50396199982383,41.15796899984699],[-104.49934499972495,41.15786999987268],[-104.49364999972556,41.15774800006751],[-104.49062299971327,41.15769099996986],[-104.49036099977243,41.15768700007981],[-104.48451599998522,41.15756899983156],[-104.48408599981492,41.15755900008733],[-104.4840919996627,41.15764299992039],[-104.4841129995791,41.15789599975745],[-104.484120999975,41.15798100014117],[-104.48410799955622,41.15938600006241],[-104.4840709997463,41.163600999685926],[-104.48405900005073,41.1650069997056],[-104.48404399998212,41.16659800011282],[-104.48401200019507,41.1702699997884],[-104.48400200014933,41.1713720002424],[-104.48398799990562,41.17296399967124],[-104.48397500038516,41.17451400008659],[-104.48397399966193,41.17464799973066],[-104.48394000022503,41.17655899990024],[-104.48394500024791,41.17888199983514],[-104.48394299969979,41.17916500033052],[-104.48393699985199,41.18058000001601],[-104.48393500020218,41.18071600001528],[-104.48391500011068,41.18192700024225],[-104.48391000008782,41.18223400024684],[-104.48385999985909,41.184285999724],[-104.48386800025501,41.18483200016248],[-104.48385499983624,41.18555899986472],[-104.48383599956966,41.18677100031691],[-104.48383399991984,41.186883000167946],[-104.48382800007205,41.18721800006377],[-104.48382700024713,41.18733099968441],[-104.48379799993484,41.18804400014626],[-104.48378299986621,41.19021300007951],[-104.48375299972898,41.19462899990698],[-104.48377700001843,41.19512200026894],[-104.48376100012489,41.19713999985629],[-104.48375799975186,41.198493000250686],[-104.48375699992694,41.19886099987766],[-104.48375100007915,41.20174399993637],[-104.48375100007915,41.203188000044385],[-104.48375199990407,41.20387599988259],[-104.48376199994982,41.20601299987498],[-104.48372500013988,41.207521000004256],[-104.48372500013988,41.207537999782964],[-104.48374100003342,41.208617999767924],[-104.48373199981258,41.20896599989277],[-104.48373000016277,41.20909000001046],[-104.4837259999648,41.20946500021706],[-104.4837259999648,41.20959099977702],[-104.48372299959176,41.20981100018624],[-104.48372099994194,41.21002600027077],[-104.48371300044433,41.21047199985898],[-104.48371000007128,41.210693000186104],[-104.4837040002235,41.21103099971939],[-104.48368699960675,41.21201100008314],[-104.48368599978183,41.212046000162516],[-104.48368499995692,41.21238500029056],[-104.48368599978183,41.21255900002687],[-104.48369099980471,41.213083000119234],[-104.48369300035283,41.21325800016428],[-104.48369099980471,41.213352999683764],[-104.48368599978183,41.21363999970605],[-104.48368499995692,41.21373600015294],[-104.483684000132,41.21376300029547],[-104.4836830003071,41.21384500010948],[-104.4836830003071,41.213873000335575],[-104.48367599973608,41.21430200000845],[-104.48368099975896,41.2144530000068],[-104.48368599978183,41.214527000035346],[-104.4832609996344,41.21451700020076],[-104.48178799972366,41.214462999851186],[-104.47638599962725,41.21426500021526],[-104.47269199961816,41.2141149999078],[-104.46985499957667,41.21397200014593],[-104.46850899988756,41.21389499978076],[-104.46793200030247,41.21385100020722],[-104.46603800044227,41.21370500015075],[-104.46478999976412,41.21361900030749],[-104.46478999976412,41.21413300012509],[-104.46479200031227,41.2156769998744],[-104.46479300013718,41.216191999832105],[-104.46476200017504,41.21766199985659],[-104.46474000043374,41.21875999991332],[-104.46470500027364,41.22129300000561],[-104.46470000025076,41.22207499969243],[-104.46469100002993,41.223546999888306],[-104.46468199980909,41.22492699979302],[-104.46467000011354,41.22624400009895],[-104.46464499999918,41.22901000023914],[-104.46462300025786,41.23266100016476],[-104.46459399994555,41.234335000077266],[-104.46457399985405,41.235498000271186],[-104.46456299998341,41.237033000251536],[-104.46455700013564,41.23782999998025],[-104.4645479999148,41.239125999780484],[-104.46453500039432,41.24022100029959],[-104.4645269999984,41.241019000045505],[-104.4645200003257,41.241594000237875],[-104.4645200003257,41.24167699998405],[-104.46451199992978,41.24332199989075],[-104.46451000027996,41.243899000097905],[-104.464506000082,41.244697000187905],[-104.46449500021134,41.247091000073475],[-104.46449400038645,41.24754400017551],[-104.46449400038645,41.247889999964386],[-104.46449400038645,41.24830300032953],[-104.46449400038645,41.24954199994463],[-104.46449500021134,41.24995600025019],[-104.46449500021134,41.250161999845695],[-104.46448900036357,41.25086200013536],[-104.46448299961747,41.25157900016666],[-104.46446099987615,41.25300799990834],[-104.46445900022633,41.25358000004602],[-104.46445800040144,41.25448699983178],[-104.46445699967819,41.25523000032973],[-104.46443400011196,41.25689300000177],[-104.46442999991402,41.25722500030856],[-104.46440300014984,41.2600960003199],[-104.46440300014984,41.261913999744856],[-104.46438499970819,41.26320799986173],[-104.4643799996853,41.264114000292615],[-104.46437800003548,41.26463999984796],[-104.46437300001261,41.26561000014022],[-104.46436499961669,41.26652100032305],[-104.46436399979179,41.26656700023387],[-104.46436299996687,41.26670799975855],[-104.46436299996687,41.26675500020766],[-104.46435100027131,41.26806599984874],[-104.46431699993612,41.27199900017055],[-104.46430699989038,41.273310999732395],[-104.46430600006546,41.27342700020951],[-104.46430299969242,41.27377600029149],[-104.46430299969242,41.27382099993021],[-104.46430299969242,41.27389299982784],[-104.4643019998675,41.27426099986462],[-104.4643019998675,41.2753660002178],[-104.4643019998675,41.2757349999093],[-104.4643019998675,41.276078999868915],[-104.46430799971527,41.27810900005741],[-104.46432000030917,41.28153700028023],[-104.4643229997839,41.28441900028769],[-104.46431799976102,41.285233000266565],[-104.46430600006546,41.28741299976622],[-104.4643019998675,41.28760800021019],[-104.46429900039277,41.28774900018898],[-104.46429099999685,41.28817400033047],[-104.46428900034701,41.28831600010066],[-104.464253000362,41.290761000127944],[-104.46420700033126,41.29403199966431],[-104.46417399982097,41.2972329998769],[-104.46417299999608,41.2973350002373],[-104.46417299999608,41.2980959997974],[-104.4641749996459,41.30054199988908],[-104.4641749996459,41.30065500010357],[-104.46417200017116,41.30144000001746],[-104.46416399977524,41.303800000261596],[-104.4641610003005,41.304137000058894],[-104.4641539997295,41.30503600002912],[-104.46413399963801,41.3074399997212],[-104.46413000033836,41.308008999952996],[-104.46410500022401,41.30871200029341],[-104.4641129997216,41.30995000008581],[-104.46406599986595,41.31465399989493],[-104.46404199957651,41.31705899974375],[-104.46403599972872,41.31774000008823],[-104.46401999983519,41.31978199972786],[-104.46401499981232,41.32046399980347],[-104.46399700026896,41.32266499987733],[-104.46395899973584,41.32764899983695],[-104.46395100023821,41.32926799996763],[-104.46395000041332,41.329629999725825],[-104.46393699999452,41.33124099972522],[-104.46394399966721,41.33146900015126],[-104.46391899955286,41.33310400030338],[-104.46390600003238,41.33398000032916],[-104.46387500007025,41.33600500024933],[-104.463844999933,41.336486999744885],[-104.46382800021458,41.338010999884304],[-104.4638099997729,41.33964800018337],[-104.4638020002753,41.34030600026633],[-104.46377999963569,41.3422830003026],[-104.4637739997879,41.342942999742796],[-104.46376200009233,41.34402300009374],[-104.46374799984864,41.34533400027263],[-104.46373399960493,41.347263000226825],[-104.46372699993223,41.34834399982961],[-104.46372100008445,41.34925800020452],[-104.46371900043462,41.34959200010043],[-104.46371199986362,41.35136499966491],[-104.46370799966566,41.35172900010393],[-104.46367800042675,41.35498600030098],[-104.46367300040387,41.35550900022811],[-104.46366300035814,41.35670899972451],[-104.46363800024378,41.359802999797544],[-104.46362700037312,41.36188699973679],[-104.46360999975637,41.36527300014799],[-104.46360300008368,41.36654099978546],[-104.4635970002359,41.367183000227996],[-104.46358200016728,41.368814999668146],[-104.46357700014441,41.37069699986598],[-104.46356500044882,41.37276799973734],[-104.4635629999007,41.37291299977189],[-104.46354700000718,41.37478200008985],[-104.46354700000718,41.37482399972999],[-104.4635410001594,41.37607900023525],[-104.46352199989282,41.37722500001856],[-104.4634850000829,41.379608000212414],[-104.46347099983919,41.38407100019121],[-104.46347099983919,41.38443100017698],[-104.46347500003715,41.38683399999821],[-104.46347599986207,41.38752700000446],[-104.4634780004102,41.38847700007308],[-104.46342700035657,41.388687999759476],[-104.46333699994489,41.38891099981124],[-104.46320999972329,41.389084000158675],[-104.46305999993547,41.38926999981998],[-104.46288599985819,41.389403999985376],[-104.46283300015473,41.389446999753595],[-104.46258999958218,41.389581999687444],[-104.46226400006725,41.38970099993579],[-104.46200399977626,41.38975799998898],[-104.46187900010278,41.38978600026869],[-104.46148200044276,41.3898630001334],[-104.4612249996265,41.389922000300615],[-104.46116799972509,41.38993600006969],[-104.46097199990649,41.39000100025787],[-104.46073000005717,41.390125999815005],[-104.46051300032218,41.390268999994845],[-104.46032699965104,41.3904449997844],[-104.46018799973386,41.390620999771436],[-104.46005600038771,41.39085800017676],[-104.46000199996102,41.391057999681614],[-104.45997500019685,41.391192000205265],[-104.4599850002426,41.39137400015229],[-104.45998799971731,41.39211899981873],[-104.45999500028833,41.39351399971578],[-104.45999600011324,41.39906700014816],[-104.45999100009037,41.39978399991451],[-104.45997500019685,41.40234000025994],[-104.45997400037193,41.4024209998209],[-104.45997199982381,41.402664999851446],[-104.45997199982381,41.40274700028562],[-104.46015799959663,41.402685999767066],[-104.46071900018651,41.40250700030073],[-104.46090599978426,41.402447000166],[-104.46700199964164,41.400489000272266],[-104.46876300033077,41.39992399981515],[-104.47109300020907,41.39915900026548],[-104.47215799969078,41.39881500015613],[-104.47730799989213,41.39715300025153],[-104.47937699965452,41.396481000324556],[-104.48034499995018,41.39616799984205],[-104.48527400021858,41.39456899986261],[-104.49136500005311,41.39259399971254],[-104.49277000019177,41.3921380002585],[-104.4938990001459,41.39177199989019],[-104.49555000033186,41.391240000003776],[-104.49698700025756,41.390770000226645],[-104.49839200039622,41.3903119998649],[-104.49863800044352,41.39023100003902],[-104.4988340002621,41.390168000329346],[-104.49937599968709,41.38999100033682],[-104.49962199973439,41.38991100023922],[-104.49986500030695,41.3898320001726],[-104.4999740000869,41.38979600022128],[-104.5010300002461,41.3894510002948],[-104.5013830004235,41.389336000137135],[-104.50623599962563,41.387756999776414],[-104.51098400014408,41.38621299990583],[-104.51587200040461,41.38462900016216],[-104.52008500027246,41.38325400025274],[-104.52079900012488,41.38302299982029],[-104.52340900038567,41.38218100008851],[-104.52347899980755,41.382157999793165],[-104.52549999988938,41.38149299966362],[-104.52565300005024,41.38144399982499],[-104.52587499980808,41.381370999790526],[-104.5265450001779,41.38115499998432],[-104.52676799976066,41.381082999889465],[-104.52782100044513,41.38074199996773],[-104.52925099979984,41.38027199979371],[-104.53220300036737,41.37930500026845],[-104.53551300023689,41.37822700013895],[-104.53669999991733,41.377837000211514],[-104.53918299995651,41.37702299977684],[-104.53927800039108,41.37699100010814],[-104.53956500044625,41.376897000316156],[-104.53966099980741,41.376866000240256],[-104.53971600005899,41.376847999711],[-104.53976200008974,41.37683300016495],[-104.54188199990575,41.3761469997918],[-104.54834099998628,41.37406100012862],[-104.54838000034437,41.37404800001013],[-104.55016399970138,41.373460000284354],[-104.55054299981808,41.37333800017298],[-104.55223099981396,41.372793999809154],[-104.55361900023416,41.37234800030059],[-104.55729599962649,41.371156999674916],[-104.55898500034559,41.37061099977237],[-104.55900299988893,41.37060400016737],[-104.55905700031562,41.37058699967895],[-104.55907599968386,41.37058200024824],[-104.56279300015747,41.3693839999142],[-104.56507600018011,41.36865000027498],[-104.57393999958369,41.365775999792184],[-104.57542099989034,41.365295999672405],[-104.57725799984912,41.364706000039604],[-104.57765700005729,41.364576000269764],[-104.57822600014478,41.36438900024904],[-104.57993599988197,41.36383000004378],[-104.58050599979435,41.36364399975985],[-104.58102399982823,41.363474999947044],[-104.58350299966943,41.36266900014364],[-104.5846059996843,41.362312000024396],[-104.58849600041026,41.361037000274194],[-104.59249300036804,41.35974000027755],[-104.59549199989293,41.35876799995482],[-104.5957639998795,41.358679999733425],[-104.5993909999414,41.35750199979388],[-104.60162399973531,41.356777999936625],[-104.60484400009146,41.355737999966685],[-104.60714999968032,41.35498500030999],[-104.61108999973668,41.35370799995083],[-104.61499100033329,41.35244499991164],[-104.61502300012035,41.3523860001367],[-104.61502899996813,41.35233499988809],[-104.61501999974729,41.35231399989314],[-104.61499100033329,41.352244000310485],[-104.61498299993738,41.35214699972404],[-104.61499700018108,41.351897000035095],[-104.61499999965582,41.35185399971665],[-104.61500100037902,41.35175599985719],[-104.61500100037902,41.35174300000236],[-104.61500100037902,41.35170399974796],[-104.61500200020394,41.351691999924356],[-104.61501399989952,41.350637000098864],[-104.61502200029544,41.35000500029177],[-104.61505800028044,41.34796000006911],[-104.61506699960297,41.347474000086116],[-104.61508800041769,41.346420000143965],[-104.61510799961084,41.34534300017647],[-104.61515100016688,41.34311200026299],[-104.6151670000604,41.34211199995132],[-104.61518499960376,41.34103500022152],[-104.6152309996345,41.338258999787264],[-104.61526400014478,41.33627099998936],[-104.61533799976462,41.33282500018719],[-104.61534299978749,41.33201600027757],[-104.61537700012268,41.329931999911935],[-104.61540399988685,41.328337999984186],[-104.61541999978039,41.32715700024552],[-104.61543900004696,41.32562600009768],[-104.61550000014631,41.32103599989163],[-104.61551900041289,41.319650000260005],[-104.61551900041289,41.31950600016759],[-104.61551900041289,41.31926099998204],[-104.61552000023782,41.31852900027466],[-104.61552100006271,41.31849200012279],[-104.6155129996668,41.318284999669764],[-104.61166499967194,41.31823500025701],[-104.60012099968736,41.31808800008824],[-104.59627400041575,41.318038999733396],[-104.59628000026352,41.317311000049635],[-104.59629899963178,41.31512999990032],[-104.59630100017992,41.31494899980323],[-104.59630899967752,41.3144039999911],[-104.59634800003559,41.31172799979397],[-104.59638099964755,41.30946699993731],[-104.59643500007421,41.30618699987362],[-104.59644099992201,41.30526200020916],[-104.59646400038655,41.30370299973284],[-104.59650500039443,41.30102899991882],[-104.59654100037943,41.29861400010907],[-104.59654999970195,41.297925000224446],[-104.59655700027297,41.29744699973476],[-104.5966450001365,41.29106199990658],[-104.59665600000716,41.29029199987127],[-104.59666000020512,41.28902999968012],[-104.59666699987783,41.28861299969498],[-104.59672499960413,41.28551000017112],[-104.59672399977923,41.28528300001219],[-104.59670600023588,41.282533000311986],[-104.59670100021302,41.281698999689816],[-104.59678700042674,41.28142999999545],[-104.59678400005369,41.281210000259364],[-104.59676999981,41.28016499982353],[-104.59739400014905,41.279375000051616],[-104.59744900040063,41.27901500029951],[-104.5972929998667,41.27869300020402],[-104.59679900012229,41.278094999862624],[-104.59676099958915,41.27759100030094],[-104.5973270002019,41.2770939997538],[-104.59793899994708,41.27529899991464],[-104.59796200041163,41.27441000002327],[-104.59797800030515,41.27383600025305],[-104.59790200013717,41.27365199997118],[-104.59760099983829,41.27292199981133],[-104.59701400020744,41.272238000231646],[-104.59658900006002,41.27195300003575],[-104.59649100015073,41.271862000260775],[-104.59636499975403,41.271514999917585],[-104.59635300005846,41.27061499983964],[-104.59632399974615,41.268263999950825],[-104.59631100022565,41.26719099987367],[-104.5963699997769,41.26641099972972],[-104.59641400015782,41.26584899995713],[-104.59631299987548,41.26501700024357],[-104.59633899981476,41.264155999734975],[-104.59639900008919,41.26219400022295],[-104.59641599980765,41.26157399972088],[-104.59644000009709,41.260713999822656],[-104.59654700022722,41.25941900015263],[-104.59686799971927,41.255534999868075],[-104.5969759996743,41.25424099967436],[-104.59703500012384,41.2535730000203],[-104.59721300039908,41.251570999699155],[-104.59727299977523,41.25090399999528],[-104.59726199990456,41.25008399997034],[-104.5972300001175,41.24762400028173],[-104.59722000007177,41.246804999915454],[-104.59722000007177,41.24676199982125],[-104.59722000007177,41.24663499997462],[-104.59722099989669,41.246593000072075],[-104.59720699965298,41.24660900019895],[-104.59716900001814,41.24665600025348],[-104.59716099962223,41.24667400029415],[-104.59715399994954,41.24665899981033],[-104.59716099962223,41.24663300004421],[-104.59716099962223,41.24662299971577],[-104.59715999979731,41.246547000276465],[-104.59715999979731,41.24631900007748],[-104.59715999979731,41.24624399991813],[-104.5971589999724,41.244909000103775],[-104.59717499986594,41.24442400000951],[-104.59717400004102,41.243980999950345],[-104.5971720003912,41.24133000001058],[-104.59719999998029,41.23736699969515],[-104.5972009998052,41.23719199998512],[-104.59722400026973,41.235043999950776],[-104.59722400026973,41.234987000244246],[-104.59722500009465,41.23492999981251],[-104.59722599991954,41.23482300015959],[-104.59725600005679,41.23216199979308],[-104.59726000025475,41.23189200018228],[-104.59726299972948,41.23162200013196],[-104.59730999958515,41.22765500000076],[-104.5973139997831,41.22735000003929],[-104.59739999999682,41.2205199999948],[-104.59739499997397,41.22017800003532],[-104.597398000347,41.21929899966944],[-104.5973919996009,41.21793799984018],[-104.597398000347,41.217202000224006],[-104.59739999999682,41.21680299978981],[-104.59739999999682,41.216784000223264],[-104.59741000004257,41.215608000305515],[-104.59741300041561,41.2152099997165],[-104.59742299956304,41.21411200020902],[-104.59743099995897,41.21337100011067],[-104.5974900004085,41.21081900008431],[-104.59749700008122,41.210561999825416],[-104.59749799990612,41.209722000054505],[-104.59749799990612,41.20967700018482],[-104.59749999955595,41.2095419997142],[-104.59750100027917,41.209497999916096],[-104.59750999960168,41.20866999979548],[-104.5975170001727,41.208031000229774],[-104.5975530001577,41.20625599970585],[-104.59755399998261,41.206186000091854],[-104.5975599998304,41.20590600021117],[-104.59755800018057,41.20553599981045],[-104.5975179999976,41.205362999902604],[-104.59823699987291,41.20515100014973],[-104.59905500038074,41.204908000270464],[-104.59944100017013,41.204794999899626],[-104.60070200036876,41.20439699976086],[-104.60154799956733,41.20411499978],[-104.60168700038282,41.204063000187666],[-104.6024249996264,41.203784999898595],[-104.60344700034872,41.20338699969979],[-104.60359499958842,41.20332699991494],[-104.60445800030207,41.20298499995582],[-104.60508000009301,41.2027229998729],[-104.60667600002738,41.20206299995227],[-104.60714999968032,41.20186800022262],[-104.60970100038985,41.20085399969723],[-104.61149200031791,41.200155000191664],[-104.61310099977274,41.199528000053355],[-104.61391699973244,41.199216000288345],[-104.61554799982692,41.198571999865614],[-104.6165899997424,41.19816099967143],[-104.62289200036243,41.195704999744486],[-104.62534299971622,41.194758000230095],[-104.62537100020364,41.194745999912065],[-104.62545800024226,41.19471399995457],[-104.62548699965626,41.19470300005005],[-104.62557200004508,41.19467000032543],[-104.62618899981315,41.19442100020773],[-104.62708299959064,41.19400500017849],[-104.62710199985723,41.19399400015483],[-104.62770000025702,41.19368399989585],[-104.62806000010713,41.19346600022574],[-104.62853399976005,41.193150999972055],[-104.62896999977814,41.19282100023728],[-104.62950500042875,41.192365999933635],[-104.62980900020236,41.19209400004696],[-104.63004100000597,41.191852000147094],[-104.63029200007612,41.19156400007822],[-104.63054599962103,41.1912290001105],[-104.63082799965333,41.19082399995933],[-104.6310150001494,41.19053699990942],[-104.63112499975426,41.19037200008371],[-104.63155199955152,41.18963999994774],[-104.6318749995917,41.18899800029543],[-104.63194999993478,41.18884800020226],[-104.6321769997155,41.188397999889084],[-104.63225299988348,41.18824900029362],[-104.63367499974058,41.18536199986665],[-104.63410699956071,41.18448799976303],[-104.63517299976566,41.18237699972904],[-104.63577199999035,41.18115999999569],[-104.63600100031921,41.18069400023341],[-104.63735700005408,41.17796799975994],[-104.63796999962419,41.17671399984733],[-104.63817399983868,41.17629900025593],[-104.63857499969667,41.175501999883046],[-104.63925400028734,41.17425699993656],[-104.63947699987008,41.17387200021956],[-104.63977200032119,41.1734219997723],[-104.64000900014766,41.1730909999286],[-104.64029500037793,41.172731000124294],[-104.64034200023357,41.17267300012856],[-104.64060400017439,41.17236100017981],[-104.64110600031474,41.17181900028617],[-104.64158900018849,41.17132000033579],[-104.6420260000315,41.170925999962236],[-104.64264899964735,41.17038100001766],[-104.64306399974903,41.1700349998826],[-104.64333999993356,41.16983400002243],[-104.6438999998002,41.16943000021782],[-104.64449400000204,41.16903300023769],[-104.64467800012507,41.168916999733156],[-104.64474300042241,41.16887799969816],[-104.64491499995154,41.168772999800545],[-104.64537600008398,41.168508000308904],[-104.6455049999554,41.168439999842974],[-104.64576600007132,41.168305999672896],[-104.64613799961701,41.16811200030369],[-104.64686900008618,41.16773299990663],[-104.64726400009641,41.16754599996294],[-104.64764499986289,41.16736700011355],[-104.64907900031388,41.166691000065015],[-104.65081400016543,41.16587400013809],[-104.65529599964678,41.16376499979266],[-104.6560920004133,41.16339000016964],[-104.6573660001324,41.16279299984832],[-104.65987199973776,41.16162700005685],[-104.66032799984735,41.161407000015686],[-104.6613379999758,41.16092099991381],[-104.66194600042135,41.160630000311265],[-104.6632739996688,41.16002799984902],[-104.66350800002051,41.15993699978561],[-104.66356999994481,41.15991299991131],[-104.66381299961905,41.1598600001015],[-104.66382799968767,41.15985699994509],[-104.66404500032095,41.15982600012436],[-104.66442199988951,41.159816000048146],[-104.66481600007481,41.15980999973118],[-104.6651469996126,41.15980499969206],[-104.66575400023324,41.15979599989118],[-104.66654099988061,41.15978500020802],[-104.66757600012342,41.15977599972811],[-104.66818399967065,41.15977199996525],[-104.66825599964065,41.15977099968635],[-104.6682930003489,41.15977099968635],[-104.66847300027395,41.15975899971996],[-104.66850300041118,41.15975800011714],[-104.66854400041906,41.15974600014837],[-104.66864399997819,41.159715999878564],[-104.6686599998717,41.159712000112044],[-104.6687350002148,41.15964500026744],[-104.66878000042063,41.1594539997792],[-104.66880399981174,41.15935300012469],[-104.66949599992289,41.15935800019828],[-104.67157200025628,41.159372999740505],[-104.67226500019233,41.15937900009747],[-104.67277999985312,41.159382000275755],[-104.67432800010691,41.159394000311224],[-104.67484399959262,41.15939800009714],[-104.67657799961927,41.15941899998352],[-104.67687600044341,41.159420000267794],[-104.68297399995062,41.15945699995411],[-104.68500699972799,41.159470000259304],[-104.68682000029565,41.159480999995324],[-104.692259000202,41.1595139998686],[-104.69407299969626,41.159525999879904],[-104.69583500021031,41.15953700028286],[-104.70112099995579,41.15957300029747],[-104.70288400029473,41.15958500029797],[-104.70297200015827,41.15958500029797],[-104.7030089999682,41.15958599990338],[-104.70323900012198,41.159587000185105],[-104.70332899963533,41.159587999790496],[-104.70339700030571,41.159587999790496],[-104.70360300017003,41.15958900007219],[-104.70367199976702,41.159589999677536],[-104.70461699959813,41.15960100006975],[-104.70577800023763,41.15961600023269],[-104.70745299981473,41.15962599966309],[-104.70839900036907,41.15963300027793],[-104.70936400029166,41.159637000049216],[-104.71082100030887,41.15964399998659],[-104.71225900005949,41.159654999693416],[-104.71322499980703,41.15966400018995],[-104.71323599967766,41.15798399970709],[-104.71324800027153,41.156093999771734],[-104.71327000001286,41.15294599971571],[-104.71328199970841,41.15126699994024],[-104.71328099988351,41.15116399970192],[-104.71328000005859,41.1508550000453],[-104.71328000005859,41.15075300025267],[-104.71327800040878,41.15044100010081],[-104.71327599986063,41.14966500003123],[-104.71328300043164,41.14950699972495],[-104.71329699977703,41.14919600017183],[-104.7132879995562,41.149069000275944],[-104.71328699973128,41.149020000234366],[-104.71328699973128,41.14849300006766],[-104.71328699973128,41.14842000024837],[-104.7132879995562,41.14831800004973],[-104.71329099992924,41.14805199991255],[-104.71330299962482,41.147255000260735],[-104.71330699982276,41.14698999966733],[-104.7133160000436,41.14694000030322],[-104.7133510002037,41.14689700017014],[-104.71341099957984,41.14684199970714],[-104.71354399964923,41.14677999991707],[-104.71390500022257,41.14663099967989],[-104.71407299955374,41.146563000190085],[-104.71447299958683,41.14639900033456],[-104.71461599970196,41.14633799993305],[-104.71605299962766,41.14573699994088],[-104.7162440003217,41.145654000228284],[-104.71678400009687,41.145419999812844],[-104.71658699955505,41.14536599996267],[-104.71599900009932,41.14520499996994],[-104.71580300028073,41.14515199976823],[-104.71759699968351,41.14425599980471],[-104.71924600021963,41.143431000112685],[-104.71950200031266,41.14329700022183],[-104.72071400010749,41.14266700000349],[-104.72534399972683,41.1403139998016],[-104.73030300013248,41.13779099972649],[-104.73046999963876,41.13770600022728],[-104.73056199970026,41.13765799975304],[-104.73140699997228,41.13722699993931],[-104.73391500012579,41.135947999943504],[-104.73425099968647,41.13578399992815],[-104.73597700021548,41.13488799984895],[-104.73700400006237,41.134400000052416],[-104.74118199977009,41.13225299977393],[-104.74143899968806,41.13212400017071],[-104.74290699957591,41.13135500011067],[-104.7445750003786,41.13050700008655],[-104.74605699961185,41.12975499969181],[-104.74692899964803,41.12937800025605],[-104.74737899990984,41.12921199991807],[-104.74791500038536,41.12904300030016],[-104.74855499971963,41.12882999969728],[-104.74905699985996,41.12869799990107],[-104.74969000041986,41.12855100001538],[-104.74980699969743,41.12852999971481],[-104.75030899983776,41.128442000154436],[-104.75098099985739,41.12836299985649],[-104.75166000044806,41.1282930002068],[-104.75307599955906,41.12821900014798],[-104.75402100028847,41.12823999987137],[-104.75547900013059,41.12830299967804],[-104.76629900021697,41.128875000320654],[-104.76634199987467,41.12877100002111],[-104.76647099974612,41.1284590001633],[-104.76651400030212,41.12835499988097],[-104.76674100008287,41.127807000251195],[-104.76678999958834,41.127666000275404],[-104.76687499997716,41.12742499997032],[-104.76698799995505,41.12701299982461],[-104.76705699955204,41.12660400012348]]]},"properties":{"GEOID":"560210020023","BASENAME":"3","STATE":"56","COUNTY":"021","TRACT":"002002","BLKGRP":"3","NAME":"3"}},{"type":"Feature","geometry":{"type":"Polygon","coordinates":[[[-104.79997100027096,41.08012000018188],[-104.7999460001566,41.0791749999064],[-104.79992900043815,41.078776999843036],[-104.79987699966131,41.07755000030676],[-104.79973000024654,41.07526900008691],[-104.79969599991134,41.07475400006335],[-104.79960999969762,41.073413999840774],[-104.79957100023786,41.07279999982286],[-104.799454000062,41.07096100006001],[-104.79943599962034,41.070682000287356],[-104.79942800012275,41.07056200009381],[-104.79929300040355,41.068484000047505],[-104.7991360000447,41.06607400016373],[-104.79908699964089,41.06524199989931],[-104.79901999969374,41.06432599994749],[-104.7989319998302,41.06333600006854],[-104.79889699967009,41.06308200026013],[-104.79886099968508,41.06289700010481],[-104.79879299991302,41.06253899972858],[-104.79867699956206,41.062004999802944],[-104.7985319997971,41.06146400003073],[-104.79840600029873,41.0610879997162],[-104.7982210003508,41.06053299982739],[-104.79805800014418,41.06016499976595],[-104.79804300007557,41.0601209999079],[-104.79801999961103,41.0600790002315],[-104.79770400014186,41.0593690000623],[-104.79751099979799,41.05898900015258],[-104.79727200032173,41.058584999716004],[-104.79689200038011,41.057967000209196],[-104.79680399961826,41.05782399967917],[-104.79652800033206,41.05741000011013],[-104.79647899992825,41.05733600009595],[-104.79598099998589,41.05652999978574],[-104.79526100028566,41.05537900023759],[-104.79514999995757,41.0552020001748],[-104.79463600012168,41.05445899966414],[-104.79403900044511,41.0536349997323],[-104.79334399996092,41.05266100026153],[-104.79292100036162,41.05204800009283],[-104.79250799990974,41.05144799966234],[-104.79216899997604,41.0509189999997],[-104.79211700009748,41.05083900001468],[-104.79207100006676,41.050765999968924],[-104.79179300023239,41.0503200000274],[-104.7913990000471,41.04969000032949],[-104.79066199973013,41.04852800029818],[-104.79028400033667,41.047932000091706],[-104.789829000052,41.04721499983163],[-104.78963700043138,41.04691199970336],[-104.78846999994407,41.04506300028232],[-104.78825300020911,41.04471999973169],[-104.78803099955294,41.04433799987828],[-104.787921999773,41.04416899999117],[-104.78759500043319,41.04366199975843],[-104.78748699957981,41.043494000186776],[-104.78733900034014,41.043264000182646],[-104.78684800007045,41.04240599977338],[-104.78663100033548,41.04198999998325],[-104.78630499992224,41.04133499987028],[-104.78601700004215,41.04072099981883],[-104.78568899997909,41.03995400003585],[-104.78563299990259,41.03982099972069],[-104.78538500020548,41.03922199967766],[-104.78508100043186,41.03839699990177],[-104.78465399973629,41.03709800016539],[-104.78427700016773,41.03587100011777],[-104.78400900037913,41.03505800008643],[-104.78323500025225,41.03263400010722],[-104.78288200007482,41.03149400014867],[-104.7824949995622,41.03027400019019],[-104.78195999980991,41.02863100016437],[-104.7819439999164,41.0285799998626],[-104.78153300001266,41.02722700011531],[-104.78077300012946,41.02483800026373],[-104.78033899976118,41.02347600001603],[-104.78028199985981,41.023295000264085],[-104.78000400002544,41.022406000150504],[-104.77949799968715,41.02082499986215],[-104.77904300030079,41.01938899999757],[-104.77890500020852,41.018951999705756],[-104.77878899985758,41.0185870000797],[-104.77860999975744,41.01802799997751],[-104.77818399978509,41.016695000036954],[-104.77720100031914,41.01358400024599],[-104.77683899992088,41.01245899981688],[-104.77597600010552,41.00970799998575],[-104.77544600037609,41.00806699978541],[-104.77499399956615,41.00660399969567],[-104.77439400041484,41.00474600020761],[-104.77351200033293,41.00192400033593],[-104.77345600025645,41.00176399981908],[-104.77322500027776,41.00090200032556],[-104.77313800023911,41.000502999892944],[-104.77308499963736,41.0002530002618],[-104.77301799969021,40.9998329998858],[-104.77294999991815,40.9998329998858],[-104.77181699976606,40.999845999937556],[-104.77131399980081,40.99985099995677],[-104.77099499995856,40.9998549999719],[-104.76898399992251,40.99987700005066],[-104.76199400028763,40.999956000273045],[-104.76120500009212,40.99996500029236],[-104.75966500023425,40.99998200032552],[-104.75916200026901,40.99998200032552],[-104.75765300037327,40.99998200032552],[-104.75715100023294,40.99998200032552],[-104.755824999737,40.99998200032552],[-104.75184799987072,40.99998200032552],[-104.75052300009799,40.99998200032552],[-104.74773000043741,41.00002899971634],[-104.73935400003215,41.000170999720666],[-104.73656200019649,41.000219000330915],[-104.73325700034984,41.000258000250184],[-104.72334299973652,41.00037899985273],[-104.72003899971479,41.00041899967248],[-104.71676700037843,41.00045800015133],[-104.70695099967438,41.00057900006474],[-104.70368000016295,41.00061899976312],[-104.70177399970886,41.000641000264835],[-104.69605899961797,41.000711000333176],[-104.69415399988713,41.0007350001071],[-104.69132799971628,41.00076899977175],[-104.68285000010206,41.00087299999318],[-104.68002499975613,41.00090800025245],[-104.67960999965443,41.0009130001911],[-104.67921899984219,41.00091700014178],[-104.67680399957507,41.00094699976399],[-104.67599900038435,41.000957000313],[-104.67366799978284,41.000978000037215],[-104.66667700032306,41.00104299981924],[-104.66434700044476,41.00106500017948],[-104.65658100013485,41.00113699976614],[-104.65091799992251,41.00119100025196],[-104.63328399992832,41.00135500005006],[-104.62551900034164,41.00142799997779],[-104.62551900034164,41.0014039997783],[-104.62503899994262,41.001404999758535],[-104.62360000036709,41.00140899967931],[-104.62312099979296,41.001411000317596],[-104.62243399970471,41.00141300027786],[-104.61851200009,41.00142500003805],[-104.6046850000828,41.00146999979741],[-104.60007700020475,41.001486000141334],[-104.59996599987667,41.001486000141334],[-104.5996360001638,41.00148700012029],[-104.59952599966063,41.00148800009927],[-104.59513600024077,41.00150199980342],[-104.58703799966985,41.001527999923944],[-104.58196799983443,41.0015440002538],[-104.5775790002395,41.00155899992391],[-104.57071900030095,41.001552000078284],[-104.5502840002503,41.00153499977212],[-104.55013899958702,41.00153499977212],[-104.54361599993237,41.00155400003427],[-104.54328000037171,41.00155500001224],[-104.54016899979553,41.00156399981322],[-104.53263699983734,41.00158699997698],[-104.5308390002366,41.001591999864125],[-104.52772900038363,41.001602000315266],[-104.5250170000156,41.00162199985704],[-104.52436500008744,41.00162499978781],[-104.52355199960247,41.00162899969523],[-104.52269399981,41.00163300028042],[-104.52207799986685,41.001637000187365],[-104.52126799975494,41.00164100009411],[-104.5204960001762,41.001645000000565],[-104.51924599984822,41.00165099985986],[-104.51701800007717,41.00166300025468],[-104.51455900032745,41.00167499996936],[-104.51179000005801,41.00168199980197],[-104.50940999995103,41.00168499972995],[-104.5077119999094,41.00168900031174],[-104.50571199974398,41.001694000191144],[-104.50369499986013,41.00169600014282],[-104.50290099964177,41.00169500016699],[-104.50232400005667,41.00169500016699],[-104.50077099978,41.00169300021529],[-104.50046199998351,41.00169300021529],[-104.50017499992833,41.00169300021529],[-104.4995389998937,41.00169200023941],[-104.49770000028509,41.00169000028762],[-104.49758899995702,41.00168900031174],[-104.49754499957608,41.00169000028762],[-104.49741700042787,41.00169000028762],[-104.497116000129,41.00169000028762],[-104.4970530003798,41.00169000028762],[-104.49620100043511,41.00168900031174],[-104.49462100039425,41.00168800033581],[-104.49377799977206,41.00168800033581],[-104.49294300044413,41.00168800033581],[-104.49218699986058,41.00168900031174],[-104.49133900011384,41.00168900031174],[-104.49014499986238,41.00169000028762],[-104.48944799972837,41.00169100026352],[-104.48893999974025,41.00169100026352],[-104.48841300038387,41.00169200023941],[-104.48800300030506,41.00169100026352],[-104.48747699987527,41.00169300021529],[-104.48746000015683,41.00169300021529],[-104.48721699958428,41.00169300021529],[-104.47354899958574,41.00153899968506],[-104.46767200001148,41.001472999735036],[-104.46471399959614,41.00147599967259],[-104.45584000014681,41.00148900007824],[-104.45288299955641,41.00149399997286],[-104.45187300032626,41.00149100003613],[-104.44884600031398,41.00148200022518],[-104.44783700001044,41.001480000267016],[-104.44237999966242,41.00147399971424],[-104.426009000415,41.001459000024774],[-104.42055200006696,41.00145400012756],[-104.41960200021298,41.001455000106986],[-104.39051799994557,41.00149799988824],[-104.39047600011277,41.00149899986705],[-104.37551099993061,41.00152300003196],[-104.37551099993061,41.0014969999094],[-104.37465999981083,41.001495999930555],[-104.37210800017468,41.001495999930555],[-104.37125799987979,41.001495999930555],[-104.37125799987979,41.0015240000104],[-104.37125799987979,41.00161100010983],[-104.37125799987979,41.00164000011745],[-104.37120299962821,41.003144000063266],[-104.37106500043427,41.00693300031202],[-104.37098500006833,41.00765500015958],[-104.3708219998617,41.00915200004751],[-104.37251900007841,41.0105129997508],[-104.37369999991108,41.01146099975883],[-104.37556799983201,41.01240799987009],[-104.37691699989418,41.01306100010005],[-104.37713199997933,41.01335800000029],[-104.3771920002538,41.01441199985535],[-104.37731799975218,41.01658499985245],[-104.37723099971353,41.01663599995465],[-104.37714600022304,41.01675900015838],[-104.37692799976485,41.017207999685496],[-104.37682099963472,41.0174320001273],[-104.37646699963238,41.018114000249895],[-104.37607199962218,41.018903999863],[-104.375904000291,41.01920999995564],[-104.37573100003863,41.01952799983469],[-104.3756010003423,41.01972400005253],[-104.37550000005994,41.01983900027534],[-104.37546800027292,41.01987699972728],[-104.3752990002185,41.01998499976215],[-104.37510300039993,41.020060000134045],[-104.37486700039837,41.020100999903605],[-104.37465499978795,41.02010700011568],[-104.37429099973988,41.02011899986051],[-104.37358500028336,41.02012999990702],[-104.37226299998538,41.020116999790204],[-104.37192200040184,41.02012700014099],[-104.37167999965419,41.02013499974273],[-104.37129600041294,41.02015100029883],[-104.3710119998325,41.02016700017334],[-104.37105399966529,41.020229999937804],[-104.37107899977966,41.020307000095265],[-104.37108600035066,41.020377000283496],[-104.37108600035066,41.02130199994741],[-104.37106999955883,41.022508999771986],[-104.371067999909,41.022736000132525],[-104.37106899973391,41.02390000006348],[-104.3710250002513,41.025557000230926],[-104.37100599998472,41.028015999951094],[-104.37098800044139,41.02958899992706],[-104.37097900022054,41.030380999898405],[-104.37096499997683,41.03194900000257],[-104.37094599971027,41.03406000024083],[-104.37090999972526,41.03828399975967],[-104.37089200018191,41.039408000095875],[-104.37088100031126,41.04039299998875],[-104.37085799984672,41.0425049998182],[-104.37072300012751,41.04250399978426],[-104.3703210004446,41.04250299975034],[-104.37018699965199,41.04250299975034],[-104.37008899974268,41.04250199971638],[-104.36979500001482,41.04250199971638],[-104.36969700010552,41.04250199971638],[-104.36969799993044,41.0427270001985],[-104.36970499960313,41.04340199973958],[-104.36970700015128,41.04362699985481],[-104.36971600037211,41.04488300024986],[-104.3697439999612,41.04865099987222],[-104.36974899998407,41.04928399982687],[-104.36975499983184,41.04990699989787],[-104.36981400028138,41.050035999798425],[-104.3698369998476,41.05008599981795],[-104.36985500028928,41.05037799982321],[-104.36984799971827,41.05045900028184],[-104.3698360000227,41.05060199988621],[-104.36992999973404,41.050735000092025],[-104.37003699986415,41.0509189999997],[-104.37011999970484,41.0510820000661],[-104.37017499995642,41.0512190002626],[-104.37020599991857,41.0513690002198],[-104.37022000016226,41.05150100033281],[-104.37022600001005,41.051817000286995],[-104.37022799965986,41.051908999808326],[-104.37021599996432,41.05267400004965],[-104.370194000223,41.055742999972175],[-104.37018599982707,41.057017000116126],[-104.37018599982707,41.05705199967136],[-104.37016599973559,41.05994999970297],[-104.3701449998192,41.06320600011316],[-104.37008799991779,41.068227000198966],[-104.37008399971982,41.068643999669845],[-104.3700750003973,41.07000900015301],[-104.37005000028296,41.07154200023115],[-104.37002699981842,41.07442899991817],[-104.37001099992487,41.07652100033232],[-104.36997800031293,41.08003099991432],[-104.3699840001607,41.08096299978246],[-104.36995900004635,41.083090000037146],[-104.36995599967331,41.08338199977644],[-104.36994599962756,41.0847419999541],[-104.36995200037366,41.08597799974088],[-104.36990700016781,41.08869499988477],[-104.36983400037289,41.0931650001523],[-104.36977400009842,41.09684699970173],[-104.36975300018203,41.09817899983232],[-104.36973499974037,41.09956499971471],[-104.36973200026561,41.09975299977684],[-104.36972499969463,41.10031899978293],[-104.36972499969463,41.10032900013145],[-104.3697370002885,41.10050800022353],[-104.36970799997619,41.1033880002804],[-104.36962299958736,41.11202800002383],[-104.36961199971672,41.11325599968264],[-104.36958300030273,41.11490799973482],[-104.36943699981452,41.114914000100015],[-104.36574399963037,41.11490599983852],[-104.36520800005317,41.114905000228774],[-104.3542280001332,41.11491900017839],[-104.35387900015375,41.114919999787915],[-104.35100600012726,41.11492999994332],[-104.35039000018409,41.11494700006864],[-104.35032999990963,41.11598299979461],[-104.35028899990175,41.116706000267946],[-104.35001000024249,41.12173500011814],[-104.34999699982372,41.1219839997426],[-104.34993099970146,41.12326900022055],[-104.3499120003332,41.1237449997881],[-104.34988700021886,41.124358000004946],[-104.34987700017312,41.124620999737935],[-104.34979799963207,41.12619899968427],[-104.34976800039315,41.12681300008907],[-104.34974300027882,41.127308000165655],[-104.34973300023307,41.12752600009078],[-104.34967399978352,41.12879599986746],[-104.34965200004221,41.129291999937735],[-104.34962100008008,41.13198500005208],[-104.3495730003995,41.13618099968936],[-104.34956199963052,41.14006500005309],[-104.34955599978275,41.142759000225915],[-104.34955499995783,41.142848000060866],[-104.34955499995783,41.14311500019408],[-104.34955499995783,41.14313699974109],[-104.34955400013293,41.143205000077664],[-104.3495249998206,41.14518500009031],[-104.34951999979774,41.145456999960125],[-104.34945700004855,41.149764999976895],[-104.34944399962974,41.1513609997341],[-104.34944399962974,41.15221499970323],[-104.34944500035299,41.15446800028748],[-104.34944500035299,41.15481000003679],[-104.34944500035299,41.155838999741455],[-104.34944500035299,41.1561820001116],[-104.34944399962974,41.156292000201205],[-104.3494400003301,41.15662400001644],[-104.3494400003301,41.156734999689576],[-104.34944100015502,41.15686400026173],[-104.34944500035299,41.157250999778555],[-104.3494470000028,41.15738000001155],[-104.34944600017789,41.15746299975987],[-104.34944600017789,41.15771399967113],[-104.34944600017789,41.15779799998185],[-104.35045999960599,41.15779499973107],[-104.35085899981415,41.15779499973107],[-104.3535019996869,41.15777900019477],[-104.35451600001329,41.15777299969127],[-104.35530000018593,41.157772000058216],[-104.3576550001786,41.15777000011569],[-104.35844000017615,41.15777000011569],[-104.36050399991565,41.157768000173114],[-104.36056699966484,41.157768000173114],[-104.36368499991374,41.157777000252466],[-104.36497399970145,41.15778699996338],[-104.36669699985741,41.15779200015649],[-104.36876200032015,41.15779799998185],[-104.36878200041164,41.15779799998185],[-104.3688429996127,41.15779799998185],[-104.3688640004274,41.15779799998185],[-104.3688850003438,41.15779799998185],[-104.36894999974281,41.15779799998185],[-104.36897200038244,41.157799000290865],[-104.36908299981222,41.157799000290865],[-104.37091999977099,41.15781400018986],[-104.37537299983836,41.15782199995425],[-104.3829580003983,41.15784900016631],[-104.38366399985482,41.15784000009684],[-104.38456900040129,41.15784200003723],[-104.38915800001276,41.15786900024105],[-104.39343199997995,41.15788099987717],[-104.39751299960331,41.157886000063115],[-104.40294700038511,41.15790600012656],[-104.40753199979864,41.15794800017235],[-104.41214399987464,41.15794800017235],[-104.41562699999653,41.157957999857224],[-104.41620699995465,41.157955000290116],[-104.41833000014371,41.15790600012656],[-104.41941800008998,41.15786000017438],[-104.42851500002038,41.157423999671224],[-104.43339999990788,41.15718600008403],[-104.43736400025367,41.15701100027389],[-104.43819199990894,41.15696600001533],[-104.4420909999574,41.156795000238915],[-104.44355899984527,41.15676199967304],[-104.44443599990433,41.15674999983206],[-104.44577599974565,41.15674999983206],[-104.4498840000315,41.15681899990219],[-104.45139100027743,41.15685100011596],[-104.45713200030757,41.15698399971669],[-104.46146300017618,41.15707699978568],[-104.4649200003588,41.157159000275215],[-104.46875300028503,41.15723300015056],[-104.47102999956155,41.15727800022582],[-104.4756929996912,41.15737800005707],[-104.47915499989668,41.15744799978056],[-104.48025200006376,41.1574719998811],[-104.48408599981492,41.15755900008733],[-104.48451599998522,41.15756899983156],[-104.49036099977243,41.15768700007981],[-104.49062299971327,41.15769099996986],[-104.49364999972556,41.15774800006751],[-104.49934499972495,41.15786999987268],[-104.50396199982383,41.15796899984699],[-104.50845800044719,41.158050000268155],[-104.51023699978136,41.15808599974687],[-104.51048399965357,41.15809099991713],[-104.51398799969185,41.15817900028131],[-104.51590599984148,41.15820599966997],[-104.51677500040293,41.15823099979539],[-104.51709099987212,41.15823700025697],[-104.51804099972611,41.15825500028559],[-104.51835799991852,41.15826199969422],[-104.51919399996969,41.158277999788965],[-104.51940300020708,41.15828299994457],[-104.52170200012321,41.158344000053944],[-104.5225389999993,41.15836700020244],[-104.5235259996632,41.158380000047536],[-104.52648699955327,41.15841999986691],[-104.52747499994041,41.158434000000824],[-104.53343199988062,41.15843000015612],[-104.53405500039479,41.15843099977915],[-104.53517099993013,41.158434000000824],[-104.54005800036575,41.15843500030013],[-104.5443570004473,41.15843000015612],[-104.55013500028738,41.15842899985673],[-104.5537980003343,41.15843700022236],[-104.55395499979483,41.158437999845276],[-104.55772800034494,41.15844299998873],[-104.56037899971527,41.158446999832634],[-104.56214899972693,41.158455999818706],[-104.56657400020518,41.15844299998873],[-104.56794599983355,41.15844100006664],[-104.57070900025522,41.15843700022236],[-104.57518300023897,41.15844299998873],[-104.57780000017243,41.158455000196064],[-104.57932900015963,41.158471000243686],[-104.58323099968287,41.158493999671265],[-104.58758400019111,41.15850099973072],[-104.59064899983824,41.15851400022559],[-104.59821699978144,41.15854800020698],[-104.60106899989155,41.1585599997188],[-104.60789200002017,41.158591000138316],[-104.60962600004679,41.15859600027004],[-104.6124789999818,41.15860599985606],[-104.61256600002045,41.15860599985606],[-104.6128299996111,41.15860700015275],[-104.61291800037296,41.15860799977307],[-104.61564699956111,41.158616999737085],[-104.6180119995995,41.15862500007976],[-104.62166700014882,41.158648000129645],[-104.62383499964541,41.15866799996063],[-104.62494900042924,41.15867800021196],[-104.62593699991808,41.158687999785464],[-104.62656499955679,41.15869200029076],[-104.63108499957129,41.15873300021449],[-104.63414099989589,41.15876099966927],[-104.63572099993675,41.15877299981843],[-104.63777700017864,41.158788999788435],[-104.63990600021549,41.158800999932474],[-104.64022599988262,41.158800999932474],[-104.6415409996096,41.15878100014207],[-104.64255900013396,41.158756999844535],[-104.64402199999894,41.158687999785464],[-104.64464399978989,41.158651999961045],[-104.64513300040974,41.158623999783345],[-104.64751599999148,41.15844299998873],[-104.64879700028158,41.15831599974467],[-104.64914799991087,41.15826499992364],[-104.64999300018289,41.1581749997447],[-104.65047199985867,41.15810700005362],[-104.65153200021581,41.157957999857224],[-104.65353800022902,41.1576550002742],[-104.65442500033383,41.1574979999237],[-104.6546770002289,41.15745400031377],[-104.65573800041098,41.15726100024612],[-104.65674099996842,41.157040000108566],[-104.65817899971901,41.156724999818124],[-104.6589930000289,41.156540000230244],[-104.65974600023938,41.15634999981751],[-104.65987799958556,41.156316999703975],[-104.66073999957601,41.15608500013766],[-104.66151600025104,41.15587200009564],[-104.66247299977773,41.15559899980139],[-104.66355499987618,41.15526700020563],[-104.66477500006694,41.154877000089165],[-104.66583000040121,41.154520999722706],[-104.66685399987506,41.154161000023166],[-104.66781899979766,41.15380600019658],[-104.66902300009487,41.15333099996514],[-104.66960700025098,41.15309600018716],[-104.67087500012227,41.15257200012988],[-104.6718769998548,41.15212900024017],[-104.67315399994693,41.151540000012304],[-104.67500699979927,41.15062399983005],[-104.67640899956486,41.14989900017912],[-104.6780859996901,41.14904999998809],[-104.68219999982372,41.14692499994537],[-104.68340800031889,41.146291999980875],[-104.68486100013813,41.14555599973965],[-104.6859499999093,41.1449690003251],[-104.68702000031222,41.14440699970045],[-104.6878449995944,41.14398399968862],[-104.68976000026933,41.143006000177266],[-104.69158800000727,41.14205100007174],[-104.69335399982096,41.14116200024028],[-104.69435599955348,41.140647999813645],[-104.69583799968503,41.139874000021074],[-104.69791499984333,41.138795999821625],[-104.70380200036168,41.1357960002237],[-104.70457800013838,41.13540100011047],[-104.70534100039463,41.13499099994375],[-104.70679400021385,41.134254000078776],[-104.7074290004236,41.13395499986016],[-104.70805200003943,41.133687000325274],[-104.70869499974677,41.13341599968236],[-104.70934400020019,41.133164000109744],[-104.70983799994458,41.132983999725724],[-104.71075000016376,41.132660000090326],[-104.71348699974784,41.13168999976408],[-104.71439999979191,41.13136699986319],[-104.7144330003022,41.13135400007483],[-104.71453500040941,41.13131900016326],[-104.71456899984629,41.13130699972535],[-104.71509100007812,41.13112100009946],[-104.71665900042339,41.13056600023158],[-104.71718199958183,41.1303809999089],[-104.71722900033579,41.13036399972144],[-104.72132400020284,41.128911000255826],[-104.72500099959518,41.127607000229176],[-104.72661900016915,41.127057999664146],[-104.7281139998212,41.126607999879774],[-104.72958699973191,41.1262119998174],[-104.73102000035797,41.12587400025573],[-104.73156299960789,41.12575199978613],[-104.73355699992551,41.125365999890136],[-104.73398200007294,41.125296999878096],[-104.73467800038205,41.12518599976536],[-104.73552500030387,41.12505900006445],[-104.73668600004504,41.12491700013982],[-104.73741599979104,41.12483600006422],[-104.73814300006225,41.12476999990365],[-104.7383430000788,41.12475600002513],[-104.73898199958816,41.124712000097354],[-104.74001500018113,41.124649000226306],[-104.74016499996897,41.12464000033647],[-104.74106100029461,41.12460400008806],[-104.74351599984637,41.124555000037766],[-104.7450389999858,41.124534999951535],[-104.7467150002861,41.12451499985915],[-104.74687799959442,41.12451300025557],[-104.74769500027732,41.12450300020681],[-104.74804500008169,41.12449599990107],[-104.74800599972363,41.12448199996408],[-104.74793100027887,41.12445799996845],[-104.7478690003546,41.124421000155316],[-104.74780499988219,41.124390999962365],[-104.74773999958484,41.12437199996838],[-104.74768100003362,41.12433600024969],[-104.74765300044453,41.12432399988793],[-104.7476159997363,41.124308000304424],[-104.74749100006282,41.12424000000091],[-104.74743499998633,41.124206999967555],[-104.74737499971187,41.12417600020817],[-104.74725099986331,41.12411000006049],[-104.74718899993904,41.12407199990431],[-104.74713000038781,41.12403300025544],[-104.74707699978603,41.12399699967402],[-104.74702699955732,41.123959000129105],[-104.74698100042488,41.123920999885534],[-104.74694100024193,41.123884999919376],[-104.7468769997695,41.12382800015818],[-104.74681400002031,41.12380699969943],[-104.74659999976006,41.123577999932074],[-104.74647300043678,41.12344199977182],[-104.74640999978928,41.12341599975888],[-104.74620899994783,41.12330600000645],[-104.74599100038793,41.12318599982019],[-104.74510000008516,41.122726999722026],[-104.7431529996232,41.121761000120394],[-104.74261100019822,41.121472000323315],[-104.74249599967217,41.12141300012169],[-104.74197099996563,41.12114200021172],[-104.74112800024176,41.12073900029392],[-104.73931399984916,41.11989499993413],[-104.73883199980033,41.11971100019151],[-104.73830299989581,41.11950499991182],[-104.73766500021135,41.119342999835574],[-104.73684900025167,41.11914099996572],[-104.73636800002774,41.118964999907355],[-104.73581499983379,41.11850600006483],[-104.736097999691,41.118417999920034],[-104.73612000033062,41.118396000203774],[-104.7367670002359,41.11775299994838],[-104.73766699986119,41.11707800018034],[-104.73851799998097,41.116811999901046],[-104.74031700030494,41.11715300019656],[-104.74229200035599,41.11812800005355],[-104.7438420002596,41.11867799976116],[-104.74479200011359,41.118703000069026],[-104.74531599999523,41.11839099971355],[-104.74551699983668,41.118103000203426],[-104.74557600028623,41.11737799973109],[-104.74579200019629,41.11687799994369],[-104.74586699964105,41.116653000048814],[-104.74597299994626,41.116321000218036],[-104.74597799996914,41.11622400016046],[-104.74599200021284,41.115945999940955],[-104.74582999983113,41.115578000132835],[-104.74575299983825,41.11534400003153],[-104.74604300026645,41.11509700014758],[-104.74616700011502,41.11501999991979],[-104.74625199960552,41.114983999808636],[-104.74636299993361,41.11493800020188],[-104.74661700037683,41.114806000209775],[-104.74695799996036,41.11473399973307],[-104.7475389997434,41.11467900004891],[-104.74804699973153,41.11468999985406],[-104.74806099997524,41.11469100014387],[-104.74850399966601,41.11473899982515],[-104.74866400039791,41.11481000000839],[-104.74921599986862,41.11417300025096],[-104.75028100024865,41.11376399971192],[-104.75155499996777,41.1126949997524],[-104.7519030001223,41.11287700025395],[-104.75255099985247,41.1121850002704],[-104.75309099962766,41.11035400021442],[-104.75351099975224,41.10975900031199],[-104.75399699999905,41.10953900019408],[-104.75435400037442,41.1095729998482],[-104.75442499962121,41.10979200016458],[-104.754141999764,41.11012100012599],[-104.75429699957469,41.11054900028902],[-104.75465700032312,41.11094500010553],[-104.75556299979617,41.11153499975332],[-104.75622700031822,41.111254999973504],[-104.75650799962729,41.111125999699745],[-104.756485999886,41.11021799972587],[-104.75650799962729,41.109699000045296],[-104.75662200032843,41.10964999969655],[-104.75726500003576,41.10937400012954],[-104.75741599964849,41.10874700016373],[-104.75733100015799,41.10838800002345],[-104.7576969998559,41.10762300023194],[-104.75843499999777,41.10699900033432],[-104.75871399965703,41.106584999739816],[-104.75953399981468,41.106306000250655],[-104.76098400015917,41.106584999739816],[-104.76178400022535,41.10729899991882],[-104.76230300008413,41.10742800026638],[-104.76266999960691,41.10736400032502],[-104.76409700038519,41.10660700002998],[-104.76578399965787,41.106173999824556],[-104.76670699974765,41.10660700002998],[-104.76698399975712,41.10671100025591],[-104.76713600009307,41.10702700021814],[-104.7669410000994,41.10741900004572],[-104.76682700029659,41.10789199966786],[-104.76716899970502,41.108376999839244],[-104.76757399976097,41.10862300025798],[-104.76996399991373,41.10874799986724],[-104.77001400014244,41.10833799966344],[-104.77009799980802,41.10790999997827],[-104.77010899967868,41.10785900021405],[-104.77026100001466,41.10736000007276],[-104.77041300035062,41.10698599977986],[-104.77057599965893,41.10662400027996],[-104.77081000001066,41.10620900028641],[-104.77108799984501,41.10579000002977],[-104.77112700020305,41.10573300012268],[-104.77119999999799,41.10563099988041],[-104.77122500011234,41.10559700021569],[-104.77158099976451,41.10517500016468],[-104.77176200041278,41.104995999931866],[-104.77190100032996,41.10485900008953],[-104.77215599969975,41.10462300015537],[-104.77262699987796,41.10423699986913],[-104.77297900023045,41.10397200013374],[-104.77343500034004,41.103704999768446],[-104.77381399955841,41.10349200018924],[-104.77392400006157,41.1034309998266],[-104.7743690003005,41.103209999702706],[-104.7748349995575,41.10300699981264],[-104.77530499991079,41.10283999999281],[-104.77578600013473,41.102688999867155],[-104.77640999957548,41.10252299971393],[-104.77697299981519,41.10239600016156],[-104.77751099994052,41.102305000000854],[-104.7781419999523,41.10222999994467],[-104.778769999591,41.10219599987294],[-104.77962300025892,41.10218199991793],[-104.78028600005774,41.10219100017945],[-104.78126900042201,41.10219899995961],[-104.7838250002561,41.102219999885556],[-104.78418400028131,41.102222000168275],[-104.78447100033651,41.10222500025377],[-104.78508800010457,41.10222999994467],[-104.78640899967931,41.10223799972008],[-104.7870559995846,41.10224200028432],[-104.78765300015948,41.10224499969197],[-104.78844300017991,41.10225000005827],[-104.78887599982495,41.100661000278606],[-104.7896109995938,41.097525999819084],[-104.79012699997783,41.095026000281045],[-104.79012299977987,41.09488099995708],[-104.79025699967417,41.09466200000955],[-104.79234300005332,41.091281000142395],[-104.79443899957988,41.08788099988032],[-104.79468700017529,41.08747900029555],[-104.79521500025491,41.08662099971615],[-104.79611099968223,41.08516900024476],[-104.7975459999581,41.08283999973963],[-104.7978680001734,41.08231900016678],[-104.79832299955974,41.08158099986205],[-104.79835199987204,41.08146300016423],[-104.7984399997356,41.08111200017223],[-104.79846999987284,41.08099499975831],[-104.79850000001005,41.08087199972369],[-104.79859200007158,41.08050399972628],[-104.79862300003371,41.08038200026229],[-104.79859399972138,41.08008299975815],[-104.79944300019135,41.0800770002731],[-104.79960600039797,41.08049800027967],[-104.79966999997208,41.0805440003116],[-104.79975799983562,41.0805440003116],[-104.79985099972204,41.08050899971611],[-104.79989199972992,41.08039299971821],[-104.79997100027096,41.08012000018188]]]},"properties":{"GEOID":"560210020012","BASENAME":"2","STATE":"56","COUNTY":"021","TRACT":"002001","BLKGRP":"2","NAME":"2"}},{"type":"Feature","geometry":{"type":"Polygon","coordinates":[[[-104.484120999975,41.15798100014117],[-104.4841129995791,41.15789599975745],[-104.4840919996627,41.15764299992039],[-104.48408599981492,41.15755900008733],[-104.48025200006376,41.1574719998811],[-104.47915499989668,41.15744799978056],[-104.4756929996912,41.15737800005707],[-104.47102999956155,41.15727800022582],[-104.46875300028503,41.15723300015056],[-104.4649200003588,41.157159000275215],[-104.46146300017618,41.15707699978568],[-104.45713200030757,41.15698399971669],[-104.45139100027743,41.15685100011596],[-104.4498840000315,41.15681899990219],[-104.44577599974565,41.15674999983206],[-104.44443599990433,41.15674999983206],[-104.44355899984527,41.15676199967304],[-104.4420909999574,41.156795000238915],[-104.43819199990894,41.15696600001533],[-104.43736400025367,41.15701100027389],[-104.43339999990788,41.15718600008403],[-104.42851500002038,41.157423999671224],[-104.41941800008998,41.15786000017438],[-104.41833000014371,41.15790600012656],[-104.41620699995465,41.157955000290116],[-104.41562699999653,41.157957999857224],[-104.41214399987464,41.15794800017235],[-104.40753199979864,41.15794800017235],[-104.40294700038511,41.15790600012656],[-104.39751299960331,41.157886000063115],[-104.39343199997995,41.15788099987717],[-104.38915800001276,41.15786900024105],[-104.38456900040129,41.15784200003723],[-104.38366399985482,41.15784000009684],[-104.3829580003983,41.15784900016631],[-104.37537299983836,41.15782199995425],[-104.37091999977099,41.15781400018986],[-104.36908299981222,41.157799000290865],[-104.36897200038244,41.157799000290865],[-104.36894999974281,41.15779799998185],[-104.3688850003438,41.15779799998185],[-104.3688640004274,41.15779799998185],[-104.3688429996127,41.15779799998185],[-104.36878200041164,41.15779799998185],[-104.36876200032015,41.15779799998185],[-104.36669699985741,41.15779200015649],[-104.36497399970145,41.15778699996338],[-104.36368499991374,41.157777000252466],[-104.36056699966484,41.157768000173114],[-104.36050399991565,41.157768000173114],[-104.35844000017615,41.15777000011569],[-104.3576550001786,41.15777000011569],[-104.35530000018593,41.157772000058216],[-104.35451600001329,41.15777299969127],[-104.3535019996869,41.15777900019477],[-104.35085899981415,41.15779499973107],[-104.35045999960599,41.15779499973107],[-104.34944600017789,41.15779799998185],[-104.34855300022531,41.15780199986517],[-104.34777300025064,41.15780700005708],[-104.34621900014905,41.1578230002629],[-104.34587500019245,41.157836000215895],[-104.3451660003629,41.15786299974584],[-104.3449839998897,41.1578710001806],[-104.3447860004213,41.15788000024576],[-104.34419399986926,41.15790600012656],[-104.34399700022578,41.157915999817845],[-104.34321800007602,41.157968000216925],[-104.34207800025123,41.158056000069905],[-104.33873200039672,41.15840599973001],[-104.33615499974789,41.15867699991635],[-104.33472500039319,41.158793000287574],[-104.33380099958015,41.15884399969783],[-104.33190699971996,41.158920999899216],[-104.33123700024844,41.15893499992611],[-104.33024600038657,41.15893499992611],[-104.32635099963774,41.158920999899216],[-104.3228900001555,41.158920999899216],[-104.31922000043586,41.15892299980661],[-104.31760199986186,41.15892200019109],[-104.31425699983225,41.158920000283665],[-104.31246799955404,41.158913999884675],[-104.30918600017192,41.158904999961436],[-104.30544600013211,41.15889400012875],[-104.29992500020998,41.15888399991038],[-104.29706999972683,41.1588809997093],[-104.29206699983855,41.158876999891824],[-104.29193700014223,41.158876999891824],[-104.28808300029958,41.158866999670856],[-104.28444600019192,41.15885900003402],[-104.28345199995701,41.1588649997617],[-104.27652099987334,41.15885000010323],[-104.27368499965677,41.15884499999088],[-104.27266799985563,41.15884399969783],[-104.26997800012722,41.158841000171265],[-104.26190800004369,41.15883200023801],[-104.25921800031529,41.15883000032783],[-104.25813600021682,41.15881699989564],[-104.25763099970344,41.158811999780774],[-104.25489300029447,41.158807999959095],[-104.2538120000209,41.158806999665465],[-104.25381100019598,41.15877000028862],[-104.25381100019598,41.158660999919015],[-104.25381100019598,41.15862500007976],[-104.25381100019598,41.15853499971886],[-104.2538120000209,41.15826899977841],[-104.2538129998458,41.158179999908164],[-104.2538120000209,41.15804100022629],[-104.25381000037109,41.15762699967058],[-104.25381000037109,41.157488999806084],[-104.25381000037109,41.15472899967004],[-104.2538129998458,41.148752000021744],[-104.25384100033322,41.14644999991698],[-104.25384299998304,41.14634100003178],[-104.25384600035609,41.14612899993467],[-104.25383200011238,41.144491999986144],[-104.25384800000592,41.14369100029106],[-104.25385100037896,41.143522000089405],[-104.25385100037896,41.14349800029368],[-104.25385600040183,41.14292199985448],[-104.25385800005165,41.142730000162345],[-104.25387200029536,41.14120300030354],[-104.25387700031824,41.14065499974915],[-104.2539390002425,41.13442999972871],[-104.25394300044046,41.13405000010899],[-104.25395099993808,41.13235499992577],[-104.252677000219,41.13212400017071],[-104.25056800027363,41.131493000177116],[-104.24953700022877,41.13125099968247],[-104.2486719998653,41.131047999887606],[-104.2479119999821,41.13061299975863],[-104.24648299955399,41.12960600001934],[-104.24584499986953,41.12930899972636],[-104.24493400037359,41.12919400003554],[-104.24350800031854,41.12912600005882],[-104.24162600015391,41.1292180003289],[-104.23798400002337,41.12914900030759],[-104.23693200006213,41.12914099975125],[-104.23640800018049,41.129136000079704],[-104.23550699983198,41.12913000033803],[-104.2318539998308,41.12910299980198],[-104.22876400006932,41.129077000002034],[-104.22238299980658,41.129024999694664],[-104.21949899990942,41.12919299996675],[-104.21854200038273,41.129249999804216],[-104.2170550002283,41.12982100025145],[-104.21651899975278,41.12986600019514],[-104.21650299985926,41.131166999866856],[-104.21648699996574,41.13252999991629],[-104.21645099998072,41.13507200033822],[-104.21643699973701,41.13608899971148],[-104.21643000006432,41.13637400024587],[-104.21639999992709,41.13762299982198],[-104.21634399985061,41.13998600022063],[-104.21631399971336,41.1413730002758],[-104.21628799977411,41.14262399977437],[-104.21628399957613,41.142779000168936],[-104.2162740004287,41.143247000071234],[-104.21627199988058,41.14340400005069],[-104.21604900029782,41.14341399992458],[-104.2160330004043,41.14341300007257],[-104.21531899965353,41.1434080001357],[-104.21508100000216,41.1434070002836],[-104.21436799997464,41.1434080001357],[-104.20768200011335,41.14338600000316],[-104.20455100034401,41.14337600012499],[-104.19953300038713,41.14335300012873],[-104.19722400042522,41.143338000303324],[-104.18548799992172,41.143313999763706],[-104.17808999985785,41.14329899992939],[-104.17517400017363,41.14329399998384],[-104.17425600010668,41.14328700033005],[-104.17363900033862,41.14328300023764],[-104.17010500016313,41.14327900014494],[-104.1677240002312,41.14326799971973],[-104.16513800025987,41.14327099995886],[-104.16275700032796,41.14326799971973],[-104.15892400040173,41.143264000302615],[-104.15892500022662,41.143106000131304],[-104.1589310000744,41.142635000307656],[-104.15893299972421,41.14247799984021],[-104.15894199994506,41.14164499972074],[-104.15901899993796,41.13685799975737],[-104.15902399996082,41.135628999916214],[-104.15903099963353,41.13401600027792],[-104.15902700033388,41.132782999908535],[-104.15904099967926,41.12693800024895],[-104.15909000008307,41.12229099974291],[-104.15908400023527,41.11998700028875],[-104.15906199959566,41.115333000335916],[-104.15906199959566,41.11508300023593],[-104.1590780003875,41.10986600001978],[-104.1590859998851,41.10823499969522],[-104.1590859998851,41.10798699974629],[-104.15909000008307,41.10724600022726],[-104.1590919997329,41.10699900033432],[-104.1590919997329,41.10678000017822],[-104.15909500010594,41.1061230000657],[-104.15909699975576,41.105905000119236],[-104.15910000012882,41.10519099967394],[-104.15910599997659,41.104072000019016],[-104.15911400037251,41.103050000285215],[-104.1591210000452,41.102336999736984],[-104.15883300016512,41.10230599980243],[-104.15776600013527,41.10209199994241],[-104.15762100037031,41.10210299982569],[-104.15745399996571,41.10219599987294],[-104.15725800014715,41.10221800027974],[-104.15655299961723,41.10221800027974],[-104.15632099981362,41.1021740001357],[-104.15564600031924,41.10192700011833],[-104.15551599972459,41.10184399980803],[-104.15544999960235,41.101789000156316],[-104.15539900044705,41.101640999757066],[-104.15541399961735,41.101487000140175],[-104.15547999973957,41.101338999737344],[-104.15547999973957,41.10116900028092],[-104.15541399961735,41.10103699968275],[-104.15522600019467,41.10087199991578],[-104.15497900032247,41.10080100022904],[-104.15473900012296,41.10063599986923],[-104.1545800001143,41.10059799966199],[-104.15442699995343,41.10063000022985],[-104.15437699972472,41.10067400005449],[-104.1543619996561,41.100762000292185],[-104.15427499961746,41.100794999927835],[-104.15417300040853,41.100790000127695],[-104.15399900033125,41.100685000175275],[-104.1538679999117,41.100651999807404],[-104.15365100017672,41.10064699999638],[-104.15349100034314,41.100592000019134],[-104.1532009999149,41.10060300015365],[-104.15267799985818,41.100794999927835],[-104.1522929998937,41.101013999735976],[-104.15219099978647,41.101013999735976],[-104.1518209998906,41.10072300033213],[-104.15132100029842,41.100602000326134],[-104.15123300043486,41.10053600016737],[-104.15122599986387,41.100360000322276],[-104.1511029998402,41.1001790001589],[-104.15083400022671,41.10005299997134],[-104.15068899956343,41.09994300032995],[-104.1505730001108,41.09990399988356],[-104.15031899966758,41.09991500013331],[-104.15005099987899,41.10002499982164],[-104.1498690003041,41.10004700027875],[-104.14900499976551,41.10004700027875],[-104.14891100005417,41.10007399990658],[-104.14846099979239,41.10035899981412],[-104.14835200001245,41.1003920003292],[-104.14784400002434,41.10034800031564],[-104.14760399982481,41.10017199996682],[-104.14719000044634,41.10016700011924],[-104.147081999593,41.100012999753844],[-104.14704599960798,41.099826000275264],[-104.14695799974444,41.09967800019106],[-104.14680600030678,41.0995960002661],[-104.14661700016092,41.09960600004779],[-104.14635600004499,41.099760000013646],[-104.14618199996772,41.09974399985817],[-104.14592099985181,41.09957299981474],[-104.14577500026195,41.09954000024206],[-104.14541200003879,41.099616999670545],[-104.1450349995719,41.099622000236884],[-104.14469399998838,41.09974300001753],[-104.14441799980388,41.0999570000853],[-104.14426499964299,41.09997300018888],[-104.14295199956582,41.098940999741714],[-104.14284299978588,41.09878699988645],[-104.14280699980087,41.09866599969854],[-104.1428290004405,41.098434999828484],[-104.14293800022045,41.09837000006151],[-104.14320699983396,41.098391999719055],[-104.1432939998726,41.098364000215135],[-104.14374400013439,41.09811700008514],[-104.14388899989935,41.097985999990044],[-104.14388899989935,41.09782600003107],[-104.1437800001194,41.09774899985686],[-104.14353400007211,41.09774899985686],[-104.14302500025909,41.09797400022663],[-104.14260400030959,41.09807799990843],[-104.14234999986638,41.09809500033545],[-104.14217599978912,41.09804000025206],[-104.14204500026787,41.09811100021565],[-104.14193700031282,41.09811100021565],[-104.14179099982465,41.09794599986755],[-104.14171899985462,41.09769900019657],[-104.14181400028919,41.097452000273684],[-104.14181400028919,41.097348000277684],[-104.1416689996259,41.097221000196015],[-104.14135599963146,41.09722700014675],[-104.1409570003216,41.097324999716115],[-104.14084799964334,41.097324999716115],[-104.14063799958106,41.09726999966495],[-104.14050700005981,41.097287000301094],[-104.1404350000898,41.09736399966293],[-104.14043400026489,41.097452000273684],[-104.14052899980112,41.09754500013715],[-104.14076099960472,41.097659999771665],[-104.14076800017571,41.09783600008219],[-104.14061599983977,41.09794599986755],[-104.14033200015763,41.09800100002964],[-104.14028899960161,41.0981379999624],[-104.14021599980667,41.09819299996367],[-104.14005699979802,41.09819299996367],[-104.13980300025311,41.09805500027939],[-104.13963599984854,41.0980279998216],[-104.13933100025,41.09820899982005],[-104.13821300016653,41.09826299989875],[-104.13777700014845,41.09831799979539],[-104.13763200038348,41.09837300032295],[-104.13748699972021,41.09837300032295],[-104.13739200018397,41.09829000025993],[-104.13737799994027,41.09807100016934],[-104.13713100006807,41.097976999829186],[-104.13692799967848,41.097851000156105],[-104.1364570003986,41.09774600024389],[-104.13638399970534,41.09767499988577],[-104.13638399970534,41.09753199974195],[-104.13634799972034,41.097487999843366],[-104.13618100021408,41.097465999883056],[-104.13591199970224,41.097487999843366],[-104.13562200017232,41.097388999963805],[-104.1353100000028,41.097333999966246],[-104.13517199991053,41.09724099980403],[-104.13516500023785,41.09709800006934],[-104.13541899978274,41.09679600014631],[-104.13540500043734,41.096730000224866],[-104.13528200041371,41.096719000118696],[-104.13518699997914,41.096756999862244],[-104.13505599955958,41.09687800018205],[-104.13489599972601,41.0971140001924],[-104.13476600002967,41.09719099975704],[-104.13460600019609,41.097212999809514],[-104.13443200011882,41.097168999697246],[-104.13426499971425,41.0970259998058],[-104.13415599993431,41.09689399968176],[-104.13406200022297,41.0966520002322],[-104.13396799961332,41.09658100004547],[-104.13345299995252,41.09639400027345],[-104.133212999753,41.09633900011975],[-104.13314099978297,41.09635000028957],[-104.13252300019,41.096629999991826],[-104.13241400041007,41.09671699966837],[-104.1323049997318,41.09687700029782],[-104.13241400041007,41.09723900004663],[-104.13239900034144,41.09733800015228],[-104.13233400004412,41.097382000151285],[-104.13193499983595,41.097437000108705],[-104.13174599969005,41.0975130000971],[-104.13141199977923,41.09798500012265],[-104.1314040002816,41.098271000157354],[-104.13124400044805,41.09842499986851],[-104.13104799973115,41.0984190000272],[-104.13014100043317,41.098522999681386],[-104.1295310003378,41.09849500023331],[-104.1290380004183,41.09834100000931],[-104.12876899990648,41.09810499966869],[-104.12814499956743,41.098016999932746],[-104.12802900011476,41.09798900026902],[-104.12781099965657,41.09786799996494],[-104.12753600019528,41.09785700004929],[-104.12724499994215,41.097917000305124],[-104.1271150002458,41.09784000023765],[-104.12704900012355,41.097768999981135],[-104.12633799974586,41.097328999902636],[-104.12613500025458,41.0972249997119],[-104.1259829999186,41.09723599973334],[-104.12586699956765,41.09729599987951],[-104.12577899970411,41.09741699988334],[-104.12574299971911,41.09756000027752],[-104.1257569999628,41.09767499988577],[-104.12582999975773,41.09781799971825],[-104.12663499984676,41.098192000099466],[-104.1267439996267,41.09830100010302],[-104.12679499968034,41.098417000305616],[-104.12677999961171,41.098592999941694],[-104.12663499984676,41.09872999999355],[-104.1262719996236,41.09883399983222],[-104.12567599977194,41.09881700027339],[-104.12550900026568,41.09880199974319],[-104.12516799978384,41.09883499968665],[-104.12509599981381,41.09878500017607],[-104.1250809997452,41.09872999999355],[-104.1248480001167,41.09842300014716],[-104.12449999996214,41.098258999769094],[-104.12372300036051,41.09809399979279],[-104.12360000033686,41.09794599986755],[-104.12361399968225,41.09772600011262],[-104.12345399984869,41.097375000338076],[-104.12296000010427,41.09707900029894],[-104.12272699957747,41.096858999671035],[-104.12248800010117,41.09668400001472],[-104.12230599962798,41.096666999899504],[-104.12216800043404,41.09670000023862],[-104.12211099963432,41.0968600002325],[-104.122088999893,41.09737000027758],[-104.12190800014302,41.0975130000971],[-104.12169700025584,41.09755199993231],[-104.12150899993487,41.09764000029118],[-104.12134900010129,41.09800799977619],[-104.12142199989623,41.09807899977437],[-104.12156699966118,41.09809500033545],[-104.12162500028582,41.098144999694306],[-104.12179299961699,41.09845200016316],[-104.12172700039308,41.09863900016884],[-104.1215819997298,41.09869399975064],[-104.1213499999262,41.098842000021286],[-104.12102400041128,41.09892500006369],[-104.12095800028904,41.09897699984925],[-104.12099500009897,41.099618000190006],[-104.1209840002283,41.09962700012594],[-104.12094999989313,41.10200400013297],[-104.12094900006821,41.10222699985941],[-104.12093700037263,41.10457400007993],[-104.12092200030402,41.1062289998651],[-104.12091999975588,41.10719200008887],[-104.12091399990811,41.10936500017562],[-104.12091399990811,41.10968800008068],[-104.12089700018967,41.111614000004536],[-104.1208779999231,41.1156200002189],[-104.12087500044836,41.11588400004791],[-104.12085500035688,41.11805700007533],[-104.12085399963365,41.11815899996272],[-104.12085100015892,41.119769999892995],[-104.12084899961079,41.12093900027024],[-104.12086500040263,41.123080000330276],[-104.12087000042548,41.12490999987824],[-104.12087600027327,41.126624000255845],[-104.12087600027327,41.12675999991152],[-104.1208710002504,41.12738899989651],[-104.1208779999231,41.128468000206],[-104.12088100029614,41.12873999971124],[-104.12086500040263,41.130212999972244],[-104.12081299962577,41.13329499971033],[-104.12080500012816,41.133998999679115],[-104.12078599986158,41.13584400003084],[-104.12078400021177,41.13601199975577],[-104.12075900009741,41.13715900017],[-104.12073599963288,41.13827299974627],[-104.12066700003591,41.14088599990656],[-104.12066399966285,41.14110300015381],[-104.12065600016524,41.14170999994091],[-104.12063799972358,41.14241900026113],[-104.12063400042393,41.142558999783574],[-104.12062600002803,41.142916999880235],[-104.12062000018022,41.14298100033405],[-104.12060799958635,41.14312199986628],[-104.1186950003579,41.14312100000977],[-104.11295699980249,41.14312000015328],[-104.11123100017177,41.14312000015328],[-104.11104500039893,41.143119000296785],[-104.11097400025383,41.14311799976376],[-104.11076099981848,41.14311799976376],[-104.11068999967338,41.14311799976376],[-104.10887500035422,41.14310899970139],[-104.10657200024009,41.14309899978093],[-104.10343200024991,41.143063000190075],[-104.10329400015763,41.14306200033265],[-104.10194799957021,41.14305699969258],[-104.10181700004895,41.143079999792604],[-104.1017219996144,41.14313699974109],[-104.10168300015465,41.14321400012685],[-104.10167300010892,41.14323300007636],[-104.10164899981946,41.14339199979405],[-104.10164600034474,41.14352799986785],[-104.10162899972799,41.14448499978373],[-104.10162399970511,41.14480400003452],[-104.10161899968224,41.145054999709274],[-104.10160500033685,41.14581000004136],[-104.1016019999638,41.14603999981727],[-104.10160100013888,41.14606199973591],[-104.10156500015388,41.14715300027907],[-104.10155900030608,41.14740200017395],[-104.1014680000695,41.15142299992737],[-104.10146499969645,41.15155700012291],[-104.10143299990939,41.15276400008975],[-104.10142000038893,41.15322400010158],[-104.10138299968068,41.15460599974842],[-104.10137099998512,41.15506700003686],[-104.10136099993939,41.15543599989624],[-104.10135900028956,41.155568999662535],[-104.10133599982504,41.1570780001057],[-104.10132900015233,41.15758100019895],[-104.10132400012945,41.15777599994311],[-104.10131800028168,41.158078000014704],[-104.10131900010659,41.158136999707196],[-104.10132300030455,41.158308000040634],[-104.1013269996042,41.1583629996773],[-104.10133300035028,41.158426999934214],[-104.10138699987864,41.1585469999094],[-104.09852800009584,41.16017899994298],[-104.09839000000358,41.160255999928644],[-104.09657999980897,41.16127700001308],[-104.0942940003116,41.16259200008984],[-104.09111400013845,41.16440400001705],[-104.0898520001149,41.16512699980591],[-104.08939900037838,41.16538299973638],[-104.08899599997224,41.165612000311306],[-104.08851300009847,41.165894999978214],[-104.08823600008905,41.16607300028475],[-104.08798599984378,41.1662499999278],[-104.08756900009227,41.16659100024197],[-104.08733300009074,41.16680299976678],[-104.08719900019643,41.16693899996844],[-104.08712499967827,41.16704400010011],[-104.08708299984548,41.16714699973089],[-104.08708700004343,41.167237999926485],[-104.08713899992198,41.16731800022445],[-104.08719300034863,41.16738699998878],[-104.08738400014434,41.167515999882504],[-104.08744699989353,41.16755200024787],[-104.08763600003942,41.16766299967199],[-104.08769999961353,41.1677000001145],[-104.08788499956145,41.16781499991252],[-104.087908000026,41.16782900006824],[-104.08798599984378,41.16791799968383],[-104.08803199987456,41.16798700016878],[-104.08802400037695,41.16807500009383],[-104.08799400023972,41.1681629999007],[-104.08793200031543,41.168238999823245],[-104.08785799979728,41.1683140001853],[-104.08782400036041,41.16834200028047],[-104.08765799978075,41.168484999661985],[-104.0871549998155,41.16891500013074],[-104.08696300019487,41.16906399976063],[-104.08684199982106,41.16915899986517],[-104.08645400038185,41.16950700015345],[-104.08602500003644,41.16995400007368],[-104.08508199985515,41.17101799975006],[-104.08448299963044,41.17169599997925],[-104.08467900034735,41.171698000173],[-104.08527000017612,41.171706999691736],[-104.08546699981962,41.17170999998184],[-104.08629000035032,41.17172199978849],[-104.086950999601,41.171730999980134],[-104.08603799955694,41.17251499983307],[-104.08594999969338,41.172563999892716],[-104.08592200010428,41.17264700002054],[-104.08606600004434,41.17377700018718],[-104.0859449996705,41.17427899985206],[-104.08565299959244,41.17455300014751],[-104.08419700029849,41.17475599982968],[-104.08371600007455,41.175074000139],[-104.08335100020157,41.17549200017054],[-104.08227099975292,41.176793000050026],[-104.08193600001717,41.177170000073126],[-104.08202499970564,41.17727900008258],[-104.0821340003839,41.1774770000637],[-104.08224300016384,41.177997999787316],[-104.08235199994378,41.17812999974457],[-104.08248300036333,41.178212000260146],[-104.08320300006356,41.178469999761525],[-104.08329000010221,41.17853499998143],[-104.08345800033169,41.17866300024668],[-104.08355200004303,41.17873400021201],[-104.08347800042318,41.17906399995481],[-104.08339100038454,41.17922200000526],[-104.08328900027729,41.17940799977299],[-104.08327800040662,41.17942600007143],[-104.08324700044449,41.179482000217085],[-104.08323800022367,41.17950099979686],[-104.08313799976624,41.17968400019976],[-104.0830580002986,41.179749999864946],[-104.08288300039642,41.179804999760435],[-104.0825569999832,41.17982799981374],[-104.08236000033969,41.179843000079266],[-104.08217500039177,41.18000600012914],[-104.08210599989647,41.18006800026972],[-104.08201100036023,41.18034299997865],[-104.08201100036023,41.180579000054735],[-104.08203300010155,41.180793000207814],[-104.0821209999651,41.18094700032136],[-104.08220399980577,41.18101300006598],[-104.08278899978677,41.18147900026292],[-104.08280899987827,41.18151900018042],[-104.08285699955884,41.181618000259945],[-104.08286199958171,41.18162799971333],[-104.08289900028996,41.181896999986265],[-104.08297100025997,41.18206699990315],[-104.08318600034512,41.18232499976909],[-104.08319999969052,41.18233900020442],[-104.08359700024886,41.1828370001251],[-104.08366199964787,41.18291800023066],[-104.08373500034114,41.183319000253995],[-104.08384400012108,41.18359299991829],[-104.0839310001597,41.18367600026891],[-104.08412000030559,41.1837690003169],[-104.08453399968407,41.18405999991911],[-104.08451699996563,41.18433100015149],[-104.08451299976767,41.184410999858486],[-104.0844109996604,41.184647000148686],[-104.08426599989548,41.18482899979737],[-104.08420800016914,41.184865000113675],[-104.0840990003892,41.184932999755794],[-104.08399100043417,41.18507199985839],[-104.08380800013606,41.18531200002678],[-104.08362599966287,41.18541099978084],[-104.08330799964554,41.185658999805085],[-104.0832340000257,41.18571799967801],[-104.08319200019291,41.18582300013393],[-104.08317799994921,41.185918000272544],[-104.08317399975125,41.18594499972459],[-104.0831639997055,41.186025000164044],[-104.08316100023076,41.18605300012573],[-104.08327800040662,41.18643799990599],[-104.08334299980564,41.186651999842766],[-104.08349299959349,41.18684900001614],[-104.08374299983873,41.18717900010755],[-104.08374299983873,41.1872719999128],[-104.08361200031747,41.18741999984661],[-104.08357999963211,41.18742899990949],[-104.08337999961557,41.18749200031473],[-104.08318700017004,41.187488000215666],[-104.08289400026707,41.18748099987276],[-104.08287099980254,41.18748099987276],[-104.08227499995087,41.18754699979269],[-104.08202100040599,41.18755800022356],[-104.08172900032793,41.18757099968561],[-104.08167200042652,41.187573999925135],[-104.08133000011976,41.18755800022356],[-104.08095199982799,41.18742099970343],[-104.08082100030674,41.18741499988631],[-104.08061799991714,41.18749200031473],[-104.08047999982487,41.187624000065874],[-104.08011599977681,41.18844199967753],[-104.07977500019328,41.18891999977607],[-104.07975299955365,41.18907399970665],[-104.07980600015541,41.189211000148134],[-104.0798260002469,41.189259999886104],[-104.0798260002469,41.189524000105855],[-104.07986999972952,41.18964499973818],[-104.07992099978313,41.18970000011167],[-104.08017500022635,41.189798000171],[-104.08060399967344,41.1900559999983],[-104.08078600014663,41.190286999806375],[-104.08079299981932,41.19045199984629],[-104.08066200029806,41.19071500018511],[-104.08056799968843,41.190809000181005],[-104.08035699980124,41.19082000006382],[-104.08013900024136,41.19072600008373],[-104.0798260002469,41.190632999776426],[-104.07966600041334,41.190660999795604],[-104.07949900000875,41.19077000033574],[-104.07932499993149,41.191044999719786],[-104.07917199977061,41.191127000288446],[-104.07881600011845,41.191044999719786],[-104.07863399964526,41.191073000238774],[-104.07852499986532,41.19123699985128],[-104.078431000154,41.191884999940314],[-104.07836599985666,41.19198999997053],[-104.07824899968078,41.19206599996465],[-104.07780599999002,41.192077000312224],[-104.07724600012334,41.192506000259904],[-104.0766579997693,41.19281300001412],[-104.07617099969758,41.1929670002514],[-104.07590200008406,41.19297300023573],[-104.07557400002099,41.19291799990792],[-104.0753349996464,41.19291799990792],[-104.07517499981283,41.19297300023573],[-104.07505099996428,41.193054999741484],[-104.07489100013069,41.193319000205854],[-104.07492299991776,41.19342300019891],[-104.07497099959834,41.19357699967719],[-104.07495700025294,41.1936589997783],[-104.07485500014569,41.19371400015954],[-104.0744330003713,41.193818000201],[-104.07412799987446,41.19401600020026],[-104.07398300010951,41.194163999760804],[-104.07363400013006,41.19434599999485],[-104.07356100033512,41.194505000100854],[-104.0733289996332,41.194811999944044],[-104.07314700005831,41.19517999998788],[-104.0728719996987,41.19546600022804],[-104.072644999918,41.19570199987757],[-104.07253600013804,41.195784000020666],[-104.07239100037309,41.19583899996836],[-104.07224599970984,41.195828000252874],[-104.071983999769,41.195713000290176],[-104.07184599967674,41.19571800029274],[-104.07171500015549,41.195828000252874],[-104.07142399990235,41.19623999994784],[-104.07137299984873,41.1963879998877],[-104.07140999965866,41.19648699979314],[-104.07168599984315,41.19679500019368],[-104.0717510001405,41.196925999727185],[-104.07172199982817,41.19704699987353],[-104.07161300004823,41.19715700030404],[-104.07120600034246,41.19731099978508],[-104.07103200026519,41.1974479998879],[-104.07092299958694,41.19761799998685],[-104.07090800041664,41.197705999983945],[-104.07109699966419,41.19789800018137],[-104.07104599961058,41.197992000002216],[-104.07104599961058,41.19810099982684],[-104.07090099984563,41.19815599985548],[-104.07079899973837,41.198265999774065],[-104.07074199983695,41.19825400009919],[-104.07058100017848,41.19822199982882],[-104.0704139997739,41.19832099966406],[-104.0703920000326,41.19839300031043],[-104.07054500019348,41.198485999732625],[-104.07055900043719,41.19861200015622],[-104.07042899984253,41.19874399979264],[-104.07018100014541,41.19883700006795],[-104.07002100031183,41.19882600018035],[-104.06998500032681,41.19879899995689],[-104.07002899980944,41.19870600030351],[-104.06999199999952,41.19866699975546],[-104.06981799992225,41.19873299988946],[-104.06979600018093,41.19884799995366],[-104.06961399970773,41.198936000324785],[-104.06962200010365,41.19905100003235],[-104.06958500029374,41.19910100019481],[-104.06941799988915,41.199160999798636],[-104.06928700036791,41.199254999833386],[-104.06938199990415,41.19941899990154],[-104.06932400017782,41.19950700018086],[-104.06920100015418,41.199519999973965],[-104.0690689999097,41.199534999784056],[-104.06903299992469,41.199484999953135],[-104.06903299992469,41.199375000055475],[-104.06898199987106,41.199358999858305],[-104.06885100034982,41.199375000055475],[-104.06876400031118,41.199484999953135],[-104.06845899981434,41.199458000001535],[-104.06838600001939,41.19984199969302],[-104.06847300005805,41.19993600010155],[-104.06843700007303,41.200012000333125],[-104.06832800029309,41.200077999786735],[-104.06840799976071,41.2002590001383],[-104.06840799976071,41.20059399985678],[-104.06837400032384,41.20064200020663],[-104.06829899998077,41.20075399998479],[-104.0681679995612,41.20082500033032],[-104.06805899978126,41.20082500033032],[-104.06779000016773,41.2006879998611],[-104.06764399967956,41.200726000227185],[-104.06760799969454,41.200769999840915],[-104.06760799969454,41.20088000009759],[-104.06773200044142,41.20102799968421],[-104.06773200044142,41.20110500032325],[-104.06764399967956,41.2011820001958],[-104.06742600011967,41.2012090001121],[-104.0670770001402,41.20107199977081],[-104.06684500033663,41.201111000237574],[-104.06666299986344,41.20103400028148],[-104.06646700004485,41.20100099969324],[-104.06630700021127,41.20109400014098],[-104.06634300019628,41.20125300007696],[-104.0662660002034,41.20140900002135],[-104.06624899958665,41.201446000326186],[-104.06619800043133,41.20149000013176],[-104.06610299999677,41.20149000013176],[-104.0659430001632,41.20133599966907],[-104.06586299979726,41.20100599996782],[-104.06578300032963,41.2009240002837],[-104.06568899972,41.20066600003037],[-104.06567299982646,41.2006540001196],[-104.06540400021295,41.2006549997743],[-104.0652889996869,41.200720999931264],[-104.06533999974053,41.20087499981344],[-104.06531999964905,41.200907999789315],[-104.0652669999456,41.200994999768845],[-104.06498400008839,41.20110500032325],[-104.06490399972245,41.20110500032325],[-104.06472200014755,41.20103400028148],[-104.06432899978718,41.201127000006416],[-104.0643439998558,41.20129199976001],[-104.0639799998077,41.2013740003348],[-104.06395100039371,41.20146200001314],[-104.06401699961764,41.201511999685515],[-104.0641480000372,41.20152200015609],[-104.06418400002222,41.201571999782615],[-104.06441699965072,41.20158299988456],[-104.06446000020675,41.20161000031132],[-104.06447500027535,41.20166500009479],[-104.0643439998558,41.2017309999091],[-104.06418400002222,41.2017309999091],[-104.06402400018864,41.201659999870614],[-104.0639289997541,41.201659999870614],[-104.06378399998914,41.20176999998315],[-104.06380599973045,41.20192900030448],[-104.0639150004087,41.202011000081185],[-104.06408899958765,41.202072000029716],[-104.0643150004418,41.20204400016014],[-104.06472200014755,41.20192900030448],[-104.0648159998589,41.2020059998834],[-104.0648159998589,41.20209900025473],[-104.06467100009394,41.20229099973115],[-104.06458099968225,41.20233999981705],[-104.06436599959709,41.202330000147356],[-104.0641480000372,41.202374000034446],[-104.06383500004274,41.202297000212624],[-104.06333299990243,41.202011000081185],[-104.06313000041115,41.20192900030448],[-104.06296999967927,41.20193399983221],[-104.0628099998457,41.201983999819866],[-104.0626059996312,41.20199499985256],[-104.06243900012494,41.20193999967052],[-104.06219200025274,41.20175899991264],[-104.0621770001841,41.20162099973102],[-104.06211899955947,41.201554999805715],[-104.06184300027327,41.20159399998465],[-104.06166099980008,41.20150599980795],[-104.06166900019599,41.20146200001314],[-104.06187900025829,41.20141299994574],[-104.0619300003119,41.20115500026837],[-104.06184999994596,41.20110500032325],[-104.06177799997594,41.20110000005629],[-104.06166099980008,41.20115999985523],[-104.06155200002014,41.20115999985523],[-104.0614649999815,41.20127499971037],[-104.06137799994286,41.201297000012296],[-104.0610509997047,41.201203999853085],[-104.06081100040352,41.20122000027505],[-104.06072299964165,41.201165999764505],[-104.06050500008176,41.20121500001688],[-104.06032400033179,41.201197999947254],[-104.06033799967717,41.20110000005629],[-104.06048400016537,41.2009240002837],[-104.06057299985382,41.200670000000166],[-104.06059999961799,41.20063800023512],[-104.0607129995959,41.20067100033049],[-104.06094199992476,41.20067100033049],[-104.06096299984115,41.20058399992025],[-104.0610430002071,41.20051200033231],[-104.0610430002071,41.200418999733515],[-104.06117399972837,41.2003580002719],[-104.06110099993343,41.200023000021346],[-104.06097799990978,41.199897000286384],[-104.06085400006121,41.19984199969302],[-104.06068699965665,41.19986399980073],[-104.0605779998767,41.1999569998364],[-104.06041100037042,41.20019900018922],[-104.06041100037042,41.20025999979904],[-104.06049099983805,41.20040800011179],[-104.06017799984362,41.20063299993247],[-104.06004700032237,41.200648999818185],[-104.0600230000329,41.20067199998493],[-104.05986999987203,41.20067300031527],[-104.05958899966464,41.20067199998493],[-104.05954600000695,41.20073200017629],[-104.05957500031926,41.20088000009759],[-104.05953799961101,41.20098400024398],[-104.05972699975689,41.20115999985523],[-104.05975699989413,41.20123699966306],[-104.05972699975689,41.201297000012296],[-104.05959700006055,41.20135200005882],[-104.059473000212,41.201340999918],[-104.05923300001248,41.20107199977081],[-104.05895000015528,41.20090700013847],[-104.05881299988792,41.20067599995436],[-104.05876799968208,41.200599999817946],[-104.05865899990214,41.200544999815364],[-104.0585640003659,41.20053899984916],[-104.058367999649,41.20062199967086],[-104.05809900003548,41.20059399985678],[-104.0579459998746,41.20062699997435],[-104.05761899963646,41.20062199967086],[-104.05732800028164,41.200566999686764],[-104.05677599991259,41.20033600033029],[-104.05601299965636,41.20012700017779],[-104.05586700006648,41.20011599983108],[-104.05561299962326,41.20017700019412],[-104.05497999996167,41.200121999836064],[-104.05484900044041,41.200045000068215],[-104.05467500036315,41.200045000068215],[-104.05455900001222,41.20000099996708],[-104.054348000125,41.199720999982304],[-104.05425299969045,41.19964399974269],[-104.0541220001692,41.19971600028547],[-104.05405699987188,41.19971600028547],[-104.05394800009194,41.19962800028721],[-104.05379499993106,41.19964999979094],[-104.05363599992239,41.19956700008836],[-104.05352600031753,41.19956700008836],[-104.05351200007384,41.199798000131324],[-104.05370799989241,41.19993499975995],[-104.05375200027333,41.20005599975095],[-104.05372999963373,41.200155000191664],[-104.05354800005884,41.20013799984669],[-104.05341699963928,41.200017000007286],[-104.05327500024737,41.19994800014397],[-104.0532700002245,41.20068300023819],[-104.05316999976708,41.218151000118326],[-104.05315300004864,41.24076200024556],[-104.05311100021585,41.24522100011818],[-104.05311000039093,41.24535799985947],[-104.05308399955335,41.249980000216844],[-104.05290299980338,41.261044000125445],[-104.0527709995589,41.26909900003007],[-104.05276499971113,41.26947900019743],[-104.05271100018275,41.272627000177614],[-104.05292799991774,41.27525099967537],[-104.05290700000134,41.2778119999101],[-104.05290600017642,41.27788199980742],[-104.05290199997846,41.27796000024107],[-104.05289100010782,41.278017000265365],[-104.05287400038938,41.278066000317544],[-104.05285099992486,41.2781019999604],[-104.05281099974188,41.278140999719895],[-104.0527560003886,41.278165000131544],[-104.052693999566,41.27818199977083],[-104.05257399991541,41.27819500012739],[-104.0524530004399,41.27819699976657],[-104.05256800006764,41.29794099992329],[-104.05256999971745,41.29829200021675],[-104.05256999971745,41.303008999727226],[-104.05256999971745,41.303151999710195],[-104.05256999971745,41.30665000021266],[-104.05259999985466,41.31614199979694],[-104.05267600002266,41.31652199996216],[-104.05268100004554,41.31655700007014],[-104.05269100009127,41.31956300032656],[-104.05266900034997,41.32078500033664],[-104.05263900021275,41.3208849999338],[-104.05260999990043,41.32093800020461],[-104.05257399991541,41.32097299996517],[-104.05252100021195,41.32100000032661],[-104.05245099989176,41.32103599989163],[-104.05230799977662,41.321064999901566],[-104.0524750001812,41.32237600006266],[-104.05251199999111,41.32267000029004],[-104.05268600006839,41.33056200021211],[-104.0525039995952,41.34659200009276],[-104.05251600018907,41.35704499974563],[-104.05251600018907,41.357640999762296],[-104.05252899970957,41.36753500025179],[-104.05252899970957,41.3676080003094],[-104.05245400026482,41.37497700006769],[-104.05228699986021,41.393214000105225],[-104.05224699967727,41.397790999741325],[-104.05224500002744,41.3980649997249],[-104.05228900040838,41.407587999980684],[-104.05228600003531,41.407606999941024],[-104.05230299975376,41.40816999993197],[-104.05229299970802,41.409068999906516],[-104.0523129997995,41.416825999731174],[-104.05248100002899,41.41834599998324],[-104.0524940004478,41.421776999879626],[-104.05249199989964,41.421939000283565],[-104.05249799974742,41.4221719997734],[-104.05250500031843,41.422512999942356],[-104.05250100012049,41.425257999816736],[-104.05251100016622,41.42606599968623],[-104.05251299981605,41.42673500008356],[-104.05252200003686,41.429865999811256],[-104.05254299995326,41.437123000304226],[-104.05253600028058,41.437509999897415],[-104.05253499955734,41.43832399982148],[-104.05253299990751,41.439809000082136],[-104.05253999958022,41.44041200005049],[-104.05254100030344,41.44049099990487],[-104.05253200008262,41.44110399973452],[-104.0525379999304,41.44518699984279],[-104.05252799988466,41.445900999808394],[-104.05253700010547,41.44650500033498],[-104.05253200008262,41.44727099976746],[-104.05253200008262,41.447364000214264],[-104.05253700010547,41.451096000007766],[-104.05253999958022,41.46181600019847],[-104.05254100030344,41.464329000230244],[-104.05252899970957,41.46536999966541],[-104.0525300004328,41.466569000136786],[-104.05252299986178,41.46706199997988],[-104.0525300004328,41.46810999983833],[-104.05252299986178,41.47586500033368],[-104.05253600028058,41.47635999976958],[-104.052517000014,41.476896999760974],[-104.0525239996867,41.47748099989383],[-104.05252299986178,41.47915899971936],[-104.0525039995952,41.47990799966623],[-104.0525029997703,41.47994300006219],[-104.0524960000976,41.48000400001482],[-104.05244500004397,41.48039299971915],[-104.05240700040913,41.480766999999624],[-104.05238899996748,41.4811969999688],[-104.05237800009682,41.482149999791794],[-104.05239399999036,41.483703000279775],[-104.05238999979238,41.48484200013398],[-104.0523970003634,41.48554800029818],[-104.05239599964018,41.48620399995189],[-104.05239499981526,41.48647599971511],[-104.05240900005897,41.48741600031785],[-104.0524180002798,41.488940999843024],[-104.0524259997774,41.48999600012285],[-104.05243800037128,41.49075699969609],[-104.05243800037128,41.49078400025068],[-104.05244300039415,41.493529000141955],[-104.0524340001733,41.49467800013483],[-104.05243699964807,41.4982260002495],[-104.05242900015045,41.498785000274964],[-104.0524340001733,41.49925800015076],[-104.05244500004397,41.49972000030885],[-104.05243800037128,41.50000900010825],[-104.0524590002877,41.50376899972412],[-104.05245099989176,41.50522400009389],[-104.05244900024194,41.506944000243934],[-104.05246299958733,41.507930999820516],[-104.05246599996036,41.50810999987472],[-104.05245099989176,41.50923599981458],[-104.05245199971668,41.50978199978693],[-104.05244199967093,41.51086500018498],[-104.0524469996938,41.511634000244385],[-104.0524459998689,41.51255099981532],[-104.05245500008971,41.51517800011684],[-104.05243099980026,41.515524999707324],[-104.05237200024904,41.52282800012088],[-104.0523909996173,41.522945000099504],[-104.05240400003609,41.52302400028734],[-104.05243900019619,41.523438000128714],[-104.05244400021907,41.52365400016416],[-104.05246199976241,41.52441100006431],[-104.0524750001812,41.52812900015193],[-104.05248199985391,41.52985300026635],[-104.05249299972455,41.53304999981979],[-104.05250500031843,41.53378500028705],[-104.05250199994538,41.534118999946195],[-104.05250000029557,41.53475299970926],[-104.05250000029557,41.53640299968767],[-104.05250500031843,41.5372629997102],[-104.05250500031843,41.538217999998494],[-104.05251600018907,41.53905500024037],[-104.05252000038703,41.53954100033341],[-104.05253399973243,41.541153999989916],[-104.05258300013622,41.54694300008268],[-104.05257599956522,41.54871499993611],[-104.05259499983181,41.549382000277575],[-104.05259200035707,41.55232499978251],[-104.05259200035707,41.55239199999153],[-104.05257899993826,41.552455999865465],[-104.05256100039493,41.55254800032953],[-104.05253299990751,41.552612999686986],[-104.05255399982393,41.5604979998423],[-104.05253999958022,41.56427399990018],[-104.05328399956989,41.564287999698784],[-104.0535239997694,41.56429200021682],[-104.05647899981166,41.56434900017824],[-104.05746399982577,41.564367999930184],[-104.05919299982952,41.56434699992102],[-104.06438200038895,41.564287999698784],[-104.0661120002176,41.564267999793515],[-104.06636199956455,41.56426500007604],[-104.06833499996578,41.564263999946135],[-104.07279899990378,41.56426100022847],[-104.0750119996062,41.56424799988201],[-104.07723899955234,41.56423600033547],[-104.08240800002027,41.564205999778935],[-104.0873530001822,41.56417999973338],[-104.09232000008546,41.564154999809034],[-104.09379100034637,41.5641620000577],[-104.09792100037352,41.56417900027431],[-104.10309400014111,41.564203000058576],[-104.10483599966533,41.56421000030199],[-104.1100639996845,41.56423299994436],[-104.11180699993196,41.5642410003148],[-104.11229400000367,41.564246999751845],[-104.11375400039391,41.56426899992336],[-104.11386300017386,41.564271000183],[-104.11424200029055,41.564277000289344],[-104.11764000002361,41.564315999959064],[-104.12551199974043,41.564406000089434],[-104.12783599977092,41.564422000114384],[-104.1312350002272,41.564446999935434],[-104.1331349999352,41.56444400022627],[-104.13883599978237,41.56443599988096],[-104.14073700021358,41.564434000298576],[-104.14141099988305,41.56442499982457],[-104.14343299978977,41.564402000250595],[-104.14410900000738,41.56439700028366],[-104.1441679995586,41.564393999900034],[-104.14422500035833,41.56438699967651],[-104.14457699981251,41.564348000049634],[-104.1446959996382,41.56433699997831],[-104.14571199961443,41.564334999720714],[-104.14876299991619,41.56432999974861],[-104.14977999971731,41.56432900029185],[-104.15034299995703,41.56432800016293],[-104.15046500015575,41.56432800016293],[-104.15203299960271,41.564334999720714],[-104.15259699966732,41.56433800010709],[-104.15411399995898,41.56434500033587],[-104.15866499993562,41.564365999673555],[-104.16018300005219,41.564374000027584],[-104.16442199985929,41.564344000207214],[-104.16805300011919,41.56431899967417],[-104.16993000026095,41.564307000140815],[-104.17714000000385,41.564278999876585],[-104.18009400022122,41.564267999793515],[-104.18137600033623,41.56416800017422],[-104.18395499973653,41.56417400029012],[-104.1892399996571,41.564185999848235],[-104.18940500041188,41.56418699997934],[-104.19169199973415,41.564208000040466],[-104.19427100003277,41.56423199981396],[-104.19717900021938,41.56425799983853],[-104.20590299988089,41.56433900023584],[-104.20881199989242,41.564365999673555],[-104.21887799994339,41.56434599979239],[-104.22031999989197,41.56433699997831],[-104.2285720004487,41.564288999828314],[-104.25051300002202,41.5641609999262],[-104.25484399989067,41.56415700007219],[-104.26635299971512,41.56414700010004],[-104.2688290000816,41.56419400022454],[-104.27625999975743,41.564334999720714],[-104.27873699994883,41.564381999708424],[-104.27922499984545,41.564390000060456],[-104.2806919999084,41.56441399976631],[-104.28118099962994,41.564422000114384],[-104.28159400008181,41.56442800020676],[-104.28283400036403,41.56444599980835],[-104.28324799974251,41.56445300002549],[-104.28368600030872,41.56401399992007],[-104.28424100015252,41.563503000113535],[-104.28482100011065,41.56300000015071],[-104.28543299985584,41.56248899971887],[-104.28617099999774,41.56192399974096],[-104.28657299968063,41.56163799999129],[-104.28780200009219,41.560829000120165],[-104.2880909997972,41.560651999737736],[-104.28851799959446,41.5603900002641],[-104.28902399993275,41.560106000163366],[-104.28951000017956,41.559835000051464],[-104.29055200009506,41.55928800008929],[-104.29117100041125,41.558978999940685],[-104.29184900027867,41.55865899996546],[-104.29191000037805,41.55862999972555],[-104.29288799982113,41.5581690001677],[-104.29307299976905,41.55808200009367],[-104.29597599993279,41.55671300008982],[-104.29659900044695,41.55641900013998],[-104.29690999989326,41.55627399983461],[-104.2973359998656,41.55607800025389],[-104.29843200020778,41.5555529998651],[-104.30114100020278,41.554276999705294],[-104.30188400036752,41.55393099984188],[-104.3021300004148,41.553817000312804],[-104.30295999971989,41.55342600007042],[-104.30406100008493,41.552896999774106],[-104.30431299998001,41.55277800024456],[-104.30555300026224,41.55219499975073],[-104.30621000021327,41.55186400029444],[-104.30793300036923,41.551038000118645],[-104.30896100004102,41.55055300005323],[-104.30910400015617,41.550485999954965],[-104.31093799974191,41.54965000012474],[-104.31275499960921,41.54875099981979],[-104.31296999969439,41.54863200005323],[-104.3135129998426,41.548332000082],[-104.31375300004208,41.548183000289285],[-104.3142250000452,41.54789300005104],[-104.3150050000199,41.54736799974176],[-104.31576099970512,41.546802000290434],[-104.31597400014044,41.546631999946094],[-104.3162539996246,41.5464100002393],[-104.31668399979492,41.54607400003269],[-104.31676499998578,41.54601100030376],[-104.31727100032408,41.54553799983441],[-104.31734300029409,41.54547199966577],[-104.31778500015997,41.54503400014033],[-104.31811300022302,41.54468199997694],[-104.31850900005816,41.54421700003026],[-104.3188649997103,41.5437660003114],[-104.31894699972607,41.54366399967195],[-104.3193359998885,41.543125000311875],[-104.3193640003759,41.54308299992857],[-104.31945100041455,41.542960999781],[-104.31947999982854,41.54291999975135],[-104.32000299988528,41.54217299994062],[-104.32022499964313,41.54185300013765],[-104.32226099979354,41.53890900013545],[-104.3228270004063,41.538068999760384],[-104.32325900022644,41.53746700017679],[-104.32385799955283,41.53659299976197],[-104.32430199996685,41.535969000177765],[-104.32435100037064,41.535895999709126],[-104.3248559999857,41.53518999970389],[-104.3253830002404,41.534448000304074],[-104.32586699993908,41.533835000084025],[-104.32616200039017,41.53350300017025],[-104.3265799999666,41.53305600013464],[-104.32693399996892,41.53268800019256],[-104.32745200000278,41.53218799968677],[-104.32820500021327,41.53152300011375],[-104.33091199966012,41.52919300022778],[-104.3328950001071,41.52747700022403],[-104.33298399979554,41.527395000009335],[-104.33335500041464,41.52705699979872],[-104.33378899988459,41.52661399976775],[-104.33412000032071,41.52625800004201],[-104.33459099960056,41.52571199983426],[-104.3348380003711,41.52539999976053],[-104.33532399971958,41.52478900002199],[-104.3363029998859,41.52351799980246],[-104.33638099970369,41.523415000094936],[-104.3366190002534,41.52310800017691],[-104.3366979998961,41.52300599991246],[-104.3367539999726,41.522932000187026],[-104.33692399985192,41.52271099993071],[-104.33698099975332,41.5226379999693],[-104.33735200037242,41.52215699985996],[-104.33846500043302,41.52071800012675],[-104.3388369999787,41.52023800000879],[-104.3390770001782,41.519928000058165],[-104.33933599974598,41.519593000297206],[-104.34041299982158,41.51820600015918],[-104.34083899979393,41.51766100012054],[-104.34085300003763,41.51764499995629],[-104.34133799956122,41.51701600028507],[-104.34135299962983,41.51699700006835],[-104.34172199970077,41.51652699987066],[-104.34220600029775,41.51589900030188],[-104.34293900041676,41.514951000310575],[-104.344131999945,41.51339700004006],[-104.34479999976669,41.512539000090406],[-104.34490900044496,41.51239999980743],[-104.3455399995584,41.51156799978589],[-104.3456590002824,41.51141500029878],[-104.34596499970583,41.51102200007761],[-104.34643199968608,41.51040899988892],[-104.34653299996842,41.510278000062605],[-104.34689500036664,41.50979500032276],[-104.34714800008665,41.509432999743005],[-104.34733800005745,41.50913500019594],[-104.34755499979244,41.50875400001636],[-104.34776800022776,41.50835499987191],[-104.34794499977977,41.50794800002359],[-104.34811399983415,41.507531000323645],[-104.34825100010151,41.50709300018597],[-104.34826799981995,41.50704000022326],[-104.3483769995999,41.506625999758036],[-104.34845799979075,41.50623700013902],[-104.34850899984437,41.50593099982364],[-104.3485189998901,41.50585399967485],[-104.34857099976865,41.50543400018678],[-104.34859099986014,41.5049169999978],[-104.3485880003854,41.50451200015564],[-104.3485609997229,41.50409600024189],[-104.348523999913,41.50369199969529],[-104.34842799965351,41.50298600014256],[-104.34794899997773,41.499430000105434],[-104.34770499958024,41.497648000268505],[-104.34741599987525,41.4954269996751],[-104.34727799978299,41.494420999806],[-104.34704099995653,41.49268100025112],[-104.34691899975779,41.49174600020491],[-104.34688799979564,41.49156799990694],[-104.34673600035799,41.49037499979071],[-104.34649299978544,41.48852500017194],[-104.34644000008198,41.488169000228126],[-104.34641699961746,41.48801200010389],[-104.34629100011907,41.48705999966373],[-104.3461449996309,41.486140999794365],[-104.34599999986594,41.48553800028282],[-104.34583199963646,41.48493899991372],[-104.34565300043461,41.484434999884726],[-104.34539300014362,41.483751999709014],[-104.34516999966253,41.48327300011496],[-104.34488000013263,41.48269600000067],[-104.34455100024465,41.482124999785476],[-104.3441460001887,41.4814630001741],[-104.34244499977403,41.478851999906894],[-104.34201700015186,41.478194999740644],[-104.34145300008726,41.4773500000879],[-104.34067499976241,41.47614599972137],[-104.34057100000533,41.4759819997094],[-104.33991700042733,41.4749529996694],[-104.3395349999376,41.474302000067134],[-104.33929800011114,41.473840999865295],[-104.33911700036117,41.47345300006136],[-104.33897500007096,41.47312800003586],[-104.33865899970347,41.47229200012167],[-104.33849499967194,41.47176899997793],[-104.33829899985335,41.471046000011036],[-104.33814200039282,41.47022499970256],[-104.33805299980604,41.469495000292234],[-104.33803199988965,41.46922499976502],[-104.3380140003463,41.46899200022606],[-104.33799699972955,41.4682699998471],[-104.33802299966884,41.46765799983418],[-104.33808799996616,41.46693999988988],[-104.33833599966327,41.46542800028052],[-104.33907800000311,41.461615999740296],[-104.3394010000433,41.45988900027462],[-104.33983000038872,41.45768299972023],[-104.34056699980736,41.45377900032455],[-104.34088999984755,41.45209600011394],[-104.34115099996346,41.450678999947314],[-104.34132000001786,41.44979399995758],[-104.34142700014797,41.44926299969008],[-104.34156799971498,41.44872399994688],[-104.34172800044686,41.44823999987945],[-104.34192500009036,41.44769600015718],[-104.34193799961083,41.44766199977056],[-104.34220600029775,41.44698500018637],[-104.3425619999499,41.44629399985471],[-104.34290199970853,41.44570200004565],[-104.34331599998531,41.44501200014439],[-104.343695000102,41.44447799990946],[-104.34426400018948,41.44376299980034],[-104.34474000039054,41.44320799978454],[-104.3453219999985,41.442590999664674],[-104.34577300008522,41.44215300021344],[-104.34613999960801,41.44181100016393],[-104.34648799976257,41.441528000106935],[-104.3471160002996,41.441020999893276],[-104.34755200031769,41.440703999766086],[-104.34774899996117,41.44056200016073],[-104.3479180000156,41.44044400014802],[-104.34853300013381,41.440012999887784],[-104.34940799964473,41.43946799984017],[-104.35026100031267,41.439003999668536],[-104.351052000158,41.43861700022903],[-104.35126899989297,41.43851999982688],[-104.35170400008616,41.43832800004743],[-104.35270400016886,41.437933000117795],[-104.35370699972628,41.43757699977536],[-104.36186399984848,41.43487500015823],[-104.36224700016311,41.434747000139154],[-104.36592100008069,41.43352599984966],[-104.36929500042262,41.43240299990107],[-104.3711879995596,41.43177400023445],[-104.3757419999093,41.430264999715426],[-104.37911000040344,41.42913399969305],[-104.37941699965178,41.42903200028568],[-104.38279400036677,41.42791799998392],[-104.38432300035399,41.42741300032486],[-104.3856420002789,41.42696400029821],[-104.38661499969913,41.42664199970989],[-104.39097599970496,41.42520200017347],[-104.39393999996807,41.42419800010613],[-104.39625700032589,41.42343800016048],[-104.39808400023894,41.422828999701416],[-104.39912600015444,41.4224829996892],[-104.40190899976926,41.42156399988113],[-104.40199599980791,41.42153500017833],[-104.40209299989228,41.421503000189276],[-104.40332099958061,41.42109700009588],[-104.40419400034003,41.42081000003166],[-104.40756199993587,41.419712000230824],[-104.40897600029535,41.419251999685],[-104.40997700020297,41.41892799988716],[-104.41298300029888,41.41795600022659],[-104.4139850000314,41.417632999727864],[-104.41543100017793,41.41716500025995],[-104.41977299991721,41.41576099981206],[-104.42121999988866,41.41529400006665],[-104.42243800042958,41.41489999985123],[-104.42463299969033,41.41418400022942],[-104.42509600037093,41.414035000228665],[-104.428417999936,41.412968999911904],[-104.4302339999784,41.41239500011352],[-104.43267500018477,41.41159999994423],[-104.43472700022872,41.41094499988869],[-104.43673200041701,41.41028299991613],[-104.43690200029631,41.41022799997617],[-104.44061200019891,41.409033999663606],[-104.44326299956926,41.40816999993197],[-104.44348000020254,41.4080999998062],[-104.44794999998834,41.40665199980767],[-104.44896599996459,41.406326000068255],[-104.45122300004793,41.405589999841844],[-104.45387500014151,41.4047270000292],[-104.45485099993476,41.404409999885154],[-104.45509399960902,41.40433000001465],[-104.45875199963305,41.40314200001532],[-104.45997199982381,41.40274700028562],[-104.45997199982381,41.402664999851446],[-104.45997400037193,41.4024209998209],[-104.45997500019685,41.40234000025994],[-104.45999100009037,41.39978399991451],[-104.45999600011324,41.39906700014816],[-104.45999500028833,41.39351399971578],[-104.45998799971731,41.39211899981873],[-104.4599850002426,41.39137400015229],[-104.45997500019685,41.391192000205265],[-104.46000199996102,41.391057999681614],[-104.46005600038771,41.39085800017676],[-104.46018799973386,41.390620999771436],[-104.46032699965104,41.3904449997844],[-104.46051300032218,41.390268999994845],[-104.46073000005717,41.390125999815005],[-104.46097199990649,41.39000100025787],[-104.46116799972509,41.38993600006969],[-104.4612249996265,41.389922000300615],[-104.46148200044276,41.3898630001334],[-104.46187900010278,41.38978600026869],[-104.46200399977626,41.38975799998898],[-104.46226400006725,41.38970099993579],[-104.46258999958218,41.389581999687444],[-104.46283300015473,41.389446999753595],[-104.46288599985819,41.389403999985376],[-104.46305999993547,41.38926999981998],[-104.46320999972329,41.389084000158675],[-104.46333699994489,41.38891099981124],[-104.46342700035657,41.388687999759476],[-104.4634780004102,41.38847700007308],[-104.46347599986207,41.38752700000446],[-104.46347500003715,41.38683399999821],[-104.46347099983919,41.38443100017698],[-104.46347099983919,41.38407100019121],[-104.4634850000829,41.379608000212414],[-104.46352199989282,41.37722500001856],[-104.4635410001594,41.37607900023525],[-104.46354700000718,41.37482399972999],[-104.46354700000718,41.37478200008985],[-104.4635629999007,41.37291299977189],[-104.46356500044882,41.37276799973734],[-104.46357700014441,41.37069699986598],[-104.46358200016728,41.368814999668146],[-104.4635970002359,41.367183000227996],[-104.46360300008368,41.36654099978546],[-104.46360999975637,41.36527300014799],[-104.46362700037312,41.36188699973679],[-104.46363800024378,41.359802999797544],[-104.46366300035814,41.35670899972451],[-104.46367300040387,41.35550900022811],[-104.46367800042675,41.35498600030098],[-104.46370799966566,41.35172900010393],[-104.46371199986362,41.35136499966491],[-104.46371900043462,41.34959200010043],[-104.46372100008445,41.34925800020452],[-104.46372699993223,41.34834399982961],[-104.46373399960493,41.347263000226825],[-104.46374799984864,41.34533400027263],[-104.46376200009233,41.34402300009374],[-104.4637739997879,41.342942999742796],[-104.46377999963569,41.3422830003026],[-104.4638020002753,41.34030600026633],[-104.4638099997729,41.33964800018337],[-104.46382800021458,41.338010999884304],[-104.463844999933,41.336486999744885],[-104.46387500007025,41.33600500024933],[-104.46390600003238,41.33398000032916],[-104.46391899955286,41.33310400030338],[-104.46394399966721,41.33146900015126],[-104.46393699999452,41.33124099972522],[-104.46395000041332,41.329629999725825],[-104.46395100023821,41.32926799996763],[-104.46395899973584,41.32764899983695],[-104.46399700026896,41.32266499987733],[-104.46401499981232,41.32046399980347],[-104.46401999983519,41.31978199972786],[-104.46403599972872,41.31774000008823],[-104.46404199957651,41.31705899974375],[-104.46406599986595,41.31465399989493],[-104.4641129997216,41.30995000008581],[-104.46410500022401,41.30871200029341],[-104.46413000033836,41.308008999952996],[-104.46413399963801,41.3074399997212],[-104.4641539997295,41.30503600002912],[-104.4641610003005,41.304137000058894],[-104.46416399977524,41.303800000261596],[-104.46417200017116,41.30144000001746],[-104.4641749996459,41.30065500010357],[-104.4641749996459,41.30054199988908],[-104.46417299999608,41.2980959997974],[-104.46417299999608,41.2973350002373],[-104.46417399982097,41.2972329998769],[-104.46420700033126,41.29403199966431],[-104.464253000362,41.290761000127944],[-104.46428900034701,41.28831600010066],[-104.46429099999685,41.28817400033047],[-104.46429900039277,41.28774900018898],[-104.4643019998675,41.28760800021019],[-104.46430600006546,41.28741299976622],[-104.46431799976102,41.285233000266565],[-104.4643229997839,41.28441900028769],[-104.46432000030917,41.28153700028023],[-104.46430799971527,41.27810900005741],[-104.4643019998675,41.276078999868915],[-104.4643019998675,41.2757349999093],[-104.4643019998675,41.2753660002178],[-104.4643019998675,41.27426099986462],[-104.46430299969242,41.27389299982784],[-104.46430299969242,41.27382099993021],[-104.46430299969242,41.27377600029149],[-104.46430600006546,41.27342700020951],[-104.46430699989038,41.273310999732395],[-104.46431699993612,41.27199900017055],[-104.46435100027131,41.26806599984874],[-104.46436299996687,41.26675500020766],[-104.46436299996687,41.26670799975855],[-104.46436399979179,41.26656700023387],[-104.46436499961669,41.26652100032305],[-104.46437300001261,41.26561000014022],[-104.46437800003548,41.26463999984796],[-104.4643799996853,41.264114000292615],[-104.46438499970819,41.26320799986173],[-104.46440300014984,41.261913999744856],[-104.46440300014984,41.2600960003199],[-104.46442999991402,41.25722500030856],[-104.46443400011196,41.25689300000177],[-104.46445699967819,41.25523000032973],[-104.46445800040144,41.25448699983178],[-104.46445900022633,41.25358000004602],[-104.46446099987615,41.25300799990834],[-104.46448299961747,41.25157900016666],[-104.46448900036357,41.25086200013536],[-104.46449500021134,41.250161999845695],[-104.46449500021134,41.24995600025019],[-104.46449400038645,41.24954199994463],[-104.46449400038645,41.24830300032953],[-104.46449400038645,41.247889999964386],[-104.46449400038645,41.24754400017551],[-104.46449500021134,41.247091000073475],[-104.464506000082,41.244697000187905],[-104.46451000027996,41.243899000097905],[-104.46451199992978,41.24332199989075],[-104.4645200003257,41.24167699998405],[-104.4645200003257,41.241594000237875],[-104.4645269999984,41.241019000045505],[-104.46453500039432,41.24022100029959],[-104.4645479999148,41.239125999780484],[-104.46455700013564,41.23782999998025],[-104.46456299998341,41.237033000251536],[-104.46457399985405,41.235498000271186],[-104.46459399994555,41.234335000077266],[-104.46462300025786,41.23266100016476],[-104.46464499999918,41.22901000023914],[-104.46467000011354,41.22624400009895],[-104.46468199980909,41.22492699979302],[-104.46469100002993,41.223546999888306],[-104.46470000025076,41.22207499969243],[-104.46470500027364,41.22129300000561],[-104.46474000043374,41.21875999991332],[-104.46476200017504,41.21766199985659],[-104.46479300013718,41.216191999832105],[-104.46479200031227,41.2156769998744],[-104.46478999976412,41.21413300012509],[-104.46478999976412,41.21361900030749],[-104.46603800044227,41.21370500015075],[-104.46793200030247,41.21385100020722],[-104.46850899988756,41.21389499978076],[-104.46985499957667,41.21397200014593],[-104.47269199961816,41.2141149999078],[-104.47638599962725,41.21426500021526],[-104.48178799972366,41.214462999851186],[-104.4832609996344,41.21451700020076],[-104.48368599978183,41.214527000035346],[-104.48368099975896,41.2144530000068],[-104.48367599973608,41.21430200000845],[-104.4836830003071,41.213873000335575],[-104.4836830003071,41.21384500010948],[-104.483684000132,41.21376300029547],[-104.48368499995692,41.21373600015294],[-104.48368599978183,41.21363999970605],[-104.48369099980471,41.213352999683764],[-104.48369300035283,41.21325800016428],[-104.48369099980471,41.213083000119234],[-104.48368599978183,41.21255900002687],[-104.48368499995692,41.21238500029056],[-104.48368599978183,41.212046000162516],[-104.48368699960675,41.21201100008314],[-104.4837040002235,41.21103099971939],[-104.48371000007128,41.210693000186104],[-104.48371300044433,41.21047199985898],[-104.48372099994194,41.21002600027077],[-104.48372299959176,41.20981100018624],[-104.4837259999648,41.20959099977702],[-104.4837259999648,41.20946500021706],[-104.48373000016277,41.20909000001046],[-104.48373199981258,41.20896599989277],[-104.48374100003342,41.208617999767924],[-104.48372500013988,41.207537999782964],[-104.48372500013988,41.207521000004256],[-104.48376199994982,41.20601299987498],[-104.48375199990407,41.20387599988259],[-104.48375100007915,41.203188000044385],[-104.48375100007915,41.20174399993637],[-104.48375699992694,41.19886099987766],[-104.48375799975186,41.198493000250686],[-104.48376100012489,41.19713999985629],[-104.48377700001843,41.19512200026894],[-104.48375299972898,41.19462899990698],[-104.48378299986621,41.19021300007951],[-104.48379799993484,41.18804400014626],[-104.48382700024713,41.18733099968441],[-104.48382800007205,41.18721800006377],[-104.48383399991984,41.186883000167946],[-104.48383599956966,41.18677100031691],[-104.48385499983624,41.18555899986472],[-104.48386800025501,41.18483200016248],[-104.48385999985909,41.184285999724],[-104.48391000008782,41.18223400024684],[-104.48391500011068,41.18192700024225],[-104.48393500020218,41.18071600001528],[-104.48393699985199,41.18058000001601],[-104.48394299969979,41.17916500033052],[-104.48394500024791,41.17888199983514],[-104.48394000022503,41.17655899990024],[-104.48397399966193,41.17464799973066],[-104.48397500038516,41.17451400008659],[-104.48398799990562,41.17296399967124],[-104.48400200014933,41.1713720002424],[-104.48401200019507,41.1702699997884],[-104.48404399998212,41.16659800011282],[-104.48405900005073,41.1650069997056],[-104.4840709997463,41.163600999685926],[-104.48410799955622,41.15938600006241],[-104.484120999975,41.15798100014117]]]},"properties":{"GEOID":"560210020021","BASENAME":"1","STATE":"56","COUNTY":"021","TRACT":"002002","BLKGRP":"1","NAME":"1"}},{"type":"Feature","geometry":{"type":"Polygon","coordinates":[[[-104.75781200038193,41.14272799976093],[-104.75779999978806,41.1427219999093],[-104.75776399980305,41.14270399967458],[-104.75775200010746,41.14269799982074],[-104.75684499991118,41.1422379996962],[-104.75670199979606,41.14215299987151],[-104.7566060004349,41.142050000198935],[-104.75654799981027,41.1419150003174],[-104.75654100013757,41.141560999684245],[-104.75653899958944,41.14145199979062],[-104.75653899958944,41.1412939999893],[-104.75654399961229,41.140660999789894],[-104.75655899968093,41.13865200000994],[-104.75613500025672,41.138651000085325],[-104.75486300018746,41.138648000311335],[-104.75443899986489,41.138646999710105],[-104.75421499955893,41.13864499986071],[-104.75354599991235,41.13863900031209],[-104.75332300032957,41.13863699978589],[-104.75311800029016,41.138637999710724],[-104.75250499982175,41.13864300001119],[-104.75230099960723,41.13864599978541],[-104.75207899984939,41.13864100016167],[-104.75141600005058,41.13862899971005],[-104.75119500011765,41.13862500001004],[-104.75118900026986,41.13879799966642],[-104.75117300037634,41.139317999871416],[-104.75116800035346,41.139492000317915],[-104.75116800035346,41.13965300012933],[-104.7511709998282,41.14013900028087],[-104.7511719996531,41.14030099975662],[-104.7511719996531,41.14037299992132],[-104.75115400010978,41.14080200025094],[-104.75115199956163,41.14085900014982],[-104.75105799985029,41.141146999913744],[-104.75092200030616,41.141431000237134],[-104.75039400022658,41.14207100023068],[-104.75007600020926,41.142458999671966],[-104.74985899957593,41.14272000018414],[-104.74985299972816,41.1427290002999],[-104.74965699990959,41.14305599983512],[-104.74952700021325,41.143335000067204],[-104.74945400041831,41.143577999804215],[-104.7494390003497,41.14364200028944],[-104.74941099986229,41.14377100024265],[-104.74938900012098,41.14397799995189],[-104.74937400005238,41.14415200021186],[-104.74937300022746,41.14423300011709],[-104.74937099967931,41.14457099980265],[-104.74937800025033,41.144914000274355],[-104.74937900007524,41.14500100023502],[-104.74938400009812,41.14525700030491],[-104.74938400009812,41.14529300004438],[-104.74938699957285,41.145400999820545],[-104.74938800029608,41.14543799997854],[-104.74986399959883,41.14543799997854],[-104.75129399985185,41.14543799997854],[-104.7517709998778,41.14543799997854],[-104.75213599975079,41.14544500007923],[-104.7531700001687,41.14546400005877],[-104.75323100026807,41.1454659997003],[-104.75359600014106,41.14547400029508],[-104.75361200003456,41.14547400029508],[-104.75366100043837,41.14547400029508],[-104.7536780001568,41.145475000115674],[-104.7541280004186,41.14547900007437],[-104.75421499955893,41.14547999989493],[-104.75496699994451,41.14548699999108],[-104.75532199977177,41.14547999989493],[-104.75582200026226,41.14548900030838],[-104.75589199968414,41.14549400008653],[-104.75608599985291,41.14551399987193],[-104.75612299966284,41.14552700023654],[-104.75613600008163,41.14550699977861],[-104.75630199976298,41.14525300033267],[-104.75666599981105,41.144662000226916],[-104.75691500023139,41.14413799973375],[-104.75706500001921,41.14387499976319],[-104.75749000016664,41.14313300031599],[-104.7575210001288,41.143088999859],[-104.75767000009171,41.1428839997698],[-104.75770299970367,41.142848000060866],[-104.75771199992451,41.14283700023981],[-104.7577400004119,41.14280599981175],[-104.75774999955934,41.14279599984509],[-104.75776200015322,41.14278199975394],[-104.75779899996314,41.14274100000135],[-104.75781200038193,41.14272799976093]]]},"properties":{"GEOID":"560210005034","BASENAME":"4","STATE":"56","COUNTY":"021","TRACT":"000503","BLKGRP":"4","NAME":"4"}},{"type":"Feature","geometry":{"type":"Polygon","coordinates":[[[-104.80954500022735,41.10243499980509],[-104.80954600005226,41.10238900020577],[-104.80942800005147,41.10238799972853],[-104.80907499987406,41.10238500032736],[-104.80895799969818,41.10238399985005],[-104.80880899973529,41.10238200024918],[-104.80836199984653,41.10237799969347],[-104.80821399970853,41.102376999892975],[-104.80804800002718,41.1023750002919],[-104.80763700012345,41.10237099973576],[-104.8075500000848,41.102369999935114],[-104.80738500022838,41.1023690001345],[-104.80733699964948,41.10236800033382],[-104.80719500025756,41.10236699985625],[-104.80714800040191,41.10236699985625],[-104.80700199991372,41.102366000055596],[-104.8068749996921,41.10236500025486],[-104.80675900023947,41.10236500025486],[-104.80670399998789,41.10236500025486],[-104.80661799977416,41.10236500025486],[-104.80635599983334,41.10236399977725],[-104.80626999961962,41.10236399977725],[-104.8061690002356,41.10236299997654],[-104.80610300011334,41.10236299997654],[-104.80560500017098,41.10235999989737],[-104.8054379997664,41.10235999989737],[-104.80541100000221,41.10235999989737],[-104.80530600042023,41.10235999989737],[-104.8049230001056,41.10235900009655],[-104.80479500005907,41.10235900009655],[-104.80476400009692,41.10235800029577],[-104.8047409996324,41.10235800029577],[-104.804579000149,41.102356999818056],[-104.80452600044556,41.102356999818056],[-104.80434800017032,41.10235600001719],[-104.80404699987146,41.1023539997386],[-104.80381500006784,41.10235299993769],[-104.80363799961754,41.10235200013681],[-104.80301099980373,41.10234800025615],[-104.8011300003623,41.102336999736984],[-104.80050400037342,41.102334000333535],[-104.80050699984815,41.10257199996595],[-104.8005179997188,41.10328599978021],[-104.8005219999168,41.10352499980699],[-104.80052299974169,41.10365199988368],[-104.80052600011473,41.10384299976574],[-104.80052899958946,41.1040329999939],[-104.80053100013761,41.10415999976504],[-104.8005319999625,41.104278999764794],[-104.80053399961234,41.10439800022576],[-104.8005379998103,41.10463599982392],[-104.80054000035844,41.104756000079156],[-104.80054200000826,41.10490700019036],[-104.80054299983317,41.104992000212235],[-104.80055299987893,41.10570100001065],[-104.80055700007688,41.105937999878215],[-104.80056700012263,41.10666699973785],[-104.80059700025986,41.10885699994954],[-104.80060700030559,41.10958700025809],[-104.80066000000903,41.11018599976906],[-104.80068599994831,41.11032900011091],[-104.80080800014704,41.110973000337154],[-104.80096200013284,41.11165399992418],[-104.80110199987492,41.112168000106635],[-104.801213000203,41.11250500022267],[-104.80129400039384,41.11275100006458],[-104.80147199977077,41.11320600032262],[-104.80157499970294,41.11345200024496],[-104.80169799972657,41.11374300009371],[-104.80190500031415,41.114180999924976],[-104.8019670002384,41.11431200020145],[-104.80202599978963,41.11442000022761],[-104.8020369996603,41.11444199992291],[-104.8020729996453,41.11450800031808],[-104.80208500023917,41.114529999983894],[-104.80212200004911,41.11459899981074],[-104.80223599985192,41.11480899972033],[-104.8022480004458,41.11483099996207],[-104.80227600003491,41.114877999930776],[-104.80233899978407,41.114983999808636],[-104.80252899975488,41.11530300004937],[-104.80259300022732,41.115410000196604],[-104.80266099999936,41.115524000079354],[-104.80277499980218,41.11569999988952],[-104.80306699988024,41.11614899975951],[-104.80332100032344,41.11657199992493],[-104.80349799987545,41.11686600024847],[-104.80351100029425,41.11688499970847],[-104.80354999975397,41.116945000175434],[-104.80356300017277,41.11696499986773],[-104.80364400036363,41.117088000006994],[-104.8038879998628,41.11745699971856],[-104.80396999987856,41.117580999858426],[-104.80451999969947,41.118414999897624],[-104.80455200038482,41.118463000239515],[-104.80468700010405,41.11866699994752],[-104.80460900028625,41.11868099977155],[-104.80467399968525,41.11878799982637],[-104.80476400009692,41.11893699970072],[-104.80488000044788,41.11909499988834],[-104.80489799999121,41.11909300011966],[-104.80504799977906,41.119072000175954],[-104.80700100008882,41.11877800025871],[-104.8090289998433,41.11847899989455],[-104.80913199977547,41.118463000239515],[-104.80944200029518,41.11841699968701],[-104.80954600005226,41.11840299980668],[-104.80952900033382,41.11822699979962],[-104.80951500009012,41.118101999965546],[-104.80941600035591,41.11719999985623],[-104.80938399967054,41.11690000016873],[-104.80938600021868,41.11669800022485],[-104.80939500043954,41.11610300029239],[-104.80939500043954,41.11608000020832],[-104.80940499958696,41.1153479997973],[-104.8094220002037,41.11409100015184],[-104.80942800005147,41.11371299975728],[-104.80943399989927,41.11331600008268],[-104.8094360004474,41.11316799994425],[-104.80944800014296,41.11235399998695],[-104.80945999983854,41.11148499975934],[-104.8094849999529,41.10969000013593],[-104.8094849999529,41.10965399980926],[-104.80949599982354,41.10781400007067],[-104.80949599982354,41.10775900000397],[-104.8095000000215,41.106040000320455],[-104.80950500004437,41.10562799995053],[-104.80952000011298,41.10439099980646],[-104.80952599996078,41.103979999696946],[-104.80952699978569,41.10388299968131],[-104.80953000015873,41.10359200012858],[-104.80953199980856,41.10349600000023],[-104.80953199980856,41.10347300023774],[-104.80953199980856,41.10340400022499],[-104.80953299963348,41.10338200021555],[-104.80953400035669,41.103360999984204],[-104.80953400035669,41.103342999780615],[-104.80953400035669,41.10327699966875],[-104.80953600000652,41.103080999868574],[-104.80953799965633,41.1030159999611],[-104.80953900037957,41.102937000195226],[-104.80954100002938,41.102701000122984],[-104.80954299967921,41.10262299977495],[-104.80954299967921,41.102575999832936],[-104.80954500022735,41.10243499980509]]]},"properties":{"GEOID":"560210004042","BASENAME":"2","STATE":"56","COUNTY":"021","TRACT":"000404","BLKGRP":"2","NAME":"2"}},{"type":"Feature","geometry":{"type":"Polygon","coordinates":[[[-104.85097900039328,41.113889999987414],[-104.85097500019533,41.11375799991836],[-104.8509740003704,41.11372399972429],[-104.85096500014957,41.113364999725746],[-104.85096199977653,41.1132340002667],[-104.85093699966218,41.112453999966725],[-104.85087399991296,41.110413000204396],[-104.85086200021742,41.11011700004175],[-104.8508329999051,41.10933800030646],[-104.85082399968427,41.10905599988149],[-104.85080000029315,41.108210000138584],[-104.85079199989723,41.107928000283756],[-104.85076799960777,41.10710200021079],[-104.85076400030813,41.1069970001971],[-104.85070999988145,41.105345999836885],[-104.85067600044458,41.104207999699874],[-104.85064999960699,41.10327800013246],[-104.85060699994928,41.10254800008193],[-104.85060600012437,41.10252700026082],[-104.8505790003602,41.10204399981481],[-104.85055599989566,41.10027300005544],[-104.85054699967483,41.09952199966809],[-104.8503399999856,41.09951299971776],[-104.8503049998255,41.099511999873606],[-104.84972200039263,41.09947200000354],[-104.84951599962997,41.09945899998973],[-104.8491519995819,41.09942899989603],[-104.84806299981075,41.09934000005639],[-104.84769999958759,41.0993109997555],[-104.84750600031715,41.09929500016761],[-104.84724500020124,41.0992739999833],[-104.84588000024554,41.099165000240525],[-104.84542499996087,41.09912900023608],[-104.84536899988439,41.09912400030912],[-104.84519999982999,41.09910999969926],[-104.84514299992857,41.09910499977084],[-104.84505800043809,41.09909800014119],[-104.84498399991992,41.099093000211866],[-104.84450600006902,41.09905899987005],[-104.84434700006037,41.09904800015386],[-104.84430799970231,41.099044999923244],[-104.8441729999831,41.099039999989884],[-104.84413699999809,41.09903800028726],[-104.84275399960075,41.09896899967663],[-104.84271400031608,41.098962000032486],[-104.84177100013477,41.09889300001898],[-104.84164999976096,41.098883999982455],[-104.8407159998005,41.09881499988701],[-104.84069599970901,41.098813000177486],[-104.84063799998268,41.098806999694666],[-104.84061899971611,41.09880599983976],[-104.84047899997402,41.09879599993631],[-104.8400610003976,41.09876600021669],[-104.83992199958213,41.09875700016277],[-104.83981100015234,41.09874899996335],[-104.83963899972488,41.09873699966242],[-104.83948100043946,41.0987259998923],[-104.83937099993628,41.09871900022231],[-104.83910899999547,41.098701000100306],[-104.83906799998758,41.09869699999729],[-104.83893099972023,41.09868600022051],[-104.8388439996816,41.09867899986931],[-104.8381609997913,41.098625000132564],[-104.83789100035288,41.098603999734046],[-104.83749700016757,41.09857300006832],[-104.83719900024174,41.098554999906355],[-104.83703500021021,41.09855900001798],[-104.83687899967629,41.09856399998796],[-104.83650499958247,41.09859700005105],[-104.83615700032625,41.09865099981076],[-104.83575300009521,41.09875099967483],[-104.835358000085,41.09889600025654],[-104.83510000034214,41.09901299993701],[-104.8348519997467,41.09914899994011],[-104.8346960001111,41.099255000165385],[-104.83460499987447,41.09931800003941],[-104.83435999965211,41.09950799982003],[-104.83406099990137,41.09978000020248],[-104.83317999964434,41.100580000054926],[-104.8322819996689,41.10139699988922],[-104.83198999959083,41.1016299997964],[-104.83174500026678,41.10179699998545],[-104.83147099973209,41.1019470003242],[-104.83109099979048,41.10211399970713],[-104.83062499963516,41.10225399994491],[-104.83015299963205,41.10233299985545],[-104.82967499978118,41.10236699985625],[-104.82897000014957,41.102373999814446],[-104.8289450000352,41.10308600017123],[-104.82893699963927,41.103322000213716],[-104.82885200014877,41.104343999775935],[-104.82872199955412,41.10434300000537],[-104.82871300023162,41.10386600007554],[-104.82828999973398,41.103484999673356],[-104.82796199967093,41.10334400024332],[-104.827852999891,41.1033389999603],[-104.82749800006374,41.1033760001501],[-104.82729499967417,41.10365700014286],[-104.82545500024064,41.10491900004084],[-104.82516800018544,41.10500700000558],[-104.82492899981085,41.1050850002296],[-104.82451200005933,41.10537200023889],[-104.82449100014294,41.10598200020783],[-104.8241000003307,41.1059870002896],[-104.8239329999261,41.1060289997429],[-104.82387000017691,41.10608600006992],[-104.82383400019191,41.10618999976725],[-104.82384900026054,41.10728300024635],[-104.82380099968162,41.10730600002812],[-104.82374399978023,41.10738799980269],[-104.82373200008466,41.107499000234114],[-104.82373200008466,41.10984800024559],[-104.8237289997116,41.109999000153636],[-104.82372399968874,41.11045199982448],[-104.82372200003891,41.11060400004912],[-104.82372399968874,41.11100000021074],[-104.82373200008466,41.11218700024958],[-104.82373499955938,41.11258399998349],[-104.82373499955938,41.11280900028922],[-104.82373600028262,41.113483999963535],[-104.82373700010751,41.11370899989188],[-104.82373700010751,41.113942000105816],[-104.82373799993243,41.11464299975074],[-104.82373899975735,41.11487700032056],[-104.82373899975735,41.11500900016989],[-104.82373899975735,41.11504500026733],[-104.82373399973447,41.11540800031561],[-104.82373299990958,41.115541000050854],[-104.82373299990958,41.11561899994324],[-104.82373299990958,41.11585400001313],[-104.82373399973447,41.115932999804485],[-104.82373799993243,41.11627200007431],[-104.82377100044272,41.11646799975298],[-104.82422599982907,41.116441000097865],[-104.82455600044028,41.1164369997219],[-104.82525699987391,41.11642999990934],[-104.82691399990765,41.11643600013547],[-104.8276999997301,41.11643999983471],[-104.82791300016544,41.116441000097865],[-104.82855400022294,41.11644400021049],[-104.82876799958488,41.116444999796805],[-104.82976600001776,41.11644400021049],[-104.83276299989284,41.116441000097865],[-104.83376200015064,41.116441000097865],[-104.835618000376,41.11643900024833],[-104.83571499956206,41.11643900024833],[-104.83624799966452,41.1164379999851],[-104.83720599991445,41.11642399968267],[-104.83804399961542,41.11639500015858],[-104.83910499979751,41.11632300007117],[-104.84013099981948,41.116204999832355],[-104.84054199972323,41.1161480001687],[-104.84098100011435,41.1160870000582],[-104.84181399979248,41.115934000075356],[-104.84299799999822,41.115682999959205],[-104.843484000245,41.11557899973233],[-104.8435660002608,41.11556199977068],[-104.8436170003144,41.115551999711556],[-104.84473799987262,41.11529299995079],[-104.84636499976914,41.11493600030656],[-104.84725199987393,41.11474099972648],[-104.84931599961344,41.11426200029209],[-104.85004899973245,41.114096000292896],[-104.85023500040361,41.114055000208026],[-104.8507209997521,41.11394799988251],[-104.85079299972213,41.11393100017528],[-104.85097900039328,41.113889999987414]]]},"properties":{"GEOID":"560210003003","BASENAME":"3","STATE":"56","COUNTY":"021","TRACT":"000300","BLKGRP":"3","NAME":"3"}},{"type":"Feature","geometry":{"type":"Polygon","coordinates":[[[-104.82866899985068,41.164288000109],[-104.82867100039881,41.16408700020191],[-104.82817500010626,41.16408899995173],[-104.82668700012694,41.164093999664004],[-104.82619099983438,41.16409700030274],[-104.82566799977764,41.16409300012736],[-104.8241019999805,41.164081999812815],[-104.8235799997487,41.164078999849686],[-104.82324400018801,41.164078000312806],[-104.8222359997094,41.16407700009962],[-104.82190099997365,41.16407700009962],[-104.82162200031439,41.164074999673204],[-104.82078500043829,41.16407100017277],[-104.82050699970564,41.16406999995947],[-104.82026800022935,41.164066999995796],[-104.81955400037691,41.164061000067974],[-104.81931599982721,41.16405900031736],[-104.81931400017741,41.164405000225244],[-104.81931099980434,41.16544200029178],[-104.81930999997942,41.16578899984705],[-104.81930199958352,41.166576999821736],[-104.8192990001088,41.167114000319785],[-104.81929099971286,41.16723299977783],[-104.81928800023813,41.16727200011578],[-104.81925599955278,41.16743599982629],[-104.81895799962696,41.167691000045295],[-104.81875599996056,41.167710999821644],[-104.81857000018775,41.16771199997935],[-104.81621600001999,41.16769799979868],[-104.81621299964695,41.16787400030689],[-104.81620699979918,41.168405000112635],[-104.81620599997426,41.16858299968686],[-104.81620400032443,41.16875999998824],[-104.81620099995139,41.16928999991859],[-104.81620000012647,41.16946799979341],[-104.81620000012647,41.16964499973265],[-104.81620099995139,41.17017800030265],[-104.8162019997763,41.17035599979359],[-104.81619799957834,41.17052999969473],[-104.81618599988276,41.17105400021987],[-104.81618300040803,41.171228999723645],[-104.81634900008939,41.171229999827666],[-104.81684899968158,41.17123400024357],[-104.81701600008617,41.17123599977521],[-104.81731999985976,41.17123599977521],[-104.81823499955367,41.17123699987912],[-104.81854000005052,41.17123799998301],[-104.81902200009935,41.17124000019076],[-104.8204690000708,41.17124700024116],[-104.82095199994455,41.17124999987611],[-104.82126099974106,41.17125099997981],[-104.82218800002882,41.171255999821845],[-104.82249699982532,41.171258000029034],[-104.82345400025032,41.17126600018097],[-104.82449100014294,41.17127599986241],[-104.82478800024387,41.17127599986241],[-104.82568000037152,41.17127800006899],[-104.82597800029735,41.17127900017226],[-104.82626500035252,41.17128199980575],[-104.82706200004566,41.17128999995476],[-104.82712599961975,41.17129100005785],[-104.82741299967492,41.17129499979382],[-104.82770499975297,41.1713000003087],[-104.82858400036017,41.17131499982243],[-104.82859500023083,41.17031099990715],[-104.82859500023083,41.170280999740314],[-104.82859600005574,41.170193000073255],[-104.82859699988066,41.17016399997267],[-104.82860199990353,41.169665999716614],[-104.82861899962195,41.168174999680815],[-104.82862500036806,41.1676790001766],[-104.82863000039093,41.16733199981005],[-104.82864899975918,41.16629399971904],[-104.82865499960697,41.16594800031758],[-104.8286560003302,41.165777000306235],[-104.82865999962985,41.165266000013744],[-104.82866200017797,41.16509599977287],[-104.8286630000029,41.16489400011464],[-104.82866899985068,41.164288000109]]]},"properties":{"GEOID":"560210013013","BASENAME":"3","STATE":"56","COUNTY":"021","TRACT":"001301","BLKGRP":"3","NAME":"3"}},{"type":"Feature","geometry":{"type":"Polygon","coordinates":[[[-104.80956699996865,41.09513799985469],[-104.80956100012087,41.095008999736734],[-104.80952099993792,41.093955999974895],[-104.80943100042452,41.0939550000462],[-104.8091610000878,41.09395200025998],[-104.80907099967611,41.09395200025998],[-104.80891099984254,41.093951000331174],[-104.80843299999165,41.0939489997966],[-104.80827399998299,41.0939489997966],[-104.80812500002006,41.093947999867744],[-104.80767800013133,41.093947999867744],[-104.80752999999333,41.093947999867744],[-104.80737199980958,41.09394699993893],[-104.80689899998156,41.09394400015234],[-104.80674199962272,41.09394400015234],[-104.80658199978916,41.09394200029452],[-104.80610499976319,41.09393899983069],[-104.80594599975451,41.093937999901684],[-104.80578599992094,41.093936000043676],[-104.80530700024515,41.093933000256584],[-104.80514800023649,41.09393200032754],[-104.8044949995851,41.09392600007579],[-104.80253799997571,41.09390999985322],[-104.80188600004756,41.093905000205986],[-104.80158800012174,41.093902999669965],[-104.80069699981897,41.09389700009263],[-104.80039999971805,41.093895000233374],[-104.80040100044125,41.094025999686245],[-104.8004049997409,41.094418999862434],[-104.80040700028906,41.094551000220996],[-104.80040700028906,41.09465699974255],[-104.80040700028906,41.09497799972833],[-104.80040800011398,41.09508499982638],[-104.80040800011398,41.09516799987731],[-104.8004109995887,41.09533899987996],[-104.80042099963443,41.09610100024078],[-104.8004249998324,41.0963560003199],[-104.8004259996573,41.09646800033377],[-104.80042999985528,41.09680599967737],[-104.80043200040342,41.09691900016152],[-104.80043599970307,41.09727800004452],[-104.80044900012186,41.09835799969129],[-104.80045400014473,41.0987179996891],[-104.80045599979454,41.09887499994466],[-104.80046199964231,41.099347000337154],[-104.80046500001535,41.09950500028738],[-104.8004669996652,41.09965399992642],[-104.80047300041129,41.10010399970567],[-104.80047500006111,41.10025399984955],[-104.80047800043415,41.10047600027317],[-104.80048699975667,41.10114400006491],[-104.80049099995463,41.10136700000379],[-104.80049299960446,41.10156000006515],[-104.80050100000037,41.10214000003497],[-104.80050400037342,41.102334000333535],[-104.8011300003623,41.102336999736984],[-104.80301099980373,41.10234800025615],[-104.80363799961754,41.10235200013681],[-104.80381500006784,41.10235299993769],[-104.80404699987146,41.1023539997386],[-104.80434800017032,41.10235600001719],[-104.80452600044556,41.102356999818056],[-104.804579000149,41.102356999818056],[-104.8047409996324,41.10235800029577],[-104.80476400009692,41.10235800029577],[-104.80479500005907,41.10235900009655],[-104.8049230001056,41.10235900009655],[-104.80530600042023,41.10235999989737],[-104.80541100000221,41.10235999989737],[-104.8054379997664,41.10235999989737],[-104.80560500017098,41.10235999989737],[-104.80610300011334,41.10236299997654],[-104.8061690002356,41.10236299997654],[-104.80626999961962,41.10236399977725],[-104.80635599983334,41.10236399977725],[-104.80661799977416,41.10236500025486],[-104.80670399998789,41.10236500025486],[-104.80675900023947,41.10236500025486],[-104.8068749996921,41.10236500025486],[-104.80700199991372,41.102366000055596],[-104.80714800040191,41.10236699985625],[-104.80719500025756,41.10236699985625],[-104.80733699964948,41.10236800033382],[-104.80738500022838,41.1023690001345],[-104.8075500000848,41.102369999935114],[-104.80763700012345,41.10237099973576],[-104.80804800002718,41.1023750002919],[-104.80821399970853,41.102376999892975],[-104.80836199984653,41.10237799969347],[-104.80880899973529,41.10238200024918],[-104.80895799969818,41.10238399985005],[-104.80907499987406,41.10238500032736],[-104.80942800005147,41.10238799972853],[-104.80954600005226,41.10238900020577],[-104.80951099989215,41.101285999973896],[-104.80950400021948,41.10095999988819],[-104.80948400012797,41.100302999763635],[-104.8094780002802,41.10008699979864],[-104.80947300025731,41.09992999973243],[-104.80946700040954,41.09972900021657],[-104.8094430001201,41.09891500017831],[-104.80943800009722,41.09874300015164],[-104.80943700027233,41.09869799985385],[-104.80943499972419,41.09864400013272],[-104.8094360004474,41.09841300018535],[-104.80943999974704,41.0974530001492],[-104.80944200029518,41.09713299995273],[-104.80944599959483,41.09678599993686],[-104.80945800018871,41.095744999722456],[-104.80945900001363,41.09572800004116],[-104.80943800009722,41.09566199972358],[-104.80946800023446,41.0955399999672],[-104.80947900010511,41.0954940002777],[-104.80950599986927,41.095384999678004],[-104.80956699996865,41.09513799985469]]]},"properties":{"GEOID":"560210004041","BASENAME":"1","STATE":"56","COUNTY":"021","TRACT":"000404","BLKGRP":"1","NAME":"1"}},{"type":"Feature","geometry":{"type":"Polygon","coordinates":[[[-104.75128700017915,41.136523000108355],[-104.75128899982897,41.136208999980596],[-104.7509740001847,41.13620800001873],[-104.75002900035358,41.13620500013302],[-104.749713999811,41.13620500013302],[-104.74935099958783,41.13620500013302],[-104.74914899992147,41.136206000094916],[-104.74826299964157,41.13619899968464],[-104.74790100014165,41.13619699976059],[-104.74766900033805,41.13619699976059],[-104.74697499967878,41.13619699976059],[-104.74674399970012,41.13619699976059],[-104.74675999959362,41.13591199981027],[-104.74676200014179,41.135877000300724],[-104.7467570001189,41.135740999922284],[-104.74673299982946,41.13557100023664],[-104.74666599988231,41.135285000296854],[-104.74661200035395,41.13513199973903],[-104.7465899997143,41.13507900019223],[-104.74648400030745,41.134814999769226],[-104.74640899996436,41.134654000260895],[-104.746279000268,41.13437099967569],[-104.74620399992494,41.13424200017773],[-104.74616299991705,41.134183999948405],[-104.74606099980981,41.13404000016049],[-104.74597100029645,41.13391599999591],[-104.74595799987765,41.133904000033034],[-104.74585099974753,41.1338050002554],[-104.74567800039347,41.133673000319526],[-104.74555000034695,41.13359600023422],[-104.74540399985878,41.13350900002915],[-104.7451799995528,41.133397000271884],[-104.74507900016876,41.13335200004371],[-104.74487499995426,41.13326000015771],[-104.74468300033365,41.13316900015095],[-104.74450900025637,41.13303700028852],[-104.74428800032344,41.13277999986618],[-104.74423300007184,41.132713000238304],[-104.74400700011604,41.13243400015325],[-104.74380000042682,41.13205899992314],[-104.74356400042525,41.13181500010541],[-104.74307099960744,41.13147000007342],[-104.74290699957591,41.13135500011067],[-104.74143899968806,41.13212400017071],[-104.74118199977009,41.13225299977393],[-104.73700400006237,41.134400000052416],[-104.73597700021548,41.13488799984895],[-104.73425099968647,41.13578399992815],[-104.73391500012579,41.135947999943504],[-104.73140699997228,41.13722699993931],[-104.73056199970026,41.13765799975304],[-104.73046999963876,41.13770600022728],[-104.73030300013248,41.13779099972649],[-104.72534399972683,41.1403139998016],[-104.72071400010749,41.14266700000349],[-104.71950200031266,41.14329700022183],[-104.71924600021963,41.143431000112685],[-104.71759699968351,41.14425599980471],[-104.71580300028073,41.14515199976823],[-104.71599900009932,41.14520499996994],[-104.71658699955505,41.14536599996267],[-104.71678400009687,41.145419999812844],[-104.71695700034921,41.14531799968265],[-104.71710200011417,41.14526299992462],[-104.71723799965831,41.14523199996691],[-104.71742699980419,41.145213999744705],[-104.71756599972137,41.145213999744705],[-104.71782500018746,41.14521500024574],[-104.71929800009818,41.14524499971094],[-104.72003899971479,41.14524499971094],[-104.7208639998953,41.1452460002115],[-104.72170900016732,41.1452489996837],[-104.72223499969878,41.14525199983221],[-104.72424499990994,41.14526600007253],[-104.72451500024668,41.14526900022027],[-104.72509100000684,41.14528400028047],[-104.72524599981756,41.14528400028047],[-104.72571399962271,41.14528599992748],[-104.72587000015662,41.14528699975094],[-104.72635999970308,41.145289000074285],[-104.7278319997889,41.145294999691075],[-104.7280929999048,41.14529700001418],[-104.72832300005855,41.14529900033724],[-104.72842500016583,41.14530000016049],[-104.72859099984716,41.14530199980702],[-104.72873300013738,41.14530300030671],[-104.72883600006953,41.1453049999531],[-104.7291499998889,41.14530800009909],[-104.72952499980764,41.145312000067975],[-104.73006999960566,41.14533199990888],[-104.73009300007021,41.14533400023087],[-104.73026600032256,41.145350000098695],[-104.73040400041484,41.14538300032117],[-104.73090499983192,41.14537899968013],[-104.73250699961409,41.14536599996267],[-104.73265700030024,41.14536599996267],[-104.73789000034225,41.14538100000068],[-104.73846600010243,41.14538300032117],[-104.73861300041553,41.145384000143146],[-104.73868000036268,41.145384000143146],[-104.73884199984607,41.14538499996511],[-104.73897800028851,41.14538499996511],[-104.7401740001898,41.14539299989329],[-104.74034200041929,41.14539500021346],[-104.74049399985692,41.145396000035255],[-104.74064700001782,41.14539699985704],[-104.74191099969116,41.14540499978376],[-104.74208499976844,41.1454070001035],[-104.74226200021874,41.145407999925176],[-104.74399500042048,41.145419999812844],[-104.74502999976495,41.14542600009412],[-104.74551500018686,41.14543000005585],[-104.7460030000835,41.14543000005585],[-104.74667699975298,41.14543099987712],[-104.74691600012757,41.14543099987712],[-104.74694500043988,41.14543099987712],[-104.74740999987198,41.14543199969837],[-104.74889299982844,41.14543600033617],[-104.74938800029608,41.14543799997854],[-104.74938699957285,41.145400999820545],[-104.74938400009812,41.14529300004438],[-104.74938400009812,41.14525700030491],[-104.74937900007524,41.14500100023502],[-104.74937800025033,41.144914000274355],[-104.74937099967931,41.14457099980265],[-104.74937300022746,41.14423300011709],[-104.74937400005238,41.14415200021186],[-104.74938900012098,41.14397799995189],[-104.74941099986229,41.14377100024265],[-104.7494390003497,41.14364200028944],[-104.74945400041831,41.143577999804215],[-104.74952700021325,41.143335000067204],[-104.74965699990959,41.14305599983512],[-104.74985299972816,41.1427290002999],[-104.74985899957593,41.14272000018414],[-104.75007600020926,41.142458999671966],[-104.75039400022658,41.14207100023068],[-104.75092200030616,41.141431000237134],[-104.75105799985029,41.141146999913744],[-104.75115199956163,41.14085900014982],[-104.75115400010978,41.14080200025094],[-104.7511719996531,41.14037299992132],[-104.7511719996531,41.14030099975662],[-104.7511709998282,41.14013900028087],[-104.75116800035346,41.13965300012933],[-104.75116800035346,41.139492000317915],[-104.75117300037634,41.139317999871416],[-104.75118900026986,41.13879799966642],[-104.75119500011765,41.13862500001004],[-104.75123600012552,41.138459000067236],[-104.7512620000648,41.138357999863814],[-104.75128600035423,41.1381439998032],[-104.75128399980609,41.137949999783416],[-104.75128299998119,41.13777999973382],[-104.75128299998119,41.13746500026822],[-104.75128700017915,41.136523000108355]]]},"properties":{"GEOID":"560210005021","BASENAME":"1","STATE":"56","COUNTY":"021","TRACT":"000502","BLKGRP":"1","NAME":"1"}},{"type":"Feature","geometry":{"type":"Polygon","coordinates":[[[-104.73248200039804,41.14675399968211],[-104.73250699961409,41.14536599996267],[-104.73090499983192,41.14537899968013],[-104.73040400041484,41.14538300032117],[-104.73026600032256,41.145350000098695],[-104.73009300007021,41.14533400023087],[-104.73006999960566,41.14533199990888],[-104.72952499980764,41.145312000067975],[-104.7291499998889,41.14530800009909],[-104.72883600006953,41.1453049999531],[-104.72873300013738,41.14530300030671],[-104.72859099984716,41.14530199980702],[-104.72842500016583,41.14530000016049],[-104.72832300005855,41.14529900033724],[-104.7280929999048,41.14529700001418],[-104.7278319997889,41.145294999691075],[-104.72635999970308,41.145289000074285],[-104.72587000015662,41.14528699975094],[-104.72571399962271,41.14528599992748],[-104.72524599981756,41.14528400028047],[-104.72509100000684,41.14528400028047],[-104.72451500024668,41.14526900022027],[-104.72424499990994,41.14526600007253],[-104.72223499969878,41.14525199983221],[-104.72170900016732,41.1452489996837],[-104.7208639998953,41.1452460002115],[-104.72003899971479,41.14524499971094],[-104.71929800009818,41.14524499971094],[-104.71782500018746,41.14521500024574],[-104.71756599972137,41.145213999744705],[-104.71742699980419,41.145213999744705],[-104.71723799965831,41.14523199996691],[-104.71710200011417,41.14526299992462],[-104.71695700034921,41.14531799968265],[-104.71678400009687,41.145419999812844],[-104.7162440003217,41.145654000228284],[-104.71605299962766,41.14573699994088],[-104.71461599970196,41.14633799993305],[-104.71447299958683,41.14639900033456],[-104.71407299955374,41.146563000190085],[-104.71390500022257,41.14663099967989],[-104.71354399964923,41.14677999991707],[-104.71341099957984,41.14684199970714],[-104.7133510002037,41.14689700017014],[-104.7133160000436,41.14694000030322],[-104.71330699982276,41.14698999966733],[-104.71330299962482,41.147255000260735],[-104.71329099992924,41.14805199991255],[-104.7132879995562,41.14831800004973],[-104.71328699973128,41.14842000024837],[-104.71328699973128,41.14849300006766],[-104.71328699973128,41.149020000234366],[-104.7132879995562,41.149069000275944],[-104.71329699977703,41.14919600017183],[-104.71328300043164,41.14950699972495],[-104.71327599986063,41.14966500003123],[-104.71327800040878,41.15044100010081],[-104.71328000005859,41.15075300025267],[-104.71328000005859,41.1508550000453],[-104.71328099988351,41.15116399970192],[-104.71328199970841,41.15126699994024],[-104.71327000001286,41.15294599971571],[-104.71324800027153,41.156093999771734],[-104.71323599967766,41.15798399970709],[-104.71322499980703,41.15966400018995],[-104.7139350003598,41.15966499979415],[-104.71567500023423,41.159669000239816],[-104.71606699987136,41.15966400018995],[-104.71677800024908,41.159654999693416],[-104.71686000026484,41.15978399992932],[-104.71696400002192,41.159875000205155],[-104.71708000037286,41.15992600012611],[-104.71719800037366,41.15993999993835],[-104.71723799965831,41.15994499996716],[-104.71801400033334,41.15990900015687],[-104.71880699982849,41.15985199990952],[-104.71895499996651,41.15984199983731],[-104.71934300030401,41.15980499969206],[-104.71990399999558,41.15974199970735],[-104.72005600033152,41.15974199970735],[-104.72220600028479,41.159754999956064],[-104.72292299961195,41.159759999999],[-104.7239670000756,41.15977000008376],[-104.72589899957062,41.15979000024866],[-104.727101000218,41.159802999811525],[-104.72814599960823,41.159814000168],[-104.72858699964922,41.159814000168],[-104.72991200032024,41.15981499976991],[-104.73035400018611,41.159816000048146],[-104.73065299993685,41.159816000048146],[-104.7315509999123,41.159819000206426],[-104.73185100038629,41.15981999980826],[-104.73194799957236,41.15981999980826],[-104.73223899982548,41.15981999980826],[-104.73233599990985,41.15982100008642],[-104.73233799955969,41.15945899984515],[-104.73234799960542,41.15837499989933],[-104.73235099997848,41.15801400009332],[-104.73235400035152,41.15781499982233],[-104.73236699987201,41.15721899976012],[-104.73237199989487,41.157021000101714],[-104.73237100006997,41.15679900018343],[-104.73236900042014,41.1561829997689],[-104.73236900042014,41.15591200009283],[-104.73237100006997,41.15580200004186],[-104.73237199989487,41.155727999903746],[-104.732374000443,41.15566700006526],[-104.73237799974264,41.155509999687624],[-104.73238000029079,41.15543700024131],[-104.73238500031367,41.1550230001478],[-104.7324020000321,41.153784000170745],[-104.73240700005498,41.15347099986421],[-104.73240799987988,41.153371000160064],[-104.73240899970479,41.153249999800046],[-104.73241200007786,41.152891000268504],[-104.73241399972765,41.15277100008467],[-104.73242799997135,41.151584999937356],[-104.7324439998649,41.150780999734074],[-104.73245200026082,41.14952500012156],[-104.73245399991065,41.14849000006743],[-104.73245599956044,41.14771799972777],[-104.73248200039804,41.14675399968211]]]},"properties":{"GEOID":"560210020022","BASENAME":"2","STATE":"56","COUNTY":"021","TRACT":"002002","BLKGRP":"2","NAME":"2"}},{"type":"Feature","geometry":{"type":"Polygon","coordinates":[[[-104.82844899974263,41.18377499979205],[-104.82844999956755,41.183764999990395],[-104.82794999997536,41.183759999751004],[-104.8273890002838,41.183754000274476],[-104.82645000030047,41.18374499970653],[-104.82595099963486,41.18374000014165],[-104.82593800011439,41.183741999967644],[-104.82589799993141,41.18375099985992],[-104.82588600023585,41.183754000274476],[-104.82558900013494,41.18382199971811],[-104.82501800039762,41.18395500001659],[-104.8248059997872,41.183977999964576],[-104.82469399963422,41.18396499978923],[-104.8245940000751,41.18395500001659],[-104.82444299956406,41.18391899987603],[-104.82439999990632,41.183899000315236],[-104.8243830001879,41.18389099967793],[-104.82433299995917,41.18386799969939],[-104.82431700006566,41.18386100032164],[-104.82422099980619,41.18381199992369],[-104.82416899992765,41.18377299996706],[-104.82375499965087,41.18346700033347],[-104.8237279998867,41.18344699995859],[-104.82360300021321,41.18338800006773],[-104.82347699981653,41.183346000101565],[-104.82342900013596,41.183341999749274],[-104.82330299973924,41.18333299980074],[-104.82288900036079,41.183328000204405],[-104.82270900043571,41.18332599968968],[-104.82270500023778,41.18371800002343],[-104.82269500019203,41.184894999686094],[-104.82269299964388,41.18528799998193],[-104.82229299961081,41.18528600020314],[-104.82109300040989,41.18528299985878],[-104.82069400020171,41.18528299985878],[-104.81987999989184,41.185285000313726],[-104.81973199975384,41.185289999760656],[-104.81958699998889,41.18531600025876],[-104.81944800007172,41.18535200030733],[-104.81931900020028,41.18541099978084],[-104.8191099999629,41.185527000148994],[-104.81898699993924,41.1855769998247],[-104.81885899989273,41.185612999729784],[-104.81872599982334,41.18564400019561],[-104.81859000027923,41.18566200013223],[-104.81844700016408,41.185669999877085],[-104.8183989995852,41.18566899999353],[-104.81803000041258,41.185658999805085],[-104.81791400006162,41.18565600015389],[-104.81769800015155,41.18565600015389],[-104.81704899969812,41.18565700003764],[-104.81683399961297,41.185657999921375],[-104.81683500033621,41.185234999738995],[-104.81684100018398,41.18398699982442],[-104.81684299983378,41.18396700028438],[-104.81685399970445,41.183879000072295],[-104.81688200019187,41.18375299968558],[-104.8169480003141,41.183559000086404],[-104.81675999999312,41.18351800014632],[-104.81663500031966,41.183490999693596],[-104.81650499972501,41.18344600004109],[-104.81638300042457,41.18338899998611],[-104.81623899958622,41.183288000039624],[-104.81617099981416,41.183239999809665],[-104.81608799997346,41.18317099984],[-104.81599799956179,41.183096000260825],[-104.81572800012336,41.18287200025811],[-104.81563799971168,41.1827980002639],[-104.81578900022274,41.182666000249355],[-104.81580699976608,41.18263900012144],[-104.81584699994906,41.18258299997077],[-104.81588299993408,41.18248100020122],[-104.81603199989698,41.181980999721944],[-104.81609899984413,41.18175799990528],[-104.81610700024005,41.18172900019166],[-104.8161320003544,41.18164500013275],[-104.81614099967692,41.18161700031452],[-104.81607200007996,41.181608000128975],[-104.81599400026215,41.18159899994213],[-104.81586600021562,41.18159899994213],[-104.81579699972035,41.18159899994213],[-104.81579800044355,41.181150999747345],[-104.81580299956812,41.179809000328824],[-104.81580500011626,41.17936200003955],[-104.81602299967616,41.17935900009991],[-104.81609399982126,41.17935900009991],[-104.81642699990721,41.17929100007885],[-104.81664399964218,41.17926199994898],[-104.81666999958145,41.17926099996758],[-104.81688899986456,41.17925300011588],[-104.81709999975175,41.17925500007889],[-104.81773400013657,41.17926199994898],[-104.81794599984866,41.17926499989307],[-104.81794699967358,41.17910399999507],[-104.81795199969645,41.17862399992828],[-104.8179540002446,41.17846399980043],[-104.81798000018387,41.177698000247545],[-104.81799100005453,41.177072000046294],[-104.8179979997272,41.176999000275934],[-104.81804100028323,41.17694200001899],[-104.8181450000403,41.176888999782975],[-104.81842899972243,41.176768000244415],[-104.81854099987542,41.17671299982703],[-104.81860899964747,41.17666200012408],[-104.81855799959386,41.17650600003048],[-104.81856599998977,41.176490000329316],[-104.81860699999767,41.17637700025762],[-104.81860399962461,41.17485900018396],[-104.81850900008838,41.17485800013535],[-104.81852599980682,41.17392899976711],[-104.81852699963173,41.17388699982061],[-104.81854000005052,41.173447000178776],[-104.81853800040068,41.17327600012911],[-104.81853599985254,41.1730449998159],[-104.81853500002764,41.1727630000067],[-104.81853500002764,41.17259200020015],[-104.81853500002764,41.17232100007892],[-104.8185390002256,41.17150799975105],[-104.81854000005052,41.17123799998301],[-104.81823499955367,41.17123699987912],[-104.81731999985976,41.17123599977521],[-104.81701600008617,41.17123599977521],[-104.81684899968158,41.17123400024357],[-104.81634900008939,41.171229999827666],[-104.81618300040803,41.171228999723645],[-104.81571100040493,41.17122600008772],[-104.81429899969525,41.171217999930896],[-104.8138280004154,41.171215999722484],[-104.8126600001032,41.1712099997731],[-104.81146500002681,41.17119899997716],[-104.80905800015563,41.17119500023533],[-104.8090559996075,41.17133399974252],[-104.80905399995767,41.17152299989337],[-104.80904399991192,41.17250599974913],[-104.80904100043719,41.172834999684945],[-104.80903399986619,41.1734750001088],[-104.80902800001842,41.17404700030995],[-104.8090139997747,41.174312999768404],[-104.80898899966034,41.17450000000703],[-104.80894400035282,41.17474199980184],[-104.80882899982677,41.17496699993506],[-104.80871300037414,41.17515599974727],[-104.80858299977949,41.17531399975851],[-104.80854000012177,41.17536699991656],[-104.80825100041677,41.17569100018011],[-104.80768999982689,41.176373000155756],[-104.80751199955166,41.176810999714874],[-104.80686399982145,41.17840600014772],[-104.80671599968346,41.17877199979997],[-104.80627299999266,41.17987000000771],[-104.80612599967957,41.18023700023496],[-104.8059800000897,41.18059700003135],[-104.80554400007162,41.181678000337754],[-104.80540000013158,41.18203900026535],[-104.80522299968125,41.182460000268705],[-104.80506799987053,41.18283099988791],[-104.80435700039115,41.18349200028649],[-104.80419400018455,41.18364500022358],[-104.80401199971135,41.183792000330214],[-104.80355999979975,41.18415599981783],[-104.80340300033922,41.18428399991461],[-104.80335399993541,41.1843240001471],[-104.80222300033144,41.18526900005284],[-104.80177800009253,41.18564099986765],[-104.80164699967295,41.18577200008802],[-104.80150100008309,41.18590100028632],[-104.80135999961777,41.1860410002402],[-104.8012140000279,41.18621100021635],[-104.80099200027007,41.18649099985123],[-104.80074100019989,41.18684200028092],[-104.79978399977489,41.18818900015205],[-104.79938799993978,41.18874600005082],[-104.79931400031991,41.18884999987226],[-104.79925900006833,41.18892600013136],[-104.7990950000368,41.18915699987019],[-104.79904099961014,41.18923400027804],[-104.799706999782,41.18923500010715],[-104.80120499980708,41.189239999928525],[-104.80170799977232,41.18924099975755],[-104.80237499976909,41.18924300009158],[-104.80317800020832,41.18924200026259],[-104.80325199982815,41.18924200026259],[-104.80354800010416,41.18924200026259],[-104.80402500013014,41.18924099975755],[-104.80588600037838,41.18923900009949],[-104.80676500008727,41.18923900009949],[-104.80755299955956,41.18924200026259],[-104.80991699977304,41.18925100007496],[-104.81070599996852,41.18925500006632],[-104.81194700007566,41.189259999886104],[-104.81270299976087,41.18926200021955],[-104.81276200021045,41.18926300004824],[-104.81548000042625,41.18929400013801],[-104.81664100016744,41.189309000263435],[-104.81686399975021,41.189315999734866],[-104.81753599976983,41.18934000033143],[-104.81776000007584,41.18934800030301],[-104.8177990004339,41.1893530001157],[-104.81850599971533,41.18937399986576],[-104.81878699992272,41.18937600019573],[-104.81962999964658,41.189384999989684],[-104.81991199967888,41.189388000146096],[-104.8202630002065,41.189388999972856],[-104.82131699981754,41.18939500028511],[-104.82166900017008,41.1893969999384],[-104.82211799970862,41.18939799976503],[-104.82346500012098,41.1894019997474],[-104.82391500038277,41.1894040000765],[-104.82450000036377,41.18940000009426],[-104.8262550003068,41.18939100030235],[-104.82684100011271,41.189388000146096],[-104.82713300019076,41.18938400016287],[-104.82800900042491,41.18937600019573],[-104.82830200032787,41.18937399986576],[-104.82831200037361,41.188841000004764],[-104.8283459998105,41.18724500033188],[-104.82835699968113,41.18671299990834],[-104.82836199970401,41.18649300026922],[-104.82837900032077,41.185834000178374],[-104.82838500016857,41.18561500017465],[-104.82839699986411,41.1852550002439],[-104.82843500039728,41.18417500006986],[-104.82844799991774,41.183816000247255],[-104.82844799991774,41.183804999863824],[-104.82844899974263,41.18377499979205]]]},"properties":{"GEOID":"560210013022","BASENAME":"2","STATE":"56","COUNTY":"021","TRACT":"001302","BLKGRP":"2","NAME":"2"}},{"type":"Feature","geometry":{"type":"Polygon","coordinates":[[[-104.826606999761,41.13731799972929],[-104.82649200013327,41.13713999981394],[-104.82614800017666,41.13660899974324],[-104.82603400037387,41.136431999892025],[-104.82591800002291,41.13625400027862],[-104.82557099969328,41.13572299980128],[-104.82545600006556,41.13554600026565],[-104.82535200030847,41.13538899974267],[-104.82504299961367,41.134919999941694],[-104.8249399996815,41.13476399993411],[-104.82491499956716,41.134653000275335],[-104.8248760001074,41.134667000071985],[-104.82432000043872,41.13380000026266],[-104.8237289997116,41.13289300001267],[-104.82317100039309,41.13200299984554],[-104.82259700028273,41.13112899973773],[-104.82223999990737,41.13057600003299],[-104.8221009999902,41.13036100024511],[-104.82208699974649,41.13033999984728],[-104.8220459997386,41.130276999966625],[-104.82203300021813,41.130256000218495],[-104.8220109995785,41.13026299990976],[-104.8219460001795,41.130286999812085],[-104.82192500026311,41.13029500022869],[-104.82178899982064,41.13013499983125],[-104.8217439996148,41.13008200030714],[-104.82159399982699,41.12981100033497],[-104.82153699992557,41.12958299993077],[-104.8215389995754,41.12956899972581],[-104.82157399973549,41.1293629999411],[-104.82164300023076,41.12919400003554],[-104.82166300032227,41.12914700016862],[-104.82192899956274,41.12879000009464],[-104.82194799982933,41.12874199986262],[-104.82201800014951,41.12857399978906],[-104.82135399962748,41.128821999778694],[-104.8208270002711,41.12902000001423],[-104.81937899957641,41.1296119997175],[-104.81872300034863,41.129880999718395],[-104.81833500001109,41.130035999779025],[-104.81792400010735,41.13020200006209],[-104.81716199967603,41.1304810001664],[-104.81677000003886,41.13062500032353],[-104.81606500040725,41.13088599988733],[-104.81524799972433,41.13119100011513],[-104.81395100043903,41.13167099985373],[-104.81324699973403,41.13193300001968],[-104.81303900021986,41.132011000052884],[-104.8124149998808,41.13224600029499],[-104.81220800019157,41.13232499997713],[-104.81176999962534,41.13248699980721],[-104.81045900009632,41.132975000302494],[-104.81002300007823,41.133137999889335],[-104.81007400013185,41.133211999813014],[-104.81022999976746,41.13343399975975],[-104.81028300036922,41.13350900002915],[-104.81031099995832,41.133563000170035],[-104.8103949996239,41.13372600032566],[-104.81042300011133,41.133781000286795],[-104.8105000001042,41.13391100001163],[-104.8107319999078,41.134303000328615],[-104.8108099997256,41.134433999684525],[-104.8109219998786,41.1346030003006],[-104.81126099981232,41.1351100002132],[-104.81137399979022,41.13527999974034],[-104.81149099996608,41.135463999806646],[-104.81184300031859,41.136016000291704],[-104.81196100031936,41.13620100028519],[-104.812076999772,41.13637500020526],[-104.81242499992655,41.1368969999022],[-104.81254200010243,41.13707100000568],[-104.81265199970727,41.13724700021625],[-104.81298300014338,41.13777699992004],[-104.81309399957316,41.13795400020115],[-104.81320800027427,41.13812900013948],[-104.81354999968273,41.13865399985913],[-104.81366500020877,41.13882899995947],[-104.8137809996614,41.139007999946244],[-104.81413100036409,41.13954600026929],[-104.81424799964164,41.139726000237154],[-104.81436300016769,41.13990499980551],[-104.81470799994916,41.14044300021244],[-104.8148229995769,41.14062299974808],[-104.81493899992786,41.14079299987074],[-104.81528899973223,41.14130500006916],[-104.8154059999081,41.141476000335096],[-104.81563100003899,41.1413939998478],[-104.8163060004317,41.14115100013648],[-104.8165320003875,41.14107099969485],[-104.81675599979516,41.14098700027618],[-104.81743000036293,41.14073699980738],[-104.81765499959555,41.14065399985503],[-104.81788099955135,41.14057300026489],[-104.81856299961673,41.1403310001167],[-104.81879000029576,41.1402510000279],[-104.8190120000536,41.140164999755946],[-104.81967900005039,41.139909000104005],[-104.81990199963316,41.139824999873625],[-104.82012500011422,41.13974100021215],[-104.82079499958573,41.13948899990584],[-104.82101899989172,41.13940599972721],[-104.82124099964956,41.139322000205716],[-104.82190900036956,41.13907200015558],[-104.82213199995233,41.13898900012579],[-104.82235700008324,41.13890300022865],[-104.82303199957761,41.13864399993598],[-104.82325800043172,41.13855900018907],[-104.82348299966432,41.138477000113944],[-104.82416100043005,41.13823000001897],[-104.82438800021077,41.13814900014133],[-104.82460999996863,41.13806600029666],[-104.82527899961524,41.13781700013237],[-104.8255020000963,41.13773499980613],[-104.82572300002924,41.13765100017423],[-104.82638500000313,41.13740099984397],[-104.826606999761,41.13731799972929]]]},"properties":{"GEOID":"560210007021","BASENAME":"1","STATE":"56","COUNTY":"021","TRACT":"000702","BLKGRP":"1","NAME":"1"}},{"type":"Feature","geometry":{"type":"Polygon","coordinates":[[[-104.79470999974151,41.13298599974772],[-104.7950110000404,41.132439000250095],[-104.79388200008626,41.13204400022115],[-104.7930960002638,41.13176399996782],[-104.79174300000369,41.13128300019614],[-104.7906390001639,41.130951999985854],[-104.79030400042814,41.13085199976962],[-104.7899550004487,41.130749999987486],[-104.789392000209,41.130605000057436],[-104.78850900030216,41.13039700004156],[-104.78658199993166,41.13008299968575],[-104.78591199956185,41.12999999978448],[-104.78539699990104,41.12994500003664],[-104.78482699998865,41.12989399979868],[-104.78412900002974,41.12986600019514],[-104.78302400036506,41.129809000216135],[-104.7810650002075,41.129698999677466],[-104.77956899983225,41.12961499990471],[-104.77626700035867,41.12943900019317],[-104.77448399992824,41.12932299998679],[-104.77347200014997,41.129266000212695],[-104.77324799984397,41.129253000007985],[-104.77137200042543,41.12915199983934],[-104.77095700032375,41.12913000033803],[-104.76953899976628,41.12904900004985],[-104.76830400040527,41.12897899977872],[-104.76790199982405,41.12895800029184],[-104.76682899994638,41.12890200027388],[-104.76670000007498,41.128894999760824],[-104.76629900021697,41.128875000320654],[-104.76621399982815,41.129078000072596],[-104.76605900001748,41.129451000296164],[-104.76596100010816,41.12968999980362],[-104.7658780002675,41.12989399979868],[-104.76583700025962,41.12999300006517],[-104.76577600016024,41.13013799999455],[-104.7656049995577,41.13055400033251],[-104.76547300021154,41.13086999987392],[-104.7653729997541,41.13111499986267],[-104.7649209998425,41.13219499981588],[-104.76453000003025,41.13313299984577],[-104.76380699995698,41.134878000028195],[-104.76356699975747,41.13543599987399],[-104.76310599962501,41.13651299986027],[-104.7630560002946,41.13667800003744],[-104.76297500010375,41.13687500029174],[-104.7625349998877,41.137944000171224],[-104.76238900029786,41.138300999821034],[-104.76222299971819,41.13870300020493],[-104.7617259996007,41.139910000009436],[-104.76156099974426,41.14031299990232],[-104.76154999987361,41.140339999883835],[-104.7614710002309,41.140556999908085],[-104.76141000013153,41.140729999880676],[-104.76131300004714,41.14115100013648],[-104.76129100030585,41.141313999702625],[-104.76125699997066,41.141571999719325],[-104.76171599955498,41.14147999986125],[-104.76194599970873,41.14143499976603],[-104.76234499991692,41.14132200012744],[-104.76276800041452,41.1411800002217],[-104.76305799994444,41.141066000255954],[-104.76314099978511,41.14103499966723],[-104.76348399991679,41.140870000302584],[-104.76379400043649,41.14067100008206],[-104.76432199961779,41.14033499971268],[-104.76472800039697,41.140077000241966],[-104.76503899984327,41.139879000227324],[-104.76516299969185,41.139799000263714],[-104.76553699978565,41.1395620001962],[-104.76566200035742,41.13948299975789],[-104.76617899966807,41.13915899974801],[-104.76619399973669,41.13914999981888],[-104.76648300033999,41.138987000286825],[-104.76682599957336,41.13881800014088],[-104.76716799988013,41.13870300020493],[-104.76751100001178,41.138618999783034],[-104.7678929996032,41.1385729998286],[-104.76791000021996,41.13857199990278],[-104.76850299969857,41.13854699972244],[-104.76850299969857,41.13851200026581],[-104.76850299969857,41.138411000144],[-104.7685040004218,41.13837699986705],[-104.76850600007161,41.13800800006565],[-104.76851100009449,41.13731200005924],[-104.7685189995921,41.13690200033544],[-104.76852799981292,41.13653400031182],[-104.768679000324,41.136491000121026],[-104.76893899971668,41.13646599982409],[-104.76922199957387,41.136452999692935],[-104.76933600027502,41.13643699968414],[-104.76939200035153,41.136429999975086],[-104.76954100031443,41.136401999778194],[-104.76967799968345,41.13637200032718],[-104.76982099979861,41.136329999990195],[-104.76994800002021,41.13628299982289],[-104.77007699989166,41.136227999929744],[-104.77032600031197,41.13609500016992],[-104.77052299995547,41.135981000161074],[-104.77078999991917,41.13584599996564],[-104.7709410004302,41.135768999724746],[-104.77151800001529,41.13539600023939],[-104.77182400033705,41.13519700032473],[-104.77209600032361,41.13502200000631],[-104.77215499987486,41.134984000080394],[-104.7722140003244,41.13494600013242],[-104.77247299989217,41.1347729997885],[-104.77281299965078,41.134577999960655],[-104.77316800037634,41.13438500020912],[-104.77351999983054,41.1342029998075],[-104.77402600016883,41.13396099983721],[-104.77445499961591,41.133776000292244],[-104.77460299975391,41.13371500032791],[-104.77490499987772,41.13359400023082],[-104.77559199996597,41.13335600006524],[-104.7758470002341,41.133266000198326],[-104.77625800013786,41.133147999975336],[-104.7764670003752,41.13309100014133],[-104.77681700017958,41.132996999867714],[-104.77740999965819,41.13285500020671],[-104.77795799982928,41.132754000170195],[-104.77849099993175,41.13266500016994],[-104.77898300002633,41.132590000288864],[-104.77915899975342,41.132575000031714],[-104.77944199961065,41.13255200030734],[-104.77966000006886,41.13252299979028],[-104.7800700001477,41.13249499995549],[-104.78021599973755,41.13247999967662],[-104.78036800007352,41.13247500025951],[-104.78077399995438,41.13246300003305],[-104.78126500022405,41.13245899995706],[-104.78156499979971,41.13245799993803],[-104.78163199974686,41.13245799993803],[-104.78181599986988,41.13245799993803],[-104.78257199955512,41.13245899995706],[-104.7828240003485,41.13245999997607],[-104.78295700041791,41.13245999997607],[-104.78391700031763,41.13246600008984],[-104.78446799996344,41.132470000165405],[-104.7853299999539,41.13246900014656],[-104.78655900036544,41.132476000278274],[-104.78891299963487,41.132488999844355],[-104.78896500041172,41.132488999844355],[-104.78912400042039,41.132488999844355],[-104.78917700012383,41.132489999862905],[-104.78950400036199,41.13248699980721],[-104.78979300006698,41.132495999974],[-104.78994399967972,41.13250200008448],[-104.79026300042027,41.1325339999879],[-104.79047699978219,41.13257400001441],[-104.79078899995173,41.132660000090326],[-104.79109699992331,41.13277099973841],[-104.79146400034443,41.132951000030246],[-104.79155200020799,41.132999999900136],[-104.79209100015824,41.13330199975397],[-104.79229000034985,41.133412999668955],[-104.79242800044211,41.13348799996237],[-104.79317499990653,41.13389700005363],[-104.79344600006817,41.13404200015034],[-104.79378699965173,41.13422400032199],[-104.79405199996557,41.13390900001784],[-104.79426100020294,41.133646000299876],[-104.79444699997579,41.13339100024325],[-104.79470999974151,41.13298599974772]]]},"properties":{"GEOID":"560210005032","BASENAME":"2","STATE":"56","COUNTY":"021","TRACT":"000503","BLKGRP":"2","NAME":"2"}},{"type":"Feature","geometry":{"type":"Polygon","coordinates":[[[-104.80488000044788,41.11909499988834],[-104.80476400009692,41.11893699970072],[-104.80467399968525,41.11878799982637],[-104.80460900028625,41.11868099977155],[-104.80468700010405,41.11866699994752],[-104.80455200038482,41.118463000239515],[-104.80451999969947,41.118414999897624],[-104.80396999987856,41.117580999858426],[-104.8038879998628,41.11745699971856],[-104.80364400036363,41.117088000006994],[-104.80356300017277,41.11696499986773],[-104.80354999975397,41.116945000175434],[-104.80351100029425,41.11688499970847],[-104.80349799987545,41.11686600024847],[-104.80332100032344,41.11657199992493],[-104.80306699988024,41.11614899975951],[-104.80277499980218,41.11569999988952],[-104.80266099999936,41.115524000079354],[-104.80259300022732,41.115410000196604],[-104.80252899975488,41.11530300004937],[-104.80233899978407,41.114983999808636],[-104.80227600003491,41.114877999930776],[-104.8022480004458,41.11483099996207],[-104.80223599985192,41.11480899972033],[-104.80212200004911,41.11459899981074],[-104.80208500023917,41.114529999983894],[-104.8020729996453,41.11450800031808],[-104.8020369996603,41.11444199992291],[-104.80202599978963,41.11442000022761],[-104.8019670002384,41.11431200020145],[-104.80190500031415,41.114180999924976],[-104.80169799972657,41.11374300009371],[-104.80157499970294,41.11345200024496],[-104.80147199977077,41.11320600032262],[-104.80129400039384,41.11275100006458],[-104.801213000203,41.11250500022267],[-104.80110199987492,41.112168000106635],[-104.80096200013284,41.11165399992418],[-104.80080800014704,41.110973000337154],[-104.80068599994831,41.11032900011091],[-104.80066000000903,41.11018599976906],[-104.80060700030559,41.10958700025809],[-104.80059700025986,41.10885699994954],[-104.80056700012263,41.10666699973785],[-104.80055700007688,41.105937999878215],[-104.80055299987893,41.10570100001065],[-104.80054299983317,41.104992000212235],[-104.80054200000826,41.10490700019036],[-104.80054000035844,41.104756000079156],[-104.8005379998103,41.10463599982392],[-104.80053399961234,41.10439800022576],[-104.8005319999625,41.104278999764794],[-104.80053100013761,41.10415999976504],[-104.80052899958946,41.1040329999939],[-104.80052600011473,41.10384299976574],[-104.80052299974169,41.10365199988368],[-104.8005219999168,41.10352499980699],[-104.8005179997188,41.10328599978021],[-104.80050699984815,41.10257199996595],[-104.80050400037342,41.102334000333535],[-104.79944800021421,41.10232699969422],[-104.79628300010967,41.10230700028099],[-104.79522799977536,41.10230100011732],[-104.7948000001532,41.10229599975495],[-104.79351600038838,41.10228400010204],[-104.79308899969278,41.10228000021728],[-104.79262300043578,41.10227700013431],[-104.79122499996983,41.10226799988457],[-104.79075899981449,41.10226499980106],[-104.79061599969937,41.10226399999879],[-104.79018700025227,41.10226099991509],[-104.79004400013716,41.102260000112814],[-104.7900409997641,41.10264100017589],[-104.79003599974124,41.10378499974335],[-104.7900340000914,41.10416700020896],[-104.7900330002665,41.10423200033102],[-104.7900330002665,41.10427799999319],[-104.7900330002665,41.104430000295864],[-104.7900330002665,41.104495999925845],[-104.7900320004416,41.10456099972225],[-104.7900320004416,41.10468100011454],[-104.79003099971837,41.10475699984348],[-104.79003099971837,41.104822999821714],[-104.79003099971837,41.10483999985665],[-104.79003099971837,41.104893000136364],[-104.79003099971837,41.104910999915106],[-104.79002999989345,41.10500700000558],[-104.79002800024362,41.10529899981303],[-104.79002800024362,41.105395999767715],[-104.79002700041873,41.10548899988982],[-104.79002599969549,41.10576800014271],[-104.79002599969549,41.10586200016236],[-104.79002599969549,41.106014999928114],[-104.79002800024362,41.10647699968514],[-104.79002900006853,41.10663099978433],[-104.79002700041873,41.106834999711246],[-104.79002499987058,41.10744899987396],[-104.79002400004566,41.107653999687145],[-104.7900209996726,41.107995000174135],[-104.79001399999993,41.10901900018469],[-104.7900120003501,41.109361000045304],[-104.79001099962687,41.10937699988828],[-104.79001099962687,41.109429000197146],[-104.79001099962687,41.109445999716435],[-104.79001099962687,41.109526999834166],[-104.79001099962687,41.10977300000532],[-104.79001099962687,41.109855000083186],[-104.79001099962687,41.10993999979163],[-104.79001099962687,41.110195999968745],[-104.79001099962687,41.110282000269564],[-104.79001099962687,41.11033500021785],[-104.79001099962687,41.110497000190364],[-104.7900120003501,41.110551000318],[-104.79000899997705,41.11066800021659],[-104.79000200030437,41.11102799974207],[-104.78999999975622,41.111137999767394],[-104.78999899993131,41.11127100003177],[-104.78999899993131,41.11166999988521],[-104.78999899993131,41.11180400008252],[-104.78999899993131,41.11188699998671],[-104.7899980001064,41.11196900013156],[-104.78999700028149,41.11246399982097],[-104.78999700028149,41.1126299998861],[-104.78999499973335,41.112718999988715],[-104.78999300008353,41.11298600024949],[-104.78999200025861,41.11307499986949],[-104.78998800006066,41.113746000329655],[-104.78997899983982,41.11576300022989],[-104.78997800001491,41.11588700018594],[-104.78997600036509,41.1164349998722],[-104.78997499964188,41.116490000115434],[-104.78997499964188,41.11658699977994],[-104.78997499964188,41.11665799999467],[-104.78997499964188,41.116714000310054],[-104.78998999971047,41.11711399981983],[-104.79002499987058,41.11736600012728],[-104.79006599987846,41.117481999814736],[-104.79009900038875,41.117574999736966],[-104.79020300014582,41.11772900019895],[-104.79039599959134,41.117908999797606],[-104.7908430003784,41.118220999737254],[-104.79147199984203,41.11863399981881],[-104.79176899994295,41.11886499969466],[-104.79185500015667,41.11893999969927],[-104.79215499973235,41.119201999945005],[-104.79241000000046,41.119485000316686],[-104.7925609996132,41.11966100033418],[-104.79295899999646,41.1201249999021],[-104.79301500007296,41.12019299973237],[-104.79311299998224,41.120312999977514],[-104.79322699978506,41.120451999784194],[-104.79334499978583,41.12059699981898],[-104.79342099995381,41.120685999947646],[-104.79348700007604,41.12076399981676],[-104.79472099961217,41.12057800008002],[-104.79598699983366,41.12038799968095],[-104.79740000036826,41.120185000114276],[-104.79813500013707,41.120082999991666],[-104.79842700021513,41.12003900031444],[-104.79966199957616,41.119857000044284],[-104.79985099972204,41.11982800000666],[-104.80042200035767,41.11975699983718],[-104.80074899969749,41.11971499969124],[-104.80079399990333,41.11970899976485],[-104.8008399999341,41.119702999837926],[-104.80120399998218,41.11965499972611],[-104.80160900003811,41.11960300007293],[-104.80229600012639,41.119495999993234],[-104.8029380000088,41.11939700013096],[-104.80488000044788,41.11909499988834]]]},"properties":{"GEOID":"560210004032","BASENAME":"2","STATE":"56","COUNTY":"021","TRACT":"000403","BLKGRP":"2","NAME":"2"}},{"type":"Feature","geometry":{"type":"Polygon","coordinates":[[[-104.37723099971353,41.01663599995465],[-104.37731799975218,41.01658499985245],[-104.3771920002538,41.01441199985535],[-104.37713199997933,41.01335800000029],[-104.37691699989418,41.01306100010005],[-104.37556799983201,41.01240799987009],[-104.37369999991108,41.01146099975883],[-104.37251900007841,41.0105129997508],[-104.3708219998617,41.00915200004751],[-104.37098500006833,41.00765500015958],[-104.37106500043427,41.00693300031202],[-104.37120299962821,41.003144000063266],[-104.37125799987979,41.00164000011745],[-104.37125799987979,41.00161100010983],[-104.37125799987979,41.0015240000104],[-104.37125799987979,41.001495999930555],[-104.36814999967665,41.00149499995169],[-104.35882900033856,41.00149299999398],[-104.35577499966378,41.00149299999398],[-104.35572299978523,41.00149399997286],[-104.35569799967087,41.00149399997286],[-104.3532980003707,41.001502999782126],[-104.34610000032336,41.00153399979391],[-104.34357799992613,41.001759999919855],[-104.34236600013134,41.0015689997021],[-104.3383649999756,41.00164599997714],[-104.33710999962476,41.001671000064725],[-104.33703099998205,41.001670000088524],[-104.33698400012638,41.001670000088524],[-104.31466299971312,41.001643000047395],[-104.31463099992607,41.001643000047395],[-104.29641500032393,41.00171700030955],[-104.29581199990126,41.001719000260515],[-104.2955900001434,41.001720000235984],[-104.29537000003538,41.001720000235984],[-104.29425399960174,41.00171800028503],[-104.27686700037808,41.00169500016699],[-104.25756899977917,41.001678999873796],[-104.25749000013644,41.001678999873796],[-104.25050700017425,41.001720000235984],[-104.25050700017425,41.00161999990317],[-104.24914600041653,41.00161899992619],[-104.24506300024504,41.00161899992619],[-104.24370300031222,41.00161899992619],[-104.24268999981072,41.00161899992619],[-104.23965199992777,41.00161899992619],[-104.23864000014949,41.00161899992619],[-104.23754100033258,41.00161899992619],[-104.2342470003566,41.00161899992619],[-104.2331490003646,41.00161899992619],[-104.22328900017796,41.00161799994919],[-104.21657200035455,41.001654999765705],[-104.2164560000036,41.00165599974215],[-104.21596499973391,41.00164699995372],[-104.21592399972603,41.00164599997714],[-104.21533799992011,41.00163600021064],[-104.21434399968518,41.0016340002572],[-104.21245400002294,41.00163300028042],[-104.21241899986286,41.00161799994919],[-104.21220200012787,41.00156299983539],[-104.21207400008134,41.001564999791036],[-104.21144100041977,41.00158000013433],[-104.20738699966226,41.001602000315266],[-104.19715099973197,41.00166000032566],[-104.19522500008473,41.001670000088524],[-104.19117200005047,41.00169300021529],[-104.18926999979433,41.00170199999743],[-104.18356599957413,41.00173099996499],[-104.18166500004122,41.0017409997171],[-104.18001899987813,41.00174600027051],[-104.17508100028721,41.00176399981908],[-104.17343599994904,41.0017699996675],[-104.17126400025448,41.001729000014436],[-104.16474999992235,41.00160900015558],[-104.16257900005272,41.0015689997021],[-104.1586830003773,41.001582000089414],[-104.14699600027758,41.00162499978781],[-104.14310100042705,41.00163900014077],[-104.13958099959696,41.00165099985986],[-104.12902400017462,41.00169100026352],[-104.12550500006772,41.00170499992455],[-104.12550500006772,41.00168599970594],[-104.12550500006772,41.00162899969523],[-104.12550500006772,41.001610000132715],[-104.12516799978384,41.00161200008689],[-104.12415900037861,41.00162199985704],[-104.12382299991964,41.00162499978781],[-104.11997599974968,41.00160800017843],[-104.10843599996308,41.00155899992391],[-104.10458999961804,41.00154300027567],[-104.1008849997383,41.00154600021003],[-104.08977199974896,41.00155899992391],[-104.08885399968203,41.0015599999018],[-104.06701600004084,41.00178499996414],[-104.0670129996678,41.001615000018106],[-104.05407699996336,41.001615000018106],[-104.0532490003081,41.001405999738765],[-104.05315800007149,41.01680899970163],[-104.05309699997214,41.018045000095455],[-104.0530939995991,41.03053299967261],[-104.0530939995991,41.03073899976055],[-104.0530939995991,41.04221600022154],[-104.05306500018509,41.04983099972773],[-104.05306299963696,41.050213000211485],[-104.05310000034518,41.06131199988863],[-104.0531010001701,41.061459999692836],[-104.0531010001701,41.06154699987538],[-104.05312000043668,41.067432999855406],[-104.0531570002466,41.07789099998378],[-104.05316899994216,41.08565799984609],[-104.05317700033807,41.08972500018085],[-104.05301999997923,41.090284000042864],[-104.05302599982703,41.09059799987283],[-104.05308299972843,41.104984999856256],[-104.0531079998428,41.10498700005471],[-104.05329399961563,41.10503099966786],[-104.05336200028601,41.10511499977044],[-104.05338700040035,41.10533799976317],[-104.05338700040035,41.10548099983354],[-104.0533970004461,41.113870000035035],[-104.0533970004461,41.11418200022255],[-104.05343599990586,41.12498200001958],[-104.05347000024105,41.13061499985296],[-104.05347000024105,41.1307850002026],[-104.05349299980726,41.14076000004458],[-104.05349399963217,41.14131999968308],[-104.05348799978438,41.142204999920615],[-104.0534889996093,41.143025000187045],[-104.05351000042401,41.15523299987504],[-104.05351399972366,41.15725700032984],[-104.05342300038537,41.170539000050134],[-104.05340999996658,41.172457000322304],[-104.0533689999587,41.178506000192954],[-104.05335999973786,41.18064300024963],[-104.05335899991297,41.18086699976316],[-104.05333799999657,41.185912000317664],[-104.05333799999657,41.185985000294544],[-104.05333600034675,41.186540000272664],[-104.05333600034675,41.18660099976652],[-104.05333600034675,41.186674000327336],[-104.05333399979858,41.186803000100745],[-104.05329600016377,41.19560500027644],[-104.05329500033886,41.19702899968714],[-104.05328899959275,41.19789400004216],[-104.05328899959275,41.197925000100575],[-104.05328100009515,41.199164999860365],[-104.05328000027023,41.19928999997721],[-104.0532769998972,41.19968000002401],[-104.05327500024737,41.19994800014397],[-104.05341699963928,41.200017000007286],[-104.05354800005884,41.20013799984669],[-104.05372999963373,41.200155000191664],[-104.05375200027333,41.20005599975095],[-104.05370799989241,41.19993499975995],[-104.05351200007384,41.199798000131324],[-104.05352600031753,41.19956700008836],[-104.05363599992239,41.19956700008836],[-104.05379499993106,41.19964999979094],[-104.05394800009194,41.19962800028721],[-104.05405699987188,41.19971600028547],[-104.0541220001692,41.19971600028547],[-104.05425299969045,41.19964399974269],[-104.054348000125,41.199720999982304],[-104.05455900001222,41.20000099996708],[-104.05467500036315,41.200045000068215],[-104.05484900044041,41.200045000068215],[-104.05497999996167,41.200121999836064],[-104.05561299962326,41.20017700019412],[-104.05586700006648,41.20011599983108],[-104.05601299965636,41.20012700017779],[-104.05677599991259,41.20033600033029],[-104.05732800028164,41.200566999686764],[-104.05761899963646,41.20062199967086],[-104.0579459998746,41.20062699997435],[-104.05809900003548,41.20059399985678],[-104.058367999649,41.20062199967086],[-104.0585640003659,41.20053899984916],[-104.05865899990214,41.200544999815364],[-104.05876799968208,41.200599999817946],[-104.05881299988792,41.20067599995436],[-104.05895000015528,41.20090700013847],[-104.05923300001248,41.20107199977081],[-104.059473000212,41.201340999918],[-104.05959700006055,41.20135200005882],[-104.05972699975689,41.201297000012296],[-104.05975699989413,41.20123699966306],[-104.05972699975689,41.20115999985523],[-104.05953799961101,41.20098400024398],[-104.05957500031926,41.20088000009759],[-104.05954600000695,41.20073200017629],[-104.05958899966464,41.20067199998493],[-104.05986999987203,41.20067300031527],[-104.0600230000329,41.20067199998493],[-104.06004700032237,41.200648999818185],[-104.06017799984362,41.20063299993247],[-104.06049099983805,41.20040800011179],[-104.06041100037042,41.20025999979904],[-104.06041100037042,41.20019900018922],[-104.0605779998767,41.1999569998364],[-104.06068699965665,41.19986399980073],[-104.06085400006121,41.19984199969302],[-104.06097799990978,41.199897000286384],[-104.06110099993343,41.200023000021346],[-104.06117399972837,41.2003580002719],[-104.0610430002071,41.200418999733515],[-104.0610430002071,41.20051200033231],[-104.06096299984115,41.20058399992025],[-104.06094199992476,41.20067100033049],[-104.0607129995959,41.20067100033049],[-104.06059999961799,41.20063800023512],[-104.06057299985382,41.200670000000166],[-104.06048400016537,41.2009240002837],[-104.06033799967717,41.20110000005629],[-104.06032400033179,41.201197999947254],[-104.06050500008176,41.20121500001688],[-104.06072299964165,41.201165999764505],[-104.06081100040352,41.20122000027505],[-104.0610509997047,41.201203999853085],[-104.06137799994286,41.201297000012296],[-104.0614649999815,41.20127499971037],[-104.06155200002014,41.20115999985523],[-104.06166099980008,41.20115999985523],[-104.06177799997594,41.20110000005629],[-104.06184999994596,41.20110500032325],[-104.0619300003119,41.20115500026837],[-104.06187900025829,41.20141299994574],[-104.06166900019599,41.20146200001314],[-104.06166099980008,41.20150599980795],[-104.06184300027327,41.20159399998465],[-104.06211899955947,41.201554999805715],[-104.0621770001841,41.20162099973102],[-104.06219200025274,41.20175899991264],[-104.06243900012494,41.20193999967052],[-104.0626059996312,41.20199499985256],[-104.0628099998457,41.201983999819866],[-104.06296999967927,41.20193399983221],[-104.06313000041115,41.20192900030448],[-104.06333299990243,41.202011000081185],[-104.06383500004274,41.202297000212624],[-104.0641480000372,41.202374000034446],[-104.06436599959709,41.202330000147356],[-104.06458099968225,41.20233999981705],[-104.06467100009394,41.20229099973115],[-104.0648159998589,41.20209900025473],[-104.0648159998589,41.2020059998834],[-104.06472200014755,41.20192900030448],[-104.0643150004418,41.20204400016014],[-104.06408899958765,41.202072000029716],[-104.0639150004087,41.202011000081185],[-104.06380599973045,41.20192900030448],[-104.06378399998914,41.20176999998315],[-104.0639289997541,41.201659999870614],[-104.06402400018864,41.201659999870614],[-104.06418400002222,41.2017309999091],[-104.0643439998558,41.2017309999091],[-104.06447500027535,41.20166500009479],[-104.06446000020675,41.20161000031132],[-104.06441699965072,41.20158299988456],[-104.06418400002222,41.201571999782615],[-104.0641480000372,41.20152200015609],[-104.06401699961764,41.201511999685515],[-104.06395100039371,41.20146200001314],[-104.0639799998077,41.2013740003348],[-104.0643439998558,41.20129199976001],[-104.06432899978718,41.201127000006416],[-104.06472200014755,41.20103400028148],[-104.06490399972245,41.20110500032325],[-104.06498400008839,41.20110500032325],[-104.0652669999456,41.200994999768845],[-104.06531999964905,41.200907999789315],[-104.06533999974053,41.20087499981344],[-104.0652889996869,41.200720999931264],[-104.06540400021295,41.2006549997743],[-104.06567299982646,41.2006540001196],[-104.06568899972,41.20066600003037],[-104.06578300032963,41.2009240002837],[-104.06586299979726,41.20100599996782],[-104.0659430001632,41.20133599966907],[-104.06610299999677,41.20149000013176],[-104.06619800043133,41.20149000013176],[-104.06624899958665,41.201446000326186],[-104.0662660002034,41.20140900002135],[-104.06634300019628,41.20125300007696],[-104.06630700021127,41.20109400014098],[-104.06646700004485,41.20100099969324],[-104.06666299986344,41.20103400028148],[-104.06684500033663,41.201111000237574],[-104.0670770001402,41.20107199977081],[-104.06742600011967,41.2012090001121],[-104.06764399967956,41.2011820001958],[-104.06773200044142,41.20110500032325],[-104.06773200044142,41.20102799968421],[-104.06760799969454,41.20088000009759],[-104.06760799969454,41.200769999840915],[-104.06764399967956,41.200726000227185],[-104.06779000016773,41.2006879998611],[-104.06805899978126,41.20082500033032],[-104.0681679995612,41.20082500033032],[-104.06829899998077,41.20075399998479],[-104.06837400032384,41.20064200020663],[-104.06840799976071,41.20059399985678],[-104.06840799976071,41.2002590001383],[-104.06832800029309,41.200077999786735],[-104.06843700007303,41.200012000333125],[-104.06847300005805,41.19993600010155],[-104.06838600001939,41.19984199969302],[-104.06845899981434,41.199458000001535],[-104.06876400031118,41.199484999953135],[-104.06885100034982,41.199375000055475],[-104.06898199987106,41.199358999858305],[-104.06903299992469,41.199375000055475],[-104.06903299992469,41.199484999953135],[-104.0690689999097,41.199534999784056],[-104.06920100015418,41.199519999973965],[-104.06932400017782,41.19950700018086],[-104.06938199990415,41.19941899990154],[-104.06928700036791,41.199254999833386],[-104.06941799988915,41.199160999798636],[-104.06958500029374,41.19910100019481],[-104.06962200010365,41.19905100003235],[-104.06961399970773,41.198936000324785],[-104.06979600018093,41.19884799995366],[-104.06981799992225,41.19873299988946],[-104.06999199999952,41.19866699975546],[-104.07002899980944,41.19870600030351],[-104.06998500032681,41.19879899995689],[-104.07002100031183,41.19882600018035],[-104.07018100014541,41.19883700006795],[-104.07042899984253,41.19874399979264],[-104.07055900043719,41.19861200015622],[-104.07054500019348,41.198485999732625],[-104.0703920000326,41.19839300031043],[-104.0704139997739,41.19832099966406],[-104.07058100017848,41.19822199982882],[-104.07074199983695,41.19825400009919],[-104.07079899973837,41.198265999774065],[-104.07090099984563,41.19815599985548],[-104.07104599961058,41.19810099982684],[-104.07104599961058,41.197992000002216],[-104.07109699966419,41.19789800018137],[-104.07090800041664,41.197705999983945],[-104.07092299958694,41.19761799998685],[-104.07103200026519,41.1974479998879],[-104.07120600034246,41.19731099978508],[-104.07161300004823,41.19715700030404],[-104.07172199982817,41.19704699987353],[-104.0717510001405,41.196925999727185],[-104.07168599984315,41.19679500019368],[-104.07140999965866,41.19648699979314],[-104.07137299984873,41.1963879998877],[-104.07142399990235,41.19623999994784],[-104.07171500015549,41.195828000252874],[-104.07184599967674,41.19571800029274],[-104.071983999769,41.195713000290176],[-104.07224599970984,41.195828000252874],[-104.07239100037309,41.19583899996836],[-104.07253600013804,41.195784000020666],[-104.072644999918,41.19570199987757],[-104.0728719996987,41.19546600022804],[-104.07314700005831,41.19517999998788],[-104.0733289996332,41.194811999944044],[-104.07356100033512,41.194505000100854],[-104.07363400013006,41.19434599999485],[-104.07398300010951,41.194163999760804],[-104.07412799987446,41.19401600020026],[-104.0744330003713,41.193818000201],[-104.07485500014569,41.19371400015954],[-104.07495700025294,41.1936589997783],[-104.07497099959834,41.19357699967719],[-104.07492299991776,41.19342300019891],[-104.07489100013069,41.193319000205854],[-104.07505099996428,41.193054999741484],[-104.07517499981283,41.19297300023573],[-104.0753349996464,41.19291799990792],[-104.07557400002099,41.19291799990792],[-104.07590200008406,41.19297300023573],[-104.07617099969758,41.1929670002514],[-104.0766579997693,41.19281300001412],[-104.07724600012334,41.192506000259904],[-104.07780599999002,41.192077000312224],[-104.07824899968078,41.19206599996465],[-104.07836599985666,41.19198999997053],[-104.078431000154,41.191884999940314],[-104.07852499986532,41.19123699985128],[-104.07863399964526,41.191073000238774],[-104.07881600011845,41.191044999719786],[-104.07917199977061,41.191127000288446],[-104.07932499993149,41.191044999719786],[-104.07949900000875,41.19077000033574],[-104.07966600041334,41.190660999795604],[-104.0798260002469,41.190632999776426],[-104.08013900024136,41.19072600008373],[-104.08035699980124,41.19082000006382],[-104.08056799968843,41.190809000181005],[-104.08066200029806,41.19071500018511],[-104.08079299981932,41.19045199984629],[-104.08078600014663,41.190286999806375],[-104.08060399967344,41.1900559999983],[-104.08017500022635,41.189798000171],[-104.07992099978313,41.18970000011167],[-104.07986999972952,41.18964499973818],[-104.0798260002469,41.189524000105855],[-104.0798260002469,41.189259999886104],[-104.07980600015541,41.189211000148134],[-104.07975299955365,41.18907399970665],[-104.07977500019328,41.18891999977607],[-104.08011599977681,41.18844199967753],[-104.08047999982487,41.187624000065874],[-104.08061799991714,41.18749200031473],[-104.08082100030674,41.18741499988631],[-104.08095199982799,41.18742099970343],[-104.08133000011976,41.18755800022356],[-104.08167200042652,41.187573999925135],[-104.08172900032793,41.18757099968561],[-104.08202100040599,41.18755800022356],[-104.08227499995087,41.18754699979269],[-104.08287099980254,41.18748099987276],[-104.08289400026707,41.18748099987276],[-104.08318700017004,41.187488000215666],[-104.08337999961557,41.18749200031473],[-104.08357999963211,41.18742899990949],[-104.08361200031747,41.18741999984661],[-104.08374299983873,41.1872719999128],[-104.08374299983873,41.18717900010755],[-104.08349299959349,41.18684900001614],[-104.08334299980564,41.186651999842766],[-104.08327800040662,41.18643799990599],[-104.08316100023076,41.18605300012573],[-104.0831639997055,41.186025000164044],[-104.08317399975125,41.18594499972459],[-104.08317799994921,41.185918000272544],[-104.08319200019291,41.18582300013393],[-104.0832340000257,41.18571799967801],[-104.08330799964554,41.185658999805085],[-104.08362599966287,41.18541099978084],[-104.08380800013606,41.18531200002678],[-104.08399100043417,41.18507199985839],[-104.0840990003892,41.184932999755794],[-104.08420800016914,41.184865000113675],[-104.08426599989548,41.18482899979737],[-104.0844109996604,41.184647000148686],[-104.08451299976767,41.184410999858486],[-104.08451699996563,41.18433100015149],[-104.08453399968407,41.18405999991911],[-104.08412000030559,41.1837690003169],[-104.0839310001597,41.18367600026891],[-104.08384400012108,41.18359299991829],[-104.08373500034114,41.183319000253995],[-104.08366199964787,41.18291800023066],[-104.08359700024886,41.1828370001251],[-104.08319999969052,41.18233900020442],[-104.08318600034512,41.18232499976909],[-104.08297100025997,41.18206699990315],[-104.08289900028996,41.181896999986265],[-104.08286199958171,41.18162799971333],[-104.08285699955884,41.181618000259945],[-104.08280899987827,41.18151900018042],[-104.08278899978677,41.18147900026292],[-104.08220399980577,41.18101300006598],[-104.0821209999651,41.18094700032136],[-104.08203300010155,41.180793000207814],[-104.08201100036023,41.180579000054735],[-104.08201100036023,41.18034299997865],[-104.08210599989647,41.18006800026972],[-104.08217500039177,41.18000600012914],[-104.08236000033969,41.179843000079266],[-104.0825569999832,41.17982799981374],[-104.08288300039642,41.179804999760435],[-104.0830580002986,41.179749999864946],[-104.08313799976624,41.17968400019976],[-104.08323800022367,41.17950099979686],[-104.08324700044449,41.179482000217085],[-104.08327800040662,41.17942600007143],[-104.08328900027729,41.17940799977299],[-104.08339100038454,41.17922200000526],[-104.08347800042318,41.17906399995481],[-104.08355200004303,41.17873400021201],[-104.08345800033169,41.17866300024668],[-104.08329000010221,41.17853499998143],[-104.08320300006356,41.178469999761525],[-104.08248300036333,41.178212000260146],[-104.08235199994378,41.17812999974457],[-104.08224300016384,41.177997999787316],[-104.0821340003839,41.1774770000637],[-104.08202499970564,41.17727900008258],[-104.08193600001717,41.177170000073126],[-104.08227099975292,41.176793000050026],[-104.08335100020157,41.17549200017054],[-104.08371600007455,41.175074000139],[-104.08419700029849,41.17475599982968],[-104.08565299959244,41.17455300014751],[-104.0859449996705,41.17427899985206],[-104.08606600004434,41.17377700018718],[-104.08592200010428,41.17264700002054],[-104.08594999969338,41.172563999892716],[-104.08603799955694,41.17251499983307],[-104.086950999601,41.171730999980134],[-104.08629000035032,41.17172199978849],[-104.08546699981962,41.17170999998184],[-104.08527000017612,41.171706999691736],[-104.08467900034735,41.171698000173],[-104.08448299963044,41.17169599997925],[-104.08508199985515,41.17101799975006],[-104.08602500003644,41.16995400007368],[-104.08645400038185,41.16950700015345],[-104.08684199982106,41.16915899986517],[-104.08696300019487,41.16906399976063],[-104.0871549998155,41.16891500013074],[-104.08765799978075,41.168484999661985],[-104.08782400036041,41.16834200028047],[-104.08785799979728,41.1683140001853],[-104.08793200031543,41.168238999823245],[-104.08799400023972,41.1681629999007],[-104.08802400037695,41.16807500009383],[-104.08803199987456,41.16798700016878],[-104.08798599984378,41.16791799968383],[-104.087908000026,41.16782900006824],[-104.08788499956145,41.16781499991252],[-104.08769999961353,41.1677000001145],[-104.08763600003942,41.16766299967199],[-104.08744699989353,41.16755200024787],[-104.08738400014434,41.167515999882504],[-104.08719300034863,41.16738699998878],[-104.08713899992198,41.16731800022445],[-104.08708700004343,41.167237999926485],[-104.08708299984548,41.16714699973089],[-104.08712499967827,41.16704400010011],[-104.08719900019643,41.16693899996844],[-104.08733300009074,41.16680299976678],[-104.08756900009227,41.16659100024197],[-104.08798599984378,41.1662499999278],[-104.08823600008905,41.16607300028475],[-104.08851300009847,41.165894999978214],[-104.08899599997224,41.165612000311306],[-104.08939900037838,41.16538299973638],[-104.0898520001149,41.16512699980591],[-104.09111400013845,41.16440400001705],[-104.0942940003116,41.16259200008984],[-104.09657999980897,41.16127700001308],[-104.09839000000358,41.160255999928644],[-104.09852800009584,41.16017899994298],[-104.10138699987864,41.1585469999094],[-104.10133300035028,41.158426999934214],[-104.1013269996042,41.1583629996773],[-104.10132300030455,41.158308000040634],[-104.10131900010659,41.158136999707196],[-104.10131800028168,41.158078000014704],[-104.10132400012945,41.15777599994311],[-104.10132900015233,41.15758100019895],[-104.10133599982504,41.1570780001057],[-104.10135900028956,41.155568999662535],[-104.10136099993939,41.15543599989624],[-104.10137099998512,41.15506700003686],[-104.10138299968068,41.15460599974842],[-104.10142000038893,41.15322400010158],[-104.10143299990939,41.15276400008975],[-104.10146499969645,41.15155700012291],[-104.1014680000695,41.15142299992737],[-104.10155900030608,41.14740200017395],[-104.10156500015388,41.14715300027907],[-104.10160100013888,41.14606199973591],[-104.1016019999638,41.14603999981727],[-104.10160500033685,41.14581000004136],[-104.10161899968224,41.145054999709274],[-104.10162399970511,41.14480400003452],[-104.10162899972799,41.14448499978373],[-104.10164600034474,41.14352799986785],[-104.10164899981946,41.14339199979405],[-104.10167300010892,41.14323300007636],[-104.10168300015465,41.14321400012685],[-104.1017219996144,41.14313699974109],[-104.10181700004895,41.143079999792604],[-104.10194799957021,41.14305699969258],[-104.10329400015763,41.14306200033265],[-104.10343200024991,41.143063000190075],[-104.10657200024009,41.14309899978093],[-104.10887500035422,41.14310899970139],[-104.11068999967338,41.14311799976376],[-104.11076099981848,41.14311799976376],[-104.11097400025383,41.14311799976376],[-104.11104500039893,41.143119000296785],[-104.11123100017177,41.14312000015328],[-104.11295699980249,41.14312000015328],[-104.1186950003579,41.14312100000977],[-104.12060799958635,41.14312199986628],[-104.12062000018022,41.14298100033405],[-104.12062600002803,41.142916999880235],[-104.12063400042393,41.142558999783574],[-104.12063799972358,41.14241900026113],[-104.12065600016524,41.14170999994091],[-104.12066399966285,41.14110300015381],[-104.12066700003591,41.14088599990656],[-104.12073599963288,41.13827299974627],[-104.12075900009741,41.13715900017],[-104.12078400021177,41.13601199975577],[-104.12078599986158,41.13584400003084],[-104.12080500012816,41.133998999679115],[-104.12081299962577,41.13329499971033],[-104.12086500040263,41.130212999972244],[-104.12088100029614,41.12873999971124],[-104.1208779999231,41.128468000206],[-104.1208710002504,41.12738899989651],[-104.12087600027327,41.12675999991152],[-104.12087600027327,41.126624000255845],[-104.12087000042548,41.12490999987824],[-104.12086500040263,41.123080000330276],[-104.12084899961079,41.12093900027024],[-104.12085100015892,41.119769999892995],[-104.12085399963365,41.11815899996272],[-104.12085500035688,41.11805700007533],[-104.12087500044836,41.11588400004791],[-104.1208779999231,41.1156200002189],[-104.12089700018967,41.111614000004536],[-104.12091399990811,41.10968800008068],[-104.12091399990811,41.10936500017562],[-104.12091999975588,41.10719200008887],[-104.12092200030402,41.1062289998651],[-104.12093700037263,41.10457400007993],[-104.12094900006821,41.10222699985941],[-104.12094999989313,41.10200400013297],[-104.1209840002283,41.09962700012594],[-104.12099500009897,41.099618000190006],[-104.12095800028904,41.09897699984925],[-104.12102400041128,41.09892500006369],[-104.1213499999262,41.098842000021286],[-104.1215819997298,41.09869399975064],[-104.12172700039308,41.09863900016884],[-104.12179299961699,41.09845200016316],[-104.12162500028582,41.098144999694306],[-104.12156699966118,41.09809500033545],[-104.12142199989623,41.09807899977437],[-104.12134900010129,41.09800799977619],[-104.12150899993487,41.09764000029118],[-104.12169700025584,41.09755199993231],[-104.12190800014302,41.0975130000971],[-104.122088999893,41.09737000027758],[-104.12211099963432,41.0968600002325],[-104.12216800043404,41.09670000023862],[-104.12230599962798,41.096666999899504],[-104.12248800010117,41.09668400001472],[-104.12272699957747,41.096858999671035],[-104.12296000010427,41.09707900029894],[-104.12345399984869,41.097375000338076],[-104.12361399968225,41.09772600011262],[-104.12360000033686,41.09794599986755],[-104.12372300036051,41.09809399979279],[-104.12449999996214,41.098258999769094],[-104.1248480001167,41.09842300014716],[-104.1250809997452,41.09872999999355],[-104.12509599981381,41.09878500017607],[-104.12516799978384,41.09883499968665],[-104.12550900026568,41.09880199974319],[-104.12567599977194,41.09881700027339],[-104.1262719996236,41.09883399983222],[-104.12663499984676,41.09872999999355],[-104.12677999961171,41.098592999941694],[-104.12679499968034,41.098417000305616],[-104.1267439996267,41.09830100010302],[-104.12663499984676,41.098192000099466],[-104.12582999975773,41.09781799971825],[-104.1257569999628,41.09767499988577],[-104.12574299971911,41.09756000027752],[-104.12577899970411,41.09741699988334],[-104.12586699956765,41.09729599987951],[-104.1259829999186,41.09723599973334],[-104.12613500025458,41.0972249997119],[-104.12633799974586,41.097328999902636],[-104.12704900012355,41.097768999981135],[-104.1271150002458,41.09784000023765],[-104.12724499994215,41.097917000305124],[-104.12753600019528,41.09785700004929],[-104.12781099965657,41.09786799996494],[-104.12802900011476,41.09798900026902],[-104.12814499956743,41.098016999932746],[-104.12876899990648,41.09810499966869],[-104.1290380004183,41.09834100000931],[-104.1295310003378,41.09849500023331],[-104.13014100043317,41.098522999681386],[-104.13104799973115,41.0984190000272],[-104.13124400044805,41.09842499986851],[-104.1314040002816,41.098271000157354],[-104.13141199977923,41.09798500012265],[-104.13174599969005,41.0975130000971],[-104.13193499983595,41.097437000108705],[-104.13233400004412,41.097382000151285],[-104.13239900034144,41.09733800015228],[-104.13241400041007,41.09723900004663],[-104.1323049997318,41.09687700029782],[-104.13241400041007,41.09671699966837],[-104.13252300019,41.096629999991826],[-104.13314099978297,41.09635000028957],[-104.133212999753,41.09633900011975],[-104.13345299995252,41.09639400027345],[-104.13396799961332,41.09658100004547],[-104.13406200022297,41.0966520002322],[-104.13415599993431,41.09689399968176],[-104.13426499971425,41.0970259998058],[-104.13443200011882,41.097168999697246],[-104.13460600019609,41.097212999809514],[-104.13476600002967,41.09719099975704],[-104.13489599972601,41.0971140001924],[-104.13505599955958,41.09687800018205],[-104.13518699997914,41.096756999862244],[-104.13528200041371,41.096719000118696],[-104.13540500043734,41.096730000224866],[-104.13541899978274,41.09679600014631],[-104.13516500023785,41.09709800006934],[-104.13517199991053,41.09724099980403],[-104.1353100000028,41.097333999966246],[-104.13562200017232,41.097388999963805],[-104.13591199970224,41.097487999843366],[-104.13618100021408,41.097465999883056],[-104.13634799972034,41.097487999843366],[-104.13638399970534,41.09753199974195],[-104.13638399970534,41.09767499988577],[-104.1364570003986,41.09774600024389],[-104.13692799967848,41.097851000156105],[-104.13713100006807,41.097976999829186],[-104.13737799994027,41.09807100016934],[-104.13739200018397,41.09829000025993],[-104.13748699972021,41.09837300032295],[-104.13763200038348,41.09837300032295],[-104.13777700014845,41.09831799979539],[-104.13821300016653,41.09826299989875],[-104.13933100025,41.09820899982005],[-104.13963599984854,41.0980279998216],[-104.13980300025311,41.09805500027939],[-104.14005699979802,41.09819299996367],[-104.14021599980667,41.09819299996367],[-104.14028899960161,41.0981379999624],[-104.14033200015763,41.09800100002964],[-104.14061599983977,41.09794599986755],[-104.14076800017571,41.09783600008219],[-104.14076099960472,41.097659999771665],[-104.14052899980112,41.09754500013715],[-104.14043400026489,41.097452000273684],[-104.1404350000898,41.09736399966293],[-104.14050700005981,41.097287000301094],[-104.14063799958106,41.09726999966495],[-104.14084799964334,41.097324999716115],[-104.1409570003216,41.097324999716115],[-104.14135599963146,41.09722700014675],[-104.1416689996259,41.097221000196015],[-104.14181400028919,41.097348000277684],[-104.14181400028919,41.097452000273684],[-104.14171899985462,41.09769900019657],[-104.14179099982465,41.09794599986755],[-104.14193700031282,41.09811100021565],[-104.14204500026787,41.09811100021565],[-104.14217599978912,41.09804000025206],[-104.14234999986638,41.09809500033545],[-104.14260400030959,41.09807799990843],[-104.14302500025909,41.09797400022663],[-104.14353400007211,41.09774899985686],[-104.1437800001194,41.09774899985686],[-104.14388899989935,41.09782600003107],[-104.14388899989935,41.097985999990044],[-104.14374400013439,41.09811700008514],[-104.1432939998726,41.098364000215135],[-104.14320699983396,41.098391999719055],[-104.14293800022045,41.09837000006151],[-104.1428290004405,41.098434999828484],[-104.14280699980087,41.09866599969854],[-104.14284299978588,41.09878699988645],[-104.14295199956582,41.098940999741714],[-104.14426499964299,41.09997300018888],[-104.14441799980388,41.0999570000853],[-104.14469399998838,41.09974300001753],[-104.1450349995719,41.099622000236884],[-104.14541200003879,41.099616999670545],[-104.14577500026195,41.09954000024206],[-104.14592099985181,41.09957299981474],[-104.14618199996772,41.09974399985817],[-104.14635600004499,41.099760000013646],[-104.14661700016092,41.09960600004779],[-104.14680600030678,41.0995960002661],[-104.14695799974444,41.09967800019106],[-104.14704599960798,41.099826000275264],[-104.147081999593,41.100012999753844],[-104.14719000044634,41.10016700011924],[-104.14760399982481,41.10017199996682],[-104.14784400002434,41.10034800031564],[-104.14835200001245,41.1003920003292],[-104.14846099979239,41.10035899981412],[-104.14891100005417,41.10007399990658],[-104.14900499976551,41.10004700027875],[-104.1498690003041,41.10004700027875],[-104.15005099987899,41.10002499982164],[-104.15031899966758,41.09991500013331],[-104.1505730001108,41.09990399988356],[-104.15068899956343,41.09994300032995],[-104.15083400022671,41.10005299997134],[-104.1511029998402,41.1001790001589],[-104.15122599986387,41.100360000322276],[-104.15123300043486,41.10053600016737],[-104.15132100029842,41.100602000326134],[-104.1518209998906,41.10072300033213],[-104.15219099978647,41.101013999735976],[-104.1522929998937,41.101013999735976],[-104.15267799985818,41.100794999927835],[-104.1532009999149,41.10060300015365],[-104.15349100034314,41.100592000019134],[-104.15365100017672,41.10064699999638],[-104.1538679999117,41.100651999807404],[-104.15399900033125,41.100685000175275],[-104.15417300040853,41.100790000127695],[-104.15427499961746,41.100794999927835],[-104.1543619996561,41.100762000292185],[-104.15437699972472,41.10067400005449],[-104.15442699995343,41.10063000022985],[-104.1545800001143,41.10059799966199],[-104.15473900012296,41.10063599986923],[-104.15497900032247,41.10080100022904],[-104.15522600019467,41.10087199991578],[-104.15541399961735,41.10103699968275],[-104.15547999973957,41.10116900028092],[-104.15547999973957,41.101338999737344],[-104.15541399961735,41.101487000140175],[-104.15539900044705,41.101640999757066],[-104.15544999960235,41.101789000156316],[-104.15551599972459,41.10184399980803],[-104.15564600031924,41.10192700011833],[-104.15632099981362,41.1021740001357],[-104.15655299961723,41.10221800027974],[-104.15725800014715,41.10221800027974],[-104.15745399996571,41.10219599987294],[-104.15762100037031,41.10210299982569],[-104.15776600013527,41.10209199994241],[-104.15883300016512,41.10230599980243],[-104.1591210000452,41.102336999736984],[-104.15911400037251,41.103050000285215],[-104.15910599997659,41.104072000019016],[-104.15910000012882,41.10519099967394],[-104.15909699975576,41.105905000119236],[-104.15909500010594,41.1061230000657],[-104.1590919997329,41.10678000017822],[-104.1590919997329,41.10699900033432],[-104.15909000008307,41.10724600022726],[-104.1590859998851,41.10798699974629],[-104.1590859998851,41.10823499969522],[-104.1590780003875,41.10986600001978],[-104.15906199959566,41.11508300023593],[-104.15906199959566,41.115333000335916],[-104.15908400023527,41.11998700028875],[-104.15909000008307,41.12229099974291],[-104.15904099967926,41.12693800024895],[-104.15902700033388,41.132782999908535],[-104.15903099963353,41.13401600027792],[-104.15902399996082,41.135628999916214],[-104.15901899993796,41.13685799975737],[-104.15894199994506,41.14164499972074],[-104.15893299972421,41.14247799984021],[-104.1589310000744,41.142635000307656],[-104.15892500022662,41.143106000131304],[-104.15892400040173,41.143264000302615],[-104.16275700032796,41.14326799971973],[-104.16513800025987,41.14327099995886],[-104.1677240002312,41.14326799971973],[-104.17010500016313,41.14327900014494],[-104.17363900033862,41.14328300023764],[-104.17425600010668,41.14328700033005],[-104.17517400017363,41.14329399998384],[-104.17808999985785,41.14329899992939],[-104.18548799992172,41.143313999763706],[-104.19722400042522,41.143338000303324],[-104.19953300038713,41.14335300012873],[-104.20455100034401,41.14337600012499],[-104.20768200011335,41.14338600000316],[-104.21436799997464,41.1434080001357],[-104.21508100000216,41.1434070002836],[-104.21531899965353,41.1434080001357],[-104.2160330004043,41.14341300007257],[-104.21604900029782,41.14341399992458],[-104.21627199988058,41.14340400005069],[-104.2162740004287,41.143247000071234],[-104.21628399957613,41.142779000168936],[-104.21628799977411,41.14262399977437],[-104.21631399971336,41.1413730002758],[-104.21634399985061,41.13998600022063],[-104.21639999992709,41.13762299982198],[-104.21643000006432,41.13637400024587],[-104.21643699973701,41.13608899971148],[-104.21645099998072,41.13507200033822],[-104.21648699996574,41.13252999991629],[-104.21650299985926,41.131166999866856],[-104.21651899975278,41.12986600019514],[-104.2170550002283,41.12982100025145],[-104.21854200038273,41.129249999804216],[-104.21949899990942,41.12919299996675],[-104.22238299980658,41.129024999694664],[-104.22876400006932,41.129077000002034],[-104.2318539998308,41.12910299980198],[-104.23550699983198,41.12913000033803],[-104.23640800018049,41.129136000079704],[-104.23693200006213,41.12914099975125],[-104.23798400002337,41.12914900030759],[-104.24162600015391,41.1292180003289],[-104.24350800031854,41.12912600005882],[-104.24493400037359,41.12919400003554],[-104.24584499986953,41.12930899972636],[-104.24648299955399,41.12960600001934],[-104.2479119999821,41.13061299975863],[-104.2486719998653,41.131047999887606],[-104.24953700022877,41.13125099968247],[-104.25056800027363,41.131493000177116],[-104.252677000219,41.13212400017071],[-104.25395099993808,41.13235499992577],[-104.25394300044046,41.13405000010899],[-104.2539390002425,41.13442999972871],[-104.25387700031824,41.14065499974915],[-104.25387200029536,41.14120300030354],[-104.25385800005165,41.142730000162345],[-104.25385600040183,41.14292199985448],[-104.25385100037896,41.14349800029368],[-104.25385100037896,41.143522000089405],[-104.25384800000592,41.14369100029106],[-104.25383200011238,41.144491999986144],[-104.25384600035609,41.14612899993467],[-104.25384299998304,41.14634100003178],[-104.25384100033322,41.14644999991698],[-104.2538129998458,41.148752000021744],[-104.25381000037109,41.15472899967004],[-104.25381000037109,41.157488999806084],[-104.25381000037109,41.15762699967058],[-104.2538120000209,41.15804100022629],[-104.2538129998458,41.158179999908164],[-104.2538120000209,41.15826899977841],[-104.25381100019598,41.15853499971886],[-104.25381100019598,41.15862500007976],[-104.25381100019598,41.158660999919015],[-104.25381100019598,41.15877000028862],[-104.2538120000209,41.158806999665465],[-104.25489300029447,41.158807999959095],[-104.25763099970344,41.158811999780774],[-104.25813600021682,41.15881699989564],[-104.25921800031529,41.15883000032783],[-104.26190800004369,41.15883200023801],[-104.26997800012722,41.158841000171265],[-104.27266799985563,41.15884399969783],[-104.27368499965677,41.15884499999088],[-104.27652099987334,41.15885000010323],[-104.28345199995701,41.1588649997617],[-104.28444600019192,41.15885900003402],[-104.28808300029958,41.158866999670856],[-104.29193700014223,41.158876999891824],[-104.29206699983855,41.158876999891824],[-104.29706999972683,41.1588809997093],[-104.29992500020998,41.15888399991038],[-104.30544600013211,41.15889400012875],[-104.30918600017192,41.158904999961436],[-104.31246799955404,41.158913999884675],[-104.31425699983225,41.158920000283665],[-104.31760199986186,41.15892200019109],[-104.31922000043586,41.15892299980661],[-104.3228900001555,41.158920999899216],[-104.32635099963774,41.158920999899216],[-104.33024600038657,41.15893499992611],[-104.33123700024844,41.15893499992611],[-104.33190699971996,41.158920999899216],[-104.33380099958015,41.15884399969783],[-104.33472500039319,41.158793000287574],[-104.33615499974789,41.15867699991635],[-104.33873200039672,41.15840599973001],[-104.34207800025123,41.158056000069905],[-104.34321800007602,41.157968000216925],[-104.34399700022578,41.157915999817845],[-104.34419399986926,41.15790600012656],[-104.3447860004213,41.15788000024576],[-104.3449839998897,41.1578710001806],[-104.3451660003629,41.15786299974584],[-104.34587500019245,41.157836000215895],[-104.34621900014905,41.1578230002629],[-104.34777300025064,41.15780700005708],[-104.34855300022531,41.15780199986517],[-104.34944600017789,41.15779799998185],[-104.34944600017789,41.15771399967113],[-104.34944600017789,41.15746299975987],[-104.3494470000028,41.15738000001155],[-104.34944500035299,41.157250999778555],[-104.34944100015502,41.15686400026173],[-104.3494400003301,41.156734999689576],[-104.3494400003301,41.15662400001644],[-104.34944399962974,41.156292000201205],[-104.34944500035299,41.1561820001116],[-104.34944500035299,41.155838999741455],[-104.34944500035299,41.15481000003679],[-104.34944500035299,41.15446800028748],[-104.34944399962974,41.15221499970323],[-104.34944399962974,41.1513609997341],[-104.34945700004855,41.149764999976895],[-104.34951999979774,41.145456999960125],[-104.3495249998206,41.14518500009031],[-104.34955400013293,41.143205000077664],[-104.34955499995783,41.14313699974109],[-104.34955499995783,41.14311500019408],[-104.34955499995783,41.142848000060866],[-104.34955599978275,41.142759000225915],[-104.34956199963052,41.14006500005309],[-104.3495730003995,41.13618099968936],[-104.34962100008008,41.13198500005208],[-104.34965200004221,41.129291999937735],[-104.34967399978352,41.12879599986746],[-104.34973300023307,41.12752600009078],[-104.34974300027882,41.127308000165655],[-104.34976800039315,41.12681300008907],[-104.34979799963207,41.12619899968427],[-104.34987700017312,41.124620999737935],[-104.34988700021886,41.124358000004946],[-104.3499120003332,41.1237449997881],[-104.34993099970146,41.12326900022055],[-104.34999699982372,41.1219839997426],[-104.35001000024249,41.12173500011814],[-104.35028899990175,41.116706000267946],[-104.35032999990963,41.11598299979461],[-104.35039000018409,41.11494700006864],[-104.35100600012726,41.11492999994332],[-104.35387900015375,41.114919999787915],[-104.3542280001332,41.11491900017839],[-104.36520800005317,41.114905000228774],[-104.36574399963037,41.11490599983852],[-104.36943699981452,41.114914000100015],[-104.36958300030273,41.11490799973482],[-104.36961199971672,41.11325599968264],[-104.36962299958736,41.11202800002383],[-104.36970799997619,41.1033880002804],[-104.3697370002885,41.10050800022353],[-104.36972499969463,41.10032900013145],[-104.36972499969463,41.10031899978293],[-104.36973200026561,41.09975299977684],[-104.36973499974037,41.09956499971471],[-104.36975300018203,41.09817899983232],[-104.36977400009842,41.09684699970173],[-104.36983400037289,41.0931650001523],[-104.36990700016781,41.08869499988477],[-104.36995200037366,41.08597799974088],[-104.36994599962756,41.0847419999541],[-104.36995599967331,41.08338199977644],[-104.36995900004635,41.083090000037146],[-104.3699840001607,41.08096299978246],[-104.36997800031293,41.08003099991432],[-104.37001099992487,41.07652100033232],[-104.37002699981842,41.07442899991817],[-104.37005000028296,41.07154200023115],[-104.3700750003973,41.07000900015301],[-104.37008399971982,41.068643999669845],[-104.37008799991779,41.068227000198966],[-104.3701449998192,41.06320600011316],[-104.37016599973559,41.05994999970297],[-104.37018599982707,41.05705199967136],[-104.37018599982707,41.057017000116126],[-104.370194000223,41.055742999972175],[-104.37021599996432,41.05267400004965],[-104.37022799965986,41.051908999808326],[-104.37022600001005,41.051817000286995],[-104.37022000016226,41.05150100033281],[-104.37020599991857,41.0513690002198],[-104.37017499995642,41.0512190002626],[-104.37011999970484,41.0510820000661],[-104.37003699986415,41.0509189999997],[-104.36992999973404,41.050735000092025],[-104.3698360000227,41.05060199988621],[-104.36984799971827,41.05045900028184],[-104.36985500028928,41.05037799982321],[-104.3698369998476,41.05008599981795],[-104.36981400028138,41.050035999798425],[-104.36975499983184,41.04990699989787],[-104.36974899998407,41.04928399982687],[-104.3697439999612,41.04865099987222],[-104.36971600037211,41.04488300024986],[-104.36970700015128,41.04362699985481],[-104.36970499960313,41.04340199973958],[-104.36969799993044,41.0427270001985],[-104.36969700010552,41.04250199971638],[-104.36979500001482,41.04250199971638],[-104.37008899974268,41.04250199971638],[-104.37018699965199,41.04250299975034],[-104.3703210004446,41.04250299975034],[-104.37072300012751,41.04250399978426],[-104.37085799984672,41.0425049998182],[-104.37088100031126,41.04039299998875],[-104.37089200018191,41.039408000095875],[-104.37090999972526,41.03828399975967],[-104.37094599971027,41.03406000024083],[-104.37096499997683,41.03194900000257],[-104.37097900022054,41.030380999898405],[-104.37098800044139,41.02958899992706],[-104.37100599998472,41.028015999951094],[-104.3710250002513,41.025557000230926],[-104.37106899973391,41.02390000006348],[-104.371067999909,41.022736000132525],[-104.37106999955883,41.022508999771986],[-104.37108600035066,41.02130199994741],[-104.37108600035066,41.020377000283496],[-104.37107899977966,41.020307000095265],[-104.37105399966529,41.020229999937804],[-104.3710119998325,41.02016700017334],[-104.37129600041294,41.02015100029883],[-104.37167999965419,41.02013499974273],[-104.37192200040184,41.02012700014099],[-104.37226299998538,41.020116999790204],[-104.37358500028336,41.02012999990702],[-104.37429099973988,41.02011899986051],[-104.37465499978795,41.02010700011568],[-104.37486700039837,41.020100999903605],[-104.37510300039993,41.020060000134045],[-104.3752990002185,41.01998499976215],[-104.37546800027292,41.01987699972728],[-104.37550000005994,41.01983900027534],[-104.3756010003423,41.01972400005253],[-104.37573100003863,41.01952799983469],[-104.375904000291,41.01920999995564],[-104.37607199962218,41.018903999863],[-104.37646699963238,41.018114000249895],[-104.37682099963472,41.0174320001273],[-104.37692799976485,41.017207999685496],[-104.37714600022304,41.01675900015838],[-104.37723099971353,41.01663599995465]]]},"properties":{"GEOID":"560210020011","BASENAME":"1","STATE":"56","COUNTY":"021","TRACT":"002001","BLKGRP":"1","NAME":"1"}},{"type":"Feature","geometry":{"type":"Polygon","coordinates":[[[-104.79348700007604,41.12076399981676],[-104.79342099995381,41.120685999947646],[-104.79334499978583,41.12059699981898],[-104.79322699978506,41.120451999784194],[-104.79311299998224,41.120312999977514],[-104.79301500007296,41.12019299973237],[-104.79295899999646,41.1201249999021],[-104.7925609996132,41.11966100033418],[-104.79241000000046,41.119485000316686],[-104.79215499973235,41.119201999945005],[-104.79185500015667,41.11893999969927],[-104.79176899994295,41.11886499969466],[-104.79147199984203,41.11863399981881],[-104.7908430003784,41.118220999737254],[-104.79039599959134,41.117908999797606],[-104.79020300014582,41.11772900019895],[-104.79009900038875,41.117574999736966],[-104.79006599987846,41.117481999814736],[-104.79002499987058,41.11736600012728],[-104.78998999971047,41.11711399981983],[-104.78997499964188,41.116714000310054],[-104.78997499964188,41.11665799999467],[-104.78997499964188,41.11658699977994],[-104.78997499964188,41.116490000115434],[-104.78997600036509,41.1164349998722],[-104.78997800001491,41.11588700018594],[-104.78997899983982,41.11576300022989],[-104.78998800006066,41.113746000329655],[-104.78999200025861,41.11307499986949],[-104.78999300008353,41.11298600024949],[-104.78999499973335,41.112718999988715],[-104.78999700028149,41.1126299998861],[-104.78999700028149,41.11246399982097],[-104.7899980001064,41.11196900013156],[-104.78999899993131,41.11188699998671],[-104.78999899993131,41.11180400008252],[-104.78999899993131,41.11166999988521],[-104.78999899993131,41.11127100003177],[-104.78999999975622,41.111137999767394],[-104.79000200030437,41.11102799974207],[-104.79000899997705,41.11066800021659],[-104.7900120003501,41.110551000318],[-104.79001099962687,41.110497000190364],[-104.79001099962687,41.11033500021785],[-104.79001099962687,41.110282000269564],[-104.79001099962687,41.110195999968745],[-104.79001099962687,41.10993999979163],[-104.79001099962687,41.109855000083186],[-104.79001099962687,41.10977300000532],[-104.79001099962687,41.109526999834166],[-104.79001099962687,41.109445999716435],[-104.79001099962687,41.109429000197146],[-104.79001099962687,41.10937699988828],[-104.7900120003501,41.109361000045304],[-104.79001399999993,41.10901900018469],[-104.7900209996726,41.107995000174135],[-104.79002400004566,41.107653999687145],[-104.79002499987058,41.10744899987396],[-104.79002700041873,41.106834999711246],[-104.79002900006853,41.10663099978433],[-104.79002800024362,41.10647699968514],[-104.79002599969549,41.106014999928114],[-104.79002599969549,41.10586200016236],[-104.79002599969549,41.10576800014271],[-104.79002700041873,41.10548899988982],[-104.79002800024362,41.105395999767715],[-104.79002800024362,41.10529899981303],[-104.79002999989345,41.10500700000558],[-104.79003099971837,41.104910999915106],[-104.79003099971837,41.104893000136364],[-104.79003099971837,41.10483999985665],[-104.79003099971837,41.104822999821714],[-104.79003099971837,41.10475699984348],[-104.7900320004416,41.10468100011454],[-104.7900320004416,41.10456099972225],[-104.7900330002665,41.104495999925845],[-104.7900330002665,41.104430000295864],[-104.7900330002665,41.10427799999319],[-104.7900330002665,41.10423200033102],[-104.7900340000914,41.10416700020896],[-104.79003599974124,41.10378499974335],[-104.7900409997641,41.10264100017589],[-104.79004400013716,41.102260000112814],[-104.78944599973735,41.10225600022655],[-104.7886759998084,41.10225099986074],[-104.78844300017991,41.10225000005827],[-104.78765300015948,41.10224499969197],[-104.7870559995846,41.10224200028432],[-104.78640899967931,41.10223799972008],[-104.78508800010457,41.10222999994467],[-104.78447100033651,41.10222500025377],[-104.78418400028131,41.102222000168275],[-104.7838250002561,41.102219999885556],[-104.78126900042201,41.10219899995961],[-104.78028600005774,41.10219100017945],[-104.77962300025892,41.10218199991793],[-104.778769999591,41.10219599987294],[-104.7781419999523,41.10222999994467],[-104.77751099994052,41.102305000000854],[-104.77697299981519,41.10239600016156],[-104.77640999957548,41.10252299971393],[-104.77578600013473,41.102688999867155],[-104.77530499991079,41.10283999999281],[-104.7748349995575,41.10300699981264],[-104.7743690003005,41.103209999702706],[-104.77392400006157,41.1034309998266],[-104.77381399955841,41.10349200018924],[-104.77343500034004,41.103704999768446],[-104.77297900023045,41.10397200013374],[-104.77262699987796,41.10423699986913],[-104.77215599969975,41.10462300015537],[-104.77190100032996,41.10485900008953],[-104.77176200041278,41.104995999931866],[-104.77158099976451,41.10517500016468],[-104.77122500011234,41.10559700021569],[-104.77119999999799,41.10563099988041],[-104.77112700020305,41.10573300012268],[-104.77108799984501,41.10579000002977],[-104.77081000001066,41.10620900028641],[-104.77057599965893,41.10662400027996],[-104.77041300035062,41.10698599977986],[-104.77026100001466,41.10736000007276],[-104.77010899967868,41.10785900021405],[-104.77009799980802,41.10790999997827],[-104.77001400014244,41.10833799966344],[-104.76996399991373,41.10874799986724],[-104.76757399976097,41.10862300025798],[-104.76716899970502,41.108376999839244],[-104.76682700029659,41.10789199966786],[-104.7669410000994,41.10741900004572],[-104.76713600009307,41.10702700021814],[-104.76698399975712,41.10671100025591],[-104.76670699974765,41.10660700002998],[-104.76578399965787,41.106173999824556],[-104.76409700038519,41.10660700002998],[-104.76266999960691,41.10736400032502],[-104.76230300008413,41.10742800026638],[-104.76178400022535,41.10729899991882],[-104.76098400015917,41.106584999739816],[-104.75953399981468,41.106306000250655],[-104.75871399965703,41.106584999739816],[-104.75843499999777,41.10699900033432],[-104.7576969998559,41.10762300023194],[-104.75733100015799,41.10838800002345],[-104.75741599964849,41.10874700016373],[-104.75726500003576,41.10937400012954],[-104.75662200032843,41.10964999969655],[-104.75650799962729,41.109699000045296],[-104.756485999886,41.11021799972587],[-104.75650799962729,41.111125999699745],[-104.75622700031822,41.111254999973504],[-104.75556299979617,41.11153499975332],[-104.75465700032312,41.11094500010553],[-104.75429699957469,41.11054900028902],[-104.754141999764,41.11012100012599],[-104.75442499962121,41.10979200016458],[-104.75435400037442,41.1095729998482],[-104.75399699999905,41.10953900019408],[-104.75351099975224,41.10975900031199],[-104.75309099962766,41.11035400021442],[-104.75255099985247,41.1121850002704],[-104.7519030001223,41.11287700025395],[-104.75155499996777,41.1126949997524],[-104.75028100024865,41.11376399971192],[-104.74921599986862,41.11417300025096],[-104.74866400039791,41.11481000000839],[-104.74850399966601,41.11473899982515],[-104.74806099997524,41.11469100014387],[-104.74804699973153,41.11468999985406],[-104.7475389997434,41.11467900004891],[-104.74695799996036,41.11473399973307],[-104.74661700037683,41.114806000209775],[-104.74636299993361,41.11493800020188],[-104.74625199960552,41.114983999808636],[-104.74616700011502,41.11501999991979],[-104.74604300026645,41.11509700014758],[-104.74575299983825,41.11534400003153],[-104.74582999983113,41.115578000132835],[-104.74599200021284,41.115945999940955],[-104.74597799996914,41.11622400016046],[-104.74597299994626,41.116321000218036],[-104.74586699964105,41.116653000048814],[-104.74579200019629,41.11687799994369],[-104.74557600028623,41.11737799973109],[-104.74551699983668,41.118103000203426],[-104.74531599999523,41.11839099971355],[-104.74479200011359,41.118703000069026],[-104.7438420002596,41.11867799976116],[-104.74229200035599,41.11812800005355],[-104.74031700030494,41.11715300019656],[-104.73851799998097,41.116811999901046],[-104.73766699986119,41.11707800018034],[-104.7367670002359,41.11775299994838],[-104.73612000033062,41.118396000203774],[-104.736097999691,41.118417999920034],[-104.73581499983379,41.11850600006483],[-104.73636800002774,41.118964999907355],[-104.73684900025167,41.11914099996572],[-104.73766500021135,41.119342999835574],[-104.73830299989581,41.11950499991182],[-104.73883199980033,41.11971100019151],[-104.73931399984916,41.11989499993413],[-104.74112800024176,41.12073900029392],[-104.74197099996563,41.12114200021172],[-104.74249599967217,41.12141300012169],[-104.74261100019822,41.121472000323315],[-104.7431529996232,41.121761000120394],[-104.74510000008516,41.122726999722026],[-104.74599100038793,41.12318599982019],[-104.74620899994783,41.12330600000645],[-104.74640999978928,41.12341599975888],[-104.74647300043678,41.12344199977182],[-104.74659999976006,41.123577999932074],[-104.74681400002031,41.12380699969943],[-104.7468769997695,41.12382800015818],[-104.74694100024193,41.123884999919376],[-104.74698100042488,41.123920999885534],[-104.74702699955732,41.123959000129105],[-104.74707699978603,41.12399699967402],[-104.74713000038781,41.12403300025544],[-104.74718899993904,41.12407199990431],[-104.74725099986331,41.12411000006049],[-104.74737499971187,41.12417600020817],[-104.74743499998633,41.124206999967555],[-104.74749100006282,41.12424000000091],[-104.7476159997363,41.124308000304424],[-104.74765300044453,41.12432399988793],[-104.74768100003362,41.12433600024969],[-104.74773999958484,41.12437199996838],[-104.74780499988219,41.124390999962365],[-104.7478690003546,41.124421000155316],[-104.74793100027887,41.12445799996845],[-104.74800599972363,41.12448199996408],[-104.74804500008169,41.12449599990107],[-104.75007899968398,41.12446000025035],[-104.75137199966966,41.12443699971133],[-104.7525850001877,41.124414999982505],[-104.75262600019556,41.124414999982505],[-104.75889699995514,41.12430300026456],[-104.75907900042833,41.124299999834506],[-104.75933200014833,41.124294999794095],[-104.76102099996909,41.124279000203465],[-104.7639500000721,41.12422800029829],[-104.76701700026737,41.124164999962574],[-104.7679190004408,41.12414700004893],[-104.76866199970722,41.12412100031525],[-104.76990899966214,41.12404200022851],[-104.77047899957455,41.12399899996998],[-104.7706369997583,41.12398700022328],[-104.77065900039791,41.12398499992696],[-104.77126199992226,41.123927000103514],[-104.77150899979448,41.12390400005437],[-104.77236599976206,41.12380900000118],[-104.7734060000277,41.12367799973076],[-104.77360400039444,41.12365000018145],[-104.77438400036912,41.123544000087634],[-104.77559399961581,41.12336600001729],[-104.7792270004238,41.122836000279236],[-104.78043900021862,41.12265899981037],[-104.78304799975618,41.12227700001224],[-104.78467499965268,41.122040000250905],[-104.79026300042027,41.12122099972915],[-104.79087500016544,41.12113200032597],[-104.79196700030967,41.1209749998223],[-104.79348700007604,41.12076399981676]]]},"properties":{"GEOID":"560210004031","BASENAME":"1","STATE":"56","COUNTY":"021","TRACT":"000403","BLKGRP":"1","NAME":"1"}},{"type":"Feature","geometry":{"type":"Polygon","coordinates":[[[-104.79002999989345,41.140695000235866],[-104.79002900006853,41.14023399969205],[-104.78891000016014,41.14022800028873],[-104.78876200002213,41.14022800028873],[-104.78783100043472,41.14022900018936],[-104.78743999972414,41.140235000269065],[-104.78730099980699,41.14023299979151],[-104.78688400005547,41.14022900018936],[-104.7867459999632,41.14022800028873],[-104.78644899986229,41.14022599981101],[-104.78556000010765,41.14021999973047],[-104.78526399983166,41.14021899982976],[-104.78526600037979,41.1400900003314],[-104.78527399987739,41.139706000039624],[-104.78527700025045,41.13957800011925],[-104.78527700025045,41.139526000016815],[-104.78527700025045,41.139370000138754],[-104.78527800007535,41.13931899978587],[-104.78527899990026,41.13913800013694],[-104.78528599957298,41.13859700007358],[-104.7852880001211,41.13841699971347],[-104.78488499971498,41.13841399992883],[-104.78367600029321,41.13840799968253],[-104.78327299988707,41.13840699975419],[-104.78318000000064,41.13840599982579],[-104.7829010003414,41.13840300004064],[-104.78280900027988,41.13840300004064],[-104.78256099968446,41.13840200011223],[-104.78181900024293,41.13840100018375],[-104.78157200037072,41.13840100018375],[-104.78149500037783,41.13840200011223],[-104.78126699987388,41.138404999897425],[-104.7811909997059,41.13840699975419],[-104.78094499965862,41.138437000304116],[-104.7804450000664,41.13849899986365],[-104.78025000007273,41.138548000325194],[-104.78021499991263,41.138563999819056],[-104.78003599981248,41.138651000085325],[-104.7799939999797,41.13867500030177],[-104.77979700033622,41.13878699984263],[-104.77964300035042,41.138886000219905],[-104.77861200030557,41.13955400023323],[-104.7782690001739,41.13977700027351],[-104.77838899982451,41.13987100030302],[-104.7787479998497,41.14015599996486],[-104.77886900022354,41.14025199992812],[-104.77867699970459,41.14037299992132],[-104.77810299959424,41.1407379997002],[-104.77791199979852,41.140860000040774],[-104.77772299965262,41.14098200015436],[-104.77715699993821,41.141347999810066],[-104.77696899961724,41.14147100025061],[-104.77687699955571,41.14152800024452],[-104.77660399974425,41.14169999980718],[-104.77651300040597,41.14175800015584],[-104.77618100014494,41.141967999752815],[-104.77597199990758,41.14210200032971],[-104.77562600030117,41.14233300012599],[-104.77551199960004,41.142453999662365],[-104.77543999963001,41.142576000193316],[-104.77540100017026,41.14268600011148],[-104.77539299977435,41.14277300032197],[-104.77538600010165,41.14285499976151],[-104.77538500027674,41.14316499976882],[-104.77538299972859,41.143349999893346],[-104.77537799970571,41.14390499984145],[-104.77537699988082,41.14409099974954],[-104.77537600005591,41.144275000128765],[-104.77537600005591,41.14482999968969],[-104.77537600005591,41.14501499985244],[-104.77537500023098,41.14513900000577],[-104.77537400040607,41.145512000231925],[-104.77537400040607,41.145636999940045],[-104.77627900005422,41.145639000252714],[-104.77899499972189,41.14564499983748],[-104.77990100009328,41.14564799996791],[-104.78004199966026,41.145648999785855],[-104.78046500015789,41.145651999916055],[-104.78060700044811,41.145654000228284],[-104.78493999996655,41.14568899993243],[-104.78552300029773,41.14569399969538],[-104.78804200032192,41.14571199978582],[-104.78830799956239,41.14574600031906],[-104.78837000038499,41.14575400020319],[-104.7891110000016,41.14582800009996],[-104.78938100033835,41.14583100022203],[-104.79001099962687,41.14582599979305],[-104.79000399995417,41.145606000159134],[-104.78999599955824,41.145339000020876],[-104.78999599955824,41.145123000086464],[-104.78999899993131,41.14447500007309],[-104.78999999975622,41.144259999837764],[-104.78999999975622,41.14418200016339],[-104.79000399995417,41.14395000027128],[-104.79000499977909,41.14387300007321],[-104.79000499977909,41.1437630001166],[-104.79000599960402,41.143435000196064],[-104.79000700032722,41.14332600003462],[-104.79000700032722,41.143145999799614],[-104.79000999980195,41.14260799991794],[-104.79001099962687,41.14242900028523],[-104.7900120003501,41.142352000330746],[-104.79001599964975,41.14212299966828],[-104.79001800019789,41.14204699990389],[-104.79001700037296,41.141954000161405],[-104.79001499982483,41.141676000021135],[-104.79001499982483,41.141584000308946],[-104.79002999989345,41.140695000235866]]]},"properties":{"GEOID":"560210006022","BASENAME":"2","STATE":"56","COUNTY":"021","TRACT":"000602","BLKGRP":"2","NAME":"2"}},{"type":"Feature","geometry":{"type":"Polygon","coordinates":[[[-104.78529200031905,41.13678399988722],[-104.78529700034193,41.13660699983165],[-104.78505299994445,41.136604999920046],[-104.7843240000234,41.13659900018484],[-104.78408100034915,41.13659700027294],[-104.78382899955575,41.13659399972849],[-104.78307600024357,41.136587000036194],[-104.78282500017342,41.13658500012393],[-104.78257599975308,41.13658200025551],[-104.78183000011359,41.13657599984161],[-104.78158200041646,41.13657499988535],[-104.78125799965305,41.13657299997272],[-104.78028600005774,41.13656800019097],[-104.77996300001756,41.13656700023458],[-104.77996300001756,41.136389000310935],[-104.77996499966738,41.135856000315414],[-104.77996600039062,41.1356789997855],[-104.77996700021554,41.135539999756986],[-104.77997399988821,41.13512399991234],[-104.77997700026124,41.13498600004142],[-104.77997700026124,41.134940000245464],[-104.77997800008616,41.134804999937344],[-104.77997899991108,41.13475999999847],[-104.77997899991108,41.134645999699316],[-104.77998200028412,41.134308000283],[-104.77998300010904,41.13419499986751],[-104.77998300010904,41.13411499973707],[-104.77998300010904,41.13387800010586],[-104.77998399993396,41.133799000264084],[-104.77998399993396,41.13372000032712],[-104.77998399993396,41.13348499995226],[-104.77998399993396,41.13340700031839],[-104.77998200028412,41.133288999672374],[-104.779979999736,41.13306599990175],[-104.77999499980461,41.132982999714706],[-104.78001200042137,41.13294299993753],[-104.78002499994184,41.1329160002941],[-104.78006799959955,41.132840000010155],[-104.78006799959955,41.13277099973841],[-104.78006900032277,41.13275000011195],[-104.7800700001477,41.132660000090326],[-104.7800700001477,41.132578000083384],[-104.7800700001477,41.13256399984091],[-104.7800700001477,41.13249499995549],[-104.77966000006886,41.13252299979028],[-104.77944199961065,41.13255200030734],[-104.77915899975342,41.132575000031714],[-104.77898300002633,41.132590000288864],[-104.77849099993175,41.13266500016994],[-104.77795799982928,41.132754000170195],[-104.77740999965819,41.13285500020671],[-104.77681700017958,41.132996999867714],[-104.7764670003752,41.13309100014133],[-104.77625800013786,41.133147999975336],[-104.7758470002341,41.133266000198326],[-104.77559199996597,41.13335600006524],[-104.77490499987772,41.13359400023082],[-104.77460299975391,41.13371500032791],[-104.77445499961591,41.133776000292244],[-104.77402600016883,41.13396099983721],[-104.77351999983054,41.1342029998075],[-104.77316800037634,41.13438500020912],[-104.77281299965078,41.134577999960655],[-104.77247299989217,41.1347729997885],[-104.7722140003244,41.13494600013242],[-104.77215499987486,41.134984000080394],[-104.77209600032361,41.13502200000631],[-104.77182400033705,41.13519700032473],[-104.77151800001529,41.13539600023939],[-104.7709410004302,41.135768999724746],[-104.77078999991917,41.13584599996564],[-104.77052299995547,41.135981000161074],[-104.77032600031197,41.13609500016992],[-104.77007699989166,41.136227999929744],[-104.76994800002021,41.13628299982289],[-104.76982099979861,41.136329999990195],[-104.76967799968345,41.13637200032718],[-104.76954100031443,41.136401999778194],[-104.76939200035153,41.136429999975086],[-104.76933600027502,41.13643699968414],[-104.76922199957387,41.136452999692935],[-104.76893899971668,41.13646599982409],[-104.768679000324,41.136491000121026],[-104.76852799981292,41.13653400031182],[-104.7685189995921,41.13690200033544],[-104.76851100009449,41.13731200005924],[-104.76850600007161,41.13800800006565],[-104.7685040004218,41.13837699986705],[-104.76850299969857,41.138411000144],[-104.76850299969857,41.13851200026581],[-104.76850299969857,41.13854699972244],[-104.76850299969857,41.138651000085325],[-104.7685040004218,41.13896300018454],[-104.7685050002467,41.13906699988775],[-104.7685050002467,41.13928300014965],[-104.76850799972145,41.139931000049884],[-104.76850900044468,41.14014800007429],[-104.76850799972145,41.140358000090856],[-104.76850799972145,41.140478999888494],[-104.7685189995921,41.14098999994319],[-104.76852100014024,41.141048000243245],[-104.76852100014024,41.141123999812265],[-104.76852100014024,41.141200999855556],[-104.76851699994228,41.14134899969358],[-104.76850600007161,41.141794999663304],[-104.76850299969857,41.14194400006484],[-104.76850199987366,41.1421259999598],[-104.76849900039892,41.14267500026325],[-104.76849900039892,41.142858000019594],[-104.76849600002588,41.143037999692076],[-104.76848900035318,41.14358100002917],[-104.76848799962997,41.1437620002699],[-104.76848400033033,41.1441300003289],[-104.76847099991153,41.14523500011619],[-104.76846800043678,41.14560399984544],[-104.76871000028613,41.14560499966405],[-104.76943699965905,41.14561000010983],[-104.7696800002316,41.145611999746905],[-104.76988600009591,41.14561300024188],[-104.77050600023703,41.14561599969725],[-104.77071299992626,41.14561700019215],[-104.77078499989629,41.14561700019215],[-104.77088600017862,41.14561700019215],[-104.7714050000374,41.14561899982901],[-104.77157800028976,41.14562000032387],[-104.77233700034805,41.14562299977892],[-104.77461399962458,41.14563299999098],[-104.77537400040607,41.145636999940045],[-104.77537400040607,41.145512000231925],[-104.77537500023098,41.14513900000577],[-104.77537600005591,41.14501499985244],[-104.77537600005591,41.14482999968969],[-104.77537600005591,41.144275000128765],[-104.77537699988082,41.14409099974954],[-104.77537799970571,41.14390499984145],[-104.77538299972859,41.143349999893346],[-104.77538500027674,41.14316499976882],[-104.77538600010165,41.14285499976151],[-104.77539299977435,41.14277300032197],[-104.77540100017026,41.14268600011148],[-104.77543999963001,41.142576000193316],[-104.77551199960004,41.142453999662365],[-104.77562600030117,41.14233300012599],[-104.77597199990758,41.14210200032971],[-104.77618100014494,41.141967999752815],[-104.77651300040597,41.14175800015584],[-104.77660399974425,41.14169999980718],[-104.77687699955571,41.14152800024452],[-104.77696899961724,41.14147100025061],[-104.77715699993821,41.141347999810066],[-104.77772299965262,41.14098200015436],[-104.77791199979852,41.140860000040774],[-104.77810299959424,41.1407379997002],[-104.77867699970459,41.14037299992132],[-104.77886900022354,41.14025199992812],[-104.7787479998497,41.14015599996486],[-104.77838899982451,41.13987100030302],[-104.7782690001739,41.13977700027351],[-104.77861200030557,41.13955400023323],[-104.77964300035042,41.138886000219905],[-104.77979700033622,41.13878699984263],[-104.7799939999797,41.13867500030177],[-104.78003599981248,41.138651000085325],[-104.78021499991263,41.138563999819056],[-104.78025000007273,41.138548000325194],[-104.7804450000664,41.13849899986365],[-104.78094499965862,41.138437000304116],[-104.7811909997059,41.13840699975419],[-104.78126699987388,41.138404999897425],[-104.78149500037783,41.13840200011223],[-104.78157200037072,41.13840100018375],[-104.78181900024293,41.13840100018375],[-104.78256099968446,41.13840200011223],[-104.78280900027988,41.13840300004064],[-104.7829010003414,41.13840300004064],[-104.78318000000064,41.13840599982579],[-104.78327299988707,41.13840699975419],[-104.78367600029321,41.13840799968253],[-104.78488499971498,41.13841399992883],[-104.7852880001211,41.13841699971347],[-104.78528499974804,41.13823199988103],[-104.78527800007535,41.137677999898514],[-104.78527600042553,41.13749399995362],[-104.78527899990026,41.13731599983932],[-104.78529200031905,41.13678399988722]]]},"properties":{"GEOID":"560210006021","BASENAME":"1","STATE":"56","COUNTY":"021","TRACT":"000602","BLKGRP":"1","NAME":"1"}},{"type":"Feature","geometry":{"type":"Polygon","coordinates":[[[-104.7612460001,41.141735000268646],[-104.76125699997066,41.141571999719325],[-104.76057699955508,41.141668000316024],[-104.76052100037691,41.14167699989963],[-104.75969199999844,41.14181700032958],[-104.7591470002004,41.141940999765],[-104.75878300015233,41.142058999730125],[-104.7585000002951,41.14219599973289],[-104.75838499976906,41.14226199995311],[-104.75825900027067,41.142335999731436],[-104.75801800024625,41.14251700002589],[-104.75781200038193,41.14272799976093],[-104.75779899996314,41.14274100000135],[-104.75776200015322,41.14278199975394],[-104.75774999955934,41.14279599984509],[-104.7577400004119,41.14280599981175],[-104.75771199992451,41.14283700023981],[-104.75770299970367,41.142848000060866],[-104.75767000009171,41.1428839997698],[-104.7575210001288,41.143088999859],[-104.75749000016664,41.14313300031599],[-104.75706500001921,41.14387499976319],[-104.75691500023139,41.14413799973375],[-104.75666599981105,41.144662000226916],[-104.75630199976298,41.14525300033267],[-104.75613600008163,41.14550699977861],[-104.75612299966284,41.14552700023654],[-104.75576500036085,41.145773999909295],[-104.75538799989398,41.14603100015593],[-104.75500799995241,41.1463309999277],[-104.7547619999051,41.1464970002398],[-104.7543390003058,41.14678500027324],[-104.75395099996828,41.14704700027597],[-104.753480999615,41.147354000031434],[-104.75295199971048,41.14769000029118],[-104.7522489997287,41.14812800015847],[-104.75164299983129,41.14846099983261],[-104.75101299964444,41.1487870001016],[-104.7507840002139,41.14890100017421],[-104.75046199999862,41.1490619998857],[-104.74936300018172,41.14952099973323],[-104.74884599997277,41.149717000211425],[-104.7482159997859,41.149956000288086],[-104.74701900005974,41.15041200005244],[-104.74702200043278,41.15077499994282],[-104.74702400008259,41.15095599994223],[-104.74701900005974,41.15120899988506],[-104.74700300016619,41.15196899966475],[-104.74699899996824,41.15222300015088],[-104.74699899996824,41.15233500022838],[-104.74699899996824,41.15267300008724],[-104.74699899996824,41.15278599978149],[-104.74746900032152,41.15278700016699],[-104.74811399967868,41.1527899999706],[-104.74887899958472,41.152775000274744],[-104.74934999976291,41.15276699989441],[-104.74968299984884,41.152768000280204],[-104.75052100044817,41.15277100008467],[-104.75068499958138,41.15277199979405],[-104.75101900039056,41.152773999889064],[-104.75103000026118,41.15278599978149],[-104.75106299987316,41.15282299983059],[-104.75107399974382,41.15283600009881],[-104.75121400038421,41.15297900017354],[-104.75126299988972,41.15302899966725],[-104.75138599991335,41.15310599993583],[-104.75149399986839,41.15315100013873],[-104.75160600002137,41.15317400008025],[-104.75169499970984,41.15319299984932],[-104.75185100024376,41.15322100031784],[-104.75206899980364,41.15323799999255],[-104.75226600034544,41.15324200015407],[-104.7526000002563,41.15324900009801],[-104.75281000031858,41.15324400023474],[-104.75310800024441,41.153228000264015],[-104.75336199978932,41.15320600004421],[-104.75350999992733,41.153181999734464],[-104.7535729996765,41.15317299970065],[-104.75379100013471,41.15315100013873],[-104.75392400020411,41.15314400018439],[-104.7539869999533,41.15314000001683],[-104.75422700015281,41.153135000145305],[-104.75464100042959,41.153135000145305],[-104.75483700024817,41.15314099972053],[-104.75501200015034,41.15315699971254],[-104.75518600022764,41.15329400020275],[-104.75533799966527,41.15344300017887],[-104.75546200041215,41.153580000071386],[-104.7556130000249,41.153689000097366],[-104.75568099979695,41.1537739998491],[-104.75571900033009,41.15387299992233],[-104.75576100016289,41.153973999904494],[-104.75579299994995,41.15403400027556],[-104.75578600027724,41.15410200013376],[-104.75577899970624,41.154163999763945],[-104.75579999962264,41.15423200016364],[-104.75581999971412,41.15429500003335],[-104.75584400000358,41.15436399998221],[-104.75586699956979,41.15446899997093],[-104.75588300036162,41.15454799994172],[-104.7559019997299,41.15459099979166],[-104.75594899958556,41.154692000020304],[-104.75599899981427,41.15479799983846],[-104.75602999977642,41.1548459999422],[-104.7563539996415,41.155212000000226],[-104.756409999718,41.155265999857974],[-104.75644300022827,41.155296999806325],[-104.75650099995461,41.15535199994036],[-104.7565419999625,41.15539200025487],[-104.75657600029767,41.15542399981251],[-104.75665300029058,41.15549699994968],[-104.75671699986466,41.155557999946375],[-104.75687699969824,41.155695000153386],[-104.75689299959177,41.15570599984656],[-104.75698100035362,41.15576700032513],[-104.75705800034652,41.155820999725684],[-104.75715299988276,41.15585899975313],[-104.7572469995941,41.15589800009656],[-104.75737800001366,41.155980999692396],[-104.757479000296,41.15610199974604],[-104.75756299996156,41.15625700006973],[-104.7577339996658,41.15635599977492],[-104.75790000024547,41.15649700030607],[-104.75803800033773,41.15653600026992],[-104.75817600043001,41.15653000032904],[-104.75827099996626,41.156519000097774],[-104.75837300007349,41.15651399980761],[-104.75838800014212,41.15651399980761],[-104.75859099963337,41.156519999749946],[-104.75872899972565,41.15654699982196],[-104.7588590003203,41.15660699986707],[-104.75899700041258,41.15668399999102],[-104.7591139996901,41.156739000314076],[-104.7592879997674,41.156793999914576],[-104.75963699974683,41.15684900014533],[-104.75986199987774,41.156866000231894],[-104.76033399988086,41.156866000231894],[-104.76046699995022,41.15686899984883],[-104.76056700040768,41.15687200014201],[-104.76087899967888,41.15687200014201],[-104.76108200006847,41.15687800005164],[-104.76117999997777,41.15688300031403],[-104.76117800032794,41.156809000043545],[-104.76117499995489,41.15658900006225],[-104.76117400012997,41.15651599978844],[-104.76117300030506,41.156486000069265],[-104.76117099975694,41.15639699980713],[-104.76117099975694,41.15636799968802],[-104.76117099975694,41.156176000138316],[-104.76117499995489,41.1556020001527],[-104.76117699960471,41.15541100005753],[-104.76117699960471,41.155265999857974],[-104.76117800032794,41.15483300007258],[-104.76117900015285,41.15468900030374],[-104.76117099975694,41.154528000206405],[-104.76114999984053,41.1540450002475],[-104.76114300016783,41.15388399992123],[-104.7611389999699,41.15380200006947],[-104.76112499972618,41.15368299989585],[-104.76108899974116,41.153357999997944],[-104.76107299984764,41.15320300025959],[-104.76106799982477,41.153082000265876],[-104.76106199997699,41.15288099981064],[-104.76106000032716,41.152699999714656],[-104.76105500030431,41.152156000091566],[-104.76105399958108,41.151975999744614],[-104.76105399958108,41.15179699998043],[-104.7610569999541,41.15126400006694],[-104.76105899960395,41.15108600012301],[-104.76106100015208,41.1508999997641],[-104.7610700003729,41.150345000171626],[-104.76107399967255,41.15016000016533],[-104.76107500039579,41.14997899999762],[-104.76108100024356,41.14943800007543],[-104.76108299989338,41.149257999706755],[-104.76108299989338,41.14915300016538],[-104.76108500044153,41.148840999840296],[-104.76108600026645,41.14873700007843],[-104.76108799991624,41.148475999839015],[-104.76109499958896,41.147697000151446],[-104.761097999962,41.14743700029802],[-104.76110299998489,41.147057000270806],[-104.76112200025146,41.145918000318936],[-104.76112800009923,41.145539000102474],[-104.76113200029717,41.145311000244895],[-104.76114800019072,41.14462699997462],[-104.76115400003849,41.14440000016545],[-104.76115800023646,41.14424799973782],[-104.76117099975694,41.143794999938514],[-104.76117599977981,41.14364399998647],[-104.76117599977981,41.14348199997393],[-104.76117599977981,41.143262999771814],[-104.76117499995489,41.142996000241155],[-104.76117499995489,41.14288200004954],[-104.76117800032794,41.14283499984166],[-104.76118300035083,41.14274500012686],[-104.76120000006927,41.14247799984021],[-104.76120599991704,41.14239000004722],[-104.76121500013787,41.14222599990272],[-104.7612460001,41.141735000268646]]]},"properties":{"GEOID":"560210015024","BASENAME":"4","STATE":"56","COUNTY":"021","TRACT":"001502","BLKGRP":"4","NAME":"4"}},{"type":"Feature","geometry":{"type":"Polygon","coordinates":[[[-104.76621399982815,41.129078000072596],[-104.76629900021697,41.128875000320654],[-104.75547900013059,41.12830299967804],[-104.75402100028847,41.12823999987137],[-104.75307599955906,41.12821900014798],[-104.75166000044806,41.1282930002068],[-104.75166700012075,41.12837500015628],[-104.75169100041019,41.1286740000941],[-104.75169700025798,41.128745000089616],[-104.75170800012864,41.12886899987846],[-104.75162500028794,41.12894399995351],[-104.75137699969251,41.12916899966424],[-104.75129499967674,41.12924500014097],[-104.75129300002693,41.129341999900475],[-104.75128899982897,41.12963599985796],[-104.75128899982897,41.12973399977661],[-104.75128800000407,41.129882999835],[-104.75128700017915,41.130328999958365],[-104.75128700017915,41.130479000067986],[-104.75128700017915,41.13065899988221],[-104.75128899982897,41.131199999783085],[-104.75128999965388,41.131380999684474],[-104.75128800000407,41.13154499988171],[-104.75128299998119,41.1320390000942],[-104.75128200015628,41.13220400002272],[-104.75128200015628,41.13251000023093],[-104.75128200015628,41.13342899973875],[-104.75128200015628,41.13373600032203],[-104.75128299998119,41.134230000274485],[-104.75128700017915,41.135714000077215],[-104.75128899982897,41.136208999980596],[-104.75152700037867,41.13620999994244],[-104.75224200005601,41.13621299982793],[-104.7524810004306,41.13621399978971],[-104.75265899980752,41.13621499975148],[-104.752719000082,41.136207000056864],[-104.7528119999684,41.13619699976059],[-104.75325700020733,41.136122999821275],[-104.75342999956139,41.1361140001521],[-104.75347599959211,41.13611200022547],[-104.75357199985159,41.13612199985811],[-104.75366899993598,41.13613300012882],[-104.75424600041939,41.13621900027502],[-104.75429599974977,41.13622699996818],[-104.75511199970947,41.13632500018992],[-104.75585400004933,41.13642200030664],[-104.75598600029379,41.13643399980895],[-104.75605200041603,41.13644000023583],[-104.75657100027479,41.13644300011075],[-104.75680499972822,41.136444000069034],[-104.75751000025815,41.136449999818474],[-104.75774500043478,41.1364519997348],[-104.75798300008614,41.1364519997348],[-104.75869899958842,41.13645500028574],[-104.75893799996301,41.136457000201965],[-104.75917499978948,41.136457000201965],[-104.759887999817,41.136458000160026],[-104.7601260003667,41.13645900011808],[-104.76036499984298,41.13646000007611],[-104.76108100024356,41.136463999908145],[-104.76132100044306,41.13646599982409],[-104.76167799992014,41.1364750001215],[-104.76274800032306,41.136503000287234],[-104.76310599962501,41.13651299986027],[-104.76356699975747,41.13543599987399],[-104.76380699995698,41.134878000028195],[-104.76453000003025,41.13313299984577],[-104.7649209998425,41.13219499981588],[-104.7653729997541,41.13111499986267],[-104.76547300021154,41.13086999987392],[-104.7656049995577,41.13055400033251],[-104.76577600016024,41.13013799999455],[-104.76583700025962,41.12999300006517],[-104.7658780002675,41.12989399979868],[-104.76596100010816,41.12968999980362],[-104.76605900001748,41.129451000296164],[-104.76621399982815,41.129078000072596]]]},"properties":{"GEOID":"560210005033","BASENAME":"3","STATE":"56","COUNTY":"021","TRACT":"000503","BLKGRP":"3","NAME":"3"}},{"type":"Feature","geometry":{"type":"Polygon","coordinates":[[[-104.82833499993984,41.193366999807196],[-104.82833699958965,41.193004999692356],[-104.8283340001149,41.19282599978479],[-104.8283249998941,41.19228899982937],[-104.82832300024427,41.19210999999202],[-104.82831999987121,41.19192800030137],[-104.82831200037361,41.19138200022164],[-104.82830999982548,41.19119999985915],[-104.82830800017567,41.19083400003496],[-104.8283039999777,41.1897389999183],[-104.8283039999777,41.18971800028531],[-104.82830200032787,41.18937399986576],[-104.82800900042491,41.18937600019573],[-104.82713300019076,41.18938400016287],[-104.82684100011271,41.189388000146096],[-104.8262550003068,41.18939100030235],[-104.82450000036377,41.18940000009426],[-104.82391500038277,41.1894040000765],[-104.82346500012098,41.1894019997474],[-104.82211799970862,41.18939799976503],[-104.82166900017008,41.1893969999384],[-104.82131699981754,41.18939500028511],[-104.8202630002065,41.189388999972856],[-104.81991199967888,41.189388000146096],[-104.81962999964658,41.189384999989684],[-104.81878699992272,41.18937600019573],[-104.81850599971533,41.18937399986576],[-104.8177990004339,41.1893530001157],[-104.81776000007584,41.18934800030301],[-104.81753599976983,41.18934000033143],[-104.81686399975021,41.189315999734866],[-104.81664100016744,41.189309000263435],[-104.81548000042625,41.18929400013801],[-104.81276200021045,41.18926300004824],[-104.81270299976087,41.18926200021955],[-104.81194700007566,41.189259999886104],[-104.81070599996852,41.18925500006632],[-104.80991699977304,41.18925100007496],[-104.80755299955956,41.18924200026259],[-104.80676500008727,41.18923900009949],[-104.80588600037838,41.18923900009949],[-104.80402500013014,41.18924099975755],[-104.80354800010416,41.18924200026259],[-104.80325199982815,41.18924200026259],[-104.80317800020832,41.18924200026259],[-104.80237499976909,41.18924300009158],[-104.80170799977232,41.18924099975755],[-104.80120499980708,41.189239999928525],[-104.799706999782,41.18923500010715],[-104.79904099961014,41.18923400027804],[-104.79901399984595,41.18927199985774],[-104.79893500020324,41.18938700031931],[-104.79890900026398,41.18942600031243],[-104.79838399965911,41.190187000173864],[-104.79714099990215,41.191992000220566],[-104.7970039996348,41.192200999985616],[-104.79682100023503,41.19247999991295],[-104.79677199983122,41.19255600001416],[-104.79652099976106,41.19299799993932],[-104.79638199984387,41.193293999948914],[-104.79634400020905,41.19336200030104],[-104.79595300039679,41.194195999987166],[-104.79591700041178,41.19426999994378],[-104.79511899999542,41.195918999809784],[-104.79451599957277,41.197195999724045],[-104.79426100020294,41.197737000131404],[-104.79414400002707,41.19802599977477],[-104.79409299997347,41.19819000021873],[-104.79405100014068,41.198409999756805],[-104.79402799967612,41.19856900013013],[-104.79395400005629,41.19929299967965],[-104.79386000034496,41.20021500018103],[-104.7936810002448,41.202273000311095],[-104.79365600013045,41.20262000008705],[-104.79359000000821,41.20354400025073],[-104.79356099969588,41.2037290002615],[-104.79369100029056,41.203722000303486],[-104.79407700007992,41.20372100001975],[-104.7951600000033,41.20372499980284],[-104.79995899967709,41.203743999782795],[-104.8015589998094,41.20375099973845],[-104.80204000003334,41.20375200002168],[-104.80348500035497,41.20375500019553],[-104.8039670004038,41.203757000086064],[-104.80447600021685,41.203760000259635],[-104.80600500020407,41.20376999971087],[-104.80651499984201,41.20377400016679],[-104.80696099990583,41.20377600005673],[-104.8083019995721,41.20378300000892],[-104.80874900035916,41.20378600018135],[-104.80944599959483,41.20378800007094],[-104.81154000036989,41.20379699991114],[-104.8122380003288,41.203800000082936],[-104.81300400005976,41.20380099968959],[-104.81530499962577,41.203803999861144],[-104.81607200007996,41.2038050001436],[-104.81637699967848,41.20380800031498],[-104.81729200027068,41.20381700015249],[-104.81759699986921,41.203820000323304],[-104.81775599987786,41.20381700015249],[-104.81823399972878,41.20381200009273],[-104.81839399956232,41.20381000020389],[-104.81915500016876,41.20381500026379],[-104.82109800043276,41.203831000047444],[-104.82144099966611,41.203831000047444],[-104.82220300009745,41.20383299993561],[-104.82459599972492,41.20383600010574],[-104.8280789998468,41.20384600022118],[-104.8283180002214,41.20384600022118],[-104.82827800003842,41.20199400021832],[-104.82827700021352,41.20132300023667],[-104.82827600038861,41.2001930001913],[-104.8283190000463,41.198511999721894],[-104.82832700044223,41.19815599985548],[-104.82832200041935,41.19662499998502],[-104.82832999991696,41.194817000015426],[-104.82833099974188,41.19445400005787],[-104.82833499993984,41.193366999807196]]]},"properties":{"GEOID":"560210013023","BASENAME":"3","STATE":"56","COUNTY":"021","TRACT":"001302","BLKGRP":"3","NAME":"3"}},{"type":"Feature","geometry":{"type":"Polygon","coordinates":[[[-104.85109099964795,41.117868000064014],[-104.85108599962507,41.117756000001044],[-104.8510730001046,41.11742000001894],[-104.85106899990664,41.11730799986831],[-104.85106200023395,41.11705499976113],[-104.85105600038618,41.11681000006281],[-104.85102600024894,41.115564999923485],[-104.85102000040116,41.11531800019436],[-104.85100799980727,41.1148209997916],[-104.85100500033253,41.11471500032732],[-104.85099699993663,41.1143999997599],[-104.8509950002868,41.114294999911685],[-104.85099100008883,41.11421400026209],[-104.85098199986801,41.113971000036784],[-104.85097900039328,41.113889999987414],[-104.85079299972213,41.11393100017528],[-104.8507209997521,41.11394799988251],[-104.85023500040361,41.114055000208026],[-104.85004899973245,41.114096000292896],[-104.84931599961344,41.11426200029209],[-104.84725199987393,41.11474099972648],[-104.84636499976914,41.11493600030656],[-104.84473799987262,41.11529299995079],[-104.8436170003144,41.115551999711556],[-104.8435660002608,41.11556199977068],[-104.843484000245,41.11557899973233],[-104.84299799999822,41.115682999959205],[-104.84181399979248,41.115934000075356],[-104.84098100011435,41.1160870000582],[-104.84054199972323,41.1161480001687],[-104.84013099981948,41.116204999832355],[-104.83910499979751,41.11632300007117],[-104.83804399961542,41.11639500015858],[-104.83720599991445,41.11642399968267],[-104.83624799966452,41.1164379999851],[-104.83571499956206,41.11643900024833],[-104.835618000376,41.11643900024833],[-104.83376200015064,41.116441000097865],[-104.83276299989284,41.116441000097865],[-104.82976600001776,41.11644400021049],[-104.82876799958488,41.116444999796805],[-104.82855400022294,41.11644400021049],[-104.82791300016544,41.116441000097865],[-104.8276999997301,41.11643999983471],[-104.82691399990765,41.11643600013547],[-104.82525699987391,41.11642999990934],[-104.82455600044028,41.1164369997219],[-104.82422599982907,41.116441000097865],[-104.82377100044272,41.11646799975298],[-104.82374100030549,41.11647000027841],[-104.82316100034735,41.116503999727],[-104.8228059996218,41.116534000141506],[-104.82215899971649,41.116589000301744],[-104.82094400044697,41.11675199998928],[-104.82001999963393,41.116885999964836],[-104.81909400006938,41.11702099992121],[-104.81894000008359,41.11704300009831],[-104.81906099955911,41.11757299992198],[-104.81896699984777,41.11769500003138],[-104.81897100004574,41.118629000023404],[-104.8189760000686,41.11972199983023],[-104.81902100027446,41.11998400033806],[-104.81906999977994,41.12025999996397],[-104.81905899990927,41.12048199974766],[-104.8190599997342,41.12123000008792],[-104.81905800008437,41.121428000223816],[-104.8190520002366,41.12202500028866],[-104.81905100041168,41.12222400023127],[-104.81904499966558,41.12241800006376],[-104.81902899977204,41.12300299999339],[-104.8190249995741,41.12319799971334],[-104.81905899990927,41.123612999912794],[-104.81917699991004,41.12379300029211],[-104.81953099991239,41.1243329998211],[-104.81964999973806,41.12451300025557],[-104.8198639999983,41.12442600018618],[-104.82050800042887,41.124167000253465],[-104.8207229996157,41.124080999872085],[-104.82082999974583,41.12422399972023],[-104.82115399961091,41.12465300010176],[-104.82126199956596,41.12479700019269],[-104.82135500035069,41.12495399967325],[-104.82163700038299,41.125427000173744],[-104.82173100009435,41.12558500030087],[-104.82188500008012,41.12553600030641],[-104.82234700003748,41.125387999976766],[-104.82250199984817,41.12533999996273],[-104.82256999962024,41.12543800020778],[-104.82277499965966,41.125734999752616],[-104.82284400015496,41.125834000204435],[-104.82290799972903,41.12592599967701],[-104.82306199971484,41.12615000014831],[-104.8231010000729,41.126204999693975],[-104.82319700033236,41.12634200033032],[-104.82336200018881,41.126580000227264],[-104.82390000031414,41.1273549999966],[-104.82394999964454,41.12742700016182],[-104.82417700032359,41.12775500029058],[-104.83169599986297,41.12489600002959],[-104.83269900031871,41.12464400021248],[-104.83546000019224,41.1239540000627],[-104.83571200008733,41.12389899998372],[-104.83672399986558,41.123681000189315],[-104.83733599961079,41.12352800031396],[-104.83762199984105,41.12355199997301],[-104.83913400010982,41.12313000028976],[-104.84016199978161,41.12279299990719],[-104.8404610004307,41.12269199994549],[-104.84097400044166,41.12249899974041],[-104.84165099958588,41.122243999668434],[-104.84223499974196,41.12198600009996],[-104.84283499979159,41.12169900030628],[-104.84395799989795,41.12114100002017],[-104.84466699972751,41.12081800029649],[-104.84643199971629,41.12000499998997],[-104.84750600031715,41.1195120000732],[-104.8486799995788,41.118979999892275],[-104.8493120003138,41.11868300022953],[-104.85084499960065,41.11797300028786],[-104.85109099964795,41.117868000064014]]]},"properties":{"GEOID":"560210002004","BASENAME":"4","STATE":"56","COUNTY":"021","TRACT":"000200","BLKGRP":"4","NAME":"4"}},{"type":"Feature","geometry":{"type":"Polygon","coordinates":[[[-104.7630560002946,41.13667800003744],[-104.76310599962501,41.13651299986027],[-104.76274800032306,41.136503000287234],[-104.76167799992014,41.1364750001215],[-104.76132100044306,41.13646599982409],[-104.76108100024356,41.136463999908145],[-104.76036499984298,41.13646000007611],[-104.7601260003667,41.13645900011808],[-104.759887999817,41.136458000160026],[-104.75917499978948,41.136457000201965],[-104.75893799996301,41.136457000201965],[-104.75869899958842,41.13645500028574],[-104.75798300008614,41.1364519997348],[-104.75774500043478,41.1364519997348],[-104.75751000025815,41.136449999818474],[-104.75680499972822,41.136444000069034],[-104.75657100027479,41.13644300011075],[-104.75605200041603,41.13644000023583],[-104.75598600029379,41.13643399980895],[-104.75585400004933,41.13642200030664],[-104.75511199970947,41.13632500018992],[-104.75429599974977,41.13622699996818],[-104.75424600041939,41.13621900027502],[-104.75366899993598,41.13613300012882],[-104.75357199985159,41.13612199985811],[-104.75347599959211,41.13611200022547],[-104.75342999956139,41.1361140001521],[-104.75325700020733,41.136122999821275],[-104.7528119999684,41.13619699976059],[-104.752719000082,41.136207000056864],[-104.75265899980752,41.13621499975148],[-104.7524810004306,41.13621399978971],[-104.75224200005601,41.13621299982793],[-104.75152700037867,41.13620999994244],[-104.75128899982897,41.136208999980596],[-104.75128700017915,41.136523000108355],[-104.75128299998119,41.13746500026822],[-104.75128299998119,41.13777999973382],[-104.75128399980609,41.137949999783416],[-104.75128600035423,41.1381439998032],[-104.7512620000648,41.138357999863814],[-104.75123600012552,41.138459000067236],[-104.75119500011765,41.13862500001004],[-104.75141600005058,41.13862899971005],[-104.75207899984939,41.13864100016167],[-104.75230099960723,41.13864599978541],[-104.75250499982175,41.13864300001119],[-104.75311800029016,41.138637999710724],[-104.75332300032957,41.13863699978589],[-104.75354599991235,41.13863900031209],[-104.75421499955893,41.13864499986071],[-104.75443899986489,41.138646999710105],[-104.75486300018746,41.138648000311335],[-104.75613500025672,41.138651000085325],[-104.75655899968093,41.13865200000994],[-104.75654399961229,41.140660999789894],[-104.75653899958944,41.1412939999893],[-104.75653899958944,41.14145199979062],[-104.75654100013757,41.141560999684245],[-104.75654799981027,41.1419150003174],[-104.7566060004349,41.142050000198935],[-104.75670199979606,41.14215299987151],[-104.75684499991118,41.1422379996962],[-104.75775200010746,41.14269799982074],[-104.75776399980305,41.14270399967458],[-104.75779999978806,41.1427219999093],[-104.75781200038193,41.14272799976093],[-104.75801800024625,41.14251700002589],[-104.75825900027067,41.142335999731436],[-104.75838499976906,41.14226199995311],[-104.7585000002951,41.14219599973289],[-104.75878300015233,41.142058999730125],[-104.7591470002004,41.141940999765],[-104.75969199999844,41.14181700032958],[-104.76052100037691,41.14167699989963],[-104.76057699955508,41.141668000316024],[-104.76125699997066,41.141571999719325],[-104.76129100030585,41.141313999702625],[-104.76131300004714,41.14115100013648],[-104.76141000013153,41.140729999880676],[-104.7614710002309,41.140556999908085],[-104.76154999987361,41.140339999883835],[-104.76156099974426,41.14031299990232],[-104.7617259996007,41.139910000009436],[-104.76222299971819,41.13870300020493],[-104.76238900029786,41.138300999821034],[-104.7625349998877,41.137944000171224],[-104.76297500010375,41.13687500029174],[-104.7630560002946,41.13667800003744]]]},"properties":{"GEOID":"560210005031","BASENAME":"1","STATE":"56","COUNTY":"021","TRACT":"000503","BLKGRP":"1","NAME":"1"}},{"type":"Feature","geometry":{"type":"Polygon","coordinates":[[[-104.88580499961742,41.13596699996831],[-104.88591599994551,41.1354619998602],[-104.88425300006399,41.13510099972846],[-104.87903900028856,41.1339669998137],[-104.87730100006395,41.13359000022379],[-104.87704199959786,41.1335340000999],[-104.87553500025027,41.13320599976746],[-104.8702369999109,41.132054999822515],[-104.86878599974149,41.131739999929174],[-104.86865299967211,41.131680000132455],[-104.8686090001895,41.131608999929945],[-104.86859400012086,41.131517999662876],[-104.86665699970466,41.13151200013902],[-104.86086700016901,41.13149500024457],[-104.86084600025264,41.13149600027827],[-104.86051300016669,41.131513000172454],[-104.86010399991278,41.13154799998048],[-104.8596479998032,41.13160599983391],[-104.85919199969362,41.13157999967266],[-104.85882500017082,41.131617000185344],[-104.85806100008966,41.13169599994828],[-104.85721499999275,41.13178299985124],[-104.8564020004061,41.13186600020335],[-104.8563739999187,41.13189799974038],[-104.85624800042032,41.13190699998797],[-104.85217299974644,41.13230500022933],[-104.85025999961965,41.132500000047685],[-104.8497700000732,41.1337300003244],[-104.84928100035167,41.13506699976552],[-104.84922299972702,41.13518599989705],[-104.8487430002263,41.13470600016631],[-104.84789799995431,41.13379600026819],[-104.84723400033059,41.13310000022525],[-104.84711200013183,41.13309900021599],[-104.84300899986887,41.13243400015325],[-104.84263499977504,41.13237400031458],[-104.84208599977904,41.133834000205745],[-104.84327300035783,41.13566100032406],[-104.84399499970786,41.13677099981909],[-104.84452299978746,41.137649000294466],[-104.84415299989162,41.13770199979442],[-104.84396000044607,41.13771600029348],[-104.8436959999571,41.13768300027222],[-104.84350099996344,41.13769600015954],[-104.84352299970476,41.13773900023698],[-104.84355700003995,41.13780199971731],[-104.8436459997284,41.13791100026467],[-104.84391400041532,41.13823900007434],[-104.8440039999287,41.13834899982473],[-104.84413199997522,41.13850300024785],[-104.84416999961005,41.13854000023855],[-104.84429199980877,41.13865800023392],[-104.84478700027641,41.13898499977119],[-104.84489600005635,41.13905700002757],[-104.84487199976692,41.139083999849596],[-104.84383999989716,41.14026900025935],[-104.84365199957618,41.140484999945336],[-104.84357899978124,41.1405690000069],[-104.84067999981548,41.13973599999538],[-104.84056699983758,41.13968800033014],[-104.84053800042358,41.1398070001968],[-104.84038799973743,41.14054800017074],[-104.83994000002377,41.14277400018374],[-104.83979199988576,41.14351700016085],[-104.83978400038818,41.143911000261305],[-104.83959400041736,41.14470300013149],[-104.83976199974852,41.14509399971538],[-104.8403070004449,41.14640300023696],[-104.84068800021139,41.146525999990395],[-104.84059000030211,41.14669799997372],[-104.84050900011127,41.14684199970714],[-104.84041100020198,41.14701599980871],[-104.83967300006009,41.14677699983842],[-104.83958600002143,41.14710400015853],[-104.83938900037796,41.147849000025296],[-104.83938900037796,41.1488130002068],[-104.83938900037796,41.150074000035836],[-104.83938900037796,41.15039199973174],[-104.83936099989054,41.15201399997175],[-104.83938299963185,41.15325699974312],[-104.83939000020287,41.15361500027946],[-104.83939000020287,41.15523499989497],[-104.83939000020287,41.156839000291264],[-104.83939100002777,41.15859399967632],[-104.83941699996704,41.159082000028015],[-104.83953499996782,41.15908099973858],[-104.83965700016655,41.15908099973858],[-104.83971300024305,41.15782199995425],[-104.8398849997722,41.1540459999374],[-104.8399419996736,41.152787999876075],[-104.83991900010737,41.151722000330714],[-104.83988399994728,41.150071999858454],[-104.8404339997682,41.15006099989636],[-104.84150800036906,41.15008400024546],[-104.84186700039426,41.15009200027678],[-104.84209599982479,41.150019000208516],[-104.84248900018518,41.14994000019128],[-104.84286199955577,41.14990500005054],[-104.84282599957078,41.15053900005263],[-104.84283399996669,41.15075600014935],[-104.84288199964726,41.15090999984773],[-104.84297399970878,41.15102400028746],[-104.84323599964958,41.15114099973165],[-104.84357100028367,41.15118699966408],[-104.84381999980569,41.151264999799245],[-104.84456499962026,41.15150000005301],[-104.8448140000406,41.1515779998158],[-104.8449620001786,41.15162100026101],[-104.8454059996943,41.15175299992575],[-104.84629199997421,41.15202300016473],[-104.84778800034945,41.152532999836815],[-104.84884299978543,41.15291900018962],[-104.84901400038797,41.15297400028974],[-104.85004000040995,41.15331000015741],[-104.8508830001338,41.15357300016279],[-104.8515090001227,41.15376699996123],[-104.8521290002638,41.15387200022979],[-104.85288099975108,41.15396000017075],[-104.85375799981014,41.15401500007384],[-104.85415100017052,41.153980999770255],[-104.85453699995992,41.15385500004314],[-104.85488000009158,41.153706000327055],[-104.85513799983444,41.15354499984467],[-104.85538999972952,41.15336099977542],[-104.85618800014586,41.15263100004352],[-104.85635499965213,41.152635000242135],[-104.85686099999042,41.15264599977236],[-104.85702900021991,41.15265299977994],[-104.857056999809,41.15271099991039],[-104.85714200019781,41.152887999793116],[-104.8571699997869,41.15294700009877],[-104.85735800010788,41.15302300008178],[-104.85791700014963,41.15325600004119],[-104.85810799994532,41.15333199966592],[-104.85855200035934,41.15344599995245],[-104.85877900014006,41.153508999901135],[-104.85947799992388,41.15374499992231],[-104.85969999968174,41.15380600019658],[-104.85984299979685,41.15382699984542],[-104.85993700040652,41.15386600004507],[-104.86007899979843,41.153978999712024],[-104.86029100040885,41.15411199972898],[-104.86155400025729,41.15450099997914],[-104.86221399968305,41.154620999701706],[-104.86239000030845,41.15465600003033],[-104.86244700020987,41.15467300000931],[-104.86289699957334,41.15479199973851],[-104.863055999582,41.154837999814646],[-104.86317399958278,41.15487500005832],[-104.86351699971446,41.15494800013054],[-104.86362399984456,41.15497999990487],[-104.86374400039351,41.155011999663635],[-104.86413000018287,41.15508999998247],[-104.86480600040046,41.15521800006179],[-104.86500899989176,41.15526199981995],[-104.86530500016775,41.1553250000525],[-104.86536200006917,41.15533700015434],[-104.86587400025525,41.15540700002831],[-104.86596999961641,41.15542399981251],[-104.86648600000044,41.15552999979972],[-104.86671199995622,41.15563099993437],[-104.86684599985055,41.1557270002395],[-104.86706400030874,41.15608399980248],[-104.86730500033318,41.15667400011183],[-104.86747500021248,41.156895999777156],[-104.86756600044906,41.15695400021169],[-104.8677089996659,41.1569870000046],[-104.867891999964,41.1569870000046],[-104.86811999956964,41.15694100008377],[-104.86836800016506,41.15681100001544],[-104.86897400006248,41.15645199969463],[-104.86970399980844,41.155996000007434],[-104.86980500009076,41.15609599976539],[-104.87010899986439,41.15639699980713],[-104.87021099997163,41.15649900028743],[-104.87050499969952,41.15677800013394],[-104.87138799960636,41.15761800024705],[-104.87168200023255,41.15789900000361],[-104.87178199979165,41.15800500004656],[-104.87208399991545,41.158324999748785],[-104.87238500021432,41.15865900000362],[-104.87283700012594,41.159165999938224],[-104.87293699968507,41.15950699991739],[-104.87313800042483,41.16004400018898],[-104.8731729996866,41.16013500010378],[-104.87395900040737,41.16213400002642],[-104.87430099981584,41.163002000151316],[-104.87467900010762,41.16395800032035],[-104.87497299983548,41.16394599976801],[-104.87561300006807,41.16389700002576],[-104.8774399999811,41.163761000273254],[-104.87827199983434,41.16367599994651],[-104.87840800027678,41.163640000156754],[-104.87873799998967,41.16355400012814],[-104.87930200005428,41.163360999763164],[-104.87930799990205,41.163306000262885],[-104.87932999964337,41.16314199968381],[-104.8793380000393,41.163088000228036],[-104.87942199970487,41.16313399989251],[-104.87967500032318,41.16327399981925],[-104.87975999981366,41.16332100025415],[-104.87979599979867,41.16334200023613],[-104.87990399975371,41.16340800013566],[-104.87994099956364,41.16343000031283],[-104.87993999973872,41.163261999817955],[-104.87975599961571,41.16315099970147],[-104.8795999999801,41.16305800013547],[-104.87959900015521,41.16240799971661],[-104.87959800033029,41.16160600020163],[-104.87959699960707,41.16144899984693],[-104.87959599978215,41.16075599986552],[-104.87959400013233,41.159997000109165],[-104.87959400013233,41.159759999999],[-104.87959300030742,41.15948799994937],[-104.87959300030742,41.15913400017837],[-104.87958699956131,41.15868700016636],[-104.87959199958419,41.15859199975888],[-104.87959099975927,41.15832900027624],[-104.87959099975927,41.1581529998325],[-104.87958099971353,41.15660499988901],[-104.87975200031607,41.156089999784236],[-104.87999800036337,41.15546800010874],[-104.88087399969918,41.15323100004744],[-104.88227299999006,41.14967800024923],[-104.88261899959647,41.14888900024708],[-104.88391099975723,41.14526100027696],[-104.8846129999141,41.14346899988041],[-104.88468099968617,41.14327500005201],[-104.88488900009862,41.1426950002319],[-104.88495900041883,41.14250200000923],[-104.8852249996593,41.14189000005833],[-104.88542899987378,41.14125700019919],[-104.88561999966952,41.14055600001246],[-104.88573600002047,41.1396090000436],[-104.8858380001277,41.138713000119125],[-104.8858309995567,41.13821000004177],[-104.88580499961742,41.13596699996831]]]},"properties":{"GEOID":"560210011002","BASENAME":"2","STATE":"56","COUNTY":"021","TRACT":"001100","BLKGRP":"2","NAME":"2"}},{"type":"Feature","geometry":{"type":"Polygon","coordinates":[[[-104.84004499960577,41.16733500030051],[-104.84006499969725,41.16722199999039],[-104.84003499956,41.16721199969026],[-104.83968999977851,41.16710600033711],[-104.83949499978485,41.16704599975964],[-104.8393159996847,41.166990999970935],[-104.83892400004754,41.16682299981411],[-104.83774900006266,41.166319000140525],[-104.83735800025039,41.16615100028955],[-104.837301000349,41.1661219997524],[-104.83713300011951,41.16603500009274],[-104.837077000043,41.16600699968799],[-104.83580199960068,41.16535300001817],[-104.8350769998776,41.164982000136064],[-104.83336999961513,41.16388099995021],[-104.83220899987397,41.163012999970846],[-104.83133600001284,41.16235999974009],[-104.831070999699,41.16214499999164],[-104.83099500042931,41.16208700009283],[-104.83056100006105,41.16175200015088],[-104.8290710004319,41.16060600001447],[-104.82902600022605,41.16058699968871],[-104.82889700035464,41.16053399974756],[-104.82873900017088,41.16049800026079],[-104.82855699969768,41.16048800028711],[-104.82840100006206,41.16051300021844],[-104.82841299975765,41.16053800014018],[-104.82844899974263,41.160612999848304],[-104.82846200016144,41.16063899999762],[-104.82863899971345,41.16120400022635],[-104.8286699996756,41.161312000169204],[-104.82872999995004,41.16152099978489],[-104.82876299956202,41.16177199971096],[-104.82878000017877,41.16208299979475],[-104.82877199978284,41.163415999893566],[-104.82877000013302,41.163961000289014],[-104.82867100039881,41.16408700020191],[-104.82866899985068,41.164288000109],[-104.8286630000029,41.16489400011464],[-104.82866200017797,41.16509599977287],[-104.82865999962985,41.165266000013744],[-104.8286560003302,41.165777000306235],[-104.82865499960697,41.16594800031758],[-104.82864899975918,41.16629399971904],[-104.82863000039093,41.16733199981005],[-104.82862500036806,41.1676790001766],[-104.82861899962195,41.168174999680815],[-104.82860199990353,41.169665999716614],[-104.82859699988066,41.17016399997267],[-104.82859600005574,41.170193000073255],[-104.82859500023083,41.170280999740314],[-104.82859500023083,41.17031099990715],[-104.82858400036017,41.17131499982243],[-104.82858500018509,41.17266799971848],[-104.82860299972845,41.173546000288255],[-104.82859699988066,41.17490699979479],[-104.83059200002319,41.174891999751125],[-104.8333300003305,41.17492299988266],[-104.83417999972706,41.1749199997397],[-104.83445199971361,41.1749199997397],[-104.8352679996733,41.17492199983502],[-104.8355410003831,41.17492299988266],[-104.83569799984362,41.17492299988266],[-104.8361690000218,41.17492299988266],[-104.83632700020556,41.17492299988266],[-104.83673700028437,41.17492199983502],[-104.83796699962254,41.17492199983502],[-104.83837800042461,41.17492199983502],[-104.83867800000024,41.174920999787375],[-104.83875800036618,41.17447399994793],[-104.83892300022262,41.17357500024413],[-104.83937299958612,41.17113100027554],[-104.84000500032111,41.167627000043865],[-104.84004499960577,41.16733500030051]]]},"properties":{"GEOID":"560210012003","BASENAME":"3","STATE":"56","COUNTY":"021","TRACT":"001200","BLKGRP":"3","NAME":"3"}},{"type":"Feature","geometry":{"type":"Polygon","coordinates":[[[-104.80882899982677,41.17496699993506],[-104.80894400035282,41.17474199980184],[-104.8081419997385,41.17465199993785],[-104.80751099972676,41.17460600024515],[-104.80623299980971,41.174518000301966],[-104.80482699984613,41.17412100004915],[-104.80403199980283,41.173895999714816],[-104.80379599980128,41.17387799992515],[-104.8036130004015,41.17386399970967],[-104.80344699982182,41.17384800003933],[-104.8020020003985,41.17371700030933],[-104.80185599991034,41.17370400012569],[-104.79844800013153,41.17343600008224],[-104.79801399976326,41.17345700020346],[-104.79743499963003,41.173566999698025],[-104.7971369997042,41.17362400018713],[-104.79336900007529,41.17449599979056],[-104.79257700040505,41.17468300018296],[-104.79246000022917,41.17470099975144],[-104.79216999980093,41.174722000143255],[-104.79185500015667,41.174722000143255],[-104.79038700026884,41.17474900015422],[-104.79032399962131,41.17474299985222],[-104.78999599955824,41.17474800010392],[-104.78979100041715,41.17473700022585],[-104.78940499972947,41.17472300019396],[-104.78743399987637,41.174684000234244],[-104.78677000025264,41.174671000242505],[-104.78270100032486,41.174628000043434],[-104.7804159997541,41.17461600009291],[-104.78017999975253,41.17464699967882],[-104.78013200007196,41.174659000299854],[-104.77999200032988,41.174665999984924],[-104.7798040000089,41.174687999763066],[-104.77943300028814,41.17476200013048],[-104.77935600029522,41.17477800025377],[-104.7792480003402,41.1747969998457],[-104.77890799968327,41.17485900018396],[-104.77871799971248,41.17487400023519],[-104.77868400027559,41.174875000283556],[-104.7785009999775,41.1748850000902],[-104.77697600018823,41.174876000331864],[-104.77640700010075,41.17487300018679],[-104.77611900022067,41.174868999993095],[-104.77525499968208,41.17485700008672],[-104.77496799962691,41.17485399994073],[-104.77478100002915,41.17485099979461],[-104.77422000033759,41.17484300008046],[-104.77403399966643,41.17484099998273],[-104.77331899998909,41.174837999836015],[-104.77329999972251,41.174837999836015],[-104.7727149997415,41.17481800020674],[-104.77237400015798,41.17477400005427],[-104.77188899973606,41.174669000139524],[-104.77148899970301,41.17457800012235],[-104.7712500002267,41.17453900007632],[-104.77120300037103,41.17453699996932],[-104.77107000030165,41.1745319997015],[-104.77048899962028,41.17452299989466],[-104.7702650002126,41.17451899967959],[-104.77012799994526,41.174517000248144],[-104.76846800043678,41.17453100032407],[-104.76834799988788,41.17453100032407],[-104.76817999965839,41.174532999755094],[-104.76817999965839,41.17458699992164],[-104.76816799996281,41.176230999762645],[-104.7681599995669,41.17663500022546],[-104.76814399967337,41.178124999751034],[-104.76813899965052,41.17848299967546],[-104.76812399958189,41.179559999808966],[-104.76812000028225,41.17991899997463],[-104.76811600008429,41.18030599991542],[-104.7681040003887,41.18146800016297],[-104.76810100001566,41.18182200030026],[-104.76810100001566,41.181855999681744],[-104.76809400034298,41.18247699979606],[-104.76807400025149,41.18433900005895],[-104.76806800040372,41.18496100018443],[-104.76806699968049,41.185019000116704],[-104.76806500003065,41.185195000063025],[-104.76806500003065,41.18525399967795],[-104.76806300038083,41.185445999890234],[-104.76805400015999,41.186015999908186],[-104.76802200037297,41.188305000331056],[-104.7680120003272,41.18906800004101],[-104.76800599958112,41.18967000003656],[-104.76798800003776,41.19147800020161],[-104.76798300001491,41.19208100013092],[-104.76795500042581,41.19433400027726],[-104.76789699980118,41.199179999751806],[-104.76787300041005,41.20109600011278],[-104.76784599974754,41.20334999981647],[-104.76787900025782,41.203436000316835],[-104.76795200005274,41.20351500004815],[-104.7680619996576,41.20356899997221],[-104.76820499977273,41.20358299992022],[-104.76834299986501,41.20358400020601],[-104.77015499970943,41.20360100033172],[-104.77075999978194,41.20360700001721],[-104.77111200013444,41.203610000197656],[-104.77216800029365,41.203619999671815],[-104.77252099957273,41.2036240001369],[-104.77349600043941,41.20362799992586],[-104.77642399981919,41.20364199986125],[-104.77739999961246,41.20364699993398],[-104.7798249999253,41.203664000043325],[-104.77987599997891,41.20366500032788],[-104.78613599986784,41.203693999788115],[-104.78709999996552,41.203693999788115],[-104.78952600010331,41.20369599968051],[-104.78972699994476,41.20369599968051],[-104.79033000036742,41.203698999856876],[-104.79053200003379,41.20370000014095],[-104.7909069999525,41.203703000317134],[-104.79113700010626,41.20370399992527],[-104.7929549997985,41.203715999952664],[-104.79333499974008,41.20371900012817],[-104.79356099969588,41.2037290002615],[-104.79359000000821,41.20354400025073],[-104.79365600013045,41.20262000008705],[-104.7936810002448,41.202273000311095],[-104.79386000034496,41.20021500018103],[-104.79395400005629,41.19929299967965],[-104.79402799967612,41.19856900013013],[-104.79405100014068,41.198409999756805],[-104.79409299997347,41.19819000021873],[-104.79414400002707,41.19802599977477],[-104.79426100020294,41.197737000131404],[-104.79451599957277,41.197195999724045],[-104.79511899999542,41.195918999809784],[-104.79591700041178,41.19426999994378],[-104.79595300039679,41.194195999987166],[-104.79634400020905,41.19336200030104],[-104.79638199984387,41.193293999948914],[-104.79652099976106,41.19299799993932],[-104.79677199983122,41.19255600001416],[-104.79682100023503,41.19247999991295],[-104.7970039996348,41.192200999985616],[-104.79714099990215,41.191992000220566],[-104.79838399965911,41.190187000173864],[-104.79890900026398,41.18942600031243],[-104.79893500020324,41.18938700031931],[-104.79901399984595,41.18927199985774],[-104.79904099961014,41.18923400027804],[-104.7990950000368,41.18915699987019],[-104.79925900006833,41.18892600013136],[-104.79931400031991,41.18884999987226],[-104.79938799993978,41.18874600005082],[-104.79978399977489,41.18818900015205],[-104.80074100019989,41.18684200028092],[-104.80099200027007,41.18649099985123],[-104.8012140000279,41.18621100021635],[-104.80135999961777,41.1860410002402],[-104.80150100008309,41.18590100028632],[-104.80164699967295,41.18577200008802],[-104.80177800009253,41.18564099986765],[-104.80222300033144,41.18526900005284],[-104.80335399993541,41.1843240001471],[-104.80340300033922,41.18428399991461],[-104.80355999979975,41.18415599981783],[-104.80401199971135,41.183792000330214],[-104.80419400018455,41.18364500022358],[-104.80435700039115,41.18349200028649],[-104.80506799987053,41.18283099988791],[-104.80522299968125,41.182460000268705],[-104.80540000013158,41.18203900026535],[-104.80554400007162,41.181678000337754],[-104.8059800000897,41.18059700003135],[-104.80612599967957,41.18023700023496],[-104.80627299999266,41.17987000000771],[-104.80671599968346,41.17877199979997],[-104.80686399982145,41.17840600014772],[-104.80751199955166,41.176810999714874],[-104.80768999982689,41.176373000155756],[-104.80825100041677,41.17569100018011],[-104.80854000012177,41.17536699991656],[-104.80858299977949,41.17531399975851],[-104.80871300037414,41.17515599974727],[-104.80882899982677,41.17496699993506]]]},"properties":{"GEOID":"560210014021","BASENAME":"1","STATE":"56","COUNTY":"021","TRACT":"001402","BLKGRP":"1","NAME":"1"}},{"type":"Feature","geometry":{"type":"Polygon","coordinates":[[[-104.74697999970167,41.153819999963204],[-104.74698300007472,41.15363300022454],[-104.74676999963937,41.153629999783114],[-104.74613100013,41.15362099981076],[-104.74591799969468,41.15361899974158],[-104.74571400037848,41.15362900008687],[-104.74558999963162,41.153638999754236],[-104.74544499986666,41.15368000013311],[-104.7452420003754,41.153746000293175],[-104.74514500029102,41.15376600026708],[-104.74510699975787,41.15376499989652],[-104.74490000006863,41.15376299983174],[-104.74469900022717,41.153758999702],[-104.74409800035264,41.153747999682075],[-104.7438980003361,41.15374499992231],[-104.74363200019731,41.15373899972597],[-104.74283499960589,41.1537240002472],[-104.74257000019033,41.15371899974382],[-104.74255500012171,41.15354800028998],[-104.74253599985515,41.15346500031914],[-104.74243700012094,41.15314499988802],[-104.74242299987723,41.15297499999596],[-104.7424200004025,41.15278000017373],[-104.74241700002946,41.15263199975498],[-104.74239600011305,41.15255199979171],[-104.74236299960278,41.152425000308995],[-104.74235500010518,41.152402999819714],[-104.74230400005153,41.15231400010161],[-104.74223600027949,41.152211999873266],[-104.74219299972346,41.15213499990745],[-104.74166299999403,41.15230200012279],[-104.74121100008243,41.1524440002952],[-104.74118199977009,41.152454000143315],[-104.74044299980332,41.152664999694515],[-104.73954599965276,41.15294200021247],[-104.73864400037766,41.153226000182855],[-104.73793700019793,41.15346500031914],[-104.7377179999148,41.15354200007561],[-104.73674100029665,41.15388800004339],[-104.7366190000979,41.153929999958194],[-104.73637700024858,41.15401700013093],[-104.73625599987474,41.15406100001883],[-104.73613600022414,41.154106000242564],[-104.73542999986931,41.15436399998221],[-104.73502499981336,41.15451300023184],[-104.73445999992383,41.154704000238084],[-104.7334930003514,41.155044999757834],[-104.73330199965739,41.15511200024639],[-104.73259399965274,41.15536200002128],[-104.73255099999503,41.15537600013198],[-104.73242200012358,41.1554210001294],[-104.73238000029079,41.15543700024131],[-104.73237799974264,41.155509999687624],[-104.732374000443,41.15566700006526],[-104.73237199989487,41.155727999903746],[-104.73237100006997,41.15580200004186],[-104.73236900042014,41.15591200009283],[-104.73236900042014,41.1561829997689],[-104.73237100006997,41.15679900018343],[-104.73237199989487,41.157021000101714],[-104.73236699987201,41.15721899976012],[-104.73235400035152,41.15781499982233],[-104.73235099997848,41.15801400009332],[-104.73234799960542,41.15837499989933],[-104.73233799955969,41.15945899984515],[-104.73233599990985,41.15982100008642],[-104.73404700037028,41.159821999688276],[-104.7391819996047,41.15982600012436],[-104.74013200035701,41.15982699972609],[-104.74089399989002,41.159828000004154],[-104.74115099980797,41.15982600012436],[-104.74192400010996,41.15982400024452],[-104.7421819998528,41.15982299996641],[-104.74292300036775,41.15982600012436],[-104.74303200014769,41.15982699972609],[-104.74335299963975,41.15982699972609],[-104.74393699979584,41.15982699972609],[-104.74443700028635,41.159828000004154],[-104.74482200025082,41.159834999921074],[-104.74539499963794,41.159843999716614],[-104.74557100026337,41.15984699987361],[-104.74568099986821,41.159848999752754],[-104.74573000027202,41.15985000003047],[-104.74599100038793,41.159853000187184],[-104.74670400041546,41.159860999702715],[-104.74674899972298,41.159860999702715],[-104.74688699981523,41.15986199998024],[-104.74693299984601,41.159863000257765],[-104.74693299984601,41.159812000287786],[-104.74693500039415,41.15965999974398],[-104.74693600021904,41.15960999989741],[-104.74693600021904,41.1595630001827],[-104.74693700004396,41.159425000336284],[-104.74693799986888,41.15937900009747],[-104.74693799986888,41.159311000302864],[-104.746940000417,41.15910100011378],[-104.74694100024193,41.15899900030085],[-104.74694200006684,41.15887499998303],[-104.74694399971665,41.15869800003379],[-104.7469489997395,41.158311000267936],[-104.74695100028765,41.15818100021135],[-104.74695100028765,41.15807499977674],[-104.7469549995873,41.157759999725776],[-104.74695700013544,41.1576550002742],[-104.74695700013544,41.15739100009833],[-104.7469610003334,41.156596000325095],[-104.74696299998323,41.156333000273506],[-104.74696299998323,41.155978999695186],[-104.74696299998323,41.15576300031768],[-104.74696499963305,41.15537899981716],[-104.74696700018117,41.15492199975276],[-104.74696899983101,41.154569000029255],[-104.74697100037913,41.154381000036906],[-104.74697999970167,41.153819999963204]]]},"properties":{"GEOID":"560210015021","BASENAME":"1","STATE":"56","COUNTY":"021","TRACT":"001502","BLKGRP":"1","NAME":"1"}},{"type":"Feature","geometry":{"type":"Polygon","coordinates":[[[-104.75612299966284,41.14552700023654],[-104.75608599985291,41.14551399987193],[-104.75589199968414,41.14549400008653],[-104.75582200026226,41.14548900030838],[-104.75532199977177,41.14547999989493],[-104.75496699994451,41.14548699999108],[-104.75421499955893,41.14547999989493],[-104.7541280004186,41.14547900007437],[-104.7536780001568,41.145475000115674],[-104.75366100043837,41.14547400029508],[-104.75361200003456,41.14547400029508],[-104.75359600014106,41.14547400029508],[-104.75323100026807,41.1454659997003],[-104.7531700001687,41.14546400005877],[-104.75213599975079,41.14544500007923],[-104.7517709998778,41.14543799997854],[-104.75129399985185,41.14543799997854],[-104.74986399959883,41.14543799997854],[-104.74938800029608,41.14543799997854],[-104.74889299982844,41.14543600033617],[-104.74740999987198,41.14543199969837],[-104.74694500043988,41.14543099987712],[-104.74691600012757,41.14543099987712],[-104.74667699975298,41.14543099987712],[-104.7460030000835,41.14543000005585],[-104.74551500018686,41.14543000005585],[-104.74502999976495,41.14542600009412],[-104.74399500042048,41.145419999812844],[-104.74226200021874,41.145407999925176],[-104.74208499976844,41.1454070001035],[-104.74191099969116,41.14540499978376],[-104.74064700001782,41.14539699985704],[-104.74049399985692,41.145396000035255],[-104.74034200041929,41.14539500021346],[-104.7401740001898,41.14539299989329],[-104.73897800028851,41.14538499996511],[-104.73884199984607,41.14538499996511],[-104.73868000036268,41.145384000143146],[-104.73861300041553,41.145384000143146],[-104.73846600010243,41.14538300032117],[-104.73789000034225,41.14538100000068],[-104.73265700030024,41.14536599996267],[-104.73250699961409,41.14536599996267],[-104.73248200039804,41.14675399968211],[-104.73245599956044,41.14771799972777],[-104.73245399991065,41.14849000006743],[-104.73245200026082,41.14952500012156],[-104.7324439998649,41.150780999734074],[-104.73242799997135,41.151584999937356],[-104.73241399972765,41.15277100008467],[-104.73241200007786,41.152891000268504],[-104.73240899970479,41.153249999800046],[-104.73240799987988,41.153371000160064],[-104.73240700005498,41.15347099986421],[-104.7324020000321,41.153784000170745],[-104.73238500031367,41.1550230001478],[-104.73238000029079,41.15543700024131],[-104.73242200012358,41.1554210001294],[-104.73255099999503,41.15537600013198],[-104.73259399965274,41.15536200002128],[-104.73330199965739,41.15511200024639],[-104.7334930003514,41.155044999757834],[-104.73445999992383,41.154704000238084],[-104.73502499981336,41.15451300023184],[-104.73542999986931,41.15436399998221],[-104.73613600022414,41.154106000242564],[-104.73625599987474,41.15406100001883],[-104.73637700024858,41.15401700013093],[-104.7366190000979,41.153929999958194],[-104.73674100029665,41.15388800004339],[-104.7377179999148,41.15354200007561],[-104.73793700019793,41.15346500031914],[-104.73864400037766,41.153226000182855],[-104.73954599965276,41.15294200021247],[-104.74044299980332,41.152664999694515],[-104.74118199977009,41.152454000143315],[-104.74121100008243,41.1524440002952],[-104.74166299999403,41.15230200012279],[-104.74219299972346,41.15213499990745],[-104.74223600027949,41.152211999873266],[-104.74230400005153,41.15231400010161],[-104.74235500010518,41.152402999819714],[-104.74236299960278,41.152425000308995],[-104.74239600011305,41.15255199979171],[-104.74241700002946,41.15263199975498],[-104.7424200004025,41.15278000017373],[-104.74242299987723,41.15297499999596],[-104.74243700012094,41.15314499988802],[-104.74253599985515,41.15346500031914],[-104.74255500012171,41.15354800028998],[-104.74257000019033,41.15371899974382],[-104.74283499960589,41.1537240002472],[-104.74363200019731,41.15373899972597],[-104.7438980003361,41.15374499992231],[-104.74409800035264,41.153747999682075],[-104.74469900022717,41.153758999702],[-104.74490000006863,41.15376299983174],[-104.74510699975787,41.15376499989652],[-104.74514500029102,41.15376600026708],[-104.7452420003754,41.153746000293175],[-104.74544499986666,41.15368000013311],[-104.74558999963162,41.153638999754236],[-104.74571400037848,41.15362900008687],[-104.74591799969468,41.15361899974158],[-104.74613100013,41.15362099981076],[-104.74676999963937,41.153629999783114],[-104.74698300007472,41.15363300022454],[-104.74698399989963,41.15353599986064],[-104.7469899997474,41.15324700001749],[-104.74699200029553,41.15315100013873],[-104.74699200029553,41.15309299972116],[-104.74699599959519,41.15291900018962],[-104.74699800014332,41.15286199995114],[-104.74699800014332,41.152845999887134],[-104.74699800014332,41.15280100015123],[-104.74699899996824,41.15278599978149],[-104.74699899996824,41.15267300008724],[-104.74699899996824,41.15233500022838],[-104.74699899996824,41.15222300015088],[-104.74700300016619,41.15196899966475],[-104.74701900005974,41.15120899988506],[-104.74702400008259,41.15095599994223],[-104.74702200043278,41.15077499994282],[-104.74701900005974,41.15041200005244],[-104.7482159997859,41.149956000288086],[-104.74884599997277,41.149717000211425],[-104.74936300018172,41.14952099973323],[-104.75046199999862,41.1490619998857],[-104.7507840002139,41.14890100017421],[-104.75101299964444,41.1487870001016],[-104.75164299983129,41.14846099983261],[-104.7522489997287,41.14812800015847],[-104.75295199971048,41.14769000029118],[-104.753480999615,41.147354000031434],[-104.75395099996828,41.14704700027597],[-104.7543390003058,41.14678500027324],[-104.7547619999051,41.1464970002398],[-104.75500799995241,41.1463309999277],[-104.75538799989398,41.14603100015593],[-104.75576500036085,41.145773999909295],[-104.75612299966284,41.14552700023654]]]},"properties":{"GEOID":"560210015023","BASENAME":"3","STATE":"56","COUNTY":"021","TRACT":"001502","BLKGRP":"3","NAME":"3"}},{"type":"Feature","geometry":{"type":"Polygon","coordinates":[[[-104.8289450000352,41.10308600017123],[-104.82897000014957,41.102373999814446],[-104.827700999555,41.10237799969347],[-104.82389600011618,41.102393999884185],[-104.82262800024488,41.1024000000393],[-104.82192400043819,41.102402000316545],[-104.81981600031773,41.102410999871],[-104.81911300033596,41.10241399994784],[-104.81895400032731,41.102413000147905],[-104.81847999977605,41.10241199967097],[-104.81832199959229,41.10241199967097],[-104.81740699989842,41.10240499971689],[-104.81737599993629,41.10240499971689],[-104.81488200002644,41.1024000000393],[-104.81466199991841,41.1024000000393],[-104.81374800004946,41.10240300011665],[-104.8137029998436,41.102402000316545],[-104.81356800012438,41.102402000316545],[-104.81352299991855,41.102402000316545],[-104.81291000034845,41.102399000239146],[-104.81255999964576,41.10239699996182],[-104.81107400021456,41.10239200028363],[-104.81046199957106,41.10239000000608],[-104.81039799999698,41.10239000000608],[-104.81020600037634,41.10239000000608],[-104.81014299972884,41.10239000000608],[-104.81002300007823,41.10238900020577],[-104.80966499987794,41.10238900020577],[-104.80954600005226,41.10238900020577],[-104.80954500022735,41.10243499980509],[-104.80954299967921,41.102575999832936],[-104.80954299967921,41.10262299977495],[-104.80954100002938,41.102701000122984],[-104.80953900037957,41.102937000195226],[-104.80953799965633,41.1030159999611],[-104.80953600000652,41.103080999868574],[-104.80953400035669,41.10327699966875],[-104.80953400035669,41.103342999780615],[-104.80953400035669,41.103360999984204],[-104.80953299963348,41.10338200021555],[-104.80953199980856,41.10340400022499],[-104.80953199980856,41.10347300023774],[-104.80953199980856,41.10349600000023],[-104.80953000015873,41.10359200012858],[-104.80952699978569,41.10388299968131],[-104.80952599996078,41.103979999696946],[-104.80952000011298,41.10439099980646],[-104.80950500004437,41.10562799995053],[-104.8095000000215,41.106040000320455],[-104.80949599982354,41.10775900000397],[-104.80949599982354,41.10781400007067],[-104.8094849999529,41.10965399980926],[-104.8094849999529,41.10969000013593],[-104.80945999983854,41.11148499975934],[-104.80944800014296,41.11235399998695],[-104.8094360004474,41.11316799994425],[-104.80943399989927,41.11331600008268],[-104.80942800005147,41.11371299975728],[-104.8094220002037,41.11409100015184],[-104.80940499958696,41.1153479997973],[-104.80939500043954,41.11608000020832],[-104.80939500043954,41.11610300029239],[-104.80938600021868,41.11669800022485],[-104.80938399967054,41.11690000016873],[-104.80941600035591,41.11719999985623],[-104.80951500009012,41.118101999965546],[-104.80952900033382,41.11822699979962],[-104.80954600005226,41.11840299980668],[-104.81063200034869,41.11828999974489],[-104.81146000000395,41.1181650000308],[-104.81718500014055,41.11730400022196],[-104.81852699963173,41.117102999744084],[-104.81894000008359,41.11704300009831],[-104.81909400006938,41.11702099992121],[-104.82001999963393,41.116885999964836],[-104.82094400044697,41.11675199998928],[-104.82215899971649,41.116589000301744],[-104.8228059996218,41.116534000141506],[-104.82316100034735,41.116503999727],[-104.82374100030549,41.11647000027841],[-104.82377100044272,41.11646799975298],[-104.82373799993243,41.11627200007431],[-104.82373399973447,41.115932999804485],[-104.82373299990958,41.11585400001313],[-104.82373299990958,41.11561899994324],[-104.82373299990958,41.115541000050854],[-104.82373399973447,41.11540800031561],[-104.82373899975735,41.11504500026733],[-104.82373899975735,41.11500900016989],[-104.82373899975735,41.11487700032056],[-104.82373799993243,41.11464299975074],[-104.82373700010751,41.113942000105816],[-104.82373700010751,41.11370899989188],[-104.82373600028262,41.113483999963535],[-104.82373499955938,41.11280900028922],[-104.82373499955938,41.11258399998349],[-104.82373200008466,41.11218700024958],[-104.82372399968874,41.11100000021074],[-104.82372200003891,41.11060400004912],[-104.82372399968874,41.11045199982448],[-104.8237289997116,41.109999000153636],[-104.82373200008466,41.10984800024559],[-104.82373200008466,41.107499000234114],[-104.82374399978023,41.10738799980269],[-104.82380099968162,41.10730600002812],[-104.82384900026054,41.10728300024635],[-104.82383400019191,41.10618999976725],[-104.82387000017691,41.10608600006992],[-104.8239329999261,41.1060289997429],[-104.8241000003307,41.1059870002896],[-104.82449100014294,41.10598200020783],[-104.82451200005933,41.10537200023889],[-104.82492899981085,41.1050850002296],[-104.82516800018544,41.10500700000558],[-104.82545500024064,41.10491900004084],[-104.82729499967417,41.10365700014286],[-104.82749800006374,41.1033760001501],[-104.827852999891,41.1033389999603],[-104.82796199967093,41.10334400024332],[-104.82828999973398,41.103484999673356],[-104.82871300023162,41.10386600007554],[-104.82872199955412,41.10434300000537],[-104.82885200014877,41.104343999775935],[-104.82893699963927,41.103322000213716],[-104.8289450000352,41.10308600017123]],[[-104.82255899974959,41.11547899977528],[-104.82256299994755,41.11562899999215],[-104.8223550004334,41.11564799981014],[-104.82173100009435,41.11570600018237],[-104.82152400040512,41.11572600025218],[-104.82134500030494,41.1157489997835],[-104.82080999965436,41.1158220000963],[-104.82063200027741,41.1158459998662],[-104.82045700037524,41.11587200017099],[-104.81993299959528,41.115952999805124],[-104.81975900041634,41.115980999931125],[-104.81958199996602,41.116007000182435],[-104.81905100041168,41.1160870000582],[-104.81887499978626,41.116113999858925],[-104.8186949998612,41.116141999916245],[-104.81815500008604,41.116226000016546],[-104.81797500016098,41.116254000026096],[-104.81777699979428,41.11627899990372],[-104.81746100032508,41.116321000218036],[-104.81727100035428,41.11633300001283],[-104.81718299959242,41.11633300001283],[-104.81698500012402,41.11633400027762],[-104.81680299965083,41.11633300001283],[-104.81625700002789,41.11633199974805],[-104.81607600027792,41.11633199974805],[-104.81589399980473,41.11633100016002],[-104.8153499998316,41.11632999989514],[-104.81516900008162,41.11632999989514],[-104.81497699956269,41.11632999989514],[-104.81440400017557,41.11633300001283],[-104.81421300037985,41.11633400027762],[-104.81421099983172,41.11644400021049],[-104.81420800035697,41.11669599970632],[-104.81419699958802,41.116772999998474],[-104.81417700039484,41.11681800009225],[-104.81412899981595,41.11685599971127],[-104.8140750002876,41.11687799994369],[-104.81401099981517,41.116889000057135],[-104.81394100039327,41.11689299972877],[-104.81391600027892,41.1168950002413],[-104.81336300008496,41.11689000031343],[-104.81317099956603,41.116889000057135],[-104.81296999972459,41.11688700022119],[-104.81236800002513,41.11688400012886],[-104.8121680000086,41.11688299987241],[-104.81196700016714,41.11688299987241],[-104.81136700011753,41.11688499970847],[-104.811167000101,41.116885999964836],[-104.81116799992589,41.11660299989225],[-104.81117299994877,41.11575599966867],[-104.81117600032181,41.11547399973961],[-104.81117999962146,41.11519800029192],[-104.81119399986517,41.11436999972371],[-104.81119999971294,41.11409499999396],[-104.81139800007966,41.114096000292896],[-104.81199300010643,41.114098999835896],[-104.81219200029804,41.11410099975672],[-104.8123930001395,41.11410099975672],[-104.81299700038707,41.11410200005551],[-104.81319900005346,41.11410299967754],[-104.8133999998949,41.11410299967754],[-104.81400599979229,41.11410299967754],[-104.81420800035697,41.1141039999763],[-104.81459199959824,41.11406999996143],[-104.8146269997583,41.114068000039616],[-104.8147520003301,41.114032000083235],[-104.81532999974011,41.11379799988528],[-104.81550899984025,41.11374300009371],[-104.81565500032843,41.11371000019664],[-104.81568600029057,41.113706999959064],[-104.81580500011626,41.113695999989204],[-104.81607200007996,41.11369499968422],[-104.8162510001801,41.11369499968422],[-104.81679099995526,41.1136979999223],[-104.81697099988031,41.11369900022729],[-104.81715199963028,41.1136979999223],[-104.8176949997785,41.11369400005599],[-104.8178770002517,41.11369400005599],[-104.81805700017675,41.11369499968422],[-104.81859899960175,41.1136979999223],[-104.81878000025002,41.1136999998554],[-104.81896000017508,41.11369900022729],[-104.8195030003233,41.1136979999223],[-104.81968400007327,41.1136979999223],[-104.8198630001734,41.1136979999223],[-104.82040200012365,41.1136979999223],[-104.8205820000487,41.11369900022729],[-104.8209750004091,41.1136979999223],[-104.82215700006668,41.11369700029416],[-104.8225520000769,41.11369700029416],[-104.8225529999018,41.11383900013065],[-104.82255600027484,41.11426900033583],[-104.82255700009976,41.11441199990592],[-104.82255499955163,41.11450500011697],[-104.82255100025198,41.114785000248105],[-104.82255000042707,41.114879000217734],[-104.82254799987892,41.11502899977526],[-104.82254799987892,41.11503899991405],[-104.82255899974959,41.11547899977528]]]},"properties":{"GEOID":"560210003002","BASENAME":"2","STATE":"56","COUNTY":"021","TRACT":"000300","BLKGRP":"2","NAME":"2"}},{"type":"Feature","geometry":{"type":"Polygon","coordinates":[[[-105.27986500013849,41.18662699974408],[-105.27986799961322,41.18560200032427],[-105.27978099957458,41.18536600009558],[-105.27978099957458,41.18530899968359],[-105.27977300007697,41.18498600024312],[-105.27974799996262,41.18385299967965],[-105.27974499958957,41.18363399981142],[-105.27974100028992,41.183473999753375],[-105.27972799987113,41.18288799975249],[-105.27971399962743,41.18226600021957],[-105.27963499998471,41.17863799980252],[-105.27961499989323,41.177680000150296],[-105.27960900004544,41.177430000316996],[-105.27954600029625,41.17493200031072],[-105.27954000044848,41.174673999720696],[-105.2793179997923,41.16434099971933],[-105.27931699996739,41.164237000201055],[-105.27912100014882,41.15511400027002],[-105.27898499970638,41.14879000008828],[-105.27898200023164,41.14865100011175],[-105.27897300001081,41.14822799974266],[-105.27893700002579,41.14654500033325],[-105.27892600015515,41.14598400017553],[-105.27892500033023,41.14559800025693],[-105.2789229997821,41.14444200007017],[-105.2789229997821,41.14405699971117],[-105.27892199995718,41.14372399999541],[-105.27892000030738,41.142725000173414],[-105.27892000030738,41.14249399972836],[-105.27892000030738,41.14243400029674],[-105.27892000030738,41.14239199978248],[-105.27891899958414,41.14185299992795],[-105.2789160001094,41.14023799997043],[-105.2789160001094,41.13970099982013],[-105.2789160001094,41.13955600005492],[-105.2789150002845,41.13904700016582],[-105.27891199991144,41.13709100033019],[-105.27891100008652,41.13644000023583],[-105.27891100008652,41.136416999836804],[-105.27890799971348,41.135130999760754],[-105.27890500023874,41.133073999979466],[-105.2789019998657,41.13120700005025],[-105.27890000021587,41.129899000089104],[-105.278895000193,41.126858000065816],[-105.27889400036808,41.126504000046964],[-105.27889400036808,41.126401000160634],[-105.27889299964485,41.126370000084385],[-105.27889099999504,41.124892000168934],[-105.27888500014727,41.12147100013683],[-105.27887500010151,41.11687499985089],[-105.27887500010151,41.11665799999467],[-105.27887500010151,41.11639700000951],[-105.2788740002766,41.11599299978808],[-105.27887199972847,41.114947999677746],[-105.27887099990357,41.114804000310436],[-105.27887000007864,41.1144980000984],[-105.27887000007864,41.114395999936356],[-105.27886900025372,41.11373499968952],[-105.27886400023085,41.111877000044586],[-105.27886199968273,41.11020600016691],[-105.2788600000329,41.10987900000402],[-105.27884800033735,41.10432299985228],[-105.27884400013937,41.102064999790365],[-105.27884400013937,41.1018939996976],[-105.27884499996429,41.10180600029974],[-105.27882700042093,41.09321900031557],[-105.27881499982708,41.08803000015767],[-105.27881599965197,41.08798299992946],[-105.27881099962909,41.085603000183355],[-105.27880200030658,41.08134099977186],[-105.2787899997127,41.07551099974337],[-105.2787820002151,41.071557000213055],[-105.27877499964409,41.068111000199245],[-105.27877100034445,41.066397999948876],[-105.27876799997141,41.065117999821446],[-105.27875999957548,41.061279999813955],[-105.27875799992565,41.06000100008392],[-105.27875899975056,41.05986800032241],[-105.27876399977343,41.05946999987753],[-105.27876399977343,41.05933800017507],[-105.27873799983416,41.04558199973107],[-105.27683700030127,41.0456829997119],[-105.27683700030127,41.04176499969161],[-105.27683700030127,41.03091199973451],[-105.27683700030127,41.028417000307606],[-105.27683700030127,41.02331300002581],[-105.27683700030127,41.01510600004601],[-105.27683700030127,41.01435100019418],[-105.27683700030127,41.009502999720645],[-105.27683700030127,41.00794400030014],[-105.27683700030127,41.00326800032487],[-105.27683700030127,41.001709999802735],[-105.27685999986748,40.99817199997494],[-105.27560299986683,40.99817800015035],[-105.27528499984952,40.998066000175776],[-105.27489599968709,40.99807499977518],[-105.27116099967014,40.99816100032991],[-105.27018499987688,40.9981840003252],[-105.26971000039904,40.9981949999664],[-105.26949399959067,40.9981949999664],[-105.26700100040406,40.998193999937456],[-105.25652699992408,40.99819099985057],[-105.25484399995109,40.998208999692004],[-105.25477899965375,40.99820999972072],[-105.25393199973192,40.99821899997841],[-105.25119799962258,40.998249000150665],[-105.25053700037189,40.99825699969709],[-105.25053700037189,40.99839500002561],[-105.25042500021891,40.998398000103265],[-105.25021299960848,40.998405000283846],[-105.24913800008103,40.998432000295495],[-105.24882199971354,40.99843999981971],[-105.24838499987052,40.99843999981971],[-105.24264899986326,40.998432000295495],[-105.24102600016471,40.998430000244774],[-105.23741099979836,40.998424000092314],[-105.2314930002162,40.99841599988817],[-105.22664199976559,40.998408999708694],[-105.22650399967333,40.998408999708694],[-105.22583000000387,40.99840700033533],[-105.22339399982036,40.99840400025809],[-105.22258299988354,40.998403000232315],[-105.21434299992069,40.998391999947835],[-105.21119799990763,40.99838799984397],[-105.21041299991009,40.998386999817946],[-105.21034599996294,40.998386999817946],[-105.21031699965062,40.998386999817946],[-105.2101479995962,40.998385999791914],[-105.21008300019719,40.998385999791914],[-105.20638499999016,40.99838099966157],[-105.19529100026739,40.99836599994615],[-105.19159399988527,40.998360999814295],[-105.18250500035077,40.998348000147594],[-105.1800089998928,40.99834500006768],[-105.17918799991025,40.99834300001437],[-105.1767269996124,40.998339999934224],[-105.17590700035306,40.998338999907475],[-105.17401000011982,40.9983359998272],[-105.1737210004148,40.9983359998272],[-105.1729110003029,40.998333999773564],[-105.17111799982672,40.99833199971987],[-105.16419900033696,40.99832300015557],[-105.16192600036007,40.99832000007451],[-105.16073600030657,40.99831800002045],[-105.16058200032079,40.99831800002045],[-105.15924499995418,40.99831599996627],[-105.15885199959381,40.99831599996627],[-105.15713900038187,40.99827000005973],[-105.15505399982766,40.9982470000944],[-105.15487499972751,40.9982470000944],[-105.15350899994691,40.998248000122544],[-105.14601600034678,40.99825500031906],[-105.14085299972665,40.99825999978101],[-105.14049000040181,40.99825999978101],[-105.13999900013211,40.99825999978101],[-105.13743900010006,40.99826199983689],[-105.13658600033044,40.99826299986481],[-105.13514900040474,40.99826399989271],[-105.1308379997293,40.998268000004096],[-105.12940199962848,40.99827000005973],[-105.12553100006741,40.9982750001985],[-105.12535000031744,40.9982750001985],[-105.1131950004126,40.99829800015406],[-105.10914400002815,40.99830599969454],[-105.10292900034509,40.998312999884895],[-105.08417600044251,40.998333999773564],[-105.07701400038019,40.99833299974673],[-105.07612399990234,40.998319000047466],[-105.07576599970203,40.998312999884895],[-105.07540900022497,40.998306999721784],[-105.07514300008621,40.998303000290704],[-105.07487699994742,40.998299000181426],[-105.07480900017538,40.99829800015406],[-105.07191299968432,40.998297000126676],[-105.0685269996468,40.998297000126676],[-105.06650700028823,40.99829600009927],[-105.06344900031381,40.99829500007186],[-105.05266299966429,40.99829300001699],[-105.04771000000473,40.99829199998953],[-105.04170100018598,40.9982909999621],[-105.0398719997248,40.99828999993462],[-105.03438699978769,40.99828899990711],[-105.03255900004974,40.99828899990711],[-105.02630300035877,40.99828699985206],[-105.02478799971696,40.99828699985206],[-105.02254300022749,40.99828699985206],[-105.01815499955913,40.9982859998245],[-105.01336599993111,40.99828499979694],[-105.00712199993573,40.99828000033693],[-105.00052599958782,40.99827600022621],[-104.98838999994956,40.99825400029108],[-104.98214699977909,40.99824400000993],[-104.97829399976135,40.99823599978394],[-104.96673499970817,40.99821199977807],[-104.96288199969045,40.99820400022619],[-104.96262999979537,40.99820300019737],[-104.96257799991683,40.99820300019737],[-104.96187699958486,40.998216999921276],[-104.96162700023793,40.99822300009259],[-104.96145999983334,40.998226000178065],[-104.96143800009204,40.99822500014959],[-104.96087300020253,40.99822500014959],[-104.96068499988154,40.99822500014959],[-104.95788200017523,40.99822300009259],[-104.95768899983139,40.99822000000698],[-104.9574860003401,40.99830799974902],[-104.9571819996682,40.9983359998272],[-104.95689899981095,40.99828099968658],[-104.95674400000026,40.99822100003553],[-104.95669799996949,40.99822200006407],[-104.95114699991016,40.99821799994988],[-104.9433709995545,40.998212999806746],[-104.94276100035745,40.99821199977807],[-104.94093100007134,40.99821199977807],[-104.94032099997598,40.99821199977807],[-104.93993500018661,40.998210999749375],[-104.93877799974506,40.99820999972072],[-104.9383929997806,40.99820999972072],[-104.93667200017276,40.998208999692004],[-104.93225099989245,40.99820600028376],[-104.92343400034453,40.998201000139716],[-104.92016100028492,40.99819900008204],[-104.9183140002804,40.99819800005315],[-104.91382500022806,40.9981949999664],[-104.90943900010784,40.9981929999085],[-104.9076830003399,40.998191999879516],[-104.90760899982173,40.998191999879516],[-104.90690500001504,40.99820500025498],[-104.90664800009709,40.99820999972072],[-104.90650499998196,40.998212999806746],[-104.90644800008054,40.99821399983541],[-104.90632900025487,40.998216999921276],[-104.90550999992212,40.99823399972727],[-104.90469200031262,40.99822900026334],[-104.89934100026981,40.9982000001109],[-104.89909600004742,40.99819900008204],[-104.89596299972992,40.99819599999533],[-104.88582899990688,40.99818799976351],[-104.8824520000902,40.998185999705385],[-104.87997099970086,40.99822000000698],[-104.8755240003796,40.9982819997142],[-104.87252999997928,40.9982909999621],[-104.87005000031316,40.998299000181426],[-104.8698839997335,40.99829600009927],[-104.86938800033927,40.99828699985206],[-104.8693559996539,40.99828699985206],[-104.8692229995845,40.99828499979694],[-104.86895200032116,40.99828000033693],[-104.86814200020925,40.99826499992054],[-104.86787199987252,40.99826099980896],[-104.86670299973541,40.99824099992528],[-104.86651699996257,40.99823799984049],[-104.86319899969715,40.99818100023788],[-104.86203100028327,40.998161999681365],[-104.86096199970527,40.9981439998271],[-104.85671899970019,40.99807199968289],[-104.85527299955365,40.9980480002953],[-104.84080000036438,40.99875400020967],[-104.83868899987091,40.99885700020177],[-104.83584799963144,40.998929000166505],[-104.83557499981998,40.9989300001843],[-104.83514800002271,40.998931000202035],[-104.83480599971595,40.9989360002907],[-104.83016400040103,40.99902299973841],[-104.82430600019501,40.99911699985425],[-104.81830999989674,40.9991970003233],[-104.81628399979206,40.99929300021559],[-104.81488399967627,40.99930499968382],[-104.80973100000017,40.99935100022398],[-104.79786700034848,40.9994569999906],[-104.77884699958389,40.99976900027147],[-104.77394099978001,40.99982299984422],[-104.77301799969021,40.9998329998858],[-104.77308499963736,41.0002530002618],[-104.77313800023911,41.000502999892944],[-104.77322500027776,41.00090200032556],[-104.77345600025645,41.00176399981908],[-104.77351200033293,41.00192400033593],[-104.77439400041484,41.00474600020761],[-104.77499399956615,41.00660399969567],[-104.77544600037609,41.00806699978541],[-104.77597600010552,41.00970799998575],[-104.77683899992088,41.01245899981688],[-104.77720100031914,41.01358400024599],[-104.77818399978509,41.016695000036954],[-104.77860999975744,41.01802799997751],[-104.77878899985758,41.0185870000797],[-104.77890500020852,41.018951999705756],[-104.77904300030079,41.01938899999757],[-104.77949799968715,41.02082499986215],[-104.78000400002544,41.022406000150504],[-104.78028199985981,41.023295000264085],[-104.78033899976118,41.02347600001603],[-104.78077300012946,41.02483800026373],[-104.78153300001266,41.02722700011531],[-104.7819439999164,41.0285799998626],[-104.78195999980991,41.02863100016437],[-104.7824949995622,41.03027400019019],[-104.78288200007482,41.03149400014867],[-104.78323500025225,41.03263400010722],[-104.78400900037913,41.03505800008643],[-104.78427700016773,41.03587100011777],[-104.78465399973629,41.03709800016539],[-104.78508100043186,41.03839699990177],[-104.78538500020548,41.03922199967766],[-104.78563299990259,41.03982099972069],[-104.78568899997909,41.03995400003585],[-104.78601700004215,41.04072099981883],[-104.78630499992224,41.04133499987028],[-104.78663100033548,41.04198999998325],[-104.78684800007045,41.04240599977338],[-104.78733900034014,41.043264000182646],[-104.78748699957981,41.043494000186776],[-104.78759500043319,41.04366199975843],[-104.787921999773,41.04416899999117],[-104.78803099955294,41.04433799987828],[-104.78825300020911,41.04471999973169],[-104.78846999994407,41.04506300028232],[-104.78963700043138,41.04691199970336],[-104.789829000052,41.04721499983163],[-104.79028400033667,41.047932000091706],[-104.79066199973013,41.04852800029818],[-104.7913990000471,41.04969000032949],[-104.79179300023239,41.0503200000274],[-104.79207100006676,41.050765999968924],[-104.79211700009748,41.05083900001468],[-104.79216899997604,41.0509189999997],[-104.79250799990974,41.05144799966234],[-104.79292100036162,41.05204800009283],[-104.79334399996092,41.05266100026153],[-104.79403900044511,41.0536349997323],[-104.79463600012168,41.05445899966414],[-104.79514999995757,41.0552020001748],[-104.79526100028566,41.05537900023759],[-104.79598099998589,41.05652999978574],[-104.79624899977448,41.056506000018416],[-104.7968830001593,41.0564239997312],[-104.7981860001907,41.05625700005283],[-104.79958499958326,41.05606399968952],[-104.79965499990345,41.05605499988341],[-104.80048699975667,41.05594799991122],[-104.80520900033585,41.055317000074616],[-104.80996600017683,41.054674000062995],[-104.81023899998829,41.05463800007039],[-104.81090799963489,41.05454800000271],[-104.81476700039873,41.054030000004325],[-104.81541299958079,41.05394300004001],[-104.81735099982193,41.0536820001342],[-104.8179979997272,41.05359600025249],[-104.81895099995423,41.053469000292466],[-104.82181200028519,41.053088000296114],[-104.82276600033715,41.05296199990788],[-104.82281800021568,41.05295599998012],[-104.82384900026054,41.05413699970922],[-104.82457300015871,41.0549650001831],[-104.82685199998338,41.05757000025903],[-104.82732800018444,41.058112999818604],[-104.82764000035397,41.058469000319164],[-104.83199100031408,41.06858700003952],[-104.83244200040077,41.06963499985278],[-104.83409799971128,41.07348500000568],[-104.83557399999506,41.076918000324476],[-104.83722000015815,41.08074500029414],[-104.83725299977009,41.0808209999556],[-104.83828100034022,41.083212999983424],[-104.83820599999716,41.08343200017675],[-104.83812999982915,41.08365000023179],[-104.83791800011704,41.08426100024087],[-104.83695099964632,41.08467999971291],[-104.83099799990407,41.08726400017016],[-104.8290150003554,41.08812599987116],[-104.82901399963217,41.088247999854715],[-104.82901100015744,41.088616999830435],[-104.82901100015744,41.088740000264586],[-104.8290029997615,41.09136300029211],[-104.82900199993661,41.091466000318604],[-104.82897699982225,41.09964699967837],[-104.82897000014957,41.102373999814446],[-104.82967499978118,41.10236699985625],[-104.83015299963205,41.10233299985545],[-104.83062499963516,41.10225399994491],[-104.83109099979048,41.10211399970713],[-104.83147099973209,41.1019470003242],[-104.83174500026678,41.10179699998545],[-104.83198999959083,41.1016299997964],[-104.8322819996689,41.10139699988922],[-104.83317999964434,41.100580000054926],[-104.83406099990137,41.09978000020248],[-104.83435999965211,41.09950799982003],[-104.83460499987447,41.09931800003941],[-104.8346960001111,41.099255000165385],[-104.8348519997467,41.09914899994011],[-104.83510000034214,41.09901299993701],[-104.835358000085,41.09889600025654],[-104.83575300009521,41.09875099967483],[-104.83615700032625,41.09865099981076],[-104.83650499958247,41.09859700005105],[-104.83687899967629,41.09856399998796],[-104.83703500021021,41.09855900001798],[-104.83719900024174,41.098554999906355],[-104.83749700016757,41.09857300006832],[-104.83789100035288,41.098603999734046],[-104.8381609997913,41.098625000132564],[-104.8388439996816,41.09867899986931],[-104.83893099972023,41.09868600022051],[-104.83906799998758,41.09869699999729],[-104.83910899999547,41.098701000100306],[-104.83937099993628,41.09871900022231],[-104.83948100043946,41.0987259998923],[-104.83963899972488,41.09873699966242],[-104.83981100015234,41.09874899996335],[-104.83992199958213,41.09875700016277],[-104.8400610003976,41.09876600021669],[-104.84047899997402,41.09879599993631],[-104.84061899971611,41.09880599983976],[-104.84063799998268,41.098806999694666],[-104.84069599970901,41.098813000177486],[-104.8407159998005,41.09881499988701],[-104.84164999976096,41.098883999982455],[-104.84177100013477,41.09889300001898],[-104.84271400031608,41.098962000032486],[-104.84275399960075,41.09896899967663],[-104.84413699999809,41.09903800028726],[-104.8441729999831,41.099039999989884],[-104.84430799970231,41.099044999923244],[-104.84434700006037,41.09904800015386],[-104.84450600006902,41.09905899987005],[-104.84498399991992,41.099093000211866],[-104.84505800043809,41.09909800014119],[-104.84514299992857,41.09910499977084],[-104.84519999982999,41.09910999969926],[-104.84536899988439,41.09912400030912],[-104.84542499996087,41.09912900023608],[-104.84588000024554,41.099165000240525],[-104.84724500020124,41.0992739999833],[-104.84750600031715,41.09929500016761],[-104.84769999958759,41.0993109997555],[-104.84806299981075,41.09934000005639],[-104.8491519995819,41.09942899989603],[-104.84951599962997,41.09945899998973],[-104.84972200039263,41.09947200000354],[-104.8503049998255,41.099511999873606],[-104.8503399999856,41.09951299971776],[-104.85054699967483,41.09952199966809],[-104.85055599989566,41.10027300005544],[-104.8505790003602,41.10204399981481],[-104.85060600012437,41.10252700026082],[-104.85060699994928,41.10254800008193],[-104.85064999960699,41.10327800013246],[-104.85067600044458,41.104207999699874],[-104.85070999988145,41.105345999836885],[-104.85076400030813,41.1069970001971],[-104.85076799960777,41.10710200021079],[-104.85079199989723,41.107928000283756],[-104.85080000029315,41.108210000138584],[-104.85082399968427,41.10905599988149],[-104.8508329999051,41.10933800030646],[-104.85086200021742,41.11011700004175],[-104.85087399991296,41.110413000204396],[-104.85093699966218,41.112453999966725],[-104.85096199977653,41.1132340002667],[-104.85096500014957,41.113364999725746],[-104.8509740003704,41.11372399972429],[-104.85097500019533,41.11375799991836],[-104.85097900039328,41.113889999987414],[-104.85098199986801,41.113971000036784],[-104.85099100008883,41.11421400026209],[-104.8509950002868,41.114294999911685],[-104.85099699993663,41.1143999997599],[-104.85100500033253,41.11471500032732],[-104.85100799980727,41.1148209997916],[-104.85102000040116,41.11531800019436],[-104.85102600024894,41.115564999923485],[-104.85105600038618,41.11681000006281],[-104.85106200023395,41.11705499976113],[-104.85106899990664,41.11730799986831],[-104.8510730001046,41.11742000001894],[-104.85108599962507,41.117756000001044],[-104.85109099964795,41.117868000064014],[-104.8510920003712,41.117897000290874],[-104.85109499984591,41.1179849997807],[-104.85109700039405,41.11801500019503],[-104.85109800021897,41.11804000007867],[-104.8511009996937,41.11811799970858],[-104.85110200041693,41.118143999790185],[-104.85110200041693,41.11815899996272],[-104.85110400006674,41.11820399978307],[-104.85110499989165,41.1182189999419],[-104.85110700043978,41.11834799981289],[-104.85110700043978,41.11836400017265],[-104.85111699958722,41.11879999984693],[-104.8511209997852,41.11893999969927],[-104.85112599980806,41.11916000012067],[-104.85111800031045,41.11948100012624],[-104.85108599962507,41.11983699987972],[-104.85103399974655,41.120248000210346],[-104.85098699989089,41.12049000000629],[-104.8508830001338,41.12090100030811],[-104.85078799969925,41.121203999875306],[-104.85067999974423,41.121476999902086],[-104.8506220000179,41.12162299988664],[-104.85042799984915,41.12206600013232],[-104.85039900043515,41.1221139998343],[-104.85005299993041,41.122702000270216],[-104.84968999970727,41.12320900012102],[-104.84921699987923,41.123765000115164],[-104.84917699969628,41.12380500007428],[-104.8486929999976,41.12430700016112],[-104.84849800000394,41.12447099976979],[-104.84797800032025,41.12491200014642],[-104.84794499980997,41.12493999983398],[-104.84791399984783,41.12496499978658],[-104.84771899985415,41.12512800032674],[-104.84686100006168,41.1258400002475],[-104.84638099966266,41.12625800031985],[-104.84566400033546,41.12688400006838],[-104.84486799956896,41.12766199990694],[-104.84435799993103,41.1282290003071],[-104.84385499996579,41.12880800008801],[-104.84347300037436,41.12930700026887],[-104.84293600007392,41.13008900001692],[-104.84289300041621,41.13015999983452],[-104.84252699982001,41.13077299966701],[-104.84211000006852,41.13158099970506],[-104.84205999983979,41.1316990000402],[-104.84214799970333,41.13194100023551],[-104.84220200013,41.132086999943965],[-104.84280899985234,41.132201999976836],[-104.84306300029553,41.13225099972954],[-104.84300899986887,41.13243400015325],[-104.84711200013183,41.13309900021599],[-104.84723400033059,41.13310000022525],[-104.84789799995431,41.13379600026819],[-104.8487430002263,41.13470600016631],[-104.84922299972702,41.13518599989705],[-104.84928100035167,41.13506699976552],[-104.8497700000732,41.1337300003244],[-104.85025999961965,41.132500000047685],[-104.85217299974644,41.13230500022933],[-104.85624800042032,41.13190699998797],[-104.8563739999187,41.13189799974038],[-104.8564020004061,41.13186600020335],[-104.85721499999275,41.13178299985124],[-104.85806100008966,41.13169599994828],[-104.85882500017082,41.131617000185344],[-104.85919199969362,41.13157999967266],[-104.8596479998032,41.13160599983391],[-104.86010399991278,41.13154799998048],[-104.86051300016669,41.131513000172454],[-104.86084600025264,41.13149600027827],[-104.86086700016901,41.13149500024457],[-104.86665699970466,41.13151200013902],[-104.86859400012086,41.131517999662876],[-104.8686090001895,41.131608999929945],[-104.86865299967211,41.131680000132455],[-104.86878599974149,41.131739999929174],[-104.8702369999109,41.132054999822515],[-104.87553500025027,41.13320599976746],[-104.87704199959786,41.1335340000999],[-104.87730100006395,41.13359000022379],[-104.87903900028856,41.1339669998137],[-104.88425300006399,41.13510099972846],[-104.88591599994551,41.1354619998602],[-104.8859910002886,41.1354790000798],[-104.88604300016712,41.135489999781754],[-104.88620100035087,41.13552400020208],[-104.88625400005434,41.135535999868615],[-104.88629199968915,41.13451200012707],[-104.88630599993284,41.132132999710684],[-104.88629400023729,41.13153400019483],[-104.88681100044623,41.131532000128566],[-104.88836399982459,41.13152499989607],[-104.88888199985844,41.13152399986281],[-104.88905099991284,41.13152399986281],[-104.88989700000975,41.13152399986281],[-104.89294199956541,41.131526999962595],[-104.89395699971672,41.131529000029005],[-104.89466899991935,41.13153000006219],[-104.89638399967939,41.13151999972956],[-104.90086500023415,41.13149700031196],[-104.90366499956743,41.1314479999961],[-104.90425100027164,41.13143800032759],[-104.90516500014063,41.13141100006473],[-104.90538299970052,41.13139500017941],[-104.90591800035112,41.13135500011067],[-104.90608800023044,41.13132999988619],[-104.90665200029507,41.131247000209214],[-104.90717899965142,41.131130999816335],[-104.90738000039119,41.13108800014351],[-104.90809500006856,41.13089999981126],[-104.9083870001466,41.13080999995814],[-104.90879200020254,41.13068499973186],[-104.90963199955337,41.13044100021701],[-104.91036600039561,41.13027199970501],[-104.91039099961165,41.130267000119645],[-104.91108799974566,41.130141000157664],[-104.91148899960365,41.13011099987332],[-104.91164599996249,41.13009899989103],[-104.91211999961541,41.13006399998665],[-104.91227799979917,41.13005300005147],[-104.91294200032121,41.13000400001041],[-104.91399599993227,41.13004500028205],[-104.91564799994312,41.1303220002742],[-104.91754799965112,41.13064199976673],[-104.92253899984381,41.13144900003052],[-104.92342199975064,41.13161099999385],[-104.92399500003609,41.13177400026326],[-104.9244109999627,41.13191100009762],[-104.92494900008805,41.13212200012243],[-104.92539199977884,41.13232700001927],[-104.92547200014478,41.1323640001106],[-104.92557699972676,41.13242499997797],[-104.92654699967223,41.13298699975869],[-104.9285090002028,41.13414100024686],[-104.9315360002151,41.1359210001837],[-104.93191299978366,41.13614299975826],[-104.93393999971325,41.13733500014444],[-104.936478000004,41.1388280000375],[-104.93754599985877,41.13945600010012],[-104.94019499957929,41.14100500030563],[-104.94408500030526,41.14328099985304],[-104.94796599991207,41.14555099996617],[-104.94986499979514,41.14669599969334],[-104.95011000001753,41.146850999933655],[-104.95022899984322,41.14692700021875],[-104.95049199960896,41.14709499996675],[-104.95063100042444,41.147183000210546],[-104.95134500027689,41.147685000004],[-104.95248400027675,41.14859599976712],[-104.95329500021357,41.149253000215566],[-104.95420300023477,41.1500030001271],[-104.95489199997286,41.150533999982684],[-104.95523500010454,41.15074600004223],[-104.95545199983951,41.1508800002687],[-104.95630200013439,41.151294000146684],[-104.95671999971081,41.15145000006958],[-104.9571130000712,41.15157700008822],[-104.95725500036141,41.15161100028583],[-104.95771800014369,41.15172300005604],[-104.95827899983527,41.151824999692366],[-104.95889700032654,41.15189400021181],[-104.95949599965296,41.15192300028102],[-104.96041700009295,41.15191400007432],[-104.96106200034839,41.15190600026532],[-104.96384800033627,41.151870000098164],[-104.96605500019093,41.15184199972907],[-104.96881500023953,41.15180699992723],[-104.96956900027493,41.15178700003209],[-104.96980500027648,41.15177299983126],[-104.97030900006665,41.151743999695704],[-104.97138500031733,41.151631999961374],[-104.97269199964838,41.1514570002048],[-104.97388400025002,41.15122899995652],[-104.97487599993681,41.15099999985537],[-104.97588699989016,41.150727999980845],[-104.9797199998164,41.14965300024392],[-104.98072400009708,41.149424000049414],[-104.98078299964831,41.14941299997861],[-104.98162000042271,41.14927300020728],[-104.98279799988232,41.14915699989977],[-104.98307099969381,41.149131999695804],[-104.98451000016767,41.14899700018845],[-104.98661200044032,41.14880100026361],[-104.98822099989515,41.14865100011175],[-104.9929200000098,41.14822900019771],[-104.99502300010737,41.14804100028796],[-104.99644499996448,41.14791400018421],[-104.99701900007481,41.14785899989787],[-104.99752000039024,41.14781199987486],[-104.9984740004422,41.14769000029118],[-105.0029790003881,41.14704700027597],[-105.00496399958656,41.14676500019908],[-105.00505300017333,41.14675200007992],[-105.00532400033501,41.14671299970703],[-105.00541399984837,41.14670100005593],[-105.006049999883,41.14660899995215],[-105.00795799998691,41.14633600031817],[-105.00859499984645,41.146245000187605],[-105.0089849998338,41.14618800023475],[-105.0101549997958,41.146021000004566],[-105.01054599960806,41.145966000159746],[-105.01117499997,41.14587600000665],[-105.01154099966787,41.14584600015367],[-105.01199799960239,41.14580900022588],[-105.01288600043041,41.14580900022588],[-105.01383999958405,41.14591200008273],[-105.01452900022045,41.14605799981279],[-105.01471099979533,41.14609699989878],[-105.01535900042384,41.146295000081665],[-105.01549300031814,41.14633600031817],[-105.01553400032603,41.14634899984333],[-105.01626700044503,41.146584000129586],[-105.01859099957723,41.14732800002414],[-105.01936600042734,41.14757699993094],[-105.020327000152,41.14788499969461],[-105.02321299969898,41.148808999775035],[-105.02417500014685,41.1491180002809],[-105.02493300038022,41.14936100023374],[-105.02598399961823,41.149703000245],[-105.02707599976247,41.15006000014564],[-105.03077200031964,41.15126600020796],[-105.0311349996445,41.151397000180765],[-105.03169799988422,41.151621999987874],[-105.031887999855,41.15169399989836],[-105.03236999990386,41.15192100016005],[-105.03284699992982,41.15217599987419],[-105.03350300005596,41.152536000328446],[-105.03421299971043,41.152991000028436],[-105.03501899962437,41.15354999968492],[-105.03535900028133,41.153797999942064],[-105.03590200042953,41.154193999869406],[-105.03676699989471,41.15481200006962],[-105.03757799983153,41.15535199994036],[-105.0378780003055,41.15551599972191],[-105.03800499962878,41.15558499973831],[-105.03811199975891,41.15564400032209],[-105.03826999994266,41.15573100024915],[-105.0383910003165,41.15578699968244],[-105.03852400038588,41.15584800008563],[-105.03874500031883,41.15595000006752],[-105.03902200032823,41.156077000161275],[-105.03929000011685,41.15617899978684],[-105.03948799958525,41.15625399974841],[-105.03952000027061,41.156263999691724],[-105.03961599963176,41.156296000176425],[-105.03964900014203,41.156306999768745],[-105.04030400044327,41.156519999749946],[-105.04107600002202,41.15673600001481],[-105.04145799961344,41.15680799971948],[-105.0418569998216,41.15688399996071],[-105.04281000004865,41.1569870000046],[-105.04354599964239,41.15703200024873],[-105.04435400010446,41.15705900010986],[-105.04508100037569,41.15701799981536],[-105.04707099959707,41.156812999987224],[-105.04728300020749,41.156791999942214],[-105.04893500021835,41.15657100025242],[-105.05025099977024,41.156417999978686],[-105.05404900043469,41.15598000003196],[-105.05420199969727,41.15596299971562],[-105.05552099962217,41.155822000064866],[-105.05558199972154,41.15581499971931],[-105.05576900021762,41.155794000030994],[-105.0558310001419,41.15578800002214],[-105.05634599980272,41.155731999913336],[-105.05690599966937,41.15567300008513],[-105.0578940000565,41.155604000161354],[-105.05841100026545,41.155568999662535],[-105.05863600039633,41.15556599998609],[-105.05902999968333,41.15556100029954],[-105.05931099989073,41.15557299968187],[-105.05953600002161,41.15558299972907],[-105.05987300030552,41.15559800013518],[-105.06083999987794,41.155675999756724],[-105.06223599979576,41.155790000025135],[-105.06409100019623,41.15594099973731],[-105.06475300017011,41.1559920000139],[-105.06567799990975,41.15606500019489],[-105.06605799985137,41.15609500010675],[-105.06631999979219,41.156115000040366],[-105.06645200003665,41.15612599966306],[-105.06763500041747,41.156227000232064],[-105.06803000042767,41.156261000047095],[-105.06965499977605,41.156390000199345],[-105.07260300014562,41.15662400001644],[-105.0733889999681,41.156697000169906],[-105.07395100038289,41.15677899978216],[-105.07442699968563,41.156866000231894],[-105.07451999957206,41.15688700025319],[-105.07492899982597,41.15698199975007],[-105.07552499967764,41.157137000021955],[-105.07609200011528,41.157318999681394],[-105.07667600027136,41.15753500001864],[-105.07688100031079,41.15761100009328],[-105.077853999731,41.15806899997668],[-105.07835900024439,41.158349000204566],[-105.07890499986735,41.158651999961045],[-105.0810420003001,41.159836999800646],[-105.08129199964705,41.159970000105616],[-105.08297100032038,41.16089600013816],[-105.08313399962869,41.160985999962264],[-105.08362499989839,41.16125600004571],[-105.08373899970121,41.16131899992769],[-105.083788000105,41.16134900014001],[-105.0843379999259,41.16167900021691],[-105.08460099969163,41.16186199968472],[-105.08486900037856,41.16204800005038],[-105.08535999974993,41.162455000096294],[-105.0858939996773,41.16300999995878],[-105.08622799958815,41.16342900008976],[-105.08653200026006,41.16388099995021],[-105.08656700042019,41.16394500022905],[-105.08675700039097,41.16429299980611],[-105.08692700027028,41.16468599996318],[-105.08697199957783,41.16481700016805],[-105.08705799979155,41.16507199975903],[-105.08710299999738,41.16520599978019],[-105.08717300031758,41.16552200007745],[-105.08722900039407,41.16586300012253],[-105.08724299973946,41.16594300007048],[-105.08725199996029,41.166132000218894],[-105.08727100022688,41.16650699970459],[-105.08727100022688,41.16652800001811],[-105.0872879999453,41.1673739999015],[-105.08729200014326,41.167717000091464],[-105.08729700016615,41.16811399993062],[-105.08729899981596,41.168313000036825],[-105.08730600038697,41.16891000011006],[-105.0873089998617,41.16906399976063],[-105.08731399988459,41.16910899982732],[-105.08731100040985,41.169153999863106],[-105.08731499970949,41.16953400028508],[-105.08731800008253,41.169755999668375],[-105.08734700039487,41.17081200032523],[-105.08735400006753,41.171056999863666],[-105.08735999991532,41.17123799998301],[-105.0873649999382,41.171406000315066],[-105.08736999996108,41.17147499983159],[-105.08738199965664,41.17160900028238],[-105.08741299961878,41.171821999894945],[-105.08743699990823,41.17193699989628],[-105.08746100019768,41.1720510002805],[-105.08749600035776,41.172173999920965],[-105.08752300012196,41.17226499989664],[-105.08757400017556,41.17239900008398],[-105.08760799961244,41.172486000084106],[-105.08770399987193,41.17268900008588],[-105.0878169998498,41.1728770003059],[-105.0879490000943,41.17309699970572],[-105.08824899966994,41.1734799997811],[-105.08869499973379,41.17390899986031],[-105.08889599957526,41.174058999688526],[-105.08915500004133,41.174252999705296],[-105.08933900016434,41.17436399994788],[-105.08977099998448,41.17459599971968],[-105.09017299966737,41.174769999854526],[-105.09067399998281,41.17493699987182],[-105.09069900009716,41.17494300015605],[-105.0911600002296,41.17505800008801],[-105.09178000037073,41.17516800027504],[-105.09238600026814,41.175224000004235],[-105.09322300014422,41.175277000235106],[-105.09442700044143,41.17533499995381],[-105.09511799982933,41.175370000039045],[-105.09659900013597,41.17544799979462],[-105.09666100006025,41.175450999913394],[-105.09684699983308,41.175460000268856],[-105.09690999958228,41.1754639997503],[-105.09766899964055,41.17550299992183],[-105.09994599981539,41.175621999694805],[-105.10070599969859,41.17566199980859],[-105.10386499995538,41.17582600015498],[-105.10677300014198,41.175976999682085],[-105.10761400021603,41.17602299976438],[-105.10841000008422,41.17605600009749],[-105.10903299970008,41.176055000067144],[-105.10973999987982,41.17602899994913],[-105.11043799983874,41.17596099985166],[-105.11111499988124,41.17585999994455],[-105.11179500029681,41.1757229999689],[-105.11239399962322,41.17556600030587],[-105.11298500035032,41.17538299989207],[-105.11326300018465,41.17528699998043],[-105.1154070002901,41.174551000040914],[-105.1161169999446,41.17431699999605],[-105.11626099988464,41.17427699973711],[-105.11683800036803,41.17411799986946],[-105.11790600022282,41.17387499973434],[-105.11884500020615,41.173707000324335],[-105.1195530002108,41.17360500025498],[-105.11989299996942,41.17356899983465],[-105.12022299968231,41.173535000208346],[-105.12091999981631,41.17348999980074],[-105.12146100031471,41.17346400001698],[-105.12200899958748,41.17345600013344],[-105.122981999906,41.17346999975993],[-105.12956999985798,41.17371099991281],[-105.1310009999359,41.173758000299415],[-105.13470499999073,41.17388300024283],[-105.13494299964209,41.17389100007422],[-105.13670199978309,41.17396099974049],[-105.13814799992961,41.174003000315736],[-105.138653000443,41.17402000000964],[-105.14237900023913,41.17415199986931],[-105.15050000037628,41.17443900006019],[-105.15111299994638,41.174460999914515],[-105.15369300006992,41.17454499972083],[-105.15416500007304,41.1745599998439],[-105.15444999958008,41.1745709997517],[-105.1566129999521,41.174650999886076],[-105.15984699965362,41.17477199995442],[-105.1621890001258,41.17483599973812],[-105.16310200016987,41.17487699970408],[-105.16315900007129,41.17487999984901],[-105.16351300007362,41.17490699979479],[-105.16399000009957,41.17497200016966],[-105.16438099991186,41.17503000015847],[-105.16507600039603,41.175170999730476],[-105.16523799987941,41.17521200016288],[-105.16562000036916,41.175309000226186],[-105.16616900036514,41.17547500018245],[-105.16657100004804,41.17561700018599],[-105.16683899983666,41.17571300029012],[-105.16747300022145,41.175976999682085],[-105.16808999998953,41.17628699993539],[-105.16855699996977,41.1765569998549],[-105.1689960003609,41.176831000087915],[-105.16951400039476,41.17721099993046],[-105.17002900005555,41.17761599976457],[-105.17016100030006,41.177716999668625],[-105.17053399967061,41.1780009997893],[-105.17096300001603,41.17831199992543],[-105.17129299972892,41.1785320000039],[-105.1718130003109,41.178878999873504],[-105.1733749999101,41.17991999994597],[-105.17389600031699,41.18026799986522],[-105.17442299967337,41.180618999845805],[-105.17479900031532,41.18087000030985],[-105.17570099959043,41.18151800023348],[-105.17596599990428,41.18173200002275],[-105.17635199969367,41.182069999718756],[-105.17643899973231,41.18215499984582],[-105.17654800041058,41.18226099986568],[-105.17670999989396,41.182417999707376],[-105.17686700025278,41.18259000016126],[-105.17697000018495,41.18270400026033],[-105.17704899982768,41.18279100009565],[-105.17708999983556,41.182841999758914],[-105.1774379999901,41.18327199996688],[-105.17755400034106,41.18341599980481],[-105.17788300022902,41.1837630001651],[-105.17804700026056,41.183915000234784],[-105.17817500030708,41.18403299968984],[-105.17856399957118,41.18433000024749],[-105.17893400036536,41.18457200023174],[-105.17937700005615,41.184837000320066],[-105.1797899996097,41.18504199969099],[-105.17981300007423,41.18505100008066],[-105.18045099975869,41.18529300010465],[-105.18047099985017,41.185300000005455],[-105.18074799985962,41.18539299977523],[-105.1811129997326,41.185516999938876],[-105.18157700023811,41.185680000063854],[-105.18185300042262,41.18577700017383],[-105.18254299998561,41.18603100010853],[-105.18299800027027,41.1862249998209],[-105.18345400037987,41.18646599969107],[-105.18367699996263,41.18659400000479],[-105.18390899976622,41.18672799994896],[-105.18672599971622,41.18850099974694],[-105.1875130002619,41.188991000113916],[-105.18814900029655,41.18940999971136],[-105.1885540003525,41.18971400032224],[-105.18871199963795,41.189866000098384],[-105.18887499984456,41.19002299995919],[-105.18916799974753,41.190375000194884],[-105.18936500028933,41.190663000086246],[-105.18957399962837,41.19104799980012],[-105.18976000029953,41.191547999999656],[-105.18989599984364,41.19196799992024],[-105.19007699959361,41.19236999973467],[-105.19029099985386,41.192756000001246],[-105.19062999978757,41.19321299983495],[-105.19082499978126,41.193406999898755],[-105.19104599971418,41.193627999727404],[-105.19122099961638,41.19380199999739],[-105.1916370004413,41.194105999817594],[-105.19217100036867,41.19444000018494],[-105.19277300006812,41.19472600027842],[-105.19344699973759,41.19495800024942],[-105.19413200017604,41.19512200026894],[-105.19482299956393,41.19523499976715],[-105.19551899987302,41.195272000182555],[-105.19611999974757,41.19527500006918],[-105.19677199967572,41.19518799992177],[-105.1968339996,41.19517700009689],[-105.1973130001741,41.195092999714205],[-105.19791400004866,41.19493399968453],[-105.19842799988453,41.19474300000124],[-105.19889200039003,41.19452499980196],[-105.19907599961475,41.19442700005881],[-105.19963100035685,41.19413599988788],[-105.19981700012966,41.194039999749826],[-105.20106999993236,41.193363000067116],[-105.20153000023991,41.193118000141055],[-105.20363599981222,41.19199900008117],[-105.20639800040895,41.19051400023725],[-105.2066839997409,41.190375000194884],[-105.20692700031347,41.19025900030321],[-105.20736900017936,41.190066000191244],[-105.20785399970293,41.18987600032034],[-105.20849399993551,41.1896639997495],[-105.2089309997785,41.18954600030146],[-105.20907300006874,41.189510999679506],[-105.20947099955369,41.18941500019539],[-105.21004200018932,41.18930799975942],[-105.21061799994948,41.189215000141935],[-105.21084100043058,41.189195000170606],[-105.21143899993204,41.1891430002165],[-105.21261700028998,41.189104999885956],[-105.21615399994022,41.188991000113916],[-105.21662099992045,41.18897699974874],[-105.21733399994798,41.18896200022329],[-105.2176319998738,41.188955999871304],[-105.21835999996996,41.188963999889815],[-105.21902699996672,41.188984999764635],[-105.21996699977498,41.18904800002472],[-105.22004899979073,41.18905600003198],[-105.22094299956822,41.18914599970797],[-105.22177199994672,41.18925100007496],[-105.2225660001651,41.18938700031931],[-105.22352199986689,41.18957599975737],[-105.22463999995036,41.18985299973994],[-105.2260719998532,41.19024699983651],[-105.2279590000407,41.190774000234285],[-105.22800300042162,41.19078400031756],[-105.22852599958007,41.190910000019024],[-105.22922299971405,41.1910390002347],[-105.2299519996351,41.19112100013493],[-105.23068999977698,41.19115800017165],[-105.2312329999252,41.19114599986968],[-105.23160700001901,41.19113199996532],[-105.23175299960889,41.19111700025757],[-105.23213699974843,41.19108000019763],[-105.23390000008739,41.19084899980755],[-105.2349219999114,41.19072099969988],[-105.2353649996022,41.190666999991336],[-105.23597999972044,41.190602000320645],[-105.23662300032606,41.19054700002888],[-105.23716999977393,41.19051500004682],[-105.23747899957041,41.19049700009225],[-105.23844699986608,41.19046800019266],[-105.23931700025244,41.19047699983651],[-105.24005200002127,41.19049700009225],[-105.24074800033037,41.19053699990942],[-105.24093699957794,41.19054900032301],[-105.24193599983573,41.19065399979195],[-105.24223700013461,41.19069000028571],[-105.24233900024187,41.19070299980194],[-105.24313699975988,41.19082499976415],[-105.24315299965342,41.19082799985458],[-105.24343700023385,41.190875999930306],[-105.24380299993175,41.19093700011663],[-105.24432599998848,41.19102600010923],[-105.24490099992374,41.191125999812215],[-105.24526699962165,41.19118999983942],[-105.24606599986289,41.19132699990918],[-105.24753600029887,41.19158000015282],[-105.24807100005117,41.19165999979126],[-105.24847100008427,41.19170300030015],[-105.24851000044231,41.191707999933],[-105.24885900042177,41.191740000007954],[-105.24928000037127,41.19176900002011],[-105.25002699983567,41.191772999857626],[-105.25034999987585,41.1917590000873],[-105.2506999996802,41.19174399984725],[-105.25140500021014,41.191679999685604],[-105.25200100006181,41.19159600022351],[-105.25260600013428,41.191485000117176],[-105.25329300022256,41.19132200024718],[-105.25351499998041,41.1912560000766],[-105.25394699980055,41.19112800008865],[-105.25453900035255,41.19094199980802],[-105.25511400028782,41.1907649999552],[-105.25540399981774,41.190708999993824],[-105.25565999991078,41.19065999998826],[-105.25632000023485,41.190565999778435],[-105.25708199976786,41.190518999960894],[-105.25768199981748,41.190518000151386],[-105.25808100002564,41.19054700002888],[-105.25827799966916,41.19056199986718],[-105.25897200032843,41.190655000275385],[-105.25934200022427,41.19071500018511],[-105.26030499959874,41.19087299984209],[-105.26045500028488,41.19089099969329],[-105.26082799965548,41.190938999722825],[-105.26088200008213,41.19094599969602],[-105.26148200013178,41.19098200002927],[-105.26229399989349,41.19099200008076],[-105.26301500031694,41.19096999969504],[-105.26371300027586,41.19090799973593],[-105.26393000001083,41.190875999930306],[-105.26453199971029,41.19078900002058],[-105.26518500036168,41.190656999890194],[-105.265715999916,41.1905169996659],[-105.26678399977078,41.190223000248466],[-105.2675610002707,41.190034999790974],[-105.2681799996886,41.18991400020344],[-105.26876100036996,41.18982199991485],[-105.26937399994006,41.189753999941765],[-105.27009500036351,41.189719000107026],[-105.27067699997147,41.18971699978755],[-105.27143000018197,41.18974399970117],[-105.2721509997071,41.18980900022369],[-105.27312300020073,41.18992399974204],[-105.27621100031239,41.190292000223366],[-105.27693900040852,41.190375000194884],[-105.27913000036963,41.19062999967707],[-105.27986099994052,41.190716999798084],[-105.27986299959035,41.190464000275405],[-105.27986400031358,41.18979999981199],[-105.27986400031358,41.18970400007554],[-105.27986500013849,41.18662699974408]]]},"properties":{"GEOID":"560210019021","BASENAME":"1","STATE":"56","COUNTY":"021","TRACT":"001902","BLKGRP":"1","NAME":"1"}},{"type":"Feature","geometry":{"type":"Polygon","coordinates":[[[-104.76824300030589,41.16590400029404],[-104.76824499995573,41.16554000013409],[-104.76777200012769,41.1655339996649],[-104.76755299984457,41.165531999959235],[-104.7664260004386,41.16552300026858],[-104.76635299974532,41.16552200007745],[-104.76588099974222,41.165517999989056],[-104.76540799991422,41.165512999709094],[-104.76530599980697,41.165511000002795],[-104.76414900026374,41.16549999992633],[-104.76398900043017,41.16549899973485],[-104.76351700042707,41.16549500032133],[-104.76343399968809,41.16549400012977],[-104.76272800023155,41.16548599994926],[-104.76234599974183,41.16548199985867],[-104.76120199971908,41.16546900006975],[-104.76086100013553,41.16546200007826],[-104.76077200044706,41.165459999694164],[-104.76050700013322,41.165453999893884],[-104.76041900026965,41.16545200018579],[-104.76022799957563,41.165450999993574],[-104.75965699983831,41.165448000093114],[-104.75946699986753,41.165448000093114],[-104.75946600004262,41.16530299978101],[-104.75946600004262,41.1648710002279],[-104.75946600004262,41.164727000194866],[-104.75946699986753,41.164540999993754],[-104.75947199989041,41.163986999786346],[-104.75947400043853,41.16380199973109],[-104.75925500015542,41.163798000213994],[-104.75924199973663,41.16379599977906],[-104.75898800019172,41.16375700007736],[-104.75866699980138,41.163687999872],[-104.75856200021937,41.16365200008884],[-104.75834200011136,41.16357900024246],[-104.75807000012479,41.16345700024354],[-104.7572540001651,41.163093000016744],[-104.75698300000344,41.16297200001939],[-104.75681800014702,41.16289400028831],[-104.75632299967937,41.16265999986178],[-104.75615899964785,41.16258299999536],[-104.75606699958634,41.16269799998209],[-104.75605800026382,41.162850000243004],[-104.75603700034742,41.162982999843905],[-104.75599899981427,41.163056999906715],[-104.75598899976853,41.163079000201726],[-104.75589599988211,41.163163999950285],[-104.75577700005643,41.163219999796006],[-104.75565499985768,41.1632469998132],[-104.75451000001003,41.1632310002552],[-104.75399399962599,41.16322500025088],[-104.75380399965519,41.163222000248524],[-104.75323700011585,41.16321600024333],[-104.75304799996997,41.163213999790635],[-104.75285899982407,41.16321300024055],[-104.75229300010965,41.16321200001417],[-104.75210499978866,41.16321200001417],[-104.75210999981154,41.16255299967161],[-104.75212900007811,41.160577999995205],[-104.75213599975079,41.15991999981922],[-104.75202600014595,41.1599190002189],[-104.75174699958836,41.1599160000652],[-104.75169899990779,41.1599160000652],[-104.75159000012785,41.1599149997885],[-104.75139599995909,41.1599120003109],[-104.75081699982587,41.15990400012531],[-104.75074300020601,41.15990299984841],[-104.75062400038033,41.15990099997092],[-104.75061000013662,41.15990099997092],[-104.75059599989292,41.15990099997092],[-104.75056900012875,41.15990099997092],[-104.75055599970996,41.15990099997092],[-104.75047399969418,41.15989999969399],[-104.75023000019503,41.15989999969399],[-104.75014900000419,41.15989999969399],[-104.75004799972184,41.1598970002157],[-104.7497480001462,41.15989000030539],[-104.74964799968876,41.15988799975116],[-104.74957099969586,41.15988700015036],[-104.74933999971718,41.1598839999952],[-104.74926400044751,41.159882999718],[-104.74925000020382,41.15988200011707],[-104.74921099984576,41.15988200011707],[-104.74919800032526,41.15988200011707],[-104.74908199997432,41.15988099983984],[-104.74873700019283,41.159877999684404],[-104.74862199966678,41.15987700008345],[-104.748431999696,41.159875000205155],[-104.7478629996085,41.159870000171004],[-104.74767400036093,41.15986899989359],[-104.74752500039801,41.15986700001501],[-104.74708099998401,41.15986399985893],[-104.74693299984601,41.159863000257765],[-104.74688699981523,41.15986199998024],[-104.74674899972298,41.159860999702715],[-104.74670400041546,41.159860999702715],[-104.74599100038793,41.159853000187184],[-104.74573000027202,41.15985000003047],[-104.74568099986821,41.159848999752754],[-104.74557100026337,41.15984699987361],[-104.74539499963794,41.159843999716614],[-104.74482200025082,41.159834999921074],[-104.74443700028635,41.159828000004154],[-104.74393699979584,41.15982699972609],[-104.74335299963975,41.15982699972609],[-104.74303200014769,41.15982699972609],[-104.74292300036775,41.15982600012436],[-104.7421819998528,41.15982299996641],[-104.74192400010996,41.15982400024452],[-104.74115099980797,41.15982600012436],[-104.74089399989002,41.159828000004154],[-104.74013200035701,41.15982699972609],[-104.7391819996047,41.15982600012436],[-104.73404700037028,41.159821999688276],[-104.73233599990985,41.15982100008642],[-104.73233599990985,41.160009000031984],[-104.73233699973477,41.16042900000564],[-104.73233500008496,41.16057300001469],[-104.73233300043512,41.160760999832085],[-104.73232800041227,41.16113099968197],[-104.7323119996204,41.161647000331385],[-104.73229800027502,41.162152999903675],[-104.73229300025216,41.162385999872605],[-104.73226099956679,41.16403000020693],[-104.73225600044223,41.16430700003806],[-104.7322399996504,41.16519400013268],[-104.73223700017567,41.165591999894296],[-104.73222700012991,41.166789000068086],[-104.73222499958177,41.16718799977521],[-104.73221600025927,41.16792699972179],[-104.73219399961964,41.16982400012095],[-104.73219399961964,41.17014499971327],[-104.73219500034287,41.17088500022834],[-104.73218500029711,41.17157799993501],[-104.73216100000768,41.17334100009383],[-104.73216000018276,41.17365999990109],[-104.73215900035787,41.17435400006164],[-104.73215699980972,41.17453900007632],[-104.73215599998483,41.174658000248186],[-104.73215299961174,41.17509599978011],[-104.73215299961174,41.17528199976987],[-104.73214900031209,41.17582600015498],[-104.73213900026637,41.17746099992353],[-104.73213599989332,41.178005999792305],[-104.73213099987046,41.178757999954314],[-104.7321219996496,41.180561000073126],[-104.73211900017489,41.181015999929876],[-104.73211599980183,41.18176899995647],[-104.73211499997693,41.18178499972032],[-104.73211499997693,41.181835000224915],[-104.73211499997693,41.1818519999145],[-104.73211499997693,41.18186699971652],[-104.73211499997693,41.181914000335844],[-104.73211499997693,41.18193000006427],[-104.73059799968527,41.182994999862494],[-104.73037500010251,41.18316899999657],[-104.7279249996753,41.18509900033533],[-104.7254530004051,41.187044999734226],[-104.72534200007702,41.187136000007534],[-104.72510100005259,41.18733399993493],[-104.72474600022537,41.18768400004914],[-104.72453799981291,41.18787599989658],[-104.7242149997727,41.18846999995774],[-104.72403999987053,41.18879199995322],[-104.7240170003043,41.19032599993935],[-104.7240020002357,41.19211800030109],[-104.72399800003774,41.192521000325364],[-104.72399700021282,41.192786999789085],[-104.7239600004029,41.194657000244966],[-104.7239670000756,41.19480300022013],[-104.72393199991548,41.197292999671305],[-104.72391799967178,41.19826999989055],[-104.72391799967178,41.19833500005881],[-104.72391699984688,41.198400000162515],[-104.72391299964892,41.19863199995437],[-104.72390199977826,41.199445999869226],[-104.72392199986975,41.19969499979742],[-104.72400499971043,41.1999129996761],[-104.72412500025933,41.20009199980565],[-104.72486400022613,41.20085599967642],[-104.72558999977414,41.20161400022337],[-104.72569799972916,41.2017020002549],[-104.72589400044606,41.20184400016377],[-104.72615100036401,41.201998999741136],[-104.72646799965811,41.202134999861535],[-104.72685099997275,41.202255999840396],[-104.72687500026218,41.202261000019035],[-104.72724599998296,41.20234199975083],[-104.7275299996651,41.20237099979733],[-104.72914300021623,41.202383999697474],[-104.72946799990622,41.20239999983094],[-104.72964700000637,41.20244499997421],[-104.72984299982495,41.202533999866105],[-104.72998400029027,41.202647000085975],[-104.73009999974289,41.20279200018995],[-104.73015800036752,41.20294400001468],[-104.73017199971292,41.203140999826886],[-104.73018199975867,41.20323700013459],[-104.73023600018533,41.203305999909695],[-104.73033999994242,41.20334999981647],[-104.7304019998667,41.20335100010586],[-104.73093999999203,41.20336700000291],[-104.7314799997672,41.20335400029805],[-104.73156500015601,41.20335300000869],[-104.73166600043835,41.20330900010395],[-104.73169900005031,41.203249999862706],[-104.73169800022539,41.20315299995753],[-104.73212699967249,41.20315499986646],[-104.73535500042455,41.203175000303965],[-104.7360640002541,41.203179999736555],[-104.7463289995984,41.20324400014444],[-104.74998699962246,41.20326799968992],[-104.75116699963023,41.20328600018808],[-104.75129300002693,41.203288999707354],[-104.75336000013948,41.20330200010101],[-104.75470900020164,41.20331100000812],[-104.75589000003433,41.20331999991392],[-104.75825099987476,41.20335800010351],[-104.75858300013579,41.20336399981132],[-104.76094700034926,41.20340300026392],[-104.7639209997598,41.20341000025605],[-104.76533699976909,41.20341200015713],[-104.76769900033277,41.20341799985994],[-104.76772799974677,41.20340399987663],[-104.76781599961032,41.203363000197996],[-104.76784599974754,41.20334999981647],[-104.76787300041005,41.20109600011278],[-104.76789699980118,41.199179999751806],[-104.76795500042581,41.19433400027726],[-104.76798300001491,41.19208100013092],[-104.76798800003776,41.19147800020161],[-104.76800599958112,41.18967000003656],[-104.7680120003272,41.18906800004101],[-104.76802200037297,41.188305000331056],[-104.76805400015999,41.186015999908186],[-104.76806300038083,41.185445999890234],[-104.76806500003065,41.18525399967795],[-104.76806500003065,41.185195000063025],[-104.76806699968049,41.185019000116704],[-104.76806800040372,41.18496100018443],[-104.76807400025149,41.18433900005895],[-104.76809400034298,41.18247699979606],[-104.76810100001566,41.181855999681744],[-104.76810100001566,41.18182200030026],[-104.7681040003887,41.18146800016297],[-104.76811600008429,41.18030599991542],[-104.76812000028225,41.17991899997463],[-104.76812399958189,41.179559999808966],[-104.76813899965052,41.17848299967546],[-104.76814399967337,41.178124999751034],[-104.7681599995669,41.17663500022546],[-104.76816799996281,41.176230999762645],[-104.76817999965839,41.17458699992164],[-104.76817999965839,41.174532999755094],[-104.76818300003144,41.17435600017425],[-104.76819499972702,41.17366600030229],[-104.76819499972702,41.173656000309514],[-104.7681959995519,41.17360200005166],[-104.7681959995519,41.17354899981796],[-104.76819700027515,41.17348999980074],[-104.76819700027515,41.17343299987118],[-104.76820300012292,41.172928000250984],[-104.76820499977273,41.17275999976481],[-104.76820800014579,41.17240100025627],[-104.76822099966627,41.17132699970142],[-104.76822499986423,41.170969999994504],[-104.76822499986423,41.170822000075916],[-104.76822499986423,41.1703779996667],[-104.76822599968915,41.17023099988254],[-104.76822800023729,41.16985200024699],[-104.76822800023729,41.169840000097835],[-104.768230999712,41.169525999921646],[-104.76823200043523,41.16938900022394],[-104.76823400008507,41.16914600012946],[-104.76823599973487,41.168974999672976],[-104.76824099975775,41.168337000216056],[-104.76823999993285,41.16815799982263],[-104.76823599973487,41.16751400023732],[-104.76823599973487,41.16744399976867],[-104.76823499990996,41.16742699972088],[-104.76823499990996,41.16737600022719],[-104.76823499990996,41.167360000324855],[-104.76823599973487,41.16699600013805],[-104.76824300030589,41.16590400029404]]]},"properties":{"GEOID":"560210015012","BASENAME":"2","STATE":"56","COUNTY":"021","TRACT":"001501","BLKGRP":"2","NAME":"2"}},{"type":"Feature","geometry":{"type":"Polygon","coordinates":[[[-104.81124099972082,41.12213699983412],[-104.8114709998746,41.122048000319616],[-104.81119600041329,41.12162000001077],[-104.81100399989435,41.12138800016934],[-104.81082800016726,41.12119900027573],[-104.81072400041019,41.12122199991949],[-104.81070599996852,41.12121900002524],[-104.81054199993699,41.12092199966662],[-104.81022300009478,41.12042899987059],[-104.81018499956163,41.12037000008476],[-104.81001499968231,41.12005100010628],[-104.80999499959084,41.120013999838704],[-104.80981300001595,41.11960400028788],[-104.80969900021314,41.11922700005329],[-104.80960999962636,41.11885800014102],[-104.80960499960348,41.11882899966201],[-104.80956000029596,41.11855799991042],[-104.80954600005226,41.11840299980668],[-104.80944200029518,41.11841699968701],[-104.80913199977547,41.118463000239515],[-104.8090289998433,41.11847899989455],[-104.80700100008882,41.11877800025871],[-104.80504799977906,41.119072000175954],[-104.80489799999121,41.11909300011966],[-104.80488000044788,41.11909499988834],[-104.8029380000088,41.11939700013096],[-104.80229600012639,41.119495999993234],[-104.80160900003811,41.11960300007293],[-104.80120399998218,41.11965499972611],[-104.8008399999341,41.119702999837926],[-104.80079399990333,41.11970899976485],[-104.80074899969749,41.11971499969124],[-104.80042200035767,41.11975699983718],[-104.79985099972204,41.11982800000666],[-104.79966199957616,41.119857000044284],[-104.79842700021513,41.12003900031444],[-104.79813500013707,41.120082999991666],[-104.79740000036826,41.120185000114276],[-104.79598699983366,41.12038799968095],[-104.79472099961217,41.12057800008002],[-104.79348700007604,41.12076399981676],[-104.79196700030967,41.1209749998223],[-104.79087500016544,41.12113200032597],[-104.79026300042027,41.12122099972915],[-104.78467499965268,41.122040000250905],[-104.78304799975618,41.12227700001224],[-104.78043900021862,41.12265899981037],[-104.7792270004238,41.122836000279236],[-104.77559399961581,41.12336600001729],[-104.77438400036912,41.123544000087634],[-104.77360400039444,41.12365000018145],[-104.7734060000277,41.12367799973076],[-104.77236599976206,41.12380900000118],[-104.77150899979448,41.12390400005437],[-104.77126199992226,41.123927000103514],[-104.77065900039791,41.12398499992696],[-104.7706369997583,41.12398700022328],[-104.77047899957455,41.12399899996998],[-104.76990899966214,41.12404200022851],[-104.76866199970722,41.12412100031525],[-104.7679190004408,41.12414700004893],[-104.76701700026737,41.124164999962574],[-104.76704400003156,41.12505400008186],[-104.76708500003943,41.12594899969415],[-104.76705699955204,41.12660400012348],[-104.76698799995505,41.12701299982461],[-104.76687499997716,41.12742499997032],[-104.76678999958834,41.127666000275404],[-104.76674100008287,41.127807000251195],[-104.76651400030212,41.12835499988097],[-104.76647099974612,41.1284590001633],[-104.76634199987467,41.12877100002111],[-104.76629900021697,41.128875000320654],[-104.76670000007498,41.128894999760824],[-104.76682899994638,41.12890200027388],[-104.76790199982405,41.12895800029184],[-104.76830400040527,41.12897899977872],[-104.76953899976628,41.12904900004985],[-104.77095700032375,41.12913000033803],[-104.77137200042543,41.12915199983934],[-104.77324799984397,41.129253000007985],[-104.77347200014997,41.129266000212695],[-104.77448399992824,41.12932299998679],[-104.77626700035867,41.12943900019317],[-104.77956899983225,41.12961499990471],[-104.7810650002075,41.129698999677466],[-104.78302400036506,41.129809000216135],[-104.78412900002974,41.12986600019514],[-104.78482699998865,41.12989399979868],[-104.78539699990104,41.12994500003664],[-104.78591199956185,41.12999999978448],[-104.78658199993166,41.13008299968575],[-104.78850900030216,41.13039700004156],[-104.789392000209,41.130605000057436],[-104.7899550004487,41.130749999987486],[-104.79030400042814,41.13085199976962],[-104.7906390001639,41.130951999985854],[-104.79174300000369,41.13128300019614],[-104.7930960002638,41.13176399996782],[-104.79388200008626,41.13204400022115],[-104.7950110000404,41.132439000250095],[-104.7951800000948,41.132132999710684],[-104.79579500021303,41.132170999934885],[-104.7959890003818,41.13199699968942],[-104.79604100026033,41.131944000316224],[-104.79667399992194,41.131309999835004],[-104.79685899986984,41.131076999703424],[-104.79694900028154,41.130895000273696],[-104.79698699991637,41.13071899993607],[-104.79699699996212,41.13062599969386],[-104.79700700000785,41.130542999802906],[-104.79697000019792,41.13036100024511],[-104.79687999978626,41.13015400018642],[-104.7968489998241,41.130101000001034],[-104.79686700026576,41.130069000264115],[-104.79685499967188,41.13006199987552],[-104.79682600025788,41.130036999834964],[-104.79681000036436,41.130034999723065],[-104.79680100014352,41.130020000234964],[-104.79676900035646,41.12996599988431],[-104.79667599957173,41.12980600003783],[-104.7966449996096,41.129753000247916],[-104.79686700026576,41.129669999929185],[-104.79753300043762,41.129424999957486],[-104.7977560000204,41.1293440000335],[-104.79797899960315,41.12925999980625],[-104.79864800014806,41.12900899990406],[-104.79887199955574,41.128925999997406],[-104.79909900023478,41.128841999911664],[-104.79978100030016,41.12859399999758],[-104.8000089999058,41.128512000321834],[-104.79989299955484,41.12833400019438],[-104.79954600012351,41.12780000029792],[-104.79943099959749,41.127622000268865],[-104.7993129995967,41.12744200024267],[-104.7989610001425,41.12690199990795],[-104.79884399996665,41.12672300004304],[-104.79906999992245,41.12664100005905],[-104.79975000033802,41.1263989999379],[-104.79997700011874,41.126318999774256],[-104.80020200024964,41.126234999734294],[-104.80087900029214,41.12598700011673],[-104.80110500024796,41.12590499988967],[-104.801325000356,41.12582099999643],[-104.8019880001548,41.12557099991954],[-104.80220900008776,41.12548799972401],[-104.80232299989056,41.12566700025118],[-104.80266600002224,41.1262040002563],[-104.80278099964995,41.12638300018364],[-104.80289700000093,41.126557999863586],[-104.80324699980527,41.12708400026412],[-104.80336399998114,41.12726000020282],[-104.80358599973898,41.12717800021322],[-104.80425299973577,41.126932999732865],[-104.80447600021685,41.12685200011579],[-104.80469999962452,41.12676699997569],[-104.80537500001722,41.126512999681154],[-104.80560000014812,41.12642899988953],[-104.80582299973088,41.1263499998746],[-104.80649499975051,41.12611299993588],[-104.8067190000565,41.12603500033417],[-104.8069440001874,41.12594700013432],[-104.80762100022991,41.125684000302314],[-104.80784700018572,41.12559699975536],[-104.80795400031585,41.125547000322186],[-104.80827700035603,41.125399000017346],[-104.80838500031108,41.125349999883994],[-104.80815599998222,41.12500099983689],[-104.807472000267,41.1239540000627],[-104.80724399976306,41.123606000188815],[-104.80730999988529,41.12358000024084],[-104.80735400026623,41.123562000166686],[-104.80737500018262,41.12355499976061],[-104.80758799971963,41.12347599966916],[-104.80768999982689,41.123437999822556],[-104.80780199997987,41.12339800031645],[-104.80802799993569,41.12331500007923],[-104.80870599980312,41.1230660000912],[-104.80893199975894,41.12298300011081],[-104.80915400041509,41.12290100019013],[-104.80981999968864,41.122658000318694],[-104.81004300016971,41.12257700016158],[-104.81021100039922,41.12251499976496],[-104.81071400036444,41.12233099992374],[-104.81088300041885,41.122270000145754],[-104.81095399966564,41.12224300017044],[-104.81114500035967,41.12217400025823],[-104.8111689997508,41.122163999853],[-104.81124099972082,41.12213699983412]]]},"properties":{"GEOID":"560210002001","BASENAME":"1","STATE":"56","COUNTY":"021","TRACT":"000200","BLKGRP":"1","NAME":"1"}},{"type":"Feature","geometry":{"type":"Polygon","coordinates":[[[-104.83058799982524,41.139148999901806],[-104.83047099964938,41.13896899970352],[-104.83012199966991,41.13842900020388],[-104.83000600021728,41.13824999999003],[-104.82989099969123,41.13807399976456],[-104.82954599990974,41.137546000313925],[-104.829431000282,41.137371000173275],[-104.82931499993106,41.137190999831454],[-104.82897000014957,41.13665299981178],[-104.82885499962352,41.136474000163695],[-104.82862899966771,41.13655899990632],[-104.8279519996252,41.13681499977901],[-104.8277270003926,41.136900999707585],[-104.8275020002617,41.136983999673355],[-104.82683100006697,41.13723400023988],[-104.826606999761,41.13731799972929],[-104.82638500000313,41.13740099984397],[-104.82572300002924,41.13765100017423],[-104.8255020000963,41.13773499980613],[-104.82527899961524,41.13781700013237],[-104.82460999996863,41.13806600029666],[-104.82438800021077,41.13814900014133],[-104.82416100043005,41.13823000001897],[-104.82348299966432,41.138477000113944],[-104.82325800043172,41.13855900018907],[-104.82303199957761,41.13864399993598],[-104.82235700008324,41.13890300022865],[-104.82213199995233,41.13898900012579],[-104.82190900036956,41.13907200015558],[-104.82124099964956,41.139322000205716],[-104.82101899989172,41.13940599972721],[-104.82079499958573,41.13948899990584],[-104.82012500011422,41.13974100021215],[-104.81990199963316,41.139824999873625],[-104.81967900005039,41.139909000104005],[-104.8190120000536,41.140164999755946],[-104.81879000029576,41.1402510000279],[-104.81856299961673,41.1403310001167],[-104.81788099955135,41.14057300026489],[-104.81765499959555,41.14065399985503],[-104.81743000036293,41.14073699980738],[-104.81675599979516,41.14098700027618],[-104.8165320003875,41.14107099969485],[-104.8163060004317,41.14115100013648],[-104.81563100003899,41.1413939998478],[-104.8154059999081,41.141476000335096],[-104.81552100043413,41.14165300010517],[-104.81586799986545,41.142183999931724],[-104.8159840002164,41.14236099982053],[-104.81610200021717,41.14254000031531],[-104.81645799986934,41.1430789999355],[-104.81657699969502,41.1432589996779],[-104.81669200022105,41.14343799975111],[-104.81703799982746,41.14397600026505],[-104.81715400017842,41.1441560002513],[-104.81772800028877,41.145040000273184],[-104.81814099984234,41.14567099983568],[-104.81818400039835,41.1457470001355],[-104.81822799988097,41.14582199985547],[-104.81831099972163,41.14596499967017],[-104.81834500005684,41.14596499967017],[-104.81962600034694,41.14597099990158],[-104.81962700017185,41.145850999904596],[-104.81960500043054,41.14577499972531],[-104.81944300004884,41.14549800004412],[-104.82054400041389,41.1450880000802],[-104.8199689995803,41.14420099983245],[-104.82019299988629,41.144118000205175],[-104.82086900010388,41.14387099970666],[-104.82109400023478,41.143789000184505],[-104.82131599999265,41.143703999664076],[-104.82198499963924,41.14345099985077],[-104.82220800012031,41.143367999950705],[-104.82243499990102,41.14328300023764],[-104.8231160001415,41.143030000153104],[-104.82334399974714,41.142945999861055],[-104.82445900035589,41.14252899976613],[-104.82559199960966,41.14210499994568],[-104.8257139998084,41.14206100015195],[-104.82540199963887,41.14195800033489],[-104.824158000057,41.1415489997669],[-104.8243260002865,41.14148599982652],[-104.82483000007666,41.14129900008733],[-104.82499900013106,41.14123699979201],[-104.82521900023909,41.14115399979595],[-104.82588000038807,41.14090599974425],[-104.82610100032102,41.14082399989733],[-104.82632499972867,41.1407379997002],[-104.82700000012137,41.140478999888494],[-104.82722500025227,41.14039399981356],[-104.82744899965994,41.140309000305],[-104.82812400005265,41.14005499966852],[-104.82835000000846,41.13997100030167],[-104.82857400031443,41.13988800005646],[-104.82924899980883,41.139639999953324],[-104.82947399993971,41.139557999876594],[-104.82969599969755,41.139475999697346],[-104.83036500024248,41.13922999989755],[-104.83058799982524,41.139148999901806]]]},"properties":{"GEOID":"560210010004","BASENAME":"4","STATE":"56","COUNTY":"021","TRACT":"001000","BLKGRP":"4","NAME":"4"}},{"type":"Feature","geometry":{"type":"Polygon","coordinates":[[[-104.83469699993601,41.160412000166865],[-104.83456300004168,41.16019299970117],[-104.83416399983354,41.159537999889],[-104.83403099976414,41.159320000170304],[-104.83386300043296,41.159078000222856],[-104.83336200011755,41.15835499997894],[-104.8331960004362,41.15811400015439],[-104.83287900024379,41.15762699967058],[-104.83193100003962,41.15616699983913],[-104.83161600039534,41.155681000110825],[-104.83158600025811,41.155533000154186],[-104.83154000022738,41.15540700002831],[-104.831479000128,41.15528699971549],[-104.8306270001833,41.153978999712024],[-104.83027400000589,41.15349200029676],[-104.83019899966281,41.153387999795875],[-104.83004200020228,41.153226000182855],[-104.82997500025513,41.15310800002065],[-104.82997199988209,41.15309499980638],[-104.8299169996305,41.15306299978823],[-104.82946200024415,41.152357000064086],[-104.82885299997369,41.15144700020461],[-104.82881600016378,41.15139400031341],[-104.82870800020875,41.151234999706226],[-104.82867300004864,41.15118200032002],[-104.8285929996827,41.15105500021259],[-104.82835599985623,41.15067399976705],[-104.82827700021352,41.15054799977166],[-104.82815400018987,41.15036300033817],[-104.82778799959367,41.14980999976745],[-104.82766600029323,41.1496260000381],[-104.8274660002767,41.14962699979539],[-104.8268689997018,41.1496340001253],[-104.8266710002334,41.14963600031605],[-104.82640500009462,41.149634999882466],[-104.82560900022642,41.1496340001253],[-104.82534399991253,41.1496340001253],[-104.82506299970515,41.1496319999345],[-104.8242199999813,41.14962800022909],[-104.8239399995988,41.14962699979539],[-104.82365199971872,41.14962399984705],[-104.82278899990337,41.14961500000117],[-104.82250199984817,41.14961299980978],[-104.82222499983874,41.149609999860765],[-104.82139399981045,41.149601000012964],[-104.82111799962593,41.14959800006344],[-104.82083700031684,41.14959700030572],[-104.8199960002428,41.149593999679524],[-104.8197159998603,41.14959299992174],[-104.81944200022393,41.1495879997797],[-104.81862000041646,41.14957500022024],[-104.81834599988176,41.149570999834964],[-104.81844999963882,41.14973600030599],[-104.81852699963173,41.14985899989502],[-104.81856500016487,41.1499299999597],[-104.81859799977683,41.150038000215574],[-104.81860500034783,41.15016699976191],[-104.81860500034783,41.150287999724384],[-104.81860600017275,41.15048399993896],[-104.81860600017275,41.15066599980676],[-104.81860600017275,41.151213000170394],[-104.81860699999767,41.151395999774046],[-104.81860399962461,41.1515779998158],[-104.81860000032496,41.15192400000328],[-104.81862200006626,41.15212400029149],[-104.81864999965536,41.1522080003253],[-104.81868999983833,41.15229399968473],[-104.81873400021927,41.152352999848546],[-104.81875900033364,41.15237699978533],[-104.8188000003415,41.15241800027708],[-104.81890900012145,41.15251399987641],[-104.81900700003074,41.15258800026077],[-104.81909400006938,41.15265400016742],[-104.81921799991794,41.1527489997115],[-104.81959200001175,41.15303400022331],[-104.81971699968521,41.15312899989308],[-104.81978700000543,41.15315800009238],[-104.81987099967101,41.15317699986615],[-104.81998500037213,41.15318500019644],[-104.82081600040044,41.15319000006416],[-104.82109400023478,41.15319200014641],[-104.82136700004627,41.15319000006416],[-104.82218899985372,41.15318799998183],[-104.82246400021334,41.15318799998183],[-104.82255799992468,41.15451599995646],[-104.8226869997961,41.15493899966275],[-104.82276999963679,41.1551230000374],[-104.82289299966044,41.155394999939276],[-104.82300099961547,41.15567500009164],[-104.82312600018726,41.155872999757676],[-104.82319499978422,41.15598200002915],[-104.82342199956496,41.156251000103325],[-104.82365400026684,41.15649900028743],[-104.82393200010118,41.156730000092196],[-104.82705299982482,41.1590940001184],[-104.82732399998648,41.15929999986198],[-104.82766799994306,41.15957799967801],[-104.82790599959442,41.15981700032636],[-104.82811099963385,41.16006100012321],[-104.82826600034285,41.160267000209075],[-104.82840100006206,41.16051300021844],[-104.82855699969768,41.16048800028711],[-104.82873900017088,41.16049800026079],[-104.82889700035464,41.16053399974756],[-104.82902600022605,41.16058699968871],[-104.8290710004319,41.16060600001447],[-104.83056100006105,41.16175200015088],[-104.83099500042931,41.16208700009283],[-104.831070999699,41.16214499999164],[-104.83151599993792,41.161919999782654],[-104.83285499995434,41.16124699976776],[-104.83330100001817,41.16102300011712],[-104.83339200025478,41.1609770003236],[-104.83366500006625,41.160840999921795],[-104.83375700012776,41.16079600026378],[-104.8339439997255,41.160719000236206],[-104.83450899961504,41.16048800028711],[-104.83469699993601,41.160412000166865]]]},"properties":{"GEOID":"560210009002","BASENAME":"2","STATE":"56","COUNTY":"021","TRACT":"000900","BLKGRP":"2","NAME":"2"}},{"type":"Feature","geometry":{"type":"Polygon","coordinates":[[[-104.83409799971128,41.14645399981626],[-104.83410399955906,41.146089999867705],[-104.83397999971052,41.14608900005649],[-104.83360999981467,41.14608599994623],[-104.833486999791,41.14608500013495],[-104.83274299980134,41.146074999991875],[-104.83137500037093,41.14606199973591],[-104.8310990001864,41.14606000011262],[-104.83027499983078,41.146053999889354],[-104.8300000003695,41.14605200026581],[-104.82872199955412,41.146039000005295],[-104.82812999990043,41.146036999704826],[-104.82784600021829,41.14603299978011],[-104.82699599992343,41.146021000004566],[-104.82671300006619,41.146017000078935],[-104.82644100007963,41.146013000153005],[-104.82562500011996,41.14600099969738],[-104.8253539999583,41.145996999770475],[-104.8254309999512,41.14611899979831],[-104.8254739996089,41.14618599993881],[-104.82561500007421,41.14640899975181],[-104.8258340003573,41.14675399968211],[-104.82595499983283,41.14694400017256],[-104.826065000336,41.14712000027094],[-104.82639500004889,41.14764900022489],[-104.82650499965372,41.14782600024502],[-104.82653899998893,41.14788499969461],[-104.8266439995709,41.14806300021171],[-104.82667899973102,41.148122999904714],[-104.82676400011982,41.148248999825334],[-104.82702100003777,41.148627999936345],[-104.8271070002515,41.14875500000998],[-104.82721799968125,41.148928999770085],[-104.82755400014024,41.149450999662044],[-104.82766600029323,41.1496260000381],[-104.82778799959367,41.14980999976745],[-104.82815400018987,41.15036300033817],[-104.82827700021352,41.15054799977166],[-104.82835599985623,41.15067399976705],[-104.8285929996827,41.15105500021259],[-104.82867300004864,41.15118200032002],[-104.82870800020875,41.151234999706226],[-104.82881600016378,41.15139400031341],[-104.82885299997369,41.15144700020461],[-104.82946200024415,41.152357000064086],[-104.8299169996305,41.15306299978823],[-104.82997199988209,41.15309499980638],[-104.82997500025513,41.15310800002065],[-104.83004200020228,41.153226000182855],[-104.8312969996548,41.15324400023474],[-104.83267199965623,41.15323199974976],[-104.83294299981789,41.15323599991169],[-104.83375600030284,41.153247999719554],[-104.83402699956618,41.15325199988047],[-104.83402400009145,41.153151999842265],[-104.83401800024367,41.152852000165204],[-104.83401599969554,41.15275200019325],[-104.83401700041875,41.15249799972751],[-104.83402300026653,41.15174000011919],[-104.83402599974124,41.15148700019629],[-104.83403099976414,41.151167999989994],[-104.83404800038089,41.150212999701274],[-104.83405400022869,41.14989499981356],[-104.83406799957406,41.14879000008828],[-104.83407599996998,41.14791199994093],[-104.83408099999285,41.147547000179706],[-104.83409799971128,41.14645399981626]]]},"properties":{"GEOID":"560210009004","BASENAME":"4","STATE":"56","COUNTY":"021","TRACT":"000900","BLKGRP":"4","NAME":"4"}},{"type":"Feature","geometry":{"type":"Polygon","coordinates":[[[-104.83804000031579,41.08349500032909],[-104.83828100034022,41.083212999983424],[-104.83725299977009,41.0808209999556],[-104.83722000015815,41.08074500029414],[-104.83557399999506,41.076918000324476],[-104.83409799971128,41.07348500000568],[-104.83244200040077,41.06963499985278],[-104.83199100031408,41.06858700003952],[-104.82764000035397,41.058469000319164],[-104.82732800018444,41.058112999818604],[-104.82685199998338,41.05757000025903],[-104.82457300015871,41.0549650001831],[-104.82384900026054,41.05413699970922],[-104.82281800021568,41.05295599998012],[-104.82276600033715,41.05296199990788],[-104.82181200028519,41.053088000296114],[-104.81895099995423,41.053469000292466],[-104.8179979997272,41.05359600025249],[-104.81735099982193,41.0536820001342],[-104.81541299958079,41.05394300004001],[-104.81476700039873,41.054030000004325],[-104.81090799963489,41.05454800000271],[-104.81023899998829,41.05463800007039],[-104.80996600017683,41.054674000062995],[-104.80520900033585,41.055317000074616],[-104.80048699975667,41.05594799991122],[-104.79965499990345,41.05605499988341],[-104.79958499958326,41.05606399968952],[-104.7981860001907,41.05625700005283],[-104.7968830001593,41.0564239997312],[-104.79624899977448,41.056506000018416],[-104.79598099998589,41.05652999978574],[-104.79647899992825,41.05733600009595],[-104.79652800033206,41.05741000011013],[-104.79680399961826,41.05782399967917],[-104.79689200038011,41.057967000209196],[-104.79727200032173,41.058584999716004],[-104.79751099979799,41.05898900015258],[-104.79770400014186,41.0593690000623],[-104.79801999961103,41.0600790002315],[-104.79804300007557,41.0601209999079],[-104.79805800014418,41.06016499976595],[-104.7982210003508,41.06053299982739],[-104.79840600029873,41.0610879997162],[-104.7985319997971,41.06146400003073],[-104.79867699956206,41.062004999802944],[-104.79879299991302,41.06253899972858],[-104.79886099968508,41.06289700010481],[-104.79889699967009,41.06308200026013],[-104.7989319998302,41.06333600006854],[-104.79901999969374,41.06432599994749],[-104.79908699964089,41.06524199989931],[-104.7991360000447,41.06607400016373],[-104.79929300040355,41.068484000047505],[-104.79942800012275,41.07056200009381],[-104.79943599962034,41.070682000287356],[-104.799454000062,41.07096100006001],[-104.79957100023786,41.07279999982286],[-104.79960999969762,41.073413999840774],[-104.79963499981199,41.073413999840774],[-104.79971199980488,41.073413999840774],[-104.79973799974412,41.073415000082065],[-104.80054600020621,41.07342199973919],[-104.8015720002282,41.07343200011876],[-104.80200999989611,41.07343599972838],[-104.80297099962075,41.073444000301336],[-104.80377999990776,41.07345099995531],[-104.80508799996204,41.07343699996933],[-104.8056639997222,41.07343099987767],[-104.80774799955321,41.0734089999884],[-104.8090139997747,41.07339499999347],[-104.80962399987006,41.07338800033347],[-104.80963100044107,41.07380400001973],[-104.80969199964213,41.07717600024333],[-104.8096899999923,41.07741300010322],[-104.80968800034249,41.078126999804766],[-104.80968699961925,41.078364999787496],[-104.80968300031961,41.07855600006368],[-104.80967300027388,41.07913300021083],[-104.80966999990082,41.07932499976097],[-104.80966900007591,41.07941999985294],[-104.809668000251,41.07970499998218],[-104.809668000251,41.07980099966901],[-104.80966700042609,41.07988500021109],[-104.80966599970286,41.08014099971767],[-104.80966599970286,41.08022599996288],[-104.80966499987794,41.08040899984682],[-104.80966499987794,41.080960000080196],[-104.80966499987794,41.081144000075525],[-104.80966300022813,41.08132300030531],[-104.80965900003015,41.08186399987494],[-104.80965800020525,41.08204400028513],[-104.80965400000728,41.08285700004731],[-104.80964200031171,41.08529900010897],[-104.80963899993867,41.086112000228376],[-104.80963700028886,41.08622900033458],[-104.80962999971786,41.08658000008034],[-104.80962800006802,41.08669700003031],[-104.80962800006802,41.08692599980402],[-104.80962800006802,41.08761499980384],[-104.80961800002227,41.087843999763614],[-104.80961399982432,41.08792600014054],[-104.80974100004593,41.08792600014054],[-104.82176799990425,41.087960000151256],[-104.82189299957773,41.08774200017577],[-104.8220239999973,41.087647999950725],[-104.82220499974727,41.08749400002613],[-104.82238600039554,41.087405000265655],[-104.8224960000004,41.08738300031391],[-104.82285900022356,41.087392999923566],[-104.82310699992068,41.087448000119345],[-104.8235870003197,41.0875179999942],[-104.82374799997817,41.08761199972808],[-104.82378999981097,41.08762900015544],[-104.82382199959802,41.08765300007413],[-104.82390899963667,41.08767900003258],[-104.82395600039064,41.08768300012946],[-104.82405299957671,41.08768000005685],[-104.8243339997841,41.08763500030517],[-104.82442400019579,41.08761199972808],[-104.82446799967839,41.08759700002448],[-104.82449899964055,41.08757100003358],[-104.82452799995285,41.0875270002338],[-104.82458300020444,41.08744099992464],[-104.82460900014371,41.08741199978716],[-104.82474700023597,41.087314000325094],[-104.82492299996306,41.08720999985179],[-104.8250869999946,41.087117000252626],[-104.8254469998447,41.08688200024947],[-104.8255239998376,41.086839000025385],[-104.8256069996783,41.08680500011172],[-104.82563400034078,41.0867779997695],[-104.82565699990701,41.08674399982427],[-104.82571700018146,41.08675000005482],[-104.82578300030369,41.08672799988379],[-104.8258839996877,41.08672100028941],[-104.82610299997083,41.086716000095095],[-104.82631399985804,41.08677599969354],[-104.82656900012616,41.08692999994674],[-104.8269249997783,41.08703300015208],[-104.8270860003351,41.08709400017129],[-104.8272970002223,41.08715400010162],[-104.82771099960077,41.0871530000694],[-104.82808200021985,41.087107999956814],[-104.82830099960464,41.08704799998447],[-104.82872300027735,41.08694199969629],[-104.82903500044688,41.086793000337146],[-104.82923100026547,41.086585000285],[-104.82937600003042,41.08638199979457],[-104.82968700037505,41.085988000241485],[-104.82987599962263,41.08584599976154],[-104.83025300008948,41.08566999982799],[-104.83060799991672,41.08560000001578],[-104.83082499965171,41.085478999913015],[-104.83125999984487,41.085298000048454],[-104.8316139998472,41.08523899983899],[-104.83180299999309,41.08529900010897],[-104.83241999976116,41.08513400008112],[-104.83297799997797,41.08508000004358],[-104.83350500023268,41.0850869998127],[-104.8339150003115,41.085148000284214],[-104.83434399975859,41.08526299995357],[-104.8344919998966,41.085302000290284],[-104.83493200011264,41.08539399969081],[-104.83510600018992,41.08543400000823],[-104.83535600043517,41.08534899972781],[-104.83551899974347,41.08521899996253],[-104.83563500009441,41.08505000015399],[-104.83588100014173,41.0846719998304],[-104.83597499985304,41.08451799970215],[-104.83613499968662,41.08434399974735],[-104.83638199955881,41.084211999871194],[-104.8368379996684,41.08410799990516],[-104.83705500030169,41.08402600018049],[-104.83743199987025,41.08390100023816],[-104.8378439995989,41.083725999919494],[-104.83804000031579,41.08349500032909]]]},"properties":{"GEOID":"560210004014","BASENAME":"4","STATE":"56","COUNTY":"021","TRACT":"000401","BLKGRP":"4","NAME":"4"}},{"type":"Feature","geometry":{"type":"Polygon","coordinates":[[[-104.76118500000062,41.15715799995644],[-104.76118400017573,41.15710299998501],[-104.76118099980269,41.15693799979376],[-104.76117999997777,41.15688300031403],[-104.76108200006847,41.15687800005164],[-104.76087899967888,41.15687200014201],[-104.76056700040768,41.15687200014201],[-104.76046699995022,41.15686899984883],[-104.76033399988086,41.156866000231894],[-104.75986199987774,41.156866000231894],[-104.75963699974683,41.15684900014533],[-104.7592879997674,41.156793999914576],[-104.7591139996901,41.156739000314076],[-104.75899700041258,41.15668399999102],[-104.7588590003203,41.15660699986707],[-104.75872899972565,41.15654699982196],[-104.75859099963337,41.156519999749946],[-104.75838800014212,41.15651399980761],[-104.75837300007349,41.15651399980761],[-104.75827099996626,41.156519000097774],[-104.75817600043001,41.15653000032904],[-104.75803800033773,41.15653600026992],[-104.75790000024547,41.15649700030607],[-104.7577339996658,41.15635599977492],[-104.75756299996156,41.15625700006973],[-104.757479000296,41.15610199974604],[-104.75737800001366,41.155980999692396],[-104.7572469995941,41.15589800009656],[-104.75715299988276,41.15585899975313],[-104.75705800034652,41.155820999725684],[-104.75698100035362,41.15576700032513],[-104.75689299959177,41.15570599984656],[-104.75687699969824,41.155695000153386],[-104.75671699986466,41.155557999946375],[-104.75665300029058,41.15549699994968],[-104.75657600029767,41.15542399981251],[-104.7565419999625,41.15539200025487],[-104.75650099995461,41.15535199994036],[-104.75644300022827,41.155296999806325],[-104.756409999718,41.155265999857974],[-104.7563539996415,41.155212000000226],[-104.75602999977642,41.1548459999422],[-104.75599899981427,41.15479799983846],[-104.75594899958556,41.154692000020304],[-104.7559019997299,41.15459099979166],[-104.75588300036162,41.15454799994172],[-104.75586699956979,41.15446899997093],[-104.75584400000358,41.15436399998221],[-104.75581999971412,41.15429500003335],[-104.75579999962264,41.15423200016364],[-104.75577899970624,41.154163999763945],[-104.75578600027724,41.15410200013376],[-104.75579299994995,41.15403400027556],[-104.75576100016289,41.153973999904494],[-104.75571900033009,41.15387299992233],[-104.75568099979695,41.1537739998491],[-104.7556130000249,41.153689000097366],[-104.75546200041215,41.153580000071386],[-104.75533799966527,41.15344300017887],[-104.75518600022764,41.15329400020275],[-104.75501200015034,41.15315699971254],[-104.75483700024817,41.15314099972053],[-104.75464100042959,41.153135000145305],[-104.75422700015281,41.153135000145305],[-104.7539869999533,41.15314000001683],[-104.75392400020411,41.15314400018439],[-104.75379100013471,41.15315100013873],[-104.7535729996765,41.15317299970065],[-104.75350999992733,41.153181999734464],[-104.75336199978932,41.15320600004421],[-104.75310800024441,41.153228000264015],[-104.75281000031858,41.15324400023474],[-104.7526000002563,41.15324900009801],[-104.75226600034544,41.15324200015407],[-104.75206899980364,41.15323799999255],[-104.75185100024376,41.15322100031784],[-104.75169499970984,41.15319299984932],[-104.75160600002137,41.15317400008025],[-104.75149399986839,41.15315100013873],[-104.75138599991335,41.15310599993583],[-104.75126299988972,41.15302899966725],[-104.75121400038421,41.15297900017354],[-104.75107399974382,41.15283600009881],[-104.75106299987316,41.15282299983059],[-104.75103000026118,41.15278599978149],[-104.75101900039056,41.152773999889064],[-104.75068499958138,41.15277199979405],[-104.75052100044817,41.15277100008467],[-104.74968299984884,41.152768000280204],[-104.74934999976291,41.15276699989441],[-104.74887899958472,41.152775000274744],[-104.74811399967868,41.1527899999706],[-104.74746900032152,41.15278700016699],[-104.74699899996824,41.15278599978149],[-104.74699800014332,41.15280100015123],[-104.74699800014332,41.152845999887134],[-104.74699800014332,41.15286199995114],[-104.74699599959519,41.15291900018962],[-104.74699200029553,41.15309299972116],[-104.74699200029553,41.15315100013873],[-104.7469899997474,41.15324700001749],[-104.74698399989963,41.15353599986064],[-104.74698300007472,41.15363300022454],[-104.74697999970167,41.153819999963204],[-104.74697100037913,41.154381000036906],[-104.74696899983101,41.154569000029255],[-104.74696700018117,41.15492199975276],[-104.74696499963305,41.15537899981716],[-104.74696299998323,41.15576300031768],[-104.74696299998323,41.155978999695186],[-104.74696299998323,41.156333000273506],[-104.7469610003334,41.156596000325095],[-104.74695700013544,41.15739100009833],[-104.74695700013544,41.1576550002742],[-104.7469549995873,41.157759999725776],[-104.74695100028765,41.15807499977674],[-104.74695100028765,41.15818100021135],[-104.7469489997395,41.158311000267936],[-104.74694399971665,41.15869800003379],[-104.74694200006684,41.15887499998303],[-104.74694100024193,41.15899900030085],[-104.746940000417,41.15910100011378],[-104.74693799986888,41.159311000302864],[-104.74693799986888,41.15937900009747],[-104.74693700004396,41.159425000336284],[-104.74693600021904,41.1595630001827],[-104.74693600021904,41.15960999989741],[-104.74693500039415,41.15965999974398],[-104.74693299984601,41.159812000287786],[-104.74693299984601,41.159863000257765],[-104.74708099998401,41.15986399985893],[-104.74752500039801,41.15986700001501],[-104.74767400036093,41.15986899989359],[-104.7478629996085,41.159870000171004],[-104.748431999696,41.159875000205155],[-104.74862199966678,41.15987700008345],[-104.74873700019283,41.159877999684404],[-104.74908199997432,41.15988099983984],[-104.74919800032526,41.15988200011707],[-104.74921099984576,41.15988200011707],[-104.74925000020382,41.15988200011707],[-104.74926400044751,41.159882999718],[-104.74933999971718,41.1598839999952],[-104.74957099969586,41.15988700015036],[-104.74964799968876,41.15988799975116],[-104.7497480001462,41.15989000030539],[-104.75004799972184,41.1598970002157],[-104.75014900000419,41.15989999969399],[-104.75023000019503,41.15989999969399],[-104.75047399969418,41.15989999969399],[-104.75055599970996,41.15990099997092],[-104.75056900012875,41.15990099997092],[-104.75059599989292,41.15990099997092],[-104.75061000013662,41.15990099997092],[-104.75062400038033,41.15990099997092],[-104.75074300020601,41.15990299984841],[-104.75081699982587,41.15990400012531],[-104.75139599995909,41.1599120003109],[-104.75159000012785,41.1599149997885],[-104.75169899990779,41.1599160000652],[-104.75174699958836,41.1599160000652],[-104.75202600014595,41.1599190002189],[-104.75213599975079,41.15991999981922],[-104.75212900007811,41.160577999995205],[-104.75210999981154,41.16255299967161],[-104.75210499978866,41.16321200001417],[-104.75229300010965,41.16321200001417],[-104.75285899982407,41.16321300024055],[-104.75304799996997,41.163213999790635],[-104.75323700011585,41.16321600024333],[-104.75380399965519,41.163222000248524],[-104.75399399962599,41.16322500025088],[-104.75451000001003,41.1632310002552],[-104.75565499985768,41.1632469998132],[-104.75577700005643,41.163219999796006],[-104.75589599988211,41.163163999950285],[-104.75598899976853,41.163079000201726],[-104.75599899981427,41.163056999906715],[-104.75603700034742,41.162982999843905],[-104.75605800026382,41.162850000243004],[-104.75606699958634,41.16269799998209],[-104.75615899964785,41.16258299999536],[-104.75632299967937,41.16265999986178],[-104.75681800014702,41.16289400028831],[-104.75698300000344,41.16297200001939],[-104.7572540001651,41.163093000016744],[-104.75807000012479,41.16345700024354],[-104.75834200011136,41.16357900024246],[-104.75842599977693,41.163454999798205],[-104.75868000022017,41.16308500021941],[-104.75876499971065,41.16296199974689],[-104.7587670002588,41.16282100027381],[-104.75877399993148,41.162399999835664],[-104.75877700030453,41.16226000007066],[-104.75877599958132,41.162074000306674],[-104.7587749997564,41.16180400021171],[-104.7587749997564,41.161517000128576],[-104.7587749997564,41.16133199986355],[-104.7587749997564,41.16111700012414],[-104.7587749997564,41.16088300011576],[-104.75877399993148,41.16062599992425],[-104.75877300010657,41.15998099975773],[-104.759338999821,41.15999099980872],[-104.76116999993202,41.160044999787395],[-104.76118500000062,41.15715799995644]]]},"properties":{"GEOID":"560210015011","BASENAME":"1","STATE":"56","COUNTY":"021","TRACT":"001501","BLKGRP":"1","NAME":"1"}},{"type":"Feature","geometry":{"type":"Polygon","coordinates":[[[-104.76831000025304,41.15938999984877],[-104.76831299972777,41.159263000087094],[-104.76824099975775,41.15923799967895],[-104.76820099957479,41.15922500000402],[-104.76809900036585,41.159171000026085],[-104.7680399999163,41.15913400017837],[-104.76797600034219,41.1590940001184],[-104.76790299964897,41.158999999915245],[-104.76781599961032,41.15886299985254],[-104.7675329997531,41.15851699976712],[-104.76732299969082,41.15825900014097],[-104.76718499959856,41.15815999992833],[-104.76702499976498,41.15808799967976],[-104.76679899980917,41.158043999789506],[-104.76621100035344,41.15795599992038],[-104.76580399974934,41.15787399975155],[-104.76562299999937,41.15782399989518],[-104.76555000020444,41.157796999672826],[-104.7654410004245,41.157757999782895],[-104.7652809996926,41.157665000003774],[-104.76514299960034,41.1576099997814],[-104.76494000010908,41.157548999665224],[-104.76487599963666,41.15753199975581],[-104.76454799957361,41.15744500019005],[-104.76428599963278,41.15739500000648],[-104.76413900021798,41.15737699974163],[-104.76401700001925,41.15736199974263],[-104.76354500001617,41.15733399969023],[-104.76345999962734,41.15732300027024],[-104.76328399990025,41.15730100007202],[-104.76305799994444,41.15722999987392],[-104.76281100007223,41.15715799995644],[-104.76257199969763,41.15710899987343],[-104.76225899970319,41.157021000101714],[-104.76197599984596,41.15696600001533],[-104.76192700034048,41.15695899979199],[-104.76175800028608,41.15693799979376],[-104.76155499989649,41.15689999971547],[-104.76117999997777,41.15688300031403],[-104.76118099980269,41.15693799979376],[-104.76118400017573,41.15710299998501],[-104.76118500000062,41.15715799995644],[-104.76116999993202,41.160044999787395],[-104.759338999821,41.15999099980872],[-104.75877300010657,41.15998099975773],[-104.75877399993148,41.16062599992425],[-104.7587749997564,41.16088300011576],[-104.7587749997564,41.16111700012414],[-104.7587749997564,41.16133199986355],[-104.7587749997564,41.161517000128576],[-104.7587749997564,41.16180400021171],[-104.75877599958132,41.162074000306674],[-104.75877700030453,41.16226000007066],[-104.75877399993148,41.162399999835664],[-104.7587670002588,41.16282100027381],[-104.75876499971065,41.16296199974689],[-104.75868000022017,41.16308500021941],[-104.75842599977693,41.163454999798205],[-104.75834200011136,41.16357900024246],[-104.75856200021937,41.16365200008884],[-104.75866699980138,41.163687999872],[-104.75898800019172,41.16375700007736],[-104.75924199973663,41.16379599977906],[-104.75925500015542,41.163798000213994],[-104.75947400043853,41.16380199973109],[-104.75947199989041,41.163986999786346],[-104.75946699986753,41.164540999993754],[-104.75946600004262,41.164727000194866],[-104.75946600004262,41.1648710002279],[-104.75946600004262,41.16530299978101],[-104.75946699986753,41.165448000093114],[-104.75965699983831,41.165448000093114],[-104.76022799957563,41.165450999993574],[-104.76041900026965,41.16545200018579],[-104.76050700013322,41.165453999893884],[-104.76077200044706,41.165459999694164],[-104.76086100013553,41.16546200007826],[-104.76120199971908,41.16546900006975],[-104.76234599974183,41.16548199985867],[-104.76272800023155,41.16548599994926],[-104.76343399968809,41.16549400012977],[-104.76351700042707,41.16549500032133],[-104.76398900043017,41.16549899973485],[-104.76414900026374,41.16549999992633],[-104.76530599980697,41.165511000002795],[-104.76540799991422,41.165512999709094],[-104.76588099974222,41.165517999989056],[-104.76635299974532,41.16552200007745],[-104.7664260004386,41.16552300026858],[-104.76755299984457,41.165531999959235],[-104.76777200012769,41.1655339996649],[-104.76824499995573,41.16554000013409],[-104.76824499995573,41.16549800021963],[-104.76824599978062,41.1653729998318],[-104.76824699960554,41.16533200000436],[-104.76825500000145,41.16463199975089],[-104.76825400017654,41.16457100008375],[-104.7682640002223,41.16370800019385],[-104.7682640002223,41.1635480001534],[-104.7682640002223,41.16349199991166],[-104.7682640002223,41.16332400025199],[-104.76826500004721,41.163269000044416],[-104.76826500004721,41.16310099981305],[-104.76826900024517,41.16259699991633],[-104.76827099989498,41.1624300002295],[-104.76827099989498,41.162328999750706],[-104.76827099989498,41.162026000085525],[-104.76827099989498,41.161925999906444],[-104.76827099989498,41.16189700020473],[-104.76827300044312,41.16170999983745],[-104.76828099994073,41.16115299994722],[-104.76828400031377,41.16096699974668],[-104.76829699983425,41.16010899975456],[-104.76830100003222,41.15989799981635],[-104.76830299968204,41.15977000008376],[-104.76831000025304,41.15938999984877]]]},"properties":{"GEOID":"560210015013","BASENAME":"3","STATE":"56","COUNTY":"021","TRACT":"001501","BLKGRP":"3","NAME":"3"}},{"type":"Feature","geometry":{"type":"Polygon","coordinates":[[[-104.78217400007016,41.168999999747825],[-104.78215300015377,41.16877699969023],[-104.78209000040457,41.16810799969715],[-104.7820700003131,41.16788600013987],[-104.7816540003865,41.16788299967465],[-104.78040900008139,41.16787400030689],[-104.7799939999797,41.167871999996386],[-104.77974799993241,41.16786999968583],[-104.77901200033865,41.16786699989611],[-104.77876700011629,41.167865999740755],[-104.77861800015336,41.16786500026159],[-104.77856700009973,41.16780900032793],[-104.77811199981505,41.16731400024568],[-104.77796100020232,41.16714900006347],[-104.77773699989635,41.16688999975922],[-104.77706499987669,41.16611400032488],[-104.77684200029394,41.165856000173164],[-104.77675299970716,41.16563399974854],[-104.77648699956838,41.16497099997076],[-104.77639899970482,41.16475000013215],[-104.77632199971193,41.16455599970232],[-104.77609199955818,41.16397699966878],[-104.77601600028851,41.1637839998733],[-104.77578299976169,41.1637839998733],[-104.77508300015295,41.16378500009096],[-104.77485100034936,41.163786000308605],[-104.77461699999762,41.163783000331925],[-104.77391800021378,41.163776000160375],[-104.77368499968696,41.16377399972477],[-104.77247100024235,41.16376499979266],[-104.77130999960283,41.163761000273254],[-104.77117300023382,41.163760000055234],[-104.77076499980483,41.16375700007736],[-104.77063000008559,41.16375599985928],[-104.77037900001542,41.16374899968484],[-104.76962599980492,41.16373099981249],[-104.76937599955968,41.16372499985396],[-104.7692850002214,41.163723000093086],[-104.76901200040992,41.16371899989487],[-104.76892199999824,41.16371799967621],[-104.76890500027979,41.16371700013377],[-104.76885400022617,41.16371700013377],[-104.76883699960942,41.16371700013377],[-104.7687300003776,41.16371499969637],[-104.76840999981216,41.16370999995517],[-104.76830400040527,41.16370899973637],[-104.7682640002223,41.16370800019385],[-104.76825400017654,41.16457100008375],[-104.76825500000145,41.16463199975089],[-104.76824699960554,41.16533200000436],[-104.76824599978062,41.1653729998318],[-104.76824499995573,41.16549800021963],[-104.76824499995573,41.16554000013409],[-104.76824300030589,41.16590400029404],[-104.76823599973487,41.16699600013805],[-104.76823499990996,41.167360000324855],[-104.76823499990996,41.16737600022719],[-104.76823499990996,41.16742699972088],[-104.76823599973487,41.16744399976867],[-104.76823599973487,41.16751400023732],[-104.76823999993285,41.16815799982263],[-104.76824099975775,41.168337000216056],[-104.76823599973487,41.168974999672976],[-104.76823400008507,41.16914600012946],[-104.76823200043523,41.16938900022394],[-104.768230999712,41.169525999921646],[-104.76822800023729,41.169840000097835],[-104.76822800023729,41.16985200024699],[-104.76822599968915,41.17023099988254],[-104.76822499986423,41.1703779996667],[-104.76822499986423,41.170822000075916],[-104.76822499986423,41.170969999994504],[-104.76822099966627,41.17132699970142],[-104.76820800014579,41.17240100025627],[-104.76820499977273,41.17275999976481],[-104.76820300012292,41.172928000250984],[-104.76819700027515,41.17343299987118],[-104.76819700027515,41.17348999980074],[-104.7681959995519,41.17354899981796],[-104.7681959995519,41.17360200005166],[-104.76819499972702,41.173656000309514],[-104.76819499972702,41.17366600030229],[-104.76818300003144,41.17435600017425],[-104.76817999965839,41.174532999755094],[-104.76834799988788,41.17453100032407],[-104.76846800043678,41.17453100032407],[-104.77012799994526,41.174517000248144],[-104.7702650002126,41.17451899967959],[-104.77048899962028,41.17452299989466],[-104.77107000030165,41.1745319997015],[-104.77120300037103,41.17453699996932],[-104.7712500002267,41.17453900007632],[-104.77148899970301,41.17457800012235],[-104.77188899973606,41.174669000139524],[-104.77237400015798,41.17477400005427],[-104.7727149997415,41.17481800020674],[-104.77329999972251,41.174837999836015],[-104.77331899998909,41.174837999836015],[-104.77403399966643,41.17484099998273],[-104.77422000033759,41.17484300008046],[-104.77478100002915,41.17485099979461],[-104.77496799962691,41.17485399994073],[-104.77525499968208,41.17485700008672],[-104.77611900022067,41.174868999993095],[-104.77640700010075,41.17487300018679],[-104.77640799992567,41.174815000058985],[-104.77641299994852,41.17464400019939],[-104.77641499959836,41.17458699992164],[-104.7764170001465,41.174497999898826],[-104.77642499964409,41.17423399995559],[-104.77642800001715,41.17414600018882],[-104.77643999971272,41.17396399992738],[-104.77641399977344,41.17381700007525],[-104.77635799969694,41.17362500025458],[-104.77625700031294,41.173430000336175],[-104.77590800033346,41.172998999670895],[-104.77588599969386,41.17297100021363],[-104.77573199970806,41.17272500031366],[-104.77566300011108,41.17253199991311],[-104.77565999973804,41.172513999748666],[-104.77563700017183,41.17233600003508],[-104.77563799999673,41.172143999931],[-104.77569800027118,41.171951999940376],[-104.77573900027905,41.17186800019019],[-104.77583899983817,41.17166900006233],[-104.77585700027986,41.171632999930466],[-104.77586099957949,41.17162000000948],[-104.77592099985395,41.17147000000627],[-104.77594099994543,41.171420999804525],[-104.77597199990758,41.17128099970253],[-104.77598199995332,41.17123799998301],[-104.77599799984684,41.17098699979925],[-104.77599799984684,41.170854000214604],[-104.77599799984684,41.17071099991759],[-104.77599799984684,41.17048100014238],[-104.77599899967174,41.16979200015541],[-104.77600000039497,41.169562999988344],[-104.77621799995487,41.16959899990519],[-104.77650699965987,41.16964800011718],[-104.7767769999966,41.16966799997234],[-104.77687999992877,41.169670000228024],[-104.77710199968661,41.1696750001907],[-104.77732099996972,41.1696750001907],[-104.77797799992075,41.169676999769976],[-104.77819700020387,41.16967799989768],[-104.77840300006821,41.169681000280725],[-104.77902400003423,41.169690000076514],[-104.77923099972345,41.16969299978277],[-104.77954600026604,41.169690000076514],[-104.77976700019897,41.169687999821456],[-104.78012399967604,41.16965199995346],[-104.78043699967047,41.16957500018824],[-104.78047900040161,41.169559000146634],[-104.78077700032743,41.16945299985677],[-104.78101499997881,41.169348000204444],[-104.78104699976583,41.169337000095844],[-104.78170399971687,41.16912100011037],[-104.78188899966482,41.169073000317425],[-104.78217400007016,41.168999999747825]]]},"properties":{"GEOID":"560210014012","BASENAME":"2","STATE":"56","COUNTY":"021","TRACT":"001401","BLKGRP":"2","NAME":"2"}},{"type":"Feature","geometry":{"type":"Polygon","coordinates":[[[-104.8096899999923,41.07741300010322],[-104.80969199964213,41.07717600024333],[-104.80963100044107,41.07380400001973],[-104.80962399987006,41.07338800033347],[-104.8090139997747,41.07339499999347],[-104.80774799955321,41.0734089999884],[-104.8056639997222,41.07343099987767],[-104.80508799996204,41.07343699996933],[-104.80377999990776,41.07345099995531],[-104.80297099962075,41.073444000301336],[-104.80200999989611,41.07343599972838],[-104.8015720002282,41.07343200011876],[-104.80054600020621,41.07342199973919],[-104.79973799974412,41.073415000082065],[-104.79971199980488,41.073413999840774],[-104.79963499981199,41.073413999840774],[-104.79960999969762,41.073413999840774],[-104.79969599991134,41.07475400006335],[-104.79973000024654,41.07526900008691],[-104.79987699966131,41.07755000030676],[-104.79992900043815,41.078776999843036],[-104.7999460001566,41.0791749999064],[-104.79997100027096,41.08012000018188],[-104.79997799994364,41.080292999672416],[-104.79999899986005,41.08081200015175],[-104.80000700025596,41.080984999852205],[-104.80004800026386,41.081952000257466],[-104.80007199965499,41.0823549999036],[-104.80030199980877,41.08609700018236],[-104.8003040003569,41.08646399996477],[-104.8003060000067,41.08661700023171],[-104.80031799970227,41.087837000288175],[-104.8003620000832,41.087837000288175],[-104.8004950001526,41.08783900033183],[-104.80054000035844,41.08783999967654],[-104.8006149998032,41.08784099969836],[-104.80067599990257,41.08784199972011],[-104.800840999759,41.087843999763614],[-104.80091699992698,41.087844999785325],[-104.80101800020933,41.08784599980706],[-104.80113700003503,41.08784699982874],[-104.80132199998295,41.087848999872094],[-104.80142400009021,41.08785099991539],[-104.80148299964142,41.08785099991539],[-104.80157499970294,41.08785299995863],[-104.80166099991666,41.08785399998018],[-104.80172100019112,41.087855000001795],[-104.80181800027549,41.087855000001795],[-104.80210899963032,41.087855000001795],[-104.80220700043792,41.08785600002333],[-104.80273100031955,41.087857000044906],[-104.80430299996449,41.08786000010942],[-104.80482799967103,41.08786100013089],[-104.80534900007795,41.08784099969836],[-104.80578699974586,41.08783999967654],[-104.8086680001683,41.087842999741895],[-104.80961800002227,41.087843999763614],[-104.80962800006802,41.08761499980384],[-104.80962800006802,41.08692599980402],[-104.80962800006802,41.08669700003031],[-104.80962999971786,41.08658000008034],[-104.80963700028886,41.08622900033458],[-104.80963899993867,41.086112000228376],[-104.80964200031171,41.08529900010897],[-104.80965400000728,41.08285700004731],[-104.80965800020525,41.08204400028513],[-104.80965900003015,41.08186399987494],[-104.80966300022813,41.08132300030531],[-104.80966499987794,41.081144000075525],[-104.80966499987794,41.080960000080196],[-104.80966499987794,41.08040899984682],[-104.80966599970286,41.08022599996288],[-104.80966599970286,41.08014099971767],[-104.80966700042609,41.07988500021109],[-104.809668000251,41.07980099966901],[-104.809668000251,41.07970499998218],[-104.80966900007591,41.07941999985294],[-104.80966999990082,41.07932499976097],[-104.80967300027388,41.07913300021083],[-104.80968300031961,41.07855600006368],[-104.80968699961925,41.078364999787496],[-104.80968800034249,41.078126999804766],[-104.8096899999923,41.07741300010322]]]},"properties":{"GEOID":"560210004015","BASENAME":"5","STATE":"56","COUNTY":"021","TRACT":"000401","BLKGRP":"5","NAME":"5"}},{"type":"Feature","geometry":{"type":"Polygon","coordinates":[[[-104.89950699995117,41.52164600007914],[-104.89949000023273,41.52056799979978],[-104.8994180002627,41.519355000178386],[-104.8990380003211,41.51442800008562],[-104.89883900012947,41.51179600028953],[-104.89874600024305,41.51055900021692],[-104.89863400009007,41.50907600003942],[-104.89822099963818,41.50373699992423],[-104.89809000011694,41.50203899984282],[-104.89766300031967,41.496489000136165],[-104.89763900003022,41.49617500013657],[-104.89736399967062,41.49259699990202],[-104.89731799963987,41.49200500018448],[-104.89696899966042,41.487462999687146],[-104.89683899996406,41.48577600022915],[-104.89665800021409,41.48341799987122],[-104.89655100008397,41.48243799986889],[-104.89643100043338,41.48157000025739],[-104.89611000004301,41.48003999977236],[-104.89595199985926,41.47944500011062],[-104.89588499991211,41.479194999946294],[-104.89560100022999,41.478233000058765],[-104.89538299977178,41.47759200031852],[-104.89502700011963,41.47665900018213],[-104.89457299965986,41.47562899996663],[-104.89428700032794,41.47498100024383],[-104.89376799957084,41.47396699980515],[-104.8932010000315,41.47295099993927],[-104.89150100034004,41.46979500030717],[-104.8897299996052,41.466546999716456],[-104.8887300004208,41.46471399982068],[-104.88633500024517,41.460311000305964],[-104.8854099996072,41.45861100024412],[-104.88529699962933,41.45840399975148],[-104.88515600006232,41.45814399969594],[-104.8837950003046,41.455641000252285],[-104.88337699982984,41.45487299972511],[-104.88139299955797,41.45121800028073],[-104.88006399958728,41.44878899990355],[-104.87942599990284,41.4475660000087],[-104.87895399989974,41.446527000147704],[-104.87866199982167,41.44580999984038],[-104.87843800041401,41.44526100019666],[-104.87805599992427,41.44420199979794],[-104.8777620001964,41.44324199981157],[-104.87748500018697,41.44216000019562],[-104.87725699968301,41.44107500000489],[-104.87706300041258,41.43999700007145],[-104.87606900017765,41.42959400028565],[-104.87435299969438,41.4116299998349],[-104.87412400026383,41.40917200018477],[-104.87399200001934,41.40776300018541],[-104.87386499979773,41.406406000176446],[-104.87358899961322,41.4034520001686],[-104.8731359998767,41.398591999711876],[-104.87264600033025,41.393325999915156],[-104.872616000193,41.39300800001119],[-104.87261100017012,41.39295800000763],[-104.87233699963542,41.39001100017738],[-104.87224600029715,41.38903299969116],[-104.87189300011974,41.38653500007005],[-104.87180400043127,41.38600900024508],[-104.87116500002361,41.38223300011084],[-104.87092999984695,41.380108000080924],[-104.87082899956464,41.37899999966887],[-104.87059299956306,41.37639599969267],[-104.87034300021612,41.373703000117246],[-104.87012499975792,41.371351999733356],[-104.86980900028874,41.367953000166175],[-104.86884699984087,41.3575859997812],[-104.86863699977857,41.35532199977627],[-104.86831999958618,41.35191099989739],[-104.8682650002329,41.351320000249196],[-104.8680600001935,41.34914399986802],[-104.86796300010911,41.3480939996984],[-104.86779999990249,41.34632700014314],[-104.86766900038123,41.34487500015567],[-104.86754600035759,41.343748999682155],[-104.86750799982444,41.34352300008475],[-104.8672500000816,41.34198699984428],[-104.86707900037737,41.34121499982849],[-104.86698099956978,41.34084099990065],[-104.86687299961473,41.340431999767816],[-104.86665300040501,41.3396879997919],[-104.86623099973231,41.33838499987658],[-104.86575200005652,41.33693199992167],[-104.86146999969338,41.32395000022281],[-104.86100400043638,41.322536000295806],[-104.86022600011151,41.32008500020919],[-104.85911700024887,41.31682899969043],[-104.8587180000407,41.31562099996632],[-104.85711999955818,41.310792999844175],[-104.85704000009058,41.31055199996539],[-104.85649199991948,41.30888399994722],[-104.85501200033606,41.30440499984391],[-104.85451199984556,41.30287700003567],[-104.85372199982513,41.300465999760085],[-104.85240799992306,41.2965199998505],[-104.85233699977795,41.296302999674595],[-104.85174799959898,41.29451200002218],[-104.85051499988776,41.29078800017821],[-104.84930300009297,41.28707100018671],[-104.84812700028317,41.28350800009408],[-104.84750100029427,41.28160899976746],[-104.84685500021389,41.27965100004698],[-104.84574200015328,41.27636400027961],[-104.84573299993245,41.27633800018477],[-104.8447649996368,41.273331000318244],[-104.84345300028288,41.269355999772316],[-104.84303599963305,41.268091999862285],[-104.84111800038173,41.262281999777954],[-104.84096900041878,41.261828999904814],[-104.83954900021152,41.25752899984988],[-104.8389490001619,41.25565000002178],[-104.83866600030468,41.25467399996035],[-104.83856199964927,41.25421400003715],[-104.83841600005942,41.25357000010552],[-104.838175000035,41.252220000163696],[-104.83809399984413,41.251547000317004],[-104.83800699980551,41.25075700002973],[-104.83794999990411,41.24994299967364],[-104.83794599970614,41.24973700006298],[-104.837914999744,41.248278999746844],[-104.8379159995689,41.24732800020994],[-104.83792200031502,41.24343099984373],[-104.83792599961467,41.24096000004151],[-104.83796099977477,41.23635099993401],[-104.83793999985836,41.23579999999677],[-104.8379359996604,41.23568400023591],[-104.83787499956102,41.2347689996874],[-104.83775800028349,41.23367799968332],[-104.83765500035132,41.232914999879405],[-104.83751300006111,41.233095999914354],[-104.83729399977798,41.23334199996834],[-104.83696700043815,41.233669999726246],[-104.83664900042085,41.233935000316244],[-104.83627199995396,41.2342109998524],[-104.83541199961336,41.23478400019833],[-104.83472000040054,41.23519999971117],[-104.83462099976802,41.23525999998755],[-104.82753599969858,41.23976300007881],[-104.82628500044403,41.240529999891955],[-104.82528299981317,41.24105100032309],[-104.82473299999226,41.241302000056976],[-104.8227780000327,41.242122999891414],[-104.8222070002954,41.24235299993235],[-104.82053199981999,41.24303000000073],[-104.81942499960716,41.2434559998569],[-104.81828499978238,41.24391399986445],[-104.81732499988264,41.244334000034776],[-104.81657300039537,41.24469500019817],[-104.8159349998126,41.24504399984472],[-104.81484199984347,41.245680999872654],[-104.81047900018783,41.248359999905084],[-104.8091769999813,41.24913000024672],[-104.80856100003817,41.24946299974485],[-104.80651499984201,41.25056299982165],[-104.80646100031365,41.25059099985938],[-104.80489200014344,41.251411999829024],[-104.80233600030935,41.25274200012652],[-104.80119300011151,41.25332900019849],[-104.8009110000792,41.253474000058546],[-104.80086099985049,41.253499000281316],[-104.80013299975435,41.253880000250575],[-104.7998690001637,41.254018999774765],[-104.79954000027573,41.25419499986055],[-104.79914199989247,41.254407000025],[-104.79845200032949,41.25478900027923],[-104.79777899958663,41.255178999676765],[-104.79749200042976,41.255371000020965],[-104.79685800004494,41.2557969997825],[-104.79626499966803,41.256228000247454],[-104.79437099980781,41.257622999745934],[-104.79177399996583,41.25955499973007],[-104.79117800011416,41.25999900031166],[-104.78987199970972,41.26095600025276],[-104.78965699962454,41.26111299968946],[-104.78901200026739,41.2615839997866],[-104.78879800000715,41.261741999810965],[-104.78872100001426,41.261798999815696],[-104.7884909998605,41.26197199966752],[-104.7884149996925,41.262030000213954],[-104.78783499973437,41.26246799981312],[-104.78448600040511,41.26495200016765],[-104.78248799988951,41.26643499972769],[-104.78240000002597,41.26650099967652],[-104.7816419997926,41.26707099983471],[-104.78162500007417,41.267083999703296],[-104.77809400027171,41.26970500001212],[-104.77552400019391,41.27162200025315],[-104.77528099962134,41.27180099991767],[-104.77492800034224,41.272061000242196],[-104.77405799995589,41.272703000332044],[-104.77402100014595,41.27272799994596],[-104.77346600030218,41.27311300008304],[-104.77300799964446,41.27340100029512],[-104.77185699994902,41.274035000293324],[-104.77110000043886,41.27440900014572],[-104.77103400031663,41.274443000026025],[-104.77023800044844,41.27481899998406],[-104.77008399956433,41.274892000001344],[-104.76953700011649,41.2751499997598],[-104.76903900017409,41.27538600017403],[-104.76752799973023,41.27610500006693],[-104.75979099973264,41.27977600024302],[-104.75278000018136,41.283103000229396],[-104.75209100044327,41.28342800006168],[-104.75050499965631,41.28417800014364],[-104.75004799972184,41.28439300002648],[-104.74883900030008,41.28496500000489],[-104.74460700016566,41.28697700015793],[-104.74393000012314,41.28730599966611],[-104.74326800014924,41.28762799979012],[-104.74189499979762,41.28828600003236],[-104.74186100036076,41.28830200007048],[-104.74104200002802,41.28869500011301],[-104.74058699974336,41.28893500011868],[-104.73998199967085,41.28925500032783],[-104.7391730002822,41.28973500006114],[-104.73860300036978,41.290115000242274],[-104.73795899993924,41.290570999832944],[-104.73766400038645,41.29079200003474],[-104.73716800009392,41.29119300026676],[-104.73704300042043,41.29129699986048],[-104.73647599998277,41.291777000094264],[-104.73598399988818,41.292245999799654],[-104.73578399987164,41.292437000217404],[-104.73576399978013,41.29245499978974],[-104.73511199985198,41.29308999989861],[-104.73501700031575,41.29318300030441],[-104.73489299956887,41.29330000014765],[-104.73436299983945,41.29380200004099],[-104.73277399957779,41.29530800016443],[-104.73244800006286,41.295619000137485],[-104.73224600039649,41.29581199990243],[-104.73049200027837,41.29748900000284],[-104.73034699961511,41.297629000026376],[-104.72953999987625,41.29838700032513],[-104.72754499973371,41.300298000119746],[-104.72575999965346,41.301992999918326],[-104.72521700040355,41.30250799995586],[-104.72509900040278,41.30262100013807],[-104.7245029996528,41.30318700024814],[-104.72436100026088,41.303322000315426],[-104.72350400029332,41.304135999961915],[-104.72345700043766,41.30418000016406],[-104.72090800027624,41.30661799968576],[-104.7199340001328,41.30754999999545],[-104.71947399982527,41.307978000131094],[-104.71888399982139,41.308490000045914],[-104.71821900037276,41.308993999809644],[-104.71763299966852,41.30938900005553],[-104.7167730002262,41.30989200028357],[-104.71556599955593,41.310558999954836],[-104.7141260001555,41.31136699975869],[-104.71215100010446,41.312460000308505],[-104.71082899980647,41.313193999941774],[-104.70906899984057,41.3141749999584],[-104.70902799983267,41.314197999992125],[-104.70647000034876,41.31560300004019],[-104.70172699985318,41.31821099974268],[-104.69928599964682,41.31957099988327],[-104.69868099957432,41.319901999993455],[-104.69854300038037,41.319979000261114],[-104.69676099977485,41.32097899967168],[-104.6964839997654,41.321142000144484],[-104.69610800002177,41.32137499999238],[-104.69524000018356,41.321966000201996],[-104.6926380003187,41.3237379999094],[-104.6917710003054,41.32433000006413],[-104.69174799984084,41.32434500024318],[-104.69168199971861,41.324390000085046],[-104.6916599999773,41.32440600003629],[-104.68976799976691,41.3257130000324],[-104.68901700010457,41.32623199995138],[-104.68807100044853,41.32687300020517],[-104.68726200016154,41.32743299978275],[-104.68639199977518,41.3280450001002],[-104.68565199998346,41.3285230002407],[-104.68508200007108,41.32886499967089],[-104.68456900006008,41.32913999967984],[-104.68396599963741,41.32942699975878],[-104.6838739995759,41.32947200013837],[-104.68316700029447,41.329752999856716],[-104.68212899967862,41.33011199984843],[-104.68180800018656,41.33021699980658],[-104.68054199996509,41.33063000011367],[-104.67792199965857,41.331500999946016],[-104.67774400028163,41.33155900008199],[-104.67543000029687,41.33231699985668],[-104.67266900042337,41.3332460000511],[-104.66560699992014,41.33574900026482],[-104.66157399997738,41.33717900029612],[-104.66109899960121,41.33734699999919],[-104.66017100038684,41.33766500022611],[-104.65596099999374,41.339110000161305],[-104.65594299955207,41.33911699978143],[-104.65454800035748,41.339563999981294],[-104.65431999985353,41.339636000161164],[-104.65364899965877,41.33985200022311],[-104.65341100000741,41.339930000069465],[-104.65326600024245,41.33997799992848],[-104.65292999978347,41.34008799992157],[-104.65149000038303,41.3405630000883],[-104.65100999998401,41.340721999963684],[-104.64760600040317,41.34184299988215],[-104.64688099978176,41.34208299986691],[-104.64467899994999,41.34279300015085],[-104.63737999962031,41.34516500012399],[-104.63397199984149,41.34627400029359],[-104.63293999997173,41.34660900010618],[-104.63266499961212,41.346697999905494],[-104.63111300005869,41.347206000022865],[-104.62874700019539,41.347973000004956],[-104.62744099979092,41.34839800010953],[-104.62545300021941,41.349042999728404],[-104.62517700003488,41.349133000327754],[-104.62266399985849,41.34995599966312],[-104.6183849998684,41.35133899979651],[-104.61745799958062,41.35163899972163],[-104.61612199993725,41.35207599992618],[-104.61589500015653,41.352148999793194],[-104.61521700028909,41.352370000314195],[-104.61499100033329,41.35244499991164],[-104.61108999973668,41.35370799995083],[-104.60714999968032,41.35498500030999],[-104.60484400009146,41.355737999966685],[-104.60162399973531,41.356777999936625],[-104.5993909999414,41.35750199979388],[-104.5957639998795,41.358679999733425],[-104.59549199989293,41.35876799995482],[-104.59249300036804,41.35974000027755],[-104.58849600041026,41.361037000274194],[-104.5846059996843,41.362312000024396],[-104.58350299966943,41.36266900014364],[-104.58102399982823,41.363474999947044],[-104.58050599979435,41.36364399975985],[-104.57993599988197,41.36383000004378],[-104.57822600014478,41.36438900024904],[-104.57765700005729,41.364576000269764],[-104.57725799984912,41.364706000039604],[-104.57542099989034,41.365295999672405],[-104.57393999958369,41.365775999792184],[-104.56507600018011,41.36865000027498],[-104.56279300015747,41.3693839999142],[-104.55907599968386,41.37058200024824],[-104.55905700031562,41.37058699967895],[-104.55900299988893,41.37060400016737],[-104.55898500034559,41.37061099977237],[-104.55729599962649,41.371156999674916],[-104.55361900023416,41.37234800030059],[-104.55223099981396,41.372793999809154],[-104.55054299981808,41.37333800017298],[-104.55016399970138,41.373460000284354],[-104.54838000034437,41.37404800001013],[-104.54834099998628,41.37406100012862],[-104.54188199990575,41.3761469997918],[-104.53976200008974,41.37683300016495],[-104.53971600005899,41.376847999711],[-104.53966099980741,41.376866000240256],[-104.53956500044625,41.376897000316156],[-104.53927800039108,41.37699100010814],[-104.53918299995651,41.37702299977684],[-104.53669999991733,41.377837000211514],[-104.53551300023689,41.37822700013895],[-104.53220300036737,41.37930500026845],[-104.52925099979984,41.38027199979371],[-104.52782100044513,41.38074199996773],[-104.52676799976066,41.381082999889465],[-104.5265450001779,41.38115499998432],[-104.52587499980808,41.381370999790526],[-104.52565300005024,41.38144399982499],[-104.52549999988938,41.38149299966362],[-104.52347899980755,41.382157999793165],[-104.52340900038567,41.38218100008851],[-104.52079900012488,41.38302299982029],[-104.52008500027246,41.38325400025274],[-104.51587200040461,41.38462900016216],[-104.51098400014408,41.38621299990583],[-104.50623599962563,41.387756999776414],[-104.5013830004235,41.389336000137135],[-104.5010300002461,41.3894510002948],[-104.4999740000869,41.38979600022128],[-104.49986500030695,41.3898320001726],[-104.49962199973439,41.38991100023922],[-104.49937599968709,41.38999100033682],[-104.4988340002621,41.390168000329346],[-104.49863800044352,41.39023100003902],[-104.49839200039622,41.3903119998649],[-104.49698700025756,41.390770000226645],[-104.49555000033186,41.391240000003776],[-104.4938990001459,41.39177199989019],[-104.49277000019177,41.3921380002585],[-104.49136500005311,41.39259399971254],[-104.48527400021858,41.39456899986261],[-104.48034499995018,41.39616799984205],[-104.47937699965452,41.396481000324556],[-104.47730799989213,41.39715300025153],[-104.47215799969078,41.39881500015613],[-104.47109300020907,41.39915900026548],[-104.46876300033077,41.39992399981515],[-104.46700199964164,41.400489000272266],[-104.46090599978426,41.402447000166],[-104.46071900018651,41.40250700030073],[-104.46015799959663,41.402685999767066],[-104.45997199982381,41.40274700028562],[-104.45875199963305,41.40314200001532],[-104.45509399960902,41.40433000001465],[-104.45485099993476,41.404409999885154],[-104.45387500014151,41.4047270000292],[-104.45122300004793,41.405589999841844],[-104.44896599996459,41.406326000068255],[-104.44794999998834,41.40665199980767],[-104.44348000020254,41.4080999998062],[-104.44326299956926,41.40816999993197],[-104.44061200019891,41.409033999663606],[-104.43690200029631,41.41022799997617],[-104.43673200041701,41.41028299991613],[-104.43472700022872,41.41094499988869],[-104.43267500018477,41.41159999994423],[-104.4302339999784,41.41239500011352],[-104.428417999936,41.412968999911904],[-104.42509600037093,41.414035000228665],[-104.42463299969033,41.41418400022942],[-104.42243800042958,41.41489999985123],[-104.42121999988866,41.41529400006665],[-104.41977299991721,41.41576099981206],[-104.41543100017793,41.41716500025995],[-104.4139850000314,41.417632999727864],[-104.41298300029888,41.41795600022659],[-104.40997700020297,41.41892799988716],[-104.40897600029535,41.419251999685],[-104.40756199993587,41.419712000230824],[-104.40419400034003,41.42081000003166],[-104.40332099958061,41.42109700009588],[-104.40209299989228,41.421503000189276],[-104.40199599980791,41.42153500017833],[-104.40190899976926,41.42156399988113],[-104.39912600015444,41.4224829996892],[-104.39808400023894,41.422828999701416],[-104.39625700032589,41.42343800016048],[-104.39393999996807,41.42419800010613],[-104.39097599970496,41.42520200017347],[-104.38661499969913,41.42664199970989],[-104.3856420002789,41.42696400029821],[-104.38432300035399,41.42741300032486],[-104.38279400036677,41.42791799998392],[-104.37941699965178,41.42903200028568],[-104.37911000040344,41.42913399969305],[-104.3757419999093,41.430264999715426],[-104.3711879995596,41.43177400023445],[-104.36929500042262,41.43240299990107],[-104.36592100008069,41.43352599984966],[-104.36224700016311,41.434747000139154],[-104.36186399984848,41.43487500015823],[-104.35370699972628,41.43757699977536],[-104.35270400016886,41.437933000117795],[-104.35170400008616,41.43832800004743],[-104.35126899989297,41.43851999982688],[-104.351052000158,41.43861700022903],[-104.35026100031267,41.439003999668536],[-104.34940799964473,41.43946799984017],[-104.34853300013381,41.440012999887784],[-104.3479180000156,41.44044400014802],[-104.34774899996117,41.44056200016073],[-104.34755200031769,41.440703999766086],[-104.3471160002996,41.441020999893276],[-104.34648799976257,41.441528000106935],[-104.34613999960801,41.44181100016393],[-104.34577300008522,41.44215300021344],[-104.3453219999985,41.442590999664674],[-104.34474000039054,41.44320799978454],[-104.34426400018948,41.44376299980034],[-104.343695000102,41.44447799990946],[-104.34331599998531,41.44501200014439],[-104.34290199970853,41.44570200004565],[-104.3425619999499,41.44629399985471],[-104.34220600029775,41.44698500018637],[-104.34193799961083,41.44766199977056],[-104.34192500009036,41.44769600015718],[-104.34172800044686,41.44823999987945],[-104.34156799971498,41.44872399994688],[-104.34142700014797,41.44926299969008],[-104.34132000001786,41.44979399995758],[-104.34115099996346,41.450678999947314],[-104.34088999984755,41.45209600011394],[-104.34056699980736,41.45377900032455],[-104.33983000038872,41.45768299972023],[-104.3394010000433,41.45988900027462],[-104.33907800000311,41.461615999740296],[-104.33833599966327,41.46542800028052],[-104.33808799996616,41.46693999988988],[-104.33802299966884,41.46765799983418],[-104.33799699972955,41.4682699998471],[-104.3380140003463,41.46899200022606],[-104.33803199988965,41.46922499976502],[-104.33805299980604,41.469495000292234],[-104.33814200039282,41.47022499970256],[-104.33829899985335,41.471046000011036],[-104.33849499967194,41.47176899997793],[-104.33865899970347,41.47229200012167],[-104.33897500007096,41.47312800003586],[-104.33911700036117,41.47345300006136],[-104.33929800011114,41.473840999865295],[-104.3395349999376,41.474302000067134],[-104.33991700042733,41.4749529996694],[-104.34057100000533,41.4759819997094],[-104.34067499976241,41.47614599972137],[-104.34145300008726,41.4773500000879],[-104.34201700015186,41.478194999740644],[-104.34244499977403,41.478851999906894],[-104.3441460001887,41.4814630001741],[-104.34455100024465,41.482124999785476],[-104.34488000013263,41.48269600000067],[-104.34516999966253,41.48327300011496],[-104.34539300014362,41.483751999709014],[-104.34565300043461,41.484434999884726],[-104.34583199963646,41.48493899991372],[-104.34599999986594,41.48553800028282],[-104.3461449996309,41.486140999794365],[-104.34629100011907,41.48705999966373],[-104.34641699961746,41.48801200010389],[-104.34644000008198,41.488169000228126],[-104.34649299978544,41.48852500017194],[-104.34673600035799,41.49037499979071],[-104.34688799979564,41.49156799990694],[-104.34691899975779,41.49174600020491],[-104.34704099995653,41.49268100025112],[-104.34727799978299,41.494420999806],[-104.34741599987525,41.4954269996751],[-104.34770499958024,41.497648000268505],[-104.34794899997773,41.499430000105434],[-104.34842799965351,41.50298600014256],[-104.348523999913,41.50369199969529],[-104.3485609997229,41.50409600024189],[-104.3485880003854,41.50451200015564],[-104.34859099986014,41.5049169999978],[-104.34857099976865,41.50543400018678],[-104.3485189998901,41.50585399967485],[-104.34850899984437,41.50593099982364],[-104.34845799979075,41.50623700013902],[-104.3483769995999,41.506625999758036],[-104.34826799981995,41.50704000022326],[-104.34825100010151,41.50709300018597],[-104.34811399983415,41.507531000323645],[-104.34794499977977,41.50794800002359],[-104.34776800022776,41.50835499987191],[-104.34755499979244,41.50875400001636],[-104.34733800005745,41.50913500019594],[-104.34714800008665,41.509432999743005],[-104.34689500036664,41.50979500032276],[-104.34653299996842,41.510278000062605],[-104.34643199968608,41.51040899988892],[-104.34596499970583,41.51102200007761],[-104.3456590002824,41.51141500029878],[-104.3455399995584,41.51156799978589],[-104.34490900044496,41.51239999980743],[-104.34479999976669,41.512539000090406],[-104.344131999945,41.51339700004006],[-104.34293900041676,41.514951000310575],[-104.34220600029775,41.51589900030188],[-104.34172199970077,41.51652699987066],[-104.34135299962983,41.51699700006835],[-104.34133799956122,41.51701600028507],[-104.34085300003763,41.51764499995629],[-104.34083899979393,41.51766100012054],[-104.34041299982158,41.51820600015918],[-104.33933599974598,41.519593000297206],[-104.3390770001782,41.519928000058165],[-104.3388369999787,41.52023800000879],[-104.33846500043302,41.52071800012675],[-104.33735200037242,41.52215699985996],[-104.33698099975332,41.5226379999693],[-104.33692399985192,41.52271099993071],[-104.3367539999726,41.522932000187026],[-104.3366979998961,41.52300599991246],[-104.3366190002534,41.52310800017691],[-104.33638099970369,41.523415000094936],[-104.3363029998859,41.52351799980246],[-104.33532399971958,41.52478900002199],[-104.3348380003711,41.52539999976053],[-104.33459099960056,41.52571199983426],[-104.33412000032071,41.52625800004201],[-104.33378899988459,41.52661399976775],[-104.33335500041464,41.52705699979872],[-104.33298399979554,41.527395000009335],[-104.3328950001071,41.52747700022403],[-104.33091199966012,41.52919300022778],[-104.32820500021327,41.53152300011375],[-104.32745200000278,41.53218799968677],[-104.32693399996892,41.53268800019256],[-104.3265799999666,41.53305600013464],[-104.32616200039017,41.53350300017025],[-104.32586699993908,41.533835000084025],[-104.3253830002404,41.534448000304074],[-104.3248559999857,41.53518999970389],[-104.32435100037064,41.535895999709126],[-104.32430199996685,41.535969000177765],[-104.32385799955283,41.53659299976197],[-104.32325900022644,41.53746700017679],[-104.3228270004063,41.538068999760384],[-104.32226099979354,41.53890900013545],[-104.32022499964313,41.54185300013765],[-104.32000299988528,41.54217299994062],[-104.31947999982854,41.54291999975135],[-104.31945100041455,41.542960999781],[-104.3193640003759,41.54308299992857],[-104.3193359998885,41.543125000311875],[-104.31894699972607,41.54366399967195],[-104.3188649997103,41.5437660003114],[-104.31850900005816,41.54421700003026],[-104.31811300022302,41.54468199997694],[-104.31778500015997,41.54503400014033],[-104.31734300029409,41.54547199966577],[-104.31727100032408,41.54553799983441],[-104.31676499998578,41.54601100030376],[-104.31668399979492,41.54607400003269],[-104.3162539996246,41.5464100002393],[-104.31597400014044,41.546631999946094],[-104.31576099970512,41.546802000290434],[-104.3150050000199,41.54736799974176],[-104.3142250000452,41.54789300005104],[-104.31375300004208,41.548183000289285],[-104.3135129998426,41.548332000082],[-104.31296999969439,41.54863200005323],[-104.31275499960921,41.54875099981979],[-104.31093799974191,41.54965000012474],[-104.30910400015617,41.550485999954965],[-104.30896100004102,41.55055300005323],[-104.30793300036923,41.551038000118645],[-104.30621000021327,41.55186400029444],[-104.30555300026224,41.55219499975073],[-104.30431299998001,41.55277800024456],[-104.30406100008493,41.552896999774106],[-104.30295999971989,41.55342600007042],[-104.3021300004148,41.553817000312804],[-104.30188400036752,41.55393099984188],[-104.30114100020278,41.554276999705294],[-104.29843200020778,41.5555529998651],[-104.2973359998656,41.55607800025389],[-104.29690999989326,41.55627399983461],[-104.29659900044695,41.55641900013998],[-104.29597599993279,41.55671300008982],[-104.29307299976905,41.55808200009367],[-104.29288799982113,41.5581690001677],[-104.29191000037805,41.55862999972555],[-104.29184900027867,41.55865899996546],[-104.29117100041125,41.558978999940685],[-104.29055200009506,41.55928800008929],[-104.28951000017956,41.559835000051464],[-104.28902399993275,41.560106000163366],[-104.28851799959446,41.5603900002641],[-104.2880909997972,41.560651999737736],[-104.28780200009219,41.560829000120165],[-104.28657299968063,41.56163799999129],[-104.28617099999774,41.56192399974096],[-104.28543299985584,41.56248899971887],[-104.28482100011065,41.56300000015071],[-104.28424100015252,41.563503000113535],[-104.28368600030872,41.56401399992007],[-104.28324799974251,41.56445300002549],[-104.28568800012397,41.5644970002207],[-104.28884700038073,41.56448600017468],[-104.3055299997977,41.56443099991667],[-104.30564799979847,41.56443099991667],[-104.30645799991038,41.56443700000821],[-104.31124900008653,41.56446699978534],[-104.31140600044536,41.564467999912104],[-104.31187699972526,41.56447100029229],[-104.3120340000841,41.56447199974686],[-104.3165209995883,41.56449899980113],[-104.31775699967257,41.56450700013863],[-104.32159899981964,41.56452999967529],[-104.32459900006776,41.564547999920606],[-104.32584500019776,41.56454599966954],[-104.32998400044575,41.56454000026026],[-104.33421900005492,41.56453500030407],[-104.33447199977489,41.564522000012715],[-104.33448799966841,41.56453400017835],[-104.3359999999372,41.56453199992685],[-104.340589000447,41.56452599984413],[-104.34212000008402,41.564524999718266],[-104.34246200039078,41.564524999718266],[-104.34349300043564,41.564524999718266],[-104.34383800021712,41.56452599984413],[-104.3440530003023,41.56452599984413],[-104.35710199998464,41.56473799996396],[-104.36360600027102,41.56484299997818],[-104.37074800024186,41.564699999999974],[-104.37168499967707,41.564682999920436],[-104.37186999962499,41.56468600029065],[-104.37551299958044,41.564746000271924],[-104.38335900025629,41.56471599995218],[-104.39070899974128,41.56468699974188],[-104.3969269997974,41.56466300013743],[-104.40371700031405,41.56463700027578],[-104.40392900002615,41.56463399990335],[-104.40456900025875,41.56462699970582],[-104.40478199979577,41.56462500012934],[-104.41183599990308,41.5645959998782],[-104.43300200042292,41.56451099997098],[-104.43982600037646,41.564483999921706],[-104.44005700035513,41.56448299979519],[-104.44017700000575,41.5644850000482],[-104.44053699985585,41.56449399984171],[-104.44065800022966,41.5644970002207],[-104.44079299994888,41.5644999999274],[-104.44315700016236,41.56448700030115],[-104.45065599961026,41.5644480000625],[-104.4531560002662,41.56443599988096],[-104.45330799970382,41.56443599988096],[-104.45548299977142,41.56443300017129],[-104.4624649999087,41.56442399969714],[-104.46479300013718,41.564422000114384],[-104.4649200003588,41.56442099998691],[-104.46530199995019,41.56439999999501],[-104.46542999999672,41.564393999900034],[-104.4656249999904,41.564382999836496],[-104.46580800028849,41.56436400008901],[-104.46609199997063,41.564334999720714],[-104.46694499974024,41.564393999900034],[-104.46696700037987,41.5643960001558],[-104.46732600040507,41.5644049999617],[-104.46798599983082,41.564422000114384],[-104.46832800013759,41.564487999755464],[-104.46892700036231,41.564547999920606],[-104.46906700010439,41.56454599966954],[-104.47201100027601,41.56451499980306],[-104.47320899982712,41.564492999715355],[-104.4743200002379,41.564483999921706],[-104.4748419995714,41.56448100021426],[-104.47607099998298,41.56445500027942],[-104.47661199958306,41.56444300009913],[-104.47758800027462,41.56442399969714],[-104.47820900024064,41.564429999789326],[-104.47823799965465,41.564429999789326],[-104.47877999997795,41.56443599988096],[-104.47884500027529,41.56443599988096],[-104.47900500010884,41.56443800013543],[-104.47904199991878,41.5644349997537],[-104.479108000041,41.564429999789326],[-104.47925700000393,41.56441899973191],[-104.4795499999069,41.56436000024757],[-104.47981299967262,41.56434300007853],[-104.48052599970015,41.56433800010709],[-104.48139000023873,41.56432599990507],[-104.48213599987821,41.56430499988229],[-104.48292000005084,41.56429999990785],[-104.48361499963673,41.564301000037204],[-104.48414100006649,41.56433400026404],[-104.48437799989296,41.564360999703844],[-104.48570100001587,41.56434099982117],[-104.48605500001818,41.564335999849526],[-104.48766699984608,41.56431800021724],[-104.48909600027419,41.56430200016653],[-104.49245200017445,41.564263999946135],[-104.49769199988918,41.56417300015882],[-104.50042099997563,41.56437699974],[-104.50050999966409,41.56438399996456],[-104.50863300034939,41.56448700030115],[-104.51137099975837,41.564523000138635],[-104.51457600004589,41.56456200033202],[-104.52418500016238,41.56468099967356],[-104.5273960002977,41.5646169998064],[-104.5276289999262,41.564611999856105],[-104.52833100008307,41.5645959998782],[-104.52856600025972,41.56459200005112],[-104.5370000003913,41.56460599978082],[-104.53810099985805,41.56460699990543],[-104.56670899992439,41.56464800029608],[-104.57624500024593,41.56466200001369],[-104.57949499984099,41.56466599983643],[-104.58924500042279,41.56468099967356],[-104.59249500001786,41.56468600029065],[-104.59689700003159,41.564691999686374],[-104.61010399989767,41.56471100000955],[-104.61450699973632,41.56471800019798],[-104.61502399994525,41.564720999894426],[-104.61657700022192,41.564730000327145],[-104.61709500025577,41.56473400014568],[-104.61741599974782,41.56474500014946],[-104.61838200039367,41.56477800014953],[-104.61870399971063,41.56479000026756],[-104.62362899978108,41.56479900001858],[-104.62552000016656,41.56480299983284],[-104.63117699963279,41.564873000238954],[-104.63840599964227,41.56496200014648],[-104.64333200043595,41.565024000107776],[-104.64411700043351,41.5650200003072],[-104.64510099972436,41.565016999952505],[-104.64647300025108,41.56501800007075],[-104.64725900007353,41.56501900018898],[-104.6484039999212,41.565016999952505],[-104.65184400038537,41.5650140002698],[-104.65299199970777,41.5650140002698],[-104.6530300002409,41.570502999722386],[-104.65314400004372,41.586972999727045],[-104.65318300040178,41.592462999950655],[-104.6531840002267,41.592600000114864],[-104.65318699970143,41.59301300024814],[-104.65318800042465,41.593151000271405],[-104.65320099994511,41.5950309997483],[-104.6532400003032,41.60067100013688],[-104.65325299982366,41.60255100022981],[-104.65326500041755,41.604328999690594],[-104.65329600037968,41.60864299986828],[-104.65329800002951,41.60966599994109],[-104.65330399987728,41.61144600027074],[-104.65332499979368,41.61295599967134],[-104.65339000009101,41.617486999999564],[-104.65341199983231,41.618998000306554],[-104.65341100000741,41.619187000032234],[-104.65340699980945,41.61975699974133],[-104.65340699980945,41.6199469998679],[-104.65318199967857,41.623018000301386],[-104.6530949996399,41.62420899973961],[-104.65304299976138,41.62497300026877],[-104.65334499988516,41.63225000020701],[-104.65347499958152,41.63533000011639],[-104.65345799986308,41.63534100017839],[-104.65340299961149,41.63537900019515],[-104.65338099987017,41.63540499976967],[-104.65326700006737,41.63553900030257],[-104.65321000016596,41.635712000072495],[-104.65320900034105,41.635806000168046],[-104.65320900034105,41.635950000134216],[-104.65323799975505,41.63641499975849],[-104.65329899985443,41.636903999672874],[-104.65330600042543,41.63716000017636],[-104.6533189999459,41.63761299978979],[-104.65332800016672,41.64069499978393],[-104.6533330001896,41.64237299976532],[-104.65331999977082,41.643469999921756],[-104.65333599966434,41.64787299970134],[-104.65332700034182,41.64939800021486],[-104.65332800016672,41.64994100008952],[-104.65333800021249,41.65300700023002],[-104.7149210001988,41.65273199967076],[-104.72851300002935,41.65267200024697],[-104.73116799959766,41.65267200024697],[-104.73913399992414,41.6526749998839],[-104.74179000021566,41.65267700008924],[-104.75052200027308,41.65268099982851],[-104.75113499984319,41.65268699977256],[-104.77916999962407,41.6529660002455],[-104.78851599997485,41.653060000007564],[-104.7888649999543,41.65306300029764],[-104.78991500026572,41.65307400001757],[-104.79026500007008,41.653077999732176],[-104.79054600027747,41.65303500026992],[-104.79090100010472,41.65300500003493],[-104.79164500009439,41.65300700023002],[-104.79180499992796,41.653008000327524],[-104.79290700011792,41.6530210002515],[-104.79297099969203,41.653021999677556],[-104.7964410002934,41.65304700009151],[-104.79669200036358,41.6530490002853],[-104.79798699999905,41.653070999727994],[-104.79888400014961,41.65308699992816],[-104.79995000035456,41.653097000219056],[-104.80292200011529,41.653126999739975],[-104.80584199999744,41.65315100001787],[-104.80780600017785,41.65316800029323],[-104.80787499977481,41.65316899971706],[-104.80998100024544,41.65318900027178],[-104.81541900032688,41.65324199989962],[-104.81650800009804,41.653253000260186],[-104.81868399999055,41.653275999726546],[-104.82636800028469,41.653355999761864],[-104.83245699957108,41.6534149997997],[-104.83673300008644,41.65345600016963],[-104.83733599961079,41.6534410001519],[-104.84146800018607,41.65345999986053],[-104.8417510000433,41.653460999951],[-104.8433219998633,41.65347700005429],[-104.84355500039013,41.65285000016435],[-104.84399300005805,41.65167799987106],[-104.8442719997173,41.65097500022511],[-104.84451899958951,41.6503540003069],[-104.84470899956031,41.64987399972824],[-104.84528100002083,41.64843500019549],[-104.84547199981654,41.64795600026204],[-104.84611100022424,41.646373999857296],[-104.846333999807,41.645822999795925],[-104.84802799965065,41.64162900013571],[-104.84866799988325,41.64004799975798],[-104.84870999971605,41.639940999931895],[-104.8488400003107,41.639620000058954],[-104.8488839997933,41.63951399982921],[-104.84979000016469,41.63725400017416],[-104.85251199968012,41.63047699973274],[-104.85341899987641,41.628217999935664],[-104.85355600014378,41.6278740002967],[-104.85397000042056,41.62684499993546],[-104.8541079996145,41.6265020001943],[-104.85429299956243,41.62603800007988],[-104.85440899991339,41.62575099970661],[-104.8548530003274,41.62464999998242],[-104.85503999992515,41.62418799971681],[-104.85700400010556,41.61931900013036],[-104.85918099982297,41.61392300007265],[-104.85986200006343,41.61223400029007],[-104.86039699981573,41.61090800017624],[-104.8605480003268,41.610378000324886],[-104.86093499994108,41.60960399984894],[-104.86148999978487,41.60822599986275],[-104.86277699992274,41.6050129997949],[-104.86486199957866,41.59980900020731],[-104.86677800007848,41.595049000227675],[-104.8672080002488,41.59400699974478],[-104.86761699960438,41.59308300031632],[-104.86790799985754,41.59242700023193],[-104.86982400035734,41.58823299973184],[-104.87096099980909,41.585743999765434],[-104.87253300035232,41.58230299996467],[-104.87337299970316,41.58051499968786],[-104.87366099958325,41.57988199968754],[-104.87584800024473,41.57507499972573],[-104.88187899980477,41.56186799982384],[-104.88373099983218,41.55781400025005],[-104.88450300030925,41.556133999810584],[-104.88491800041095,41.555315000282825],[-104.88647800036031,41.55252200029933],[-104.88728199972611,41.55110999996788],[-104.88904800043812,41.54798300019464],[-104.8909690000625,41.54456300011666],[-104.8914989997919,41.543638999879576],[-104.89228499961438,41.54222600004506],[-104.89255400012621,41.54171299980996],[-104.89293999991558,41.54091000025436],[-104.89331400000938,41.54011000030726],[-104.8939419996481,41.53866599985175],[-104.89514699977023,41.53609500031375],[-104.89593500014084,41.53431299968927],[-104.89656299977955,41.53296200029367],[-104.89695799978976,41.53207799997143],[-104.89777799994741,41.53024399982855],[-104.89827400023997,41.528869000067985],[-104.89862700041738,41.527774000041596],[-104.8989189995971,41.52657300013528],[-104.89916200016965,41.525387999727656],[-104.89930299973666,41.52448800033445],[-104.89941900008762,41.52342599973198],[-104.89944599985179,41.522968999724036],[-104.8994879996846,41.522068000202765],[-104.89950699995117,41.52164600007914]]]},"properties":{"GEOID":"560210019013","BASENAME":"3","STATE":"56","COUNTY":"021","TRACT":"001901","BLKGRP":"3","NAME":"3"}},{"type":"Feature","geometry":{"type":"Polygon","coordinates":[[[-104.82174100014008,41.0880069997189],[-104.82176799990425,41.087960000151256],[-104.80974100004593,41.08792600014054],[-104.80961399982432,41.08792600014054],[-104.80961800002227,41.087843999763614],[-104.8086680001683,41.087842999741895],[-104.80578699974586,41.08783999967654],[-104.80534900007795,41.08784099969836],[-104.80482799967103,41.08786100013089],[-104.80430299996449,41.08786000010942],[-104.80273100031955,41.087857000044906],[-104.80220700043792,41.08785600002333],[-104.80210899963032,41.087855000001795],[-104.80181800027549,41.087855000001795],[-104.80172100019112,41.087855000001795],[-104.80166099991666,41.08785399998018],[-104.80157499970294,41.08785299995863],[-104.80148299964142,41.08785099991539],[-104.80142400009021,41.08785099991539],[-104.80132199998295,41.087848999872094],[-104.80113700003503,41.08784699982874],[-104.80101800020933,41.08784599980706],[-104.80091699992698,41.087844999785325],[-104.800840999759,41.087843999763614],[-104.80067599990257,41.08784199972011],[-104.8006149998032,41.08784099969836],[-104.80054000035844,41.08783999967654],[-104.8004950001526,41.08783900033183],[-104.8003620000832,41.087837000288175],[-104.80031799970227,41.087837000288175],[-104.80031799970227,41.08786600023807],[-104.8003190004255,41.08787999985916],[-104.80032100007533,41.0880710002429],[-104.80033000029616,41.0886470001227],[-104.8003329997709,41.08883900031465],[-104.8003329997709,41.08886799982236],[-104.80033399959581,41.08895500029981],[-104.80033500031902,41.08898499976069],[-104.80033500031902,41.08900199983275],[-104.80033500031902,41.08905400002592],[-104.80033600014394,41.08907200008321],[-104.80034100016682,41.08944900014963],[-104.80035799988525,41.090580000233594],[-104.80036399973304,41.090956999771656],[-104.80036499955794,41.09104900005606],[-104.80036899975592,41.09132700007385],[-104.80037100030404,41.09141999980744],[-104.80036999958082,41.09150299974975],[-104.80036999958082,41.09175500018821],[-104.80036999958082,41.09183899966822],[-104.80037100030404,41.09191699995966],[-104.80037399977877,41.09215200023447],[-104.80037600032692,41.092231000109294],[-104.80037700015184,41.09230899993533],[-104.80037999962656,41.09254500011224],[-104.80038100034977,41.092624000191456],[-104.8003839998245,41.09287800028236],[-104.8003960004184,41.093640000078956],[-104.80039999971805,41.093895000233374],[-104.80069699981897,41.09389700009263],[-104.80158800012174,41.093902999669965],[-104.80188600004756,41.093905000205986],[-104.80253799997571,41.09390999985322],[-104.8044949995851,41.09392600007579],[-104.80514800023649,41.09393200032754],[-104.80530700024515,41.093933000256584],[-104.80578599992094,41.093936000043676],[-104.80594599975451,41.093937999901684],[-104.80610499976319,41.09393899983069],[-104.80658199978916,41.09394200029452],[-104.80674199962272,41.09394400015234],[-104.80689899998156,41.09394400015234],[-104.80737199980958,41.09394699993893],[-104.80752999999333,41.093947999867744],[-104.80767800013133,41.093947999867744],[-104.80812500002006,41.093947999867744],[-104.80827399998299,41.0939489997966],[-104.80843299999165,41.0939489997966],[-104.80891099984254,41.093951000331174],[-104.80907099967611,41.09395200025998],[-104.8091610000878,41.09395200025998],[-104.80943100042452,41.0939550000462],[-104.80952099993792,41.093955999974895],[-104.80956100012087,41.095008999736734],[-104.80956699996865,41.09513799985469],[-104.80950599986927,41.095384999678004],[-104.80947900010511,41.0954940002777],[-104.80946800023446,41.0955399999672],[-104.80943800009722,41.09566199972358],[-104.80945900001363,41.09572800004116],[-104.80945800018871,41.095744999722456],[-104.80944599959483,41.09678599993686],[-104.80944200029518,41.09713299995273],[-104.8096549998322,41.097130000311566],[-104.81029699971461,41.09712299979452],[-104.81051099997485,41.09712100003348],[-104.8106189999299,41.09709600030753],[-104.81078899980922,41.09707900029894],[-104.81080899990069,41.09707900029894],[-104.81171699992188,41.0970879999058],[-104.81201999987059,41.09709200010682],[-104.81228299963634,41.09709499974965],[-104.81233399968995,41.09709499974965],[-104.81327799969617,41.09710400003136],[-104.81359300023874,41.09710699967365],[-104.81363400024664,41.09710699967365],[-104.813759999745,41.09710699967365],[-104.8138019995778,41.097108000231344],[-104.81376599959279,41.09700899977905],[-104.81365799963775,41.09671400000827],[-104.81362300037597,41.09661600020433],[-104.81362300037597,41.09630899995492],[-104.81362300037597,41.095388000075786],[-104.81362300037597,41.095152999867715],[-104.81362300037597,41.09508100018016],[-104.81376399994296,41.09508000026858],[-104.8141890000904,41.09507799976834],[-104.81433100038063,41.09507799976834],[-104.81486000028512,41.09481099980283],[-104.81522299960997,41.094651000234016],[-104.81562900038915,41.09442099970573],[-104.81622199986776,41.09404600026703],[-104.81623899958622,41.09403600031588],[-104.81640599999078,41.09398699978858],[-104.8166379997944,41.0939489997966],[-104.81683399961297,41.09382199991332],[-104.81703799982746,41.09366800024251],[-104.81726299995837,41.0935260001119],[-104.81750200033296,41.09330599977061],[-104.81785100031243,41.093070000296414],[-104.8183080002469,41.09283899970321],[-104.81872199962538,41.092575999914665],[-104.81901899972631,41.092230000154295],[-104.81925100042821,41.091977000224944],[-104.81944700024681,41.09168600005138],[-104.81959299983667,41.091469000218396],[-104.81964300006537,41.09139499994296],[-104.81966499980669,41.091368000132796],[-104.81973799960163,41.09114200018322],[-104.81979600022625,41.09050500032973],[-104.81993299959528,41.08998399991613],[-104.8201440003808,41.08961600016477],[-104.820199999559,41.08945900012193],[-104.82022399984842,41.089396000270995],[-104.82026700040443,41.089335999679676],[-104.82038299985709,41.08920399967551],[-104.82057899967566,41.08902799993448],[-104.82085499986019,41.08887399985896],[-104.82114500028841,41.088819000179804],[-104.82141399990194,41.0886769997242],[-104.82160300004782,41.08854999980532],[-104.82169000008645,41.08841300018806],[-104.82172400042164,41.08814300016547],[-104.82174100014008,41.0880069997189]]]},"properties":{"GEOID":"560210004012","BASENAME":"2","STATE":"56","COUNTY":"021","TRACT":"000401","BLKGRP":"2","NAME":"2"}},{"type":"Feature","geometry":{"type":"Polygon","coordinates":[[[-104.80929900018005,41.14623599987787],[-104.80939100024156,41.1459209997604],[-104.80846800015175,41.14591100026874],[-104.80719400043264,41.14590400021786],[-104.80707700025678,41.14590400021786],[-104.80654400015432,41.14590299972733],[-104.80625399972608,41.14590199991322],[-104.80623299980971,41.14590299972733],[-104.80618299958098,41.14590599984592],[-104.80607999964883,41.14590199991322],[-104.80566999956999,41.14590100009914],[-104.80499199970257,41.145895999675545],[-104.8043320002768,41.14586999976655],[-104.80431700020819,41.14586999976655],[-104.80425299973577,41.14588900029944],[-104.8035229999898,41.145895999675545],[-104.80290799987156,41.145887999808686],[-104.80262500001436,41.14588399987493],[-104.8017760004427,41.145872999886656],[-104.80149299968716,41.14586999976655],[-104.80134000042462,41.145868999951986],[-104.800880999942,41.145868999951986],[-104.8007279997811,41.145868999951986],[-104.80072299975824,41.14641000023462],[-104.80071400043572,41.14758099976141],[-104.80074399967461,41.147830000060345],[-104.80077800000983,41.1479649999412],[-104.80079899992622,41.14802600018198],[-104.80082599969039,41.14810499979961],[-104.80101800020933,41.148522000288395],[-104.80116100032446,41.14889599997935],[-104.80117600039308,41.14893399996243],[-104.80125400021089,41.149150000195355],[-104.80129600004368,41.149321000297846],[-104.80131799978498,41.14950599996584],[-104.80133000037885,41.14970400000111],[-104.80131299976212,41.14988899994128],[-104.80127699977712,41.150074000035836],[-104.80127199975423,41.15010100005717],[-104.80120499980708,41.15028100014077],[-104.8011300003623,41.15044699992258],[-104.80141800024242,41.15052899991241],[-104.80142900011306,41.15053300023923],[-104.80181499990245,41.1506139997028],[-104.80227500020999,41.15068300014399],[-104.80230299979907,41.15068399988515],[-104.80260300027304,41.15069900005947],[-104.80285099997015,41.15069900005947],[-104.80359800033288,41.15069900005947],[-104.8038469998549,41.150699999800395],[-104.80406600013804,41.15070199995862],[-104.80472599956377,41.15070799975655],[-104.80494599967182,41.150711000331704],[-104.80516499995493,41.150712000072446],[-104.8058239995558,41.150714999971],[-104.80604399966381,41.150717000128815],[-104.80626700014489,41.150717000128815],[-104.8069380003396,41.15071799986946],[-104.80716199974728,41.15071900028652],[-104.80737600000752,41.15071799986946],[-104.80801899971485,41.150717000128815],[-104.8082339998,41.150717000128815],[-104.80842999961861,41.150711000331704],[-104.80902200017061,41.150694999742726],[-104.80921899981409,41.15068999968474],[-104.80921999963901,41.1504360000234],[-104.8092249996619,41.14967800024923],[-104.80922700021002,41.14942499980984],[-104.80922800003493,41.149171999747],[-104.80923100040799,41.1486480001187],[-104.8092330000578,41.14841299978888],[-104.80923499970764,41.14819099980604],[-104.80923499970764,41.14816100033574],[-104.80923700025578,41.14793900017619],[-104.80924399992846,41.14727500018544],[-104.80924700030153,41.14705400020483],[-104.80923800008068,41.14667700007072],[-104.80925899999707,41.14647700007779],[-104.80929900018005,41.14623599987787]]]},"properties":{"GEOID":"560210008001","BASENAME":"1","STATE":"56","COUNTY":"021","TRACT":"000800","BLKGRP":"1","NAME":"1"}},{"type":"Feature","geometry":{"type":"Polygon","coordinates":[[[-104.79002599969549,41.14752599987215],[-104.79002200039584,41.147075999783276],[-104.79001099962687,41.14582599979305],[-104.78938100033835,41.14583100022203],[-104.7891110000016,41.14582800009996],[-104.78837000038499,41.14575400020319],[-104.78830799956239,41.14574600031906],[-104.78804200032192,41.14571199978582],[-104.78552300029773,41.14569399969538],[-104.78493999996655,41.14568899993243],[-104.78060700044811,41.145654000228284],[-104.78046500015789,41.145651999916055],[-104.78004199966026,41.145648999785855],[-104.77990100009328,41.14564799996791],[-104.77899499972189,41.14564499983748],[-104.77627900005422,41.145639000252714],[-104.77537400040607,41.145636999940045],[-104.77461399962458,41.14563299999098],[-104.77233700034805,41.14562299977892],[-104.77157800028976,41.14562000032387],[-104.7714050000374,41.14561899982901],[-104.77088600017862,41.14561700019215],[-104.77078499989629,41.14561700019215],[-104.77078300024647,41.145706000207234],[-104.77078200042156,41.14577300009326],[-104.77078200042156,41.145791999977774],[-104.77077999987341,41.14592499969195],[-104.77077999987341,41.14624399970227],[-104.77077999987341,41.14720199968656],[-104.77077999987341,41.14752200003832],[-104.77133600044043,41.14768800004106],[-104.77132999969432,41.147700000187946],[-104.77125500024958,41.14781400012119],[-104.77120400019595,41.14792600028978],[-104.77114999976928,41.1480970002023],[-104.77111200013444,41.14826900012334],[-104.77110299991361,41.148335000319335],[-104.77108500037026,41.148631999702744],[-104.77107899962415,41.148849999792425],[-104.77108899966991,41.148928999770085],[-104.77110499956345,41.14913999984328],[-104.77099300030876,41.149214999740984],[-104.77090200007216,41.149242000116054],[-104.77075800013209,41.149327999983996],[-104.77075499975906,41.149692000220995],[-104.77074700026147,41.15078500004551],[-104.77074499971332,41.15115000004448],[-104.7707430000635,41.151301000298616],[-104.77073700021573,41.15175700017788],[-104.77073600039081,41.151909000109285],[-104.77073499966758,41.15197700014248],[-104.77073399984266,41.15218099981885],[-104.77073399984266,41.152249999963615],[-104.77073300001774,41.1523970001769],[-104.77073200019285,41.15279799967172],[-104.77073200019285,41.15294700009877],[-104.77073200019285,41.15299500020509],[-104.7707299996447,41.15306600025561],[-104.7707299996447,41.15314900005523],[-104.77072700016997,41.15323799999255],[-104.77072100032218,41.153587999676105],[-104.7707160002993,41.153870000168276],[-104.77071399975117,41.15399199975104],[-104.77071299992626,41.15405299979543],[-104.77070399970545,41.15460199967008],[-104.7707020000556,41.154740999881],[-104.7707079999034,41.155193000139874],[-104.77070700007849,41.1552110003281],[-104.7706939996597,41.15556700032917],[-104.77069100018495,41.15559899980139],[-104.77068600016209,41.155659000037865],[-104.77068500033717,41.15569599981812],[-104.77068299978905,41.155808999712434],[-104.77068399961396,41.155846999746835],[-104.77069700003275,41.15652900000066],[-104.77069500038291,41.156610000172236],[-104.77070299988053,41.158253999983536],[-104.77070100023072,41.15913099998874],[-104.77069600020783,41.15997800028315],[-104.77069600020783,41.160123999801236],[-104.77033299998469,41.16012199993049],[-104.76969699995003,41.16011800018875],[-104.76900900003686,41.160113999770495],[-104.76829699983425,41.16010899975456],[-104.76828400031377,41.16096699974668],[-104.76828099994073,41.16115299994722],[-104.76827300044312,41.16170999983745],[-104.76827099989498,41.16189700020473],[-104.76827099989498,41.161925999906444],[-104.76827099989498,41.162026000085525],[-104.76827099989498,41.162328999750706],[-104.76827099989498,41.1624300002295],[-104.76826900024517,41.16259699991633],[-104.76826500004721,41.16310099981305],[-104.76826500004721,41.163269000044416],[-104.7682640002223,41.16332400025199],[-104.7682640002223,41.16349199991166],[-104.7682640002223,41.1635480001534],[-104.7682640002223,41.16370800019385],[-104.76830400040527,41.16370899973637],[-104.76840999981216,41.16370999995517],[-104.7687300003776,41.16371499969637],[-104.76883699960942,41.16371700013377],[-104.76885400022617,41.16371700013377],[-104.76890500027979,41.16371700013377],[-104.76892199999824,41.16371799967621],[-104.76901200040992,41.16371899989487],[-104.7692850002214,41.163723000093086],[-104.76937599955968,41.16372499985396],[-104.76962599980492,41.16373099981249],[-104.77037900001542,41.16374899968484],[-104.77063000008559,41.16375599985928],[-104.77076499980483,41.16375700007736],[-104.77117300023382,41.163760000055234],[-104.77130999960283,41.163761000273254],[-104.77247100024235,41.16376499979266],[-104.77368499968696,41.16377399972477],[-104.77391800021378,41.163776000160375],[-104.77461699999762,41.163783000331925],[-104.77485100034936,41.163786000308605],[-104.77508300015295,41.16378500009096],[-104.77578299976169,41.1637839998733],[-104.77601600028851,41.1637839998733],[-104.77609199955818,41.16397699966878],[-104.77632199971193,41.16455599970232],[-104.77639899970482,41.16475000013215],[-104.77648699956838,41.16497099997076],[-104.77675299970716,41.16563399974854],[-104.77684200029394,41.165856000173164],[-104.77706499987669,41.16611400032488],[-104.77773699989635,41.16688999975922],[-104.77796100020232,41.16714900006347],[-104.77806400013448,41.16711800031079],[-104.77819300000591,41.167089999692585],[-104.77840999974089,41.16708000004855],[-104.7784239999846,41.16708000004855],[-104.77907500008783,41.16709300019412],[-104.77938499970925,41.16709300019412],[-104.77952199997661,41.16707600005521],[-104.7796280002818,41.167013000297715],[-104.77972799984093,41.16691499995335],[-104.77973200003888,41.16686500023186],[-104.77974000043478,41.16678500005703],[-104.77975999962797,41.16639500017316],[-104.77975600032832,41.16625200028783],[-104.77974799993241,41.16582300011194],[-104.77974499955934,41.16568000033085],[-104.77974799993241,41.16525600009136],[-104.7797610003512,41.16398399981887],[-104.77976600037408,41.1635610003234],[-104.77976899984881,41.16304900010499],[-104.77977999971944,41.16151400004803],[-104.77978399991743,41.16100300032847],[-104.77978300009251,41.16097199969719],[-104.77978200026759,41.1608789997442],[-104.77978200026759,41.16084899999301],[-104.77977999971944,41.160711000149135],[-104.77977499969658,41.16029900009209],[-104.77977399987167,41.16016200003935],[-104.78043800039372,41.16016500018179],[-104.78243099998812,41.1601770000739],[-104.78309600033506,41.16018200008464],[-104.78355400009447,41.16018500022621],[-104.78492800027098,41.16019700011461],[-104.78538699985529,41.16020099985152],[-104.78538199983241,41.1594039997755],[-104.78537599998464,41.15832000027273],[-104.78536299956585,41.15701599984985],[-104.78535599989316,41.15622100026286],[-104.7853519996952,41.15585699975224],[-104.78535599989316,41.15561200019547],[-104.7853719997867,41.15482699997582],[-104.78537000013687,41.15378800029895],[-104.78537400033483,41.15259699969854],[-104.78537699980956,41.15230000001333],[-104.78539000022833,41.152067999758216],[-104.78539899955086,41.15198700006183],[-104.78543000041132,41.15173799999263],[-104.78551800027486,41.15147000006753],[-104.78564499959816,41.151256000178634],[-104.78578699988839,41.15105599994808],[-104.78603600030873,41.15081399992886],[-104.7862890000287,41.150602999831634],[-104.78652599985517,41.15044300026694],[-104.78687700038277,41.15026800004228],[-104.78721600031648,41.15013999976776],[-104.78759299988502,41.15004100014497],[-104.78802800007823,41.14994199969631],[-104.78804200032192,41.149938999762384],[-104.78847800034,41.14978600024377],[-104.78886599977922,41.14959099972969],[-104.78909900030602,41.149429000204016],[-104.78924999991878,41.1493089997712],[-104.78933299975944,41.149236000183976],[-104.78940999975235,41.1491689997778],[-104.7895830000047,41.148988000256466],[-104.78974200001335,41.14874699981553],[-104.78986800041007,41.1485080000668],[-104.7898790002807,41.148487999841734],[-104.78991000024286,41.148391999758694],[-104.7899839998627,41.1481379999885],[-104.79002599969549,41.14752599987215]]]},"properties":{"GEOID":"560210014011","BASENAME":"1","STATE":"56","COUNTY":"021","TRACT":"001401","BLKGRP":"1","NAME":"1"}},{"type":"Feature","geometry":{"type":"Polygon","coordinates":[[[-104.78873600008286,41.166184999690344],[-104.78890299958914,41.16600099993784],[-104.78868400020433,41.165889999727014],[-104.78802800007823,41.16555999989069],[-104.78780999962001,41.16544999980134],[-104.78779499955141,41.16544200029178],[-104.78775100006877,41.16542000011381],[-104.78773699982507,41.16541300011712],[-104.78756600012086,41.16532499999827],[-104.78705399993478,41.16506100028515],[-104.78688400005547,41.16497299969359],[-104.78669300025975,41.164875999880564],[-104.78612099979922,41.16458500025626],[-104.78593099982842,41.16448900007581],[-104.78575299955318,41.16439399996308],[-104.78566899988759,41.16435000024866],[-104.78548899996255,41.16422499969982],[-104.78532099973306,41.16409700030274],[-104.78526300000675,41.164046999783515],[-104.78511099967078,41.16391700028382],[-104.7849080001795,41.163786000308605],[-104.78482199996577,41.163751999663084],[-104.78467700020082,41.163693999833924],[-104.78442699995556,41.163628999766225],[-104.78416599983966,41.1636070003321],[-104.78394499990671,41.163616999829884],[-104.7838450003476,41.1636310002062],[-104.78369499966145,41.16365300030851],[-104.7835139999115,41.163662000256046],[-104.78333599963625,41.16365999981696],[-104.78328999960551,41.16365999981696],[-104.78307700006849,41.1636070003321],[-104.78283199984611,41.163502000103286],[-104.7826689996395,41.16343300030567],[-104.78285000028777,41.16319800022458],[-104.78296999993837,41.16302900025832],[-104.7830419999084,41.16286799968104],[-104.78307600024357,41.16262299995482],[-104.78308999958897,41.161534999932734],[-104.78309700015998,41.16103199974951],[-104.78309700015998,41.16099500027606],[-104.78309700015998,41.160886000225204],[-104.78309700015998,41.16085000025546],[-104.78309600033506,41.16071600011913],[-104.78309600033506,41.16031499968957],[-104.78309600033506,41.16018200008464],[-104.78243099998812,41.1601770000739],[-104.78043800039372,41.16016500018179],[-104.77977399987167,41.16016200003935],[-104.77977499969658,41.16029900009209],[-104.77977999971944,41.160711000149135],[-104.77978200026759,41.16084899999301],[-104.77978200026759,41.1608789997442],[-104.77978300009251,41.16097199969719],[-104.77978399991743,41.16100300032847],[-104.77977999971944,41.16151400004803],[-104.77976899984881,41.16304900010499],[-104.77976600037408,41.1635610003234],[-104.7797610003512,41.16398399981887],[-104.77974799993241,41.16525600009136],[-104.77974499955934,41.16568000033085],[-104.77974799993241,41.16582300011194],[-104.77975600032832,41.16625200028783],[-104.77975999962797,41.16639500017316],[-104.77974000043478,41.16678500005703],[-104.77973200003888,41.16686500023186],[-104.77972799984093,41.16691499995335],[-104.7796280002818,41.167013000297715],[-104.77952199997661,41.16707600005521],[-104.77938499970925,41.16709300019412],[-104.77907500008783,41.16709300019412],[-104.7784239999846,41.16708000004855],[-104.77840999974089,41.16708000004855],[-104.77819300000591,41.167089999692585],[-104.77806400013448,41.16711800031079],[-104.77796100020232,41.16714900006347],[-104.77811199981505,41.16731400024568],[-104.77856700009973,41.16780900032793],[-104.77861800015336,41.16786500026159],[-104.77876700011629,41.167865999740755],[-104.77901200033865,41.16786699989611],[-104.77974799993241,41.16786999968583],[-104.7799939999797,41.167871999996386],[-104.78040900008139,41.16787400030689],[-104.7816540003865,41.16788299967465],[-104.7820700003131,41.16788600013987],[-104.78277400011979,41.16788899992873],[-104.78488600043819,41.16790099975897],[-104.78532499993102,41.167903000068584],[-104.7855910000698,41.16790499970194],[-104.7855910000698,41.16773800001718],[-104.7855910000698,41.16723900009142],[-104.78559199989472,41.167073000229145],[-104.7857800002157,41.1670739997204],[-104.78634599993012,41.16708000004855],[-104.78653500007601,41.167082999874296],[-104.78672599987172,41.167082999874296],[-104.78730199963191,41.1670840000416],[-104.78749400015083,41.167085000208886],[-104.7876890001445,41.16708699986716],[-104.78827499995042,41.16709300019412],[-104.78847099976899,41.16709499985215],[-104.78846200044649,41.16684599969197],[-104.78846099972326,41.16681499979591],[-104.78846699957104,41.1666389998244],[-104.78850599992909,41.166486000060615],[-104.78862399992988,41.16631100006079],[-104.78873600008286,41.166184999690344]]]},"properties":{"GEOID":"560210014013","BASENAME":"3","STATE":"56","COUNTY":"021","TRACT":"001401","BLKGRP":"3","NAME":"3"}},{"type":"Feature","geometry":{"type":"Polygon","coordinates":[[[-104.8091689995854,41.16034499968519],[-104.80917600015641,41.1603249996896],[-104.80886800018483,41.16001400005558],[-104.80875100000895,41.15992100009585],[-104.80849699956576,41.15966299990939],[-104.8084170000981,41.15954699972531],[-104.80829400007447,41.15933900018707],[-104.80819899963993,41.159240000253014],[-104.80808999985999,41.1591570000496],[-104.80798899957763,41.15909700030972],[-104.8077269996368,41.15892700029762],[-104.80761100018418,41.15884399969783],[-104.8074439997796,41.158630000208944],[-104.80736400031196,41.15860799977307],[-104.80727700027334,41.158564000231905],[-104.80705100031753,41.15853700031438],[-104.80689899998156,41.15853099988032],[-104.80663000036806,41.158509000087555],[-104.8065280002608,41.15849800018841],[-104.80626700014489,41.158509000087555],[-104.806113999984,41.158509000087555],[-104.80595400015045,41.15850399994919],[-104.80578000007317,41.158482000147366],[-104.80541699985002,41.158410000252516],[-104.80531499974276,41.15838300027154],[-104.8051909998942,41.15836099975281],[-104.80504600012924,41.15835499997894],[-104.80472599956377,41.15836099975281],[-104.80400000001579,41.15831199989278],[-104.80345500021774,41.15826199969422],[-104.80256100044024,41.158190000234],[-104.80187799965162,41.158141000246175],[-104.80135499959492,41.15810799968156],[-104.80049799962732,41.15804199985525],[-104.79962599959114,41.15799299975678],[-104.79884899998952,41.1579590001638],[-104.79813599996199,41.15788800000209],[-104.79649399999685,41.157777999885454],[-104.79613099977372,41.15775000001074],[-104.79563700002929,41.15775599983994],[-104.79465600021315,41.15769499985964],[-104.79462699990084,41.157672999786335],[-104.79427799992138,41.15763500013415],[-104.79352999973376,41.157585000095466],[-104.79320300039393,41.15755799977465],[-104.79274499973621,41.15753600033167],[-104.79234600042636,41.15750300013886],[-104.79195399989088,41.157464000074],[-104.7915539998578,41.15743099984489],[-104.79121999994696,41.157393000052416],[-104.79109600009839,41.157393000052416],[-104.79095100033345,41.15747500014668],[-104.79068199982162,41.15772700032209],[-104.79061599969937,41.15784299966927],[-104.79058700028537,41.15800199980519],[-104.79052899966075,41.158853000305726],[-104.79050000024672,41.15910600020659],[-104.7904199998808,41.15930300004387],[-104.79035399975855,41.15941899998352],[-104.78996200012138,41.159649000037994],[-104.78959100040062,41.15972599996999],[-104.7892940002997,41.159814000168],[-104.78906800034387,41.15991799994224],[-104.78891600000792,41.160012000181474],[-104.78879899983207,41.16018700009504],[-104.78878600031159,41.160210999868944],[-104.78538699985529,41.16020099985152],[-104.78492800027098,41.16019700011461],[-104.78355400009447,41.16018500022621],[-104.78309600033506,41.16018200008464],[-104.78309600033506,41.16031499968957],[-104.78309600033506,41.16071600011913],[-104.78309700015998,41.16085000025546],[-104.78309700015998,41.160886000225204],[-104.78309700015998,41.16099500027606],[-104.78309700015998,41.16103199974951],[-104.78308999958897,41.161534999932734],[-104.78307600024357,41.16262299995482],[-104.7830419999084,41.16286799968104],[-104.78296999993837,41.16302900025832],[-104.78285000028777,41.16319800022458],[-104.7826689996395,41.16343300030567],[-104.78283199984611,41.163502000103286],[-104.78307700006849,41.1636070003321],[-104.78328999960551,41.16365999981696],[-104.78333599963625,41.16365999981696],[-104.7835139999115,41.163662000256046],[-104.78369499966145,41.16365300030851],[-104.7838450003476,41.1636310002062],[-104.78394499990671,41.163616999829884],[-104.78416599983966,41.1636070003321],[-104.78442699995556,41.163628999766225],[-104.78467700020082,41.163693999833924],[-104.78482199996577,41.163751999663084],[-104.7849080001795,41.163786000308605],[-104.78511099967078,41.16391700028382],[-104.78526300000675,41.164046999783515],[-104.78532099973306,41.16409700030274],[-104.78548899996255,41.16422499969982],[-104.78566899988759,41.16435000024866],[-104.78575299955318,41.16439399996308],[-104.78593099982842,41.16448900007581],[-104.78612099979922,41.16458500025626],[-104.78669300025975,41.164875999880564],[-104.78688400005547,41.16497299969359],[-104.78705399993478,41.16506100028515],[-104.78756600012086,41.16532499999827],[-104.78773699982507,41.16541300011712],[-104.78775100006877,41.16542000011381],[-104.78779499955141,41.16544200029178],[-104.78780999962001,41.16544999980134],[-104.78802800007823,41.16555999989069],[-104.78868400020433,41.165889999727014],[-104.78890299958914,41.16600099993784],[-104.78873600008286,41.166184999690344],[-104.78862399992988,41.16631100006079],[-104.78850599992909,41.166486000060615],[-104.78846699957104,41.1666389998244],[-104.78846099972326,41.16681499979591],[-104.78846200044649,41.16684599969197],[-104.78847099976899,41.16709499985215],[-104.78827499995042,41.16709300019412],[-104.7876890001445,41.16708699986716],[-104.78749400015083,41.167085000208886],[-104.78730199963191,41.1670840000416],[-104.78672599987172,41.167082999874296],[-104.78653500007601,41.167082999874296],[-104.78634599993012,41.16708000004855],[-104.7857800002157,41.1670739997204],[-104.78559199989472,41.167073000229145],[-104.7855910000698,41.16723900009142],[-104.7855910000698,41.16773800001718],[-104.7855910000698,41.16790499970194],[-104.78532499993102,41.167903000068584],[-104.78488600043819,41.16790099975897],[-104.78277400011979,41.16788899992873],[-104.7820700003131,41.16788600013987],[-104.78209000040457,41.16810799969715],[-104.78215300015377,41.16877699969023],[-104.78217400007016,41.168999999747825],[-104.78188899966482,41.169073000317425],[-104.78170399971687,41.16912100011037],[-104.78104699976583,41.169337000095844],[-104.78101499997881,41.169348000204444],[-104.78077700032743,41.16945299985677],[-104.78047900040161,41.169559000146634],[-104.78043699967047,41.16957500018824],[-104.78012399967604,41.16965199995346],[-104.77976700019897,41.169687999821456],[-104.77954600026604,41.169690000076514],[-104.77923099972345,41.16969299978277],[-104.77902400003423,41.169690000076514],[-104.77840300006821,41.169681000280725],[-104.77819700020387,41.16967799989768],[-104.77797799992075,41.169676999769976],[-104.77732099996972,41.1696750001907],[-104.77710199968661,41.1696750001907],[-104.77687999992877,41.169670000228024],[-104.7767769999966,41.16966799997234],[-104.77650699965987,41.16964800011718],[-104.77621799995487,41.16959899990519],[-104.77600000039497,41.169562999988344],[-104.77599899967174,41.16979200015541],[-104.77599799984684,41.17048100014238],[-104.77599799984684,41.17071099991759],[-104.77599799984684,41.170854000214604],[-104.77599799984684,41.17098699979925],[-104.77598199995332,41.17123799998301],[-104.77597199990758,41.17128099970253],[-104.77594099994543,41.171420999804525],[-104.77592099985395,41.17147000000627],[-104.77586099957949,41.17162000000948],[-104.77585700027986,41.171632999930466],[-104.77583899983817,41.17166900006233],[-104.77573900027905,41.17186800019019],[-104.77569800027118,41.171951999940376],[-104.77563799999673,41.172143999931],[-104.77563700017183,41.17233600003508],[-104.77565999973804,41.172513999748666],[-104.77566300011108,41.17253199991311],[-104.77573199970806,41.17272500031366],[-104.77588599969386,41.17297100021363],[-104.77590800033346,41.172998999670895],[-104.77625700031294,41.173430000336175],[-104.77635799969694,41.17362500025458],[-104.77641399977344,41.17381700007525],[-104.77643999971272,41.17396399992738],[-104.77642800001715,41.17414600018882],[-104.77642499964409,41.17423399995559],[-104.7764170001465,41.174497999898826],[-104.77641499959836,41.17458699992164],[-104.77641299994852,41.17464400019939],[-104.77640799992567,41.174815000058985],[-104.77640700010075,41.17487300018679],[-104.77697600018823,41.174876000331864],[-104.7785009999775,41.1748850000902],[-104.77868400027559,41.174875000283556],[-104.77871799971248,41.17487400023519],[-104.77890799968327,41.17485900018396],[-104.7792480003402,41.1747969998457],[-104.77935600029522,41.17477800025377],[-104.77943300028814,41.17476200013048],[-104.7798040000089,41.174687999763066],[-104.77999200032988,41.174665999984924],[-104.78013200007196,41.174659000299854],[-104.78017999975253,41.17464699967882],[-104.7804159997541,41.17461600009291],[-104.78270100032486,41.174628000043434],[-104.78677000025264,41.174671000242505],[-104.78743399987637,41.174684000234244],[-104.78940499972947,41.17472300019396],[-104.78979100041715,41.17473700022585],[-104.78999599955824,41.17474800010392],[-104.79032399962131,41.17474299985222],[-104.79038700026884,41.17474900015422],[-104.79185500015667,41.174722000143255],[-104.79216999980093,41.174722000143255],[-104.79246000022917,41.17470099975144],[-104.79257700040505,41.17468300018296],[-104.79336900007529,41.17449599979056],[-104.7971369997042,41.17362400018713],[-104.79743499963003,41.173566999698025],[-104.79801399976326,41.17345700020346],[-104.79844800013153,41.17343600008224],[-104.80185599991034,41.17370400012569],[-104.8020020003985,41.17371700030933],[-104.80344699982182,41.17384800003933],[-104.8036130004015,41.17386399970967],[-104.80379599980128,41.17387799992515],[-104.80403199980283,41.173895999714816],[-104.80482699984613,41.17412100004915],[-104.80623299980971,41.174518000301966],[-104.80751099972676,41.17460600024515],[-104.8081419997385,41.17465199993785],[-104.80894400035282,41.17474199980184],[-104.80898899966034,41.17450000000703],[-104.8090139997747,41.174312999768404],[-104.80902800001842,41.17404700030995],[-104.80903399986619,41.1734750001088],[-104.80904100043719,41.172834999684945],[-104.80904399991192,41.17250599974913],[-104.80905399995767,41.17152299989337],[-104.8090559996075,41.17133399974252],[-104.80905800015563,41.17119500023533],[-104.8090640000034,41.17048700015853],[-104.80907499987406,41.169406999894576],[-104.80908599974471,41.16836599977287],[-104.80909300031573,41.16765899971429],[-104.80909300031573,41.16749300023981],[-104.80909699961536,41.16699600013805],[-104.8090990001635,41.166830999831376],[-104.80910300036147,41.16667499999535],[-104.80910699966111,41.16652299981528],[-104.80911699970686,41.16620700028775],[-104.80912199972973,41.16605199982546],[-104.8091259999277,41.165651999774404],[-104.8091269997526,41.16555000001318],[-104.80913799962326,41.16445600000245],[-104.80914299964613,41.1640569998904],[-104.80915699988984,41.162024999841066],[-104.80915799971474,41.16184599978858],[-104.8091689995854,41.16034499968519]]]},"properties":{"GEOID":"560210014022","BASENAME":"2","STATE":"56","COUNTY":"021","TRACT":"001402","BLKGRP":"2","NAME":"2"}},{"type":"Feature","geometry":{"type":"Polygon","coordinates":[[[-104.8382520000279,41.14614200017734],[-104.83809499966905,41.14608100021322],[-104.83787000043647,41.14598400017553],[-104.83694800017157,41.145636999940045],[-104.83553100033734,41.14515499992118],[-104.83548399958339,41.14513900000577],[-104.83531700007711,41.14509600004462],[-104.83410699993212,41.14475200001681],[-104.83348400031628,41.144556000255854],[-104.83279999970276,41.144324000333896],[-104.8314020001351,41.143848999729435],[-104.83113099997345,41.14376099974669],[-104.83031699966357,41.1434990001444],[-104.83004700022515,41.14341200022054],[-104.82903200007384,41.14310699998799],[-104.82882000036173,41.1430319998688],[-104.82727499958268,41.14257299992232],[-104.82589999958125,41.14212099992488],[-104.8257139998084,41.14206100015195],[-104.82559199960966,41.14210499994568],[-104.82445900035589,41.14252899976613],[-104.82334399974714,41.142945999861055],[-104.8231160001415,41.143030000153104],[-104.82243499990102,41.14328300023764],[-104.82220800012031,41.143367999950705],[-104.82198499963924,41.14345099985077],[-104.82131599999265,41.143703999664076],[-104.82109400023478,41.143789000184505],[-104.82086900010388,41.14387099970666],[-104.82019299988629,41.144118000205175],[-104.8199689995803,41.14420099983245],[-104.82054400041389,41.1450880000802],[-104.81944300004884,41.14549800004412],[-104.81960500043054,41.14577499972531],[-104.81962700017185,41.145850999904596],[-104.81962600034694,41.14597099990158],[-104.81974799964736,41.14597099990158],[-104.8210330001354,41.14596900027546],[-104.82111199977813,41.14596900027546],[-104.82116299983177,41.14596900027546],[-104.82241900000751,41.14598100006051],[-104.82248099993177,41.14598199987338],[-104.82252299976457,41.14598199987338],[-104.82381800029837,41.14599400033253],[-104.82396999973604,41.14599500014519],[-104.82424599992055,41.14599500014519],[-104.82507699994886,41.14599599995783],[-104.8253539999583,41.145996999770475],[-104.82562500011996,41.14600099969738],[-104.82644100007963,41.146013000153005],[-104.82671300006619,41.146017000078935],[-104.82699599992343,41.146021000004566],[-104.82784600021829,41.14603299978011],[-104.82812999990043,41.146036999704826],[-104.82872199955412,41.146039000005295],[-104.8300000003695,41.14605200026581],[-104.83027499983078,41.146053999889354],[-104.8310990001864,41.14606000011262],[-104.83137500037093,41.14606199973591],[-104.83274299980134,41.146074999991875],[-104.833486999791,41.14608500013495],[-104.83360999981467,41.14608599994623],[-104.83397999971052,41.14608900005649],[-104.83410399955906,41.146089999867705],[-104.83553100033734,41.14609699989878],[-104.83693200027804,41.146107000038505],[-104.83720699973937,41.14612299971772],[-104.83803500029292,41.14617199989492],[-104.8382520000279,41.14614200017734]]]},"properties":{"GEOID":"560210010002","BASENAME":"2","STATE":"56","COUNTY":"021","TRACT":"001000","BLKGRP":"2","NAME":"2"}},{"type":"Feature","geometry":{"type":"Polygon","coordinates":[[[-104.83349500018693,41.14116200024028],[-104.83348900033916,41.14104900013132],[-104.83343800028553,41.14039999987818],[-104.83341900001895,41.13950300002342],[-104.83341700036912,41.13944199997246],[-104.83341200034624,41.13926000007104],[-104.83341099962303,41.13919999971035],[-104.83329000014751,41.13901899973296],[-104.83292899957416,41.13847800004122],[-104.83280899992357,41.13829800003104],[-104.83258999964046,41.138383000116185],[-104.83193400041266,41.13864000023688],[-104.83171599995447,41.13872599980232],[-104.83148999999865,41.13881000008712],[-104.83081299995614,41.13906400013284],[-104.83058799982524,41.139148999901806],[-104.83036500024248,41.13922999989755],[-104.82969599969755,41.139475999697346],[-104.82947399993971,41.139557999876594],[-104.82924899980883,41.139639999953324],[-104.82857400031443,41.13988800005646],[-104.82835000000846,41.13997100030167],[-104.82812400005265,41.14005499966852],[-104.82744899965994,41.140309000305],[-104.82722500025227,41.14039399981356],[-104.82700000012137,41.140478999888494],[-104.82632499972867,41.1407379997002],[-104.82610100032102,41.14082399989733],[-104.82588000038807,41.14090599974425],[-104.82521900023909,41.14115399979595],[-104.82499900013106,41.14123699979201],[-104.82483000007666,41.14129900008733],[-104.8243260002865,41.14148599982652],[-104.824158000057,41.1415489997669],[-104.82540199963887,41.14195800033489],[-104.8257139998084,41.14206100015195],[-104.82589999958125,41.14212099992488],[-104.82727499958268,41.14257299992232],[-104.82882000036173,41.1430319998688],[-104.82903200007384,41.14310699998799],[-104.83004700022515,41.14341200022054],[-104.83031699966357,41.1434990001444],[-104.83113099997345,41.14376099974669],[-104.8314020001351,41.143848999729435],[-104.83279999970276,41.144324000333896],[-104.83348400031628,41.144556000255854],[-104.83348900033916,41.14425400012629],[-104.83348900033916,41.144073999732534],[-104.83348900033916,41.14353400032225],[-104.83348900033916,41.14335499983458],[-104.83348799961593,41.14316600030113],[-104.83348500014118,41.14260100019092],[-104.83348500014118,41.14241299970472],[-104.83348299959304,41.14219599973289],[-104.8334790002934,41.14154500024495],[-104.83347799957018,41.14132800010716],[-104.83349500018693,41.14116200024028]]]},"properties":{"GEOID":"560210010003","BASENAME":"3","STATE":"56","COUNTY":"021","TRACT":"001000","BLKGRP":"3","NAME":"3"}},{"type":"Feature","geometry":{"type":"Polygon","coordinates":[[[-104.84845100014826,41.20595700011694],[-104.84828799994165,41.20554000015841],[-104.84780199969485,41.2042909997572],[-104.84764000021146,41.20387500027709],[-104.84777999995353,41.203508000067295],[-104.84820299955284,41.20241099979375],[-104.84834400001816,41.202044999793614],[-104.84834099964509,41.20194699981915],[-104.8483330001475,41.20165299969129],[-104.84833099959936,41.201556000122565],[-104.84771100035657,41.20156500026978],[-104.84770700015861,41.20108899987312],[-104.84769200008998,41.20058399992025],[-104.84767000034869,41.19988799990978],[-104.84768000039442,41.19879299983062],[-104.8476860002422,41.19710299982084],[-104.84769100026506,41.195426999777276],[-104.84769600028794,41.19398900002054],[-104.84769799993776,41.193094000253474],[-104.84769899976268,41.19289399994706],[-104.8477010003108,41.19239099986902],[-104.84770700015861,41.19064800027103],[-104.84770999963334,41.1899730002984],[-104.84771300000638,41.1893969999384],[-104.8477010003108,41.1893969999384],[-104.84772399987703,41.18838000002854],[-104.8477149996562,41.18803100010209],[-104.8477010003108,41.18744500031858],[-104.84771399983129,41.187437999971074],[-104.84771399983129,41.185970000083714],[-104.8477149996562,41.18426299988423],[-104.8477149996562,41.182745999962144],[-104.84771999967906,41.18104599991338],[-104.84772399987703,41.179854999748365],[-104.84766100012784,41.17985399977602],[-104.84733999973749,41.179850999858914],[-104.84690299989448,41.17984899991409],[-104.84668299978645,41.17987099997982],[-104.8465249996027,41.179907000317264],[-104.8463899998835,41.17995400031493],[-104.84637499981487,41.17996000013953],[-104.84623800044584,41.180032000020766],[-104.84611200004915,41.18011300021504],[-104.8459759996067,41.18025700023805],[-104.84596200026131,41.18027400033723],[-104.84555700020536,41.18079799999767],[-104.84542199958783,41.18097299983943],[-104.84536700023456,41.18104499995922],[-104.84520499985284,41.181263999696135],[-104.84515100032449,41.18133700012178],[-104.84530199993723,41.18140300014948],[-104.84563699967298,41.18154899993352],[-104.84573899978024,41.18161299985662],[-104.84574499962802,41.18162100009612],[-104.84584000006258,41.181756999962],[-104.84583800041275,41.18188799983914],[-104.84583199966664,41.18228399973253],[-104.84583099984174,41.18241599984095],[-104.84583000001685,41.18244799972475],[-104.84582900019193,41.18254399995837],[-104.84582900019193,41.18257699971036],[-104.845828000367,41.182855000157204],[-104.845828000367,41.183689999739386],[-104.845828000367,41.18396900010345],[-104.84559200036546,41.183977999964576],[-104.84545400027321,41.18396200006042],[-104.84533200007446,41.18394099992673],[-104.84520999987572,41.18391000000685],[-104.84509299969986,41.183864000055074],[-104.8449689998513,41.183805999775835],[-104.84458600043497,41.1836019998311],[-104.84448000012976,41.18355299991543],[-104.84442400005327,41.18352899990194],[-104.84407900027176,41.18338600023091],[-104.84394399965423,41.18333099996225],[-104.8436790002387,41.18325900032746],[-104.84354399962116,41.18323199976794],[-104.84350900035938,41.18322800008473],[-104.84340600042721,41.18321800019956],[-104.84326699961173,41.183212999918396],[-104.84312799969454,41.18322199988337],[-104.84299100032551,41.183239999809665],[-104.84285700043121,41.18326699968984],[-104.84272699983654,41.18330300018883],[-104.84260200016308,41.18334700002058],[-104.84212299958897,41.183585999835074],[-104.8418149996174,41.183663000033604],[-104.84176100008904,41.18367700018289],[-104.84157899961585,41.183689999739386],[-104.84122499961353,41.1836879999118],[-104.84102299994714,41.183686999997974],[-104.84041700004975,41.183686000084144],[-104.8402160002083,41.183686000084144],[-104.8400549996515,41.18368500017031],[-104.83957099995284,41.18368299966648],[-104.83941100011926,41.18368299966648],[-104.8393790003322,41.18368299966648],[-104.83928300007274,41.18368299966648],[-104.8392520001106,41.18368299966648],[-104.83917000009484,41.18368199975258],[-104.8390830000562,41.18368099983868],[-104.83892400004754,41.18367999992475],[-104.83884299985668,41.18367999992475],[-104.83871200033543,41.18367999992475],[-104.83832200034809,41.18368099983868],[-104.83819299957835,41.18368199975258],[-104.83819299957835,41.18408999986031],[-104.83819299957835,41.18531800003664],[-104.83819400030158,41.185726999974776],[-104.83819199975343,41.1864580000434],[-104.83818599990566,41.188650999959044],[-104.83818400025584,41.189381999833195],[-104.83807899977553,41.18937600019573],[-104.83797400019355,41.18936999988173],[-104.83776400013127,41.18935700010083],[-104.8376600003742,41.189350999785034],[-104.83762299966595,41.18934999995769],[-104.83751499971092,41.189349000130335],[-104.8374789997259,41.189349000130335],[-104.83725299977009,41.1893459999722],[-104.83657699955249,41.18933899982789],[-104.83635200031992,41.18933700017287],[-104.83474100031694,41.18933300018653],[-104.83137799984564,41.189326000040886],[-104.82991099978271,41.18933099985526],[-104.82950699955167,41.18933300018653],[-104.82830200032787,41.18937399986576],[-104.8283039999777,41.18971800028531],[-104.8283039999777,41.1897389999183],[-104.82830800017567,41.19083400003496],[-104.82830999982548,41.19119999985915],[-104.82831200037361,41.19138200022164],[-104.82831999987121,41.19192800030137],[-104.82832300024427,41.19210999999202],[-104.8283249998941,41.19228899982937],[-104.8283340001149,41.19282599978479],[-104.82833699958965,41.193004999692356],[-104.82833499993984,41.193366999807196],[-104.82833099974188,41.19445400005787],[-104.82832999991696,41.194817000015426],[-104.82832200041935,41.19662499998502],[-104.82832700044223,41.19815599985548],[-104.8283190000463,41.198511999721894],[-104.82827600038861,41.2001930001913],[-104.82827700021352,41.20132300023667],[-104.82859699988066,41.20124700017567],[-104.82880100009515,41.20124199991956],[-104.82920000030333,41.20118099987325],[-104.82951300029778,41.20116999970374],[-104.82965899988764,41.201186999780596],[-104.8298329999649,41.20126299991127],[-104.82997100005717,41.20141200030262],[-104.83003700017942,41.20171399997351],[-104.83007999983711,41.201851000322655],[-104.83018199994437,41.20196100011415],[-104.83024800006662,41.20207099972081],[-104.83026200031031,41.20237799989986],[-104.83031300036393,41.20248199969338],[-104.83043700021248,41.20258700029854],[-104.83061100028976,41.20263600016288],[-104.8309090002156,41.202647000085975],[-104.83124399995135,41.20263100001284],[-104.83149099982356,41.20255899997343],[-104.83158600025811,41.20244899983529],[-104.83165099965711,41.20218600000279],[-104.83176700000807,41.20208699993081],[-104.8320430001926,41.20198799970907],[-104.83222499976749,41.20199299990818],[-104.83265400011288,41.202114000149635],[-104.83328699977447,41.202114000149635],[-104.83343900011045,41.20220200018468],[-104.83366500006625,41.202508999749185],[-104.83413000039666,41.20284400011635],[-104.83430500029885,41.20299799973399],[-104.83435600035246,41.20315699977528],[-104.83443599982009,41.203382000283064],[-104.83442900014738,41.20370599981735],[-104.83439999983509,41.20386700005319],[-104.83436300002515,41.20406899983079],[-104.83437800009378,41.20429399990634],[-104.83448000020103,41.20450199999686],[-104.83459999985162,41.204600000200315],[-104.83467600001961,41.20466200003255],[-104.8348800002341,41.20474399976406],[-104.835105000365,41.20484299987165],[-104.83525099995488,41.20486500032578],[-104.83546900041308,41.20491399983611],[-104.83565799966063,41.20492500005218],[-104.83586900044615,41.20480999985244],[-104.83613800005966,41.20462300033024],[-104.83627600015193,41.2045850001994],[-104.83650100028282,41.20448000009654],[-104.83673399991133,41.20440300004923],[-104.83685799975989,41.20441100020756],[-104.83699599985215,41.20441999996214],[-104.83740299955792,41.20451300028221],[-104.83766500039707,41.20452200002272],[-104.83776599978108,41.20452500016126],[-104.83796099977477,41.20453200003333],[-104.8380710002779,41.20453399990013],[-104.83817300038518,41.20452500016126],[-104.83823199993641,41.20451899988408],[-104.83841100003654,41.20450199999686],[-104.838471000311,41.204496999989445],[-104.83877699973445,41.20454000017594],[-104.83897299955304,41.20462800032807],[-104.8391039999726,41.20475399974075],[-104.84028800017832,41.205699000105994],[-104.84050800028633,41.20587400030303],[-104.84098799978707,41.20614300031113],[-104.8410539999093,41.2062420003297],[-104.84113400027525,41.206330000220476],[-104.84171500005829,41.206598999705676],[-104.84196299975541,41.20668600022962],[-104.84219499955898,41.206680999713235],[-104.84242100041313,41.206703000225254],[-104.84274799975296,41.20668600022962],[-104.8437219998964,41.20642200028693],[-104.84401999982221,41.20629600003096],[-104.8441510002418,41.206192000216184],[-104.84438300004537,41.20589500016003],[-104.8446449999862,41.20570299976812],[-104.84502300027798,41.205582000080106],[-104.84561199955863,41.20555999986698],[-104.84602699966032,41.20555999986698],[-104.84632999960903,41.2055679998839],[-104.84637599963979,41.205569999719025],[-104.84705199985738,41.20554800017772],[-104.84745899956316,41.2055809998248],[-104.84764500023432,41.20564199982487],[-104.84784400042594,41.20570700010587],[-104.84804100006944,41.20587199980133],[-104.84820099990301,41.205954000044095],[-104.84845100014826,41.20595700011694]]]},"properties":{"GEOID":"560210012001","BASENAME":"1","STATE":"56","COUNTY":"021","TRACT":"001200","BLKGRP":"1","NAME":"1"}},{"type":"Feature","geometry":{"type":"Polygon","coordinates":[[[-104.84773700029582,41.17615799973118],[-104.84774300014362,41.17495299995236],[-104.84768299986914,41.17494400020336],[-104.84719699962234,41.17494400020336],[-104.84574100032837,41.174945000250666],[-104.84525599990647,41.17494600029795],[-104.8447639998119,41.174945000250666],[-104.84329000007625,41.174942000108715],[-104.84294899959441,41.174942000108715],[-104.84294899959441,41.17474800010392],[-104.84294699994457,41.17411200018584],[-104.84294600011967,41.17326700014972],[-104.84294600011967,41.17127800006899],[-104.84294699994457,41.16898499970409],[-104.84294899959441,41.16794599994816],[-104.84294799976949,41.16783099970381],[-104.84286800030186,41.16782500012068],[-104.84264599964571,41.16770299991186],[-104.84250900027666,41.16766200018978],[-104.84209800037294,41.16761699980553],[-104.84195899955743,41.16759800015996],[-104.84173000012689,41.16756699994342],[-104.84154400035408,41.167532999907245],[-104.84098899961197,41.167431999854735],[-104.84080399966403,41.16739899991096],[-104.84074299956467,41.16738499966341],[-104.84056299963962,41.16734300025528],[-104.84050300026348,41.167330000159254],[-104.84044499963883,41.16731599989697],[-104.8402739999346,41.167277000261464],[-104.84021700003322,41.1672640001524],[-104.84014099986523,41.16724300007476],[-104.84006499969725,41.16722199999039],[-104.84004499960577,41.16733500030051],[-104.84000500032111,41.167627000043865],[-104.83937299958612,41.17113100027554],[-104.83892300022262,41.17357500024413],[-104.83875800036618,41.17447399994793],[-104.83867800000024,41.174920999787375],[-104.83828200016512,41.1771429997078],[-104.83809100036942,41.17859300019599],[-104.8379990003079,41.17971800001509],[-104.83796099977477,41.18058399986089],[-104.8379559997519,41.181267000224636],[-104.83798099986625,41.18368199975258],[-104.83801500020142,41.18368199975258],[-104.83819299957835,41.18368199975258],[-104.83832200034809,41.18368099983868],[-104.83871200033543,41.18367999992475],[-104.83884299985668,41.18367999992475],[-104.83892400004754,41.18367999992475],[-104.8390830000562,41.18368099983868],[-104.83917000009484,41.18368199975258],[-104.8392520001106,41.18368299966648],[-104.83928300007274,41.18368299966648],[-104.8393790003322,41.18368299966648],[-104.83941100011926,41.18368299966648],[-104.83957099995284,41.18368299966648],[-104.8400549996515,41.18368500017031],[-104.8402160002083,41.183686000084144],[-104.84041700004975,41.183686000084144],[-104.84102299994714,41.183686999997974],[-104.84122499961353,41.1836879999118],[-104.84157899961585,41.183689999739386],[-104.84176100008904,41.18367700018289],[-104.8418149996174,41.183663000033604],[-104.84212299958897,41.183585999835074],[-104.84260200016308,41.18334700002058],[-104.84272699983654,41.18330300018883],[-104.84285700043121,41.18326699968984],[-104.84299100032551,41.183239999809665],[-104.84312799969454,41.18322199988337],[-104.84326699961173,41.183212999918396],[-104.84340600042721,41.18321800019956],[-104.84350900035938,41.18322800008473],[-104.84354399962116,41.18323199976794],[-104.8436790002387,41.18325900032746],[-104.84394399965423,41.18333099996225],[-104.84407900027176,41.18338600023091],[-104.84442400005327,41.18352899990194],[-104.84448000012976,41.18355299991543],[-104.84458600043497,41.1836019998311],[-104.8449689998513,41.183805999775835],[-104.84509299969986,41.183864000055074],[-104.84520999987572,41.18391000000685],[-104.84533200007446,41.18394099992673],[-104.84545400027321,41.18396200006042],[-104.84559200036546,41.183977999964576],[-104.845828000367,41.18396900010345],[-104.845828000367,41.183689999739386],[-104.845828000367,41.182855000157204],[-104.84582900019193,41.18257699971036],[-104.84582900019193,41.18254399995837],[-104.84583000001685,41.18244799972475],[-104.84583099984174,41.18241599984095],[-104.84583199966664,41.18228399973253],[-104.84583800041275,41.18188799983914],[-104.84584000006258,41.181756999962],[-104.84574499962802,41.18162100009612],[-104.84573899978024,41.18161299985662],[-104.84563699967298,41.18154899993352],[-104.84530199993723,41.18140300014948],[-104.84515100032449,41.18133700012178],[-104.84520499985284,41.181263999696135],[-104.84536700023456,41.18104499995922],[-104.84542199958783,41.18097299983943],[-104.84555700020536,41.18079799999767],[-104.84596200026131,41.18027400033723],[-104.8459759996067,41.18025700023805],[-104.84611200004915,41.18011300021504],[-104.84623800044584,41.180032000020766],[-104.84637499981487,41.17996000013953],[-104.8463899998835,41.17995400031493],[-104.8465249996027,41.179907000317264],[-104.84668299978645,41.17987099997982],[-104.84690299989448,41.17984899991409],[-104.84733999973749,41.179850999858914],[-104.84766100012784,41.17985399977602],[-104.84772399987703,41.179854999748365],[-104.84772600042517,41.17942999998684],[-104.84773100044805,41.177776999939596],[-104.84773700029582,41.17615799973118]]]},"properties":{"GEOID":"560210012002","BASENAME":"2","STATE":"56","COUNTY":"021","TRACT":"001200","BLKGRP":"2","NAME":"2"}},{"type":"Feature","geometry":{"type":"Polygon","coordinates":[[[-104.83867800000024,41.174920999787375],[-104.83837800042461,41.17492199983502],[-104.83796699962254,41.17492199983502],[-104.83673700028437,41.17492199983502],[-104.83632700020556,41.17492299988266],[-104.8361690000218,41.17492299988266],[-104.83569799984362,41.17492299988266],[-104.8355410003831,41.17492299988266],[-104.8352679996733,41.17492199983502],[-104.83445199971361,41.1749199997397],[-104.83417999972706,41.1749199997397],[-104.8333300003305,41.17492299988266],[-104.83059200002319,41.174891999751125],[-104.82859699988066,41.17490699979479],[-104.82857799961408,41.17734500014278],[-104.82857799961408,41.17755099998496],[-104.82857900033731,41.17816899968102],[-104.82858000016223,41.17837600030722],[-104.82858000016223,41.17841100011981],[-104.82858099998712,41.17851600012148],[-104.82858199981203,41.17855199985149],[-104.82857799961408,41.17877699974411],[-104.8285650000936,41.1794550001287],[-104.82856199972056,41.179681000274854],[-104.82856099989566,41.17971899998951],[-104.82856099989566,41.179805999733524],[-104.82855000002499,41.17990800028879],[-104.8285149998649,41.18204599983788],[-104.82850099962118,41.182389000286],[-104.82846200016144,41.18342100007051],[-104.82844999956755,41.183764999990395],[-104.82844899974263,41.18377499979205],[-104.82844799991774,41.183804999863824],[-104.82844799991774,41.183816000247255],[-104.82843500039728,41.18417500006986],[-104.82839699986411,41.1852550002439],[-104.82838500016857,41.18561500017465],[-104.82837900032077,41.185834000178374],[-104.82836199970401,41.18649300026922],[-104.82835699968113,41.18671299990834],[-104.8283459998105,41.18724500033188],[-104.82831200037361,41.188841000004764],[-104.82830200032787,41.18937399986576],[-104.82950699955167,41.18933300018653],[-104.82991099978271,41.18933099985526],[-104.83137799984564,41.189326000040886],[-104.83474100031694,41.18933300018653],[-104.83635200031992,41.18933700017287],[-104.83657699955249,41.18933899982789],[-104.83725299977009,41.1893459999722],[-104.8374789997259,41.189349000130335],[-104.83751499971092,41.189349000130335],[-104.83762299966595,41.18934999995769],[-104.8376600003742,41.189350999785034],[-104.83776400013127,41.18935700010083],[-104.83797400019355,41.18936999988173],[-104.83807899977553,41.18937600019573],[-104.83818400025584,41.189381999833195],[-104.83818599990566,41.188650999959044],[-104.83819199975343,41.1864580000434],[-104.83819400030158,41.185726999974776],[-104.83819299957835,41.18531800003664],[-104.83819299957835,41.18408999986031],[-104.83819299957835,41.18368199975258],[-104.83801500020142,41.18368199975258],[-104.83798099986625,41.18368199975258],[-104.8379559997519,41.181267000224636],[-104.83796099977477,41.18058399986089],[-104.8379990003079,41.17971800001509],[-104.83809100036942,41.17859300019599],[-104.83828200016512,41.1771429997078],[-104.83867800000024,41.174920999787375]]]},"properties":{"GEOID":"560210012004","BASENAME":"4","STATE":"56","COUNTY":"021","TRACT":"001200","BLKGRP":"4","NAME":"4"}},{"type":"Feature","geometry":{"type":"Polygon","coordinates":[[[-104.77132999969432,41.147700000187946],[-104.77133600044043,41.14768800004106],[-104.77077999987341,41.14752200003832],[-104.77077999987341,41.14720199968656],[-104.77077999987341,41.14624399970227],[-104.77077999987341,41.14592499969195],[-104.77078200042156,41.145791999977774],[-104.77078200042156,41.14577300009326],[-104.77078300024647,41.145706000207234],[-104.77078499989629,41.14561700019215],[-104.77071299992626,41.14561700019215],[-104.77050600023703,41.14561599969725],[-104.76988600009591,41.14561300024188],[-104.7696800002316,41.145611999746905],[-104.76943699965905,41.14561000010983],[-104.76871000028613,41.14560499966405],[-104.76846800043678,41.14560399984544],[-104.76847099991153,41.14523500011619],[-104.76848400033033,41.1441300003289],[-104.76848799962997,41.1437620002699],[-104.76848900035318,41.14358100002917],[-104.76849600002588,41.143037999692076],[-104.76849900039892,41.142858000019594],[-104.76849900039892,41.14267500026325],[-104.76850199987366,41.1421259999598],[-104.76850299969857,41.14194400006484],[-104.76850600007161,41.141794999663304],[-104.76851699994228,41.14134899969358],[-104.76852100014024,41.141200999855556],[-104.76852100014024,41.141123999812265],[-104.76852100014024,41.141048000243245],[-104.7685189995921,41.14098999994319],[-104.76850799972145,41.140478999888494],[-104.76850799972145,41.140358000090856],[-104.76850900044468,41.14014800007429],[-104.76850799972145,41.139931000049884],[-104.7685050002467,41.13928300014965],[-104.7685050002467,41.13906699988775],[-104.7685040004218,41.13896300018454],[-104.76850299969857,41.138651000085325],[-104.76850299969857,41.13854699972244],[-104.76791000021996,41.13857199990278],[-104.7678929996032,41.1385729998286],[-104.76751100001178,41.138618999783034],[-104.76716799988013,41.13870300020493],[-104.76682599957336,41.13881800014088],[-104.76648300033999,41.138987000286825],[-104.76619399973669,41.13914999981888],[-104.76617899966807,41.13915899974801],[-104.76566200035742,41.13948299975789],[-104.76553699978565,41.1395620001962],[-104.76516299969185,41.139799000263714],[-104.76503899984327,41.139879000227324],[-104.76472800039697,41.140077000241966],[-104.76432199961779,41.14033499971268],[-104.76379400043649,41.14067100008206],[-104.76348399991679,41.140870000302584],[-104.76314099978511,41.14103499966723],[-104.76305799994444,41.141066000255954],[-104.76276800041452,41.1411800002217],[-104.76234499991692,41.14132200012744],[-104.76194599970873,41.14143499976603],[-104.76171599955498,41.14147999986125],[-104.76125699997066,41.141571999719325],[-104.7612460001,41.141735000268646],[-104.76121500013787,41.14222599990272],[-104.76120599991704,41.14239000004722],[-104.76120000006927,41.14247799984021],[-104.76118300035083,41.14274500012686],[-104.76117800032794,41.14283499984166],[-104.76117499995489,41.14288200004954],[-104.76117499995489,41.142996000241155],[-104.76117599977981,41.143262999771814],[-104.76117599977981,41.14348199997393],[-104.76117599977981,41.14364399998647],[-104.76117099975694,41.143794999938514],[-104.76115800023646,41.14424799973782],[-104.76115400003849,41.14440000016545],[-104.76114800019072,41.14462699997462],[-104.76113200029717,41.145311000244895],[-104.76112800009923,41.145539000102474],[-104.76112200025146,41.145918000318936],[-104.76110299998489,41.147057000270806],[-104.761097999962,41.14743700029802],[-104.76109499958896,41.147697000151446],[-104.76108799991624,41.148475999839015],[-104.76108600026645,41.14873700007843],[-104.76108500044153,41.148840999840296],[-104.76108299989338,41.14915300016538],[-104.76108299989338,41.149257999706755],[-104.76108100024356,41.14943800007543],[-104.76107500039579,41.14997899999762],[-104.76107399967255,41.15016000016533],[-104.7610700003729,41.150345000171626],[-104.76106100015208,41.1508999997641],[-104.76105899960395,41.15108600012301],[-104.7610569999541,41.15126400006694],[-104.76105399958108,41.15179699998043],[-104.76105399958108,41.151975999744614],[-104.76105500030431,41.152156000091566],[-104.76106000032716,41.152699999714656],[-104.76106199997699,41.15288099981064],[-104.76106799982477,41.153082000265876],[-104.76107299984764,41.15320300025959],[-104.76108899974116,41.153357999997944],[-104.76112499972618,41.15368299989585],[-104.7611389999699,41.15380200006947],[-104.76114300016783,41.15388399992123],[-104.76114999984053,41.1540450002475],[-104.76117099975694,41.154528000206405],[-104.76117900015285,41.15468900030374],[-104.76117800032794,41.15483300007258],[-104.76117699960471,41.155265999857974],[-104.76117699960471,41.15541100005753],[-104.76117499995489,41.1556020001527],[-104.76117099975694,41.156176000138316],[-104.76117099975694,41.15636799968802],[-104.76117099975694,41.15639699980713],[-104.76117300030506,41.156486000069265],[-104.76117400012997,41.15651599978844],[-104.76117499995489,41.15658900006225],[-104.76117800032794,41.156809000043545],[-104.76117999997777,41.15688300031403],[-104.76155499989649,41.15689999971547],[-104.76175800028608,41.15693799979376],[-104.76192700034048,41.15695899979199],[-104.76197599984596,41.15696600001533],[-104.76225899970319,41.157021000101714],[-104.76257199969763,41.15710899987343],[-104.76281100007223,41.15715799995644],[-104.76305799994444,41.15722999987392],[-104.76328399990025,41.15730100007202],[-104.76345999962734,41.15732300027024],[-104.76354500001617,41.15733399969023],[-104.76401700001925,41.15736199974263],[-104.76413900021798,41.15737699974163],[-104.76428599963278,41.15739500000648],[-104.76454799957361,41.15744500019005],[-104.76487599963666,41.15753199975581],[-104.76494000010908,41.157548999665224],[-104.76514299960034,41.1576099997814],[-104.7652809996926,41.157665000003774],[-104.7654410004245,41.157757999782895],[-104.76555000020444,41.157796999672826],[-104.76562299999937,41.15782399989518],[-104.76580399974934,41.15787399975155],[-104.76621100035344,41.15795599992038],[-104.76679899980917,41.158043999789506],[-104.76702499976498,41.15808799967976],[-104.76718499959856,41.15815999992833],[-104.76732299969082,41.15825900014097],[-104.7675329997531,41.15851699976712],[-104.76781599961032,41.15886299985254],[-104.76790299964897,41.158999999915245],[-104.76797600034219,41.1590940001184],[-104.7680399999163,41.15913400017837],[-104.76809900036585,41.159171000026085],[-104.76820099957479,41.15922500000402],[-104.76824099975775,41.15923799967895],[-104.76831299972777,41.159263000087094],[-104.76831000025304,41.15938999984877],[-104.76830299968204,41.15977000008376],[-104.76830100003222,41.15989799981635],[-104.76829699983425,41.16010899975456],[-104.76900900003686,41.160113999770495],[-104.76969699995003,41.16011800018875],[-104.77033299998469,41.16012199993049],[-104.77069600020783,41.160123999801236],[-104.77069600020783,41.15997800028315],[-104.77070100023072,41.15913099998874],[-104.77070299988053,41.158253999983536],[-104.77069500038291,41.156610000172236],[-104.77069700003275,41.15652900000066],[-104.77068399961396,41.155846999746835],[-104.77068299978905,41.155808999712434],[-104.77068500033717,41.15569599981812],[-104.77068600016209,41.155659000037865],[-104.77069100018495,41.15559899980139],[-104.7706939996597,41.15556700032917],[-104.77070700007849,41.1552110003281],[-104.7707079999034,41.155193000139874],[-104.7707020000556,41.154740999881],[-104.77070399970545,41.15460199967008],[-104.77071299992626,41.15405299979543],[-104.77071399975117,41.15399199975104],[-104.7707160002993,41.153870000168276],[-104.77072100032218,41.153587999676105],[-104.77072700016997,41.15323799999255],[-104.7707299996447,41.15314900005523],[-104.7707299996447,41.15306600025561],[-104.77073200019285,41.15299500020509],[-104.77073200019285,41.15294700009877],[-104.77073200019285,41.15279799967172],[-104.77073300001774,41.1523970001769],[-104.77073399984266,41.152249999963615],[-104.77073399984266,41.15218099981885],[-104.77073499966758,41.15197700014248],[-104.77073600039081,41.151909000109285],[-104.77073700021573,41.15175700017788],[-104.7707430000635,41.151301000298616],[-104.77074499971332,41.15115000004448],[-104.77074700026147,41.15078500004551],[-104.77075499975906,41.149692000220995],[-104.77075800013209,41.149327999983996],[-104.77090200007216,41.149242000116054],[-104.77099300030876,41.149214999740984],[-104.77110499956345,41.14913999984328],[-104.77108899966991,41.148928999770085],[-104.77107899962415,41.148849999792425],[-104.77108500037026,41.148631999702744],[-104.77110299991361,41.148335000319335],[-104.77111200013444,41.14826900012334],[-104.77114999976928,41.1480970002023],[-104.77120400019595,41.14792600028978],[-104.77125500024958,41.14781400012119],[-104.77132999969432,41.147700000187946]]]},"properties":{"GEOID":"560210015022","BASENAME":"2","STATE":"56","COUNTY":"021","TRACT":"001502","BLKGRP":"2","NAME":"2"}},{"type":"Feature","geometry":{"type":"Polygon","coordinates":[[[-104.84487199976692,41.139083999849596],[-104.84489600005635,41.13905700002757],[-104.84478700027641,41.13898499977119],[-104.84429199980877,41.13865800023392],[-104.84416999961005,41.13854000023855],[-104.84413199997522,41.13850300024785],[-104.8440039999287,41.13834899982473],[-104.84391400041532,41.13823900007434],[-104.8436459997284,41.13791100026467],[-104.84355700003995,41.13780199971731],[-104.84352299970476,41.13773900023698],[-104.84350099996344,41.13769600015954],[-104.8426099996607,41.13757699984559],[-104.84190699967891,41.137423999897905],[-104.84123999968213,41.13718099968521],[-104.84066999976973,41.136885999759606],[-104.84058100008129,41.13683999994292],[-104.84056400036285,41.13683099969554],[-104.84045899988254,41.13677600026194],[-104.84034199970667,41.1367200001516],[-104.84031400011759,41.13670600011652],[-104.84022500042913,41.136663999993445],[-104.83953900016579,41.13633699970997],[-104.83871599963508,41.13592600001476],[-104.83795999994985,41.13554800020954],[-104.8372090002875,41.13517400016649],[-104.8367039997741,41.134917999978654],[-104.83632899985538,41.13472699984319],[-104.83617499986958,41.13464799967064],[-104.8360979998767,41.13460900021838],[-104.83571299991223,41.13441099993531],[-104.83555999975135,41.13433300004926],[-104.83544699977345,41.13427499990035],[-104.83510899966464,41.134101999816636],[-104.83499700040998,41.13404500013493],[-104.83496300007478,41.13402700022519],[-104.83486199979244,41.13397599977745],[-104.83482900018048,41.13395899984488],[-104.8348109997388,41.13397599977745],[-104.83475899986027,41.134030000210466],[-104.83474200014186,41.13404800011943],[-104.83465599992813,41.13413100031224],[-104.83439800018525,41.13438300022973],[-104.83431299979644,41.13446699998715],[-104.8334790002934,41.135277999788286],[-104.83328799959938,41.13546599975308],[-104.83320599958363,41.13554800020954],[-104.83296499955918,41.13572299980128],[-104.83268000005215,41.135864000052884],[-104.83235899966179,41.135981000161074],[-104.83204700039056,41.136043999976785],[-104.8317050000838,41.136069999722004],[-104.8313319998149,41.13606899975803],[-104.83082499965171,41.13604499994115],[-104.83076399955235,41.13604499994115],[-104.83038399961072,41.13604200004802],[-104.83005300007295,41.13607300029048],[-104.82999100014867,41.13608799974779],[-104.82978600010925,41.13613699998079],[-104.82975799962185,41.13614600032335],[-104.82907999975441,41.136392000188245],[-104.82885499962352,41.136474000163695],[-104.82897000014957,41.13665299981178],[-104.82931499993106,41.137190999831454],[-104.829431000282,41.137371000173275],[-104.82954599990974,41.137546000313925],[-104.82989099969123,41.13807399976456],[-104.83000600021728,41.13824999999003],[-104.83012199966991,41.13842900020388],[-104.83047099964938,41.13896899970352],[-104.83058799982524,41.139148999901806],[-104.83081299995614,41.13906400013284],[-104.83148999999865,41.13881000008712],[-104.83171599995447,41.13872599980232],[-104.83193400041266,41.13864000023688],[-104.83258999964046,41.138383000116185],[-104.83280899992357,41.13829800003104],[-104.83292899957416,41.13847800004122],[-104.83329000014751,41.13901899973296],[-104.83341099962303,41.13919999971035],[-104.83341200034624,41.13926000007104],[-104.83341700036912,41.13944199997246],[-104.83341900001895,41.13950300002342],[-104.83343800028553,41.14039999987818],[-104.83348900033916,41.14104900013132],[-104.83349500018693,41.14116200024028],[-104.83347799957018,41.14132800010716],[-104.8334790002934,41.14154500024495],[-104.83348299959304,41.14219599973289],[-104.83348500014118,41.14241299970472],[-104.83348500014118,41.14260100019092],[-104.83348799961593,41.14316600030113],[-104.83348900033916,41.14335499983458],[-104.83348900033916,41.14353400032225],[-104.83348900033916,41.144073999732534],[-104.83348900033916,41.14425400012629],[-104.83348400031628,41.144556000255854],[-104.83410699993212,41.14475200001681],[-104.83531700007711,41.14509600004462],[-104.83548399958339,41.14513900000577],[-104.83553100033734,41.14515499992118],[-104.83694800017157,41.145636999940045],[-104.83787000043647,41.14598400017553],[-104.83809499966905,41.14608100021322],[-104.8382520000279,41.14614200017734],[-104.83844700002156,41.14622999967076],[-104.83856199964927,41.1462660002289],[-104.83881299971945,41.14634199983916],[-104.83885799992531,41.14635500003955],[-104.83890399995605,41.14636900004438],[-104.83899600001757,41.146396000238546],[-104.83911700039138,41.146434000317555],[-104.83947999971623,41.146547999745984],[-104.83960199991498,41.14658599973691],[-104.84050900011127,41.14684199970714],[-104.84059000030211,41.14669799997372],[-104.84068800021139,41.146525999990395],[-104.8403070004449,41.14640300023696],[-104.83976199974852,41.14509399971538],[-104.83959400041736,41.14470300013149],[-104.83978400038818,41.143911000261305],[-104.83979199988576,41.14351700016085],[-104.83994000002377,41.14277400018374],[-104.84038799973743,41.14054800017074],[-104.84053800042358,41.1398070001968],[-104.84056699983758,41.13968800033014],[-104.84067999981548,41.13973599999538],[-104.84357899978124,41.1405690000069],[-104.84365199957618,41.140484999945336],[-104.84383999989716,41.14026900025935],[-104.84487199976692,41.139083999849596]]]},"properties":{"GEOID":"560210010001","BASENAME":"1","STATE":"56","COUNTY":"021","TRACT":"001000","BLKGRP":"1","NAME":"1"}},{"type":"Feature","geometry":{"type":"Polygon","coordinates":[[[-104.83820599999716,41.08343200017675],[-104.83828100034022,41.083212999983424],[-104.83804000031579,41.08349500032909],[-104.8378439995989,41.083725999919494],[-104.83743199987025,41.08390100023816],[-104.83705500030169,41.08402600018049],[-104.8368379996684,41.08410799990516],[-104.83638199955881,41.084211999871194],[-104.83613499968662,41.08434399974735],[-104.83597499985304,41.08451799970215],[-104.83588100014173,41.0846719998304],[-104.83563500009441,41.08505000015399],[-104.83551899974347,41.08521899996253],[-104.83535600043517,41.08534899972781],[-104.83510600018992,41.08543400000823],[-104.83493200011264,41.08539399969081],[-104.8344919998966,41.085302000290284],[-104.83434399975859,41.08526299995357],[-104.8339150003115,41.085148000284214],[-104.83350500023268,41.0850869998127],[-104.83297799997797,41.08508000004358],[-104.83241999976116,41.08513400008112],[-104.83180299999309,41.08529900010897],[-104.8316139998472,41.08523899983899],[-104.83125999984487,41.085298000048454],[-104.83082499965171,41.085478999913015],[-104.83060799991672,41.08560000001578],[-104.83025300008948,41.08566999982799],[-104.82987599962263,41.08584599976154],[-104.82968700037505,41.085988000241485],[-104.82937600003042,41.08638199979457],[-104.82923100026547,41.086585000285],[-104.82903500044688,41.086793000337146],[-104.82872300027735,41.08694199969629],[-104.82830099960464,41.08704799998447],[-104.82808200021985,41.087107999956814],[-104.82771099960077,41.0871530000694],[-104.8272970002223,41.08715400010162],[-104.8270860003351,41.08709400017129],[-104.8269249997783,41.08703300015208],[-104.82656900012616,41.08692999994674],[-104.82631399985804,41.08677599969354],[-104.82610299997083,41.086716000095095],[-104.8258839996877,41.08672100028941],[-104.82578300030369,41.08672799988379],[-104.82571700018146,41.08675000005482],[-104.82565699990701,41.08674399982427],[-104.82563400034078,41.0867779997695],[-104.8256069996783,41.08680500011172],[-104.8255239998376,41.086839000025385],[-104.8254469998447,41.08688200024947],[-104.8250869999946,41.087117000252626],[-104.82492299996306,41.08720999985179],[-104.82474700023597,41.087314000325094],[-104.82460900014371,41.08741199978716],[-104.82458300020444,41.08744099992464],[-104.82452799995285,41.0875270002338],[-104.82449899964055,41.08757100003358],[-104.82446799967839,41.08759700002448],[-104.82442400019579,41.08761199972808],[-104.8243339997841,41.08763500030517],[-104.82405299957671,41.08768000005685],[-104.82395600039064,41.08768300012946],[-104.82390899963667,41.08767900003258],[-104.82382199959802,41.08765300007413],[-104.82378999981097,41.08762900015544],[-104.82374799997817,41.08761199972808],[-104.8235870003197,41.0875179999942],[-104.82310699992068,41.087448000119345],[-104.82285900022356,41.087392999923566],[-104.8224960000004,41.08738300031391],[-104.82238600039554,41.087405000265655],[-104.82220499974727,41.08749400002613],[-104.8220239999973,41.087647999950725],[-104.82189299957773,41.08774200017577],[-104.82176799990425,41.087960000151256],[-104.82174100014008,41.0880069997189],[-104.82172400042164,41.08814300016547],[-104.82169000008645,41.08841300018806],[-104.82160300004782,41.08854999980532],[-104.82141399990194,41.0886769997242],[-104.82114500028841,41.088819000179804],[-104.82085499986019,41.08887399985896],[-104.82057899967566,41.08902799993448],[-104.82038299985709,41.08920399967551],[-104.82026700040443,41.089335999679676],[-104.82022399984842,41.089396000270995],[-104.820199999559,41.08945900012193],[-104.8201440003808,41.08961600016477],[-104.81993299959528,41.08998399991613],[-104.81979600022625,41.09050500032973],[-104.81973799960163,41.09114200018322],[-104.81966499980669,41.091368000132796],[-104.81964300006537,41.09139499994296],[-104.81959299983667,41.091469000218396],[-104.81944700024681,41.09168600005138],[-104.81925100042821,41.091977000224944],[-104.81901899972631,41.092230000154295],[-104.81872199962538,41.092575999914665],[-104.8183080002469,41.09283899970321],[-104.81785100031243,41.093070000296414],[-104.81750200033296,41.09330599977061],[-104.81726299995837,41.0935260001119],[-104.81703799982746,41.09366800024251],[-104.81683399961297,41.09382199991332],[-104.8166379997944,41.0939489997966],[-104.81640599999078,41.09398699978858],[-104.81623899958622,41.09403600031588],[-104.81622199986776,41.09404600026703],[-104.81562900038915,41.09442099970573],[-104.81522299960997,41.094651000234016],[-104.81486000028512,41.09481099980283],[-104.81433100038063,41.09507799976834],[-104.8141890000904,41.09507799976834],[-104.81376399994296,41.09508000026858],[-104.81362300037597,41.09508100018016],[-104.81362300037597,41.095152999867715],[-104.81362300037597,41.095388000075786],[-104.81362300037597,41.09630899995492],[-104.81362300037597,41.09661600020433],[-104.81365799963775,41.09671400000827],[-104.81376599959279,41.09700899977905],[-104.8138019995778,41.097108000231344],[-104.813759999745,41.09710699967365],[-104.81363400024664,41.09710699967365],[-104.81359300023874,41.09710699967365],[-104.81327799969617,41.09710400003136],[-104.81233399968995,41.09709499974965],[-104.81228299963634,41.09709499974965],[-104.81201999987059,41.09709200010682],[-104.81171699992188,41.0970879999058],[-104.81080899990069,41.09707900029894],[-104.81078899980922,41.09707900029894],[-104.8106189999299,41.09709600030753],[-104.81051099997485,41.09712100003348],[-104.81029699971461,41.09712299979452],[-104.8096549998322,41.097130000311566],[-104.80944200029518,41.09713299995273],[-104.80943999974704,41.0974530001492],[-104.8094360004474,41.09841300018535],[-104.80943499972419,41.09864400013272],[-104.80943700027233,41.09869799985385],[-104.80943800009722,41.09874300015164],[-104.8094430001201,41.09891500017831],[-104.80946700040954,41.09972900021657],[-104.80947300025731,41.09992999973243],[-104.8094780002802,41.10008699979864],[-104.80948400012797,41.100302999763635],[-104.80950400021948,41.10095999988819],[-104.80951099989215,41.101285999973896],[-104.80954600005226,41.10238900020577],[-104.80966499987794,41.10238900020577],[-104.81002300007823,41.10238900020577],[-104.81014299972884,41.10239000000608],[-104.81020600037634,41.10239000000608],[-104.81039799999698,41.10239000000608],[-104.81046199957106,41.10239000000608],[-104.81107400021456,41.10239200028363],[-104.81255999964576,41.10239699996182],[-104.81291000034845,41.102399000239146],[-104.81352299991855,41.102402000316545],[-104.81356800012438,41.102402000316545],[-104.8137029998436,41.102402000316545],[-104.81374800004946,41.10240300011665],[-104.81466199991841,41.1024000000393],[-104.81488200002644,41.1024000000393],[-104.81737599993629,41.10240499971689],[-104.81740699989842,41.10240499971689],[-104.81832199959229,41.10241199967097],[-104.81847999977605,41.10241199967097],[-104.81895400032731,41.102413000147905],[-104.81911300033596,41.10241399994784],[-104.81981600031773,41.102410999871],[-104.82192400043819,41.102402000316545],[-104.82262800024488,41.1024000000393],[-104.82389600011618,41.102393999884185],[-104.827700999555,41.10237799969347],[-104.82897000014957,41.102373999814446],[-104.82897699982225,41.09964699967837],[-104.82900199993661,41.091466000318604],[-104.8290029997615,41.09136300029211],[-104.82901100015744,41.088740000264586],[-104.82901100015744,41.088616999830435],[-104.82901399963217,41.088247999854715],[-104.8290150003554,41.08812599987116],[-104.83099799990407,41.08726400017016],[-104.83695099964632,41.08467999971291],[-104.83791800011704,41.08426100024087],[-104.83812999982915,41.08365000023179],[-104.83820599999716,41.08343200017675]]]},"properties":{"GEOID":"560210004011","BASENAME":"1","STATE":"56","COUNTY":"021","TRACT":"000401","BLKGRP":"1","NAME":"1"}},{"type":"Feature","geometry":{"type":"Polygon","coordinates":[[[-104.80050400037342,41.102334000333535],[-104.80050100000037,41.10214000003497],[-104.80049299960446,41.10156000006515],[-104.80049099995463,41.10136700000379],[-104.80048699975667,41.10114400006491],[-104.80047800043415,41.10047600027317],[-104.80047500006111,41.10025399984955],[-104.80047300041129,41.10010399970567],[-104.8004669996652,41.09965399992642],[-104.80046500001535,41.09950500028738],[-104.80046199964231,41.099347000337154],[-104.80045599979454,41.09887499994466],[-104.80045400014473,41.0987179996891],[-104.80044900012186,41.09835799969129],[-104.80043599970307,41.09727800004452],[-104.80043200040342,41.09691900016152],[-104.80042999985528,41.09680599967737],[-104.8004259996573,41.09646800033377],[-104.8004249998324,41.0963560003199],[-104.80042099963443,41.09610100024078],[-104.8004109995887,41.09533899987996],[-104.80040800011398,41.09516799987731],[-104.80040800011398,41.09508499982638],[-104.80040700028906,41.09497799972833],[-104.80040700028906,41.09465699974255],[-104.80040700028906,41.094551000220996],[-104.8004049997409,41.094418999862434],[-104.80040100044125,41.094025999686245],[-104.80039999971805,41.093895000233374],[-104.8003960004184,41.093640000078956],[-104.8003839998245,41.09287800028236],[-104.80038100034977,41.092624000191456],[-104.80037999962656,41.09254500011224],[-104.80037700015184,41.09230899993533],[-104.80037600032692,41.092231000109294],[-104.80037399977877,41.09215200023447],[-104.80037100030404,41.09191699995966],[-104.80036999958082,41.09183899966822],[-104.80036999958082,41.09175500018821],[-104.80036999958082,41.09150299974975],[-104.80037100030404,41.09141999980744],[-104.80036899975592,41.09132700007385],[-104.80036499955794,41.09104900005606],[-104.80036399973304,41.090956999771656],[-104.80035799988525,41.090580000233594],[-104.80034100016682,41.08944900014963],[-104.80033600014394,41.08907200008321],[-104.80033500031902,41.08905400002592],[-104.80033500031902,41.08900199983275],[-104.80033500031902,41.08898499976069],[-104.80033399959581,41.08895500029981],[-104.8003329997709,41.08886799982236],[-104.8003329997709,41.08883900031465],[-104.80033000029616,41.0886470001227],[-104.80032100007533,41.0880710002429],[-104.8003190004255,41.08787999985916],[-104.80031799970227,41.08786600023807],[-104.80031799970227,41.087837000288175],[-104.8003060000067,41.08661700023171],[-104.8003040003569,41.08646399996477],[-104.80030199980877,41.08609700018236],[-104.80007199965499,41.0823549999036],[-104.80004800026386,41.081952000257466],[-104.80000700025596,41.080984999852205],[-104.79999899986005,41.08081200015175],[-104.79997799994364,41.080292999672416],[-104.79997100027096,41.08012000018188],[-104.79989199972992,41.08039299971821],[-104.79985099972204,41.08050899971611],[-104.79975799983562,41.0805440003116],[-104.79966999997208,41.0805440003116],[-104.79960600039797,41.08049800027967],[-104.79944300019135,41.0800770002731],[-104.79859399972138,41.08008299975815],[-104.79862300003371,41.08038200026229],[-104.79859200007158,41.08050399972628],[-104.79850000001005,41.08087199972369],[-104.79846999987284,41.08099499975831],[-104.7984399997356,41.08111200017223],[-104.79835199987204,41.08146300016423],[-104.79832299955974,41.08158099986205],[-104.7978680001734,41.08231900016678],[-104.7975459999581,41.08283999973963],[-104.79611099968223,41.08516900024476],[-104.79521500025491,41.08662099971615],[-104.79468700017529,41.08747900029555],[-104.79443899957988,41.08788099988032],[-104.79234300005332,41.091281000142395],[-104.79025699967417,41.09466200000955],[-104.79012299977987,41.09488099995708],[-104.79012699997783,41.095026000281045],[-104.7896109995938,41.097525999819084],[-104.78887599982495,41.100661000278606],[-104.78844300017991,41.10225000005827],[-104.7886759998084,41.10225099986074],[-104.78944599973735,41.10225600022655],[-104.79004400013716,41.102260000112814],[-104.79018700025227,41.10226099991509],[-104.79061599969937,41.10226399999879],[-104.79075899981449,41.10226499980106],[-104.79122499996983,41.10226799988457],[-104.79262300043578,41.10227700013431],[-104.79308899969278,41.10228000021728],[-104.79351600038838,41.10228400010204],[-104.7948000001532,41.10229599975495],[-104.79522799977536,41.10230100011732],[-104.79628300010967,41.10230700028099],[-104.79944800021421,41.10232699969422],[-104.80050400037342,41.102334000333535]]]},"properties":{"GEOID":"560210004013","BASENAME":"3","STATE":"56","COUNTY":"021","TRACT":"000401","BLKGRP":"3","NAME":"3"}},{"type":"Feature","geometry":{"type":"Polygon","coordinates":[[[-104.82877199978284,41.163415999893566],[-104.82878000017877,41.16208299979475],[-104.82876299956202,41.16177199971096],[-104.82872999995004,41.16152099978489],[-104.8286699996756,41.161312000169204],[-104.82863899971345,41.16120400022635],[-104.82846200016144,41.16063899999762],[-104.82844899974263,41.160612999848304],[-104.82841299975765,41.16053800014018],[-104.82840100006206,41.16051300021844],[-104.82826600034285,41.160267000209075],[-104.82811099963385,41.16006100012321],[-104.82790599959442,41.15981700032636],[-104.82766799994306,41.15957799967801],[-104.82732399998648,41.15929999986198],[-104.82705299982482,41.1590940001184],[-104.82393200010118,41.156730000092196],[-104.82365400026684,41.15649900028743],[-104.82342199956496,41.156251000103325],[-104.82319499978422,41.15598200002915],[-104.82312600018726,41.155872999757676],[-104.82300099961547,41.15567500009164],[-104.82289299966044,41.155394999939276],[-104.82276999963679,41.1551230000374],[-104.8226869997961,41.15493899966275],[-104.82255799992468,41.15451599995646],[-104.82246400021334,41.15318799998183],[-104.82218899985372,41.15318799998183],[-104.82136700004627,41.15319000006416],[-104.82109400023478,41.15319200014641],[-104.82081600040044,41.15319000006416],[-104.81998500037213,41.15318500019644],[-104.81987099967101,41.15317699986615],[-104.81978700000543,41.15315800009238],[-104.81971699968521,41.15312899989308],[-104.81959200001175,41.15303400022331],[-104.81921799991794,41.1527489997115],[-104.81909400006938,41.15265400016742],[-104.81900700003074,41.15258800026077],[-104.81890900012145,41.15251399987641],[-104.8188000003415,41.15241800027708],[-104.81875900033364,41.15237699978533],[-104.81873400021927,41.152352999848546],[-104.81868999983833,41.15229399968473],[-104.81864999965536,41.1522080003253],[-104.81862200006626,41.15212400029149],[-104.81860000032496,41.15192400000328],[-104.81860399962461,41.1515779998158],[-104.81860699999767,41.151395999774046],[-104.81860600017275,41.151213000170394],[-104.81860600017275,41.15066599980676],[-104.81860600017275,41.15048399993896],[-104.81860500034783,41.150287999724384],[-104.81860500034783,41.15016699976191],[-104.81859799977683,41.150038000215574],[-104.81856500016487,41.1499299999597],[-104.81852699963173,41.14985899989502],[-104.81844999963882,41.14973600030599],[-104.81834599988176,41.149570999834964],[-104.8183209997674,41.149531000027196],[-104.81830499987386,41.14944399998902],[-104.81830400004895,41.14939999970806],[-104.81830099967591,41.148863999940986],[-104.81829999985099,41.14868600024551],[-104.81830200039913,41.148505999841646],[-104.81830900007182,41.14796899974801],[-104.81831200044486,41.14779100032863],[-104.81831099972163,41.146891000023466],[-104.81834500005684,41.14596499967017],[-104.81831099972163,41.14596499967017],[-104.81822000038336,41.14596499967017],[-104.81682399956722,41.14597600031944],[-104.81556400009184,41.14597400001705],[-104.81541599995384,41.145973000204066],[-104.81419499993818,41.14596300004391],[-104.81401599983805,41.14596200023071],[-104.8125119999652,41.14594800013903],[-104.81236499965209,41.145947000325606],[-104.80939100024156,41.1459209997604],[-104.80929900018005,41.14623599987787],[-104.80925899999707,41.14647700007779],[-104.80923800008068,41.14667700007072],[-104.80924700030153,41.14705400020483],[-104.80924399992846,41.14727500018544],[-104.80923700025578,41.14793900017619],[-104.80923499970764,41.14816100033574],[-104.80923499970764,41.14819099980604],[-104.8092330000578,41.14841299978888],[-104.80923100040799,41.1486480001187],[-104.80922800003493,41.149171999747],[-104.80922700021002,41.14942499980984],[-104.8092249996619,41.14967800024923],[-104.80921999963901,41.1504360000234],[-104.80921899981409,41.15068999968474],[-104.80921899981409,41.15072299992532],[-104.80921899981409,41.150748999939225],[-104.80921899981409,41.150823000286564],[-104.80921899981409,41.15085700019879],[-104.80921899981409,41.151158999679645],[-104.80922200018716,41.15206700003815],[-104.80922300001208,41.152369999748345],[-104.80753900021415,41.152362999710554],[-104.8033189997753,41.15234700020117],[-104.8024889995719,41.15234200026916],[-104.80080599959891,41.15233199972755],[-104.79861200016305,41.15231800031952],[-104.79407600025503,41.15229099985837],[-104.79203099988376,41.15229099985837],[-104.79050100007164,41.15229099985837],[-104.79016299996285,41.15226999971751],[-104.79004599978697,41.15223000020361],[-104.78994500040294,41.15226199995197],[-104.78980599958746,41.152192999819825],[-104.7897160000741,41.15210199970118],[-104.78958700020267,41.15206999987475],[-104.78885499990857,41.152059000247824],[-104.78864099964831,41.15210199970118],[-104.78814299970595,41.1520749998275],[-104.78755500025021,41.15207999977992],[-104.78731500005068,41.15204799994269],[-104.78710099979044,41.15199499986094],[-104.78680100021478,41.15188200015611],[-104.78597799968409,41.151759000303905],[-104.78577500019281,41.15173799999263],[-104.78565700019203,41.15177599968131],[-104.78558199984897,41.15185000022223],[-104.78555000006193,41.15198900018079],[-104.7855199999247,41.152675999896125],[-104.78537400033483,41.15259699969854],[-104.78537000013687,41.15378800029895],[-104.7853719997867,41.15482699997582],[-104.78535599989316,41.15561200019547],[-104.7853519996952,41.15585699975224],[-104.78535599989316,41.15622100026286],[-104.78536299956585,41.15701599984985],[-104.78537599998464,41.15832000027273],[-104.78538199983241,41.1594039997755],[-104.78538699985529,41.16020099985152],[-104.78878600031159,41.160210999868944],[-104.78879899983207,41.16018700009504],[-104.78891600000792,41.160012000181474],[-104.78906800034387,41.15991799994224],[-104.7892940002997,41.159814000168],[-104.78959100040062,41.15972599996999],[-104.78996200012138,41.159649000037994],[-104.79035399975855,41.15941899998352],[-104.7904199998808,41.15930300004387],[-104.79050000024672,41.15910600020659],[-104.79052899966075,41.158853000305726],[-104.79058700028537,41.15800199980519],[-104.79061599969937,41.15784299966927],[-104.79068199982162,41.15772700032209],[-104.79095100033345,41.15747500014668],[-104.79109600009839,41.157393000052416],[-104.79121999994696,41.157393000052416],[-104.7915539998578,41.15743099984489],[-104.79195399989088,41.157464000074],[-104.79234600042636,41.15750300013886],[-104.79274499973621,41.15753600033167],[-104.79320300039393,41.15755799977465],[-104.79352999973376,41.157585000095466],[-104.79427799992138,41.15763500013415],[-104.79462699990084,41.157672999786335],[-104.79465600021315,41.15769499985964],[-104.79563700002929,41.15775599983994],[-104.79613099977372,41.15775000001074],[-104.79649399999685,41.157777999885454],[-104.79813599996199,41.15788800000209],[-104.79884899998952,41.1579590001638],[-104.79962599959114,41.15799299975678],[-104.80049799962732,41.15804199985525],[-104.80135499959492,41.15810799968156],[-104.80187799965162,41.158141000246175],[-104.80256100044024,41.158190000234],[-104.80345500021774,41.15826199969422],[-104.80400000001579,41.15831199989278],[-104.80472599956377,41.15836099975281],[-104.80504600012924,41.15835499997894],[-104.8051909998942,41.15836099975281],[-104.80531499974276,41.15838300027154],[-104.80541699985002,41.158410000252516],[-104.80578000007317,41.158482000147366],[-104.80595400015045,41.15850399994919],[-104.806113999984,41.158509000087555],[-104.80626700014489,41.158509000087555],[-104.8065280002608,41.15849800018841],[-104.80663000036806,41.158509000087555],[-104.80689899998156,41.15853099988032],[-104.80705100031753,41.15853700031438],[-104.80727700027334,41.158564000231905],[-104.80736400031196,41.15860799977307],[-104.8074439997796,41.158630000208944],[-104.80761100018418,41.15884399969783],[-104.8077269996368,41.15892700029762],[-104.80798899957763,41.15909700030972],[-104.80808999985999,41.1591570000496],[-104.80819899963993,41.159240000253014],[-104.80829400007447,41.15933900018707],[-104.8084170000981,41.15954699972531],[-104.80849699956576,41.15966299990939],[-104.80875100000895,41.15992100009585],[-104.80886800018483,41.16001400005558],[-104.80917600015641,41.1603249996896],[-104.80920600029364,41.16035499968065],[-104.80971799958138,41.16087099967666],[-104.80977600020603,41.160920000328765],[-104.80980899981799,41.160990000327295],[-104.80986999991735,41.161162000238036],[-104.81000100033692,41.16129900022932],[-104.81026300027773,41.16137000007758],[-104.81040800004268,41.161397999758464],[-104.81053899956396,41.16143599993423],[-104.8106330001736,41.161496999814375],[-104.81068800042517,41.161563999794645],[-104.81074199995354,41.161628999881685],[-104.81077899976344,41.16176600024932],[-104.81082200031948,41.161815000232316],[-104.81091699985572,41.161870000307594],[-104.81098200015306,41.16193099978375],[-104.81113500031394,41.16196399977605],[-104.81126500001028,41.16196399977605],[-104.81138899985883,41.16194700033544],[-104.81151199988248,41.16185900029622],[-104.81153399962379,41.16184299972309],[-104.81163599973104,41.16180400021171],[-104.81167799956383,41.161793999761024],[-104.81175999957959,41.16177700027632],[-104.81188299960326,41.161771000138884],[-104.81199200028149,41.16178800030146],[-104.81204300033515,41.161837000267965],[-104.81213700004646,41.16191400033457],[-104.81215899978777,41.16193500009115],[-104.8122170004124,41.161991000310756],[-104.81228299963634,41.16206699995257],[-104.81231199994863,41.162101000119705],[-104.81232199999441,41.16213299978356],[-104.81232600019234,41.16214499999164],[-104.81234499956062,41.16216200005721],[-104.81242099972859,41.16223300032309],[-104.81249699989658,41.162288000047575],[-104.812561000369,41.162334000273574],[-104.81261700044548,41.16237499994788],[-104.81267799964652,41.16241399979573],[-104.81274799996673,41.16245800013377],[-104.8129000003027,41.16253500014706],[-104.81306099996118,41.162599999947304],[-104.81308900044858,41.16261200006987],[-104.81318599963467,41.16266899994568],[-104.81328500026719,41.16272700000572],[-104.81346000016936,41.16289199982579],[-104.81355800007864,41.162997999909095],[-104.8135909996906,41.16303400005152],[-104.81370000036887,41.163165999728214],[-104.81394800006599,41.163505000092826],[-104.81418599971735,41.16375400009936],[-104.81420300033412,41.16378200011423],[-104.81436300016769,41.16404900021079],[-104.81446899957457,41.16404500003247],[-104.81450100025994,41.16404399981879],[-104.81462900030645,41.164015999915854],[-104.81473300006353,41.163979000098195],[-104.81476800022362,41.16394899973723],[-104.81482400030013,41.16390400018444],[-104.81484799969127,41.16387900019406],[-104.81490299994284,41.16387900019406],[-104.8150479997078,41.16387999973402],[-104.8150689996242,41.16387999973402],[-104.81512499970069,41.16388099995021],[-104.81515599966282,41.16387900019406],[-104.81534300015892,41.16387900019406],[-104.81590399985046,41.16387999973402],[-104.81609100034653,41.16388099995021],[-104.81626700007362,41.163883999922405],[-104.81679500015322,41.163894000054164],[-104.81697099988031,41.163898000241694],[-104.81711399999547,41.16392999970437],[-104.81743399966258,41.163979000098195],[-104.8176939999536,41.16402000009593],[-104.81828999980526,41.16405099996171],[-104.81884399982413,41.16406299981858],[-104.81890800029653,41.16406500024536],[-104.81931599982721,41.16405900031736],[-104.81955400037691,41.164061000067974],[-104.82026800022935,41.164066999995796],[-104.82050699970564,41.16406999995947],[-104.82078500043829,41.16407100017277],[-104.82162200031439,41.164074999673204],[-104.82190099997365,41.16407700009962],[-104.8222359997094,41.16407700009962],[-104.82324400018801,41.164078000312806],[-104.8235799997487,41.164078999849686],[-104.8241019999805,41.164081999812815],[-104.82566799977764,41.16409300012736],[-104.82619099983438,41.16409700030274],[-104.82668700012694,41.164093999664004],[-104.82817500010626,41.16408899995173],[-104.82867100039881,41.16408700020191],[-104.82877000013302,41.163961000289014],[-104.82877199978284,41.163415999893566]]]},"properties":{"GEOID":"560219808011","BASENAME":"1","STATE":"56","COUNTY":"021","TRACT":"980801","BLKGRP":"1","NAME":"1"}},{"type":"Feature","geometry":{"type":"Polygon","coordinates":[[[-105.28067500025038,41.321447999868894],[-105.28067400042549,41.32143299969765],[-105.28055300005165,41.3144350001311],[-105.28044300044681,41.308105000113294],[-105.28041400013447,41.3064079998028],[-105.28035999970781,41.3032879999599],[-105.2802950003088,41.29949299997162],[-105.28029399958558,41.2994070003006],[-105.28028100006507,41.29826700027178],[-105.28024400025515,41.29492300001892],[-105.28024300043026,41.29485000013468],[-105.28023099983636,41.29371099968147],[-105.28022900018657,41.29353599972356],[-105.28021999996571,41.29273000021305],[-105.28018700035376,41.28978999996676],[-105.280177000308,41.28880999991653],[-105.280169999737,41.28817299998876],[-105.28014899982063,41.28626499977936],[-105.28014200014792,41.28562899968617],[-105.28013200010217,41.284783999875444],[-105.28010399961477,41.28225099978386],[-105.28009500029226,41.28140699987979],[-105.28009199991918,41.28117299985655],[-105.28008400042161,41.28047599975187],[-105.28008400042161,41.28043499979183],[-105.28008199987347,41.28024300022917],[-105.28006099995704,41.2783330000656],[-105.28004099986558,41.2765509998777],[-105.27999800020787,41.272607000051245],[-105.27997800011639,41.27069899978669],[-105.27997700029147,41.2705700000164],[-105.27993899975831,41.2644759999046],[-105.2799649996976,41.25531799981353],[-105.27996600042081,41.25525300021397],[-105.27996600042081,41.25518799987434],[-105.2799649996976,41.2550129999373],[-105.27996399987268,41.254838000206746],[-105.27997300009352,41.25013100022675],[-105.28020200042236,41.240850000303986],[-105.28020099969913,41.24074699975552],[-105.28016499971413,41.23552900007688],[-105.28016399988921,41.23535400017475],[-105.2801610004145,41.235088999932884],[-105.2801610004145,41.23501200010979],[-105.28015899986633,41.23467000028218],[-105.28015600039161,41.2342950000086],[-105.2801549996684,41.23407399971187],[-105.2801549996684,41.23403100002274],[-105.28015100036876,41.2335500002529],[-105.28014200014792,41.23221300017233],[-105.280141000323,41.2321100001999],[-105.28013799994996,41.23163100019668],[-105.28012299988134,41.22947599993413],[-105.28007799967548,41.22301199996218],[-105.2800640003301,41.2208570000844],[-105.2800359998427,41.216770999805355],[-105.27998800016212,41.20958699967673],[-105.2799710004437,41.20705000016505],[-105.27995300000202,41.204515000149534],[-105.27992799988768,41.200683999892455],[-105.27992600023785,41.20043000002925],[-105.27991199999416,41.19848900014784],[-105.27989000025283,41.195031000279975],[-105.2798740003593,41.19266999966256],[-105.27986099994052,41.19072999998497],[-105.27986099994052,41.190716999798084],[-105.27913000036963,41.19062999967707],[-105.27693900040852,41.190375000194884],[-105.27621100031239,41.190292000223366],[-105.27312300020073,41.18992399974204],[-105.2721509997071,41.18980900022369],[-105.27143000018197,41.18974399970117],[-105.27067699997147,41.18971699978755],[-105.27009500036351,41.189719000107026],[-105.26937399994006,41.189753999941765],[-105.26876100036996,41.18982199991485],[-105.2681799996886,41.18991400020344],[-105.2675610002707,41.190034999790974],[-105.26678399977078,41.190223000248466],[-105.265715999916,41.1905169996659],[-105.26518500036168,41.190656999890194],[-105.26453199971029,41.19078900002058],[-105.26393000001083,41.190875999930306],[-105.26371300027586,41.19090799973593],[-105.26301500031694,41.19096999969504],[-105.26229399989349,41.19099200008076],[-105.26148200013178,41.19098200002927],[-105.26088200008213,41.19094599969602],[-105.26082799965548,41.190938999722825],[-105.26045500028488,41.19089099969329],[-105.26030499959874,41.19087299984209],[-105.25934200022427,41.19071500018511],[-105.25897200032843,41.190655000275385],[-105.25827799966916,41.19056199986718],[-105.25808100002564,41.19054700002888],[-105.25768199981748,41.190518000151386],[-105.25708199976786,41.190518999960894],[-105.25632000023485,41.190565999778435],[-105.25565999991078,41.19065999998826],[-105.25540399981774,41.190708999993824],[-105.25511400028782,41.1907649999552],[-105.25453900035255,41.19094199980802],[-105.25394699980055,41.19112800008865],[-105.25351499998041,41.1912560000766],[-105.25329300022256,41.19132200024718],[-105.25260600013428,41.191485000117176],[-105.25200100006181,41.19159600022351],[-105.25140500021014,41.191679999685604],[-105.2506999996802,41.19174399984725],[-105.25034999987585,41.1917590000873],[-105.25002699983567,41.191772999857626],[-105.24928000037127,41.19176900002011],[-105.24885900042177,41.191740000007954],[-105.24851000044231,41.191707999933],[-105.24847100008427,41.19170300030015],[-105.24807100005117,41.19165999979126],[-105.24753600029887,41.19158000015282],[-105.24606599986289,41.19132699990918],[-105.24526699962165,41.19118999983942],[-105.24490099992374,41.191125999812215],[-105.24432599998848,41.19102600010923],[-105.24380299993175,41.19093700011663],[-105.24343700023385,41.190875999930306],[-105.24315299965342,41.19082799985458],[-105.24313699975988,41.19082499976415],[-105.24233900024187,41.19070299980194],[-105.24223700013461,41.19069000028571],[-105.24193599983573,41.19065399979195],[-105.24093699957794,41.19054900032301],[-105.24074800033037,41.19053699990942],[-105.24005200002127,41.19049700009225],[-105.23931700025244,41.19047699983651],[-105.23844699986608,41.19046800019266],[-105.23747899957041,41.19049700009225],[-105.23716999977393,41.19051500004682],[-105.23662300032606,41.19054700002888],[-105.23597999972044,41.190602000320645],[-105.2353649996022,41.190666999991336],[-105.2349219999114,41.19072099969988],[-105.23390000008739,41.19084899980755],[-105.23213699974843,41.19108000019763],[-105.23175299960889,41.19111700025757],[-105.23160700001901,41.19113199996532],[-105.2312329999252,41.19114599986968],[-105.23068999977698,41.19115800017165],[-105.2299519996351,41.19112100013493],[-105.22922299971405,41.1910390002347],[-105.22852599958007,41.190910000019024],[-105.22800300042162,41.19078400031756],[-105.2279590000407,41.190774000234285],[-105.2260719998532,41.19024699983651],[-105.22463999995036,41.18985299973994],[-105.22352199986689,41.18957599975737],[-105.2225660001651,41.18938700031931],[-105.22177199994672,41.18925100007496],[-105.22094299956822,41.18914599970797],[-105.22004899979073,41.18905600003198],[-105.21996699977498,41.18904800002472],[-105.21902699996672,41.188984999764635],[-105.21835999996996,41.188963999889815],[-105.2176319998738,41.188955999871304],[-105.21733399994798,41.18896200022329],[-105.21662099992045,41.18897699974874],[-105.21615399994022,41.188991000113916],[-105.21261700028998,41.189104999885956],[-105.21143899993204,41.1891430002165],[-105.21084100043058,41.189195000170606],[-105.21061799994948,41.189215000141935],[-105.21004200018932,41.18930799975942],[-105.20947099955369,41.18941500019539],[-105.20907300006874,41.189510999679506],[-105.2089309997785,41.18954600030146],[-105.20849399993551,41.1896639997495],[-105.20785399970293,41.18987600032034],[-105.20736900017936,41.190066000191244],[-105.20692700031347,41.19025900030321],[-105.2066839997409,41.190375000194884],[-105.20639800040895,41.19051400023725],[-105.20363599981222,41.19199900008117],[-105.20153000023991,41.193118000141055],[-105.20106999993236,41.193363000067116],[-105.19981700012966,41.194039999749826],[-105.19963100035685,41.19413599988788],[-105.19907599961475,41.19442700005881],[-105.19889200039003,41.19452499980196],[-105.19842799988453,41.19474300000124],[-105.19791400004866,41.19493399968453],[-105.1973130001741,41.195092999714205],[-105.1968339996,41.19517700009689],[-105.19677199967572,41.19518799992177],[-105.19611999974757,41.19527500006918],[-105.19551899987302,41.195272000182555],[-105.19482299956393,41.19523499976715],[-105.19413200017604,41.19512200026894],[-105.19344699973759,41.19495800024942],[-105.19277300006812,41.19472600027842],[-105.19217100036867,41.19444000018494],[-105.1916370004413,41.194105999817594],[-105.19122099961638,41.19380199999739],[-105.19104599971418,41.193627999727404],[-105.19082499978126,41.193406999898755],[-105.19062999978757,41.19321299983495],[-105.19029099985386,41.192756000001246],[-105.19007699959361,41.19236999973467],[-105.18989599984364,41.19196799992024],[-105.18976000029953,41.191547999999656],[-105.18957399962837,41.19104799980012],[-105.18936500028933,41.190663000086246],[-105.18916799974753,41.190375000194884],[-105.18887499984456,41.19002299995919],[-105.18871199963795,41.189866000098384],[-105.1885540003525,41.18971400032224],[-105.18814900029655,41.18940999971136],[-105.1875130002619,41.188991000113916],[-105.18672599971622,41.18850099974694],[-105.18390899976622,41.18672799994896],[-105.18367699996263,41.18659400000479],[-105.18345400037987,41.18646599969107],[-105.18299800027027,41.1862249998209],[-105.18254299998561,41.18603100010853],[-105.18185300042262,41.18577700017383],[-105.18157700023811,41.185680000063854],[-105.1811129997326,41.185516999938876],[-105.18074799985962,41.18539299977523],[-105.18047099985017,41.185300000005455],[-105.18045099975869,41.18529300010465],[-105.17981300007423,41.18505100008066],[-105.1797899996097,41.18504199969099],[-105.17937700005615,41.184837000320066],[-105.17893400036536,41.18457200023174],[-105.17856399957118,41.18433000024749],[-105.17817500030708,41.18403299968984],[-105.17804700026056,41.183915000234784],[-105.17788300022902,41.1837630001651],[-105.17755400034106,41.18341599980481],[-105.1774379999901,41.18327199996688],[-105.17708999983556,41.182841999758914],[-105.17704899982768,41.18279100009565],[-105.17697000018495,41.18270400026033],[-105.17686700025278,41.18259000016126],[-105.17670999989396,41.182417999707376],[-105.17654800041058,41.18226099986568],[-105.17643899973231,41.18215499984582],[-105.17635199969367,41.182069999718756],[-105.17596599990428,41.18173200002275],[-105.17570099959043,41.18151800023348],[-105.17479900031532,41.18087000030985],[-105.17442299967337,41.180618999845805],[-105.17389600031699,41.18026799986522],[-105.1733749999101,41.17991999994597],[-105.1718130003109,41.178878999873504],[-105.17129299972892,41.1785320000039],[-105.17096300001603,41.17831199992543],[-105.17053399967061,41.1780009997893],[-105.17016100030006,41.177716999668625],[-105.17002900005555,41.17761599976457],[-105.16951400039476,41.17721099993046],[-105.1689960003609,41.176831000087915],[-105.16855699996977,41.1765569998549],[-105.16808999998953,41.17628699993539],[-105.16747300022145,41.175976999682085],[-105.16683899983666,41.17571300029012],[-105.16657100004804,41.17561700018599],[-105.16616900036514,41.17547500018245],[-105.16562000036916,41.175309000226186],[-105.16523799987941,41.17521200016288],[-105.16507600039603,41.175170999730476],[-105.16438099991186,41.17503000015847],[-105.16399000009957,41.17497200016966],[-105.16351300007362,41.17490699979479],[-105.16315900007129,41.17487999984901],[-105.16310200016987,41.17487699970408],[-105.1621890001258,41.17483599973812],[-105.15984699965362,41.17477199995442],[-105.1566129999521,41.174650999886076],[-105.15444999958008,41.1745709997517],[-105.15416500007304,41.1745599998439],[-105.15369300006992,41.17454499972083],[-105.15111299994638,41.174460999914515],[-105.15050000037628,41.17443900006019],[-105.14237900023913,41.17415199986931],[-105.138653000443,41.17402000000964],[-105.13814799992961,41.174003000315736],[-105.13670199978309,41.17396099974049],[-105.13494299964209,41.17389100007422],[-105.13470499999073,41.17388300024283],[-105.1310009999359,41.173758000299415],[-105.12956999985798,41.17371099991281],[-105.122981999906,41.17346999975993],[-105.12200899958748,41.17345600013344],[-105.12146100031471,41.17346400001698],[-105.12091999981631,41.17348999980074],[-105.12022299968231,41.173535000208346],[-105.11989299996942,41.17356899983465],[-105.1195530002108,41.17360500025498],[-105.11884500020615,41.173707000324335],[-105.11790600022282,41.17387499973434],[-105.11683800036803,41.17411799986946],[-105.11626099988464,41.17427699973711],[-105.1161169999446,41.17431699999605],[-105.1154070002901,41.174551000040914],[-105.11326300018465,41.17528699998043],[-105.11298500035032,41.17538299989207],[-105.11239399962322,41.17556600030587],[-105.11179500029681,41.1757229999689],[-105.11111499988124,41.17585999994455],[-105.11043799983874,41.17596099985166],[-105.10973999987982,41.17602899994913],[-105.10903299970008,41.176055000067144],[-105.10841000008422,41.17605600009749],[-105.10761400021603,41.17602299976438],[-105.10677300014198,41.175976999682085],[-105.10386499995538,41.17582600015498],[-105.10070599969859,41.17566199980859],[-105.09994599981539,41.175621999694805],[-105.09766899964055,41.17550299992183],[-105.09690999958228,41.1754639997503],[-105.09684699983308,41.175460000268856],[-105.09666100006025,41.175450999913394],[-105.09659900013597,41.17544799979462],[-105.09511799982933,41.175370000039045],[-105.09442700044143,41.17533499995381],[-105.09322300014422,41.175277000235106],[-105.09238600026814,41.175224000004235],[-105.09178000037073,41.17516800027504],[-105.0911600002296,41.17505800008801],[-105.09069900009716,41.17494300015605],[-105.09067399998281,41.17493699987182],[-105.09017299966737,41.174769999854526],[-105.08977099998448,41.17459599971968],[-105.08933900016434,41.17436399994788],[-105.08915500004133,41.174252999705296],[-105.08889599957526,41.174058999688526],[-105.08869499973379,41.17390899986031],[-105.08824899966994,41.1734799997811],[-105.0879490000943,41.17309699970572],[-105.0878169998498,41.1728770003059],[-105.08770399987193,41.17268900008588],[-105.08760799961244,41.172486000084106],[-105.08757400017556,41.17239900008398],[-105.08752300012196,41.17226499989664],[-105.08749600035776,41.172173999920965],[-105.08746100019768,41.1720510002805],[-105.08743699990823,41.17193699989628],[-105.08741299961878,41.171821999894945],[-105.08738199965664,41.17160900028238],[-105.08736999996108,41.17147499983159],[-105.0873649999382,41.171406000315066],[-105.08735999991532,41.17123799998301],[-105.08735400006753,41.171056999863666],[-105.08734700039487,41.17081200032523],[-105.08731800008253,41.169755999668375],[-105.08731499970949,41.16953400028508],[-105.08731100040985,41.169153999863106],[-105.08731399988459,41.16910899982732],[-105.0873089998617,41.16906399976063],[-105.08730600038697,41.16891000011006],[-105.08729899981596,41.168313000036825],[-105.08729700016615,41.16811399993062],[-105.08729200014326,41.167717000091464],[-105.0872879999453,41.1673739999015],[-105.08727100022688,41.16652800001811],[-105.08727100022688,41.16650699970459],[-105.08725199996029,41.166132000218894],[-105.08724299973946,41.16594300007048],[-105.08722900039407,41.16586300012253],[-105.08717300031758,41.16552200007745],[-105.08710299999738,41.16520599978019],[-105.08705799979155,41.16507199975903],[-105.08697199957783,41.16481700016805],[-105.08692700027028,41.16468599996318],[-105.08675700039097,41.16429299980611],[-105.08656700042019,41.16394500022905],[-105.08653200026006,41.16388099995021],[-105.08622799958815,41.16342900008976],[-105.0858939996773,41.16300999995878],[-105.08535999974993,41.162455000096294],[-105.08486900037856,41.16204800005038],[-105.08460099969163,41.16186199968472],[-105.0843379999259,41.16167900021691],[-105.083788000105,41.16134900014001],[-105.08373899970121,41.16131899992769],[-105.08362499989839,41.16125600004571],[-105.08313399962869,41.160985999962264],[-105.08297100032038,41.16089600013816],[-105.08129199964705,41.159970000105616],[-105.0810420003001,41.159836999800646],[-105.07890499986735,41.158651999961045],[-105.07835900024439,41.158349000204566],[-105.077853999731,41.15806899997668],[-105.07688100031079,41.15761100009328],[-105.07667600027136,41.15753500001864],[-105.07609200011528,41.157318999681394],[-105.07552499967764,41.157137000021955],[-105.07492899982597,41.15698199975007],[-105.07451999957206,41.15688700025319],[-105.07442699968563,41.156866000231894],[-105.07395100038289,41.15677899978216],[-105.0733889999681,41.156697000169906],[-105.07260300014562,41.15662400001644],[-105.06965499977605,41.156390000199345],[-105.06803000042767,41.156261000047095],[-105.06763500041747,41.156227000232064],[-105.06645200003665,41.15612599966306],[-105.06631999979219,41.156115000040366],[-105.06605799985137,41.15609500010675],[-105.06567799990975,41.15606500019489],[-105.06475300017011,41.1559920000139],[-105.06409100019623,41.15594099973731],[-105.06223599979576,41.155790000025135],[-105.06083999987794,41.155675999756724],[-105.05987300030552,41.15559800013518],[-105.05953600002161,41.15558299972907],[-105.05931099989073,41.15557299968187],[-105.05902999968333,41.15556100029954],[-105.05863600039633,41.15556599998609],[-105.05841100026545,41.155568999662535],[-105.0578940000565,41.155604000161354],[-105.05690599966937,41.15567300008513],[-105.05634599980272,41.155731999913336],[-105.0558310001419,41.15578800002214],[-105.05576900021762,41.155794000030994],[-105.05558199972154,41.15581499971931],[-105.05552099962217,41.155822000064866],[-105.05420199969727,41.15596299971562],[-105.05404900043469,41.15598000003196],[-105.05025099977024,41.156417999978686],[-105.04893500021835,41.15657100025242],[-105.04728300020749,41.156791999942214],[-105.04707099959707,41.156812999987224],[-105.04508100037569,41.15701799981536],[-105.04435400010446,41.15705900010986],[-105.04354599964239,41.15703200024873],[-105.04281000004865,41.1569870000046],[-105.0418569998216,41.15688399996071],[-105.04145799961344,41.15680799971948],[-105.04107600002202,41.15673600001481],[-105.04030400044327,41.156519999749946],[-105.03964900014203,41.156306999768745],[-105.03961599963176,41.156296000176425],[-105.03952000027061,41.156263999691724],[-105.03948799958525,41.15625399974841],[-105.03929000011685,41.15617899978684],[-105.03902200032823,41.156077000161275],[-105.03874500031883,41.15595000006752],[-105.03852400038588,41.15584800008563],[-105.0383910003165,41.15578699968244],[-105.03826999994266,41.15573100024915],[-105.03811199975891,41.15564400032209],[-105.03800499962878,41.15558499973831],[-105.0378780003055,41.15551599972191],[-105.03757799983153,41.15535199994036],[-105.03676699989471,41.15481200006962],[-105.03590200042953,41.154193999869406],[-105.03535900028133,41.153797999942064],[-105.03501899962437,41.15354999968492],[-105.03421299971043,41.152991000028436],[-105.03350300005596,41.152536000328446],[-105.03284699992982,41.15217599987419],[-105.03236999990386,41.15192100016005],[-105.031887999855,41.15169399989836],[-105.03169799988422,41.151621999987874],[-105.0311349996445,41.151397000180765],[-105.03077200031964,41.15126600020796],[-105.02707599976247,41.15006000014564],[-105.02598399961823,41.149703000245],[-105.02493300038022,41.14936100023374],[-105.02417500014685,41.1491180002809],[-105.02321299969898,41.148808999775035],[-105.020327000152,41.14788499969461],[-105.01936600042734,41.14757699993094],[-105.01859099957723,41.14732800002414],[-105.01626700044503,41.146584000129586],[-105.01553400032603,41.14634899984333],[-105.01549300031814,41.14633600031817],[-105.01535900042384,41.146295000081665],[-105.01471099979533,41.14609699989878],[-105.01452900022045,41.14605799981279],[-105.01383999958405,41.14591200008273],[-105.01288600043041,41.14580900022588],[-105.01199799960239,41.14580900022588],[-105.01154099966787,41.14584600015367],[-105.01117499997,41.14587600000665],[-105.01054599960806,41.145966000159746],[-105.0101549997958,41.146021000004566],[-105.0089849998338,41.14618800023475],[-105.00859499984645,41.146245000187605],[-105.00795799998691,41.14633600031817],[-105.006049999883,41.14660899995215],[-105.00541399984837,41.14670100005593],[-105.00532400033501,41.14671299970703],[-105.00505300017333,41.14675200007992],[-105.00496399958656,41.14676500019908],[-105.0029790003881,41.14704700027597],[-104.9984740004422,41.14769000029118],[-104.99752000039024,41.14781199987486],[-104.99701900007481,41.14785899989787],[-104.99644499996448,41.14791400018421],[-104.99502300010737,41.14804100028796],[-104.9929200000098,41.14822900019771],[-104.98822099989515,41.14865100011175],[-104.98661200044032,41.14880100026361],[-104.98451000016767,41.14899700018845],[-104.98307099969381,41.149131999695804],[-104.98279799988232,41.14915699989977],[-104.98162000042271,41.14927300020728],[-104.98078299964831,41.14941299997861],[-104.98072400009708,41.149424000049414],[-104.9797199998164,41.14965300024392],[-104.97588699989016,41.150727999980845],[-104.97487599993681,41.15099999985537],[-104.97388400025002,41.15122899995652],[-104.97269199964838,41.1514570002048],[-104.97138500031733,41.151631999961374],[-104.97030900006665,41.151743999695704],[-104.96980500027648,41.15177299983126],[-104.96956900027493,41.15178700003209],[-104.96881500023953,41.15180699992723],[-104.96605500019093,41.15184199972907],[-104.96384800033627,41.151870000098164],[-104.96106200034839,41.15190600026532],[-104.96041700009295,41.15191400007432],[-104.95949599965296,41.15192300028102],[-104.95889700032654,41.15189400021181],[-104.95827899983527,41.151824999692366],[-104.95771800014369,41.15172300005604],[-104.95725500036141,41.15161100028583],[-104.9571130000712,41.15157700008822],[-104.95671999971081,41.15145000006958],[-104.95630200013439,41.151294000146684],[-104.95545199983951,41.1508800002687],[-104.95523500010454,41.15074600004223],[-104.95489199997286,41.150533999982684],[-104.95420300023477,41.1500030001271],[-104.95329500021357,41.149253000215566],[-104.95248400027675,41.14859599976712],[-104.95134500027689,41.147685000004],[-104.95063100042444,41.147183000210546],[-104.95049199960896,41.14709499996675],[-104.95022899984322,41.14692700021875],[-104.95011000001753,41.146850999933655],[-104.94986499979514,41.14669599969334],[-104.94796599991207,41.14555099996617],[-104.94408500030526,41.14328099985304],[-104.94019499957929,41.14100500030563],[-104.93754599985877,41.13945600010012],[-104.936478000004,41.1388280000375],[-104.93393999971325,41.13733500014444],[-104.93191299978366,41.13614299975826],[-104.9315360002151,41.1359210001837],[-104.9285090002028,41.13414100024686],[-104.92654699967223,41.13298699975869],[-104.92557699972676,41.13242499997797],[-104.92547200014478,41.1323640001106],[-104.92539199977884,41.13232700001927],[-104.92494900008805,41.13212200012243],[-104.9244109999627,41.13191100009762],[-104.92399500003609,41.13177400026326],[-104.92342199975064,41.13161099999385],[-104.92253899984381,41.13144900003052],[-104.91754799965112,41.13064199976673],[-104.91564799994312,41.1303220002742],[-104.91399599993227,41.13004500028205],[-104.91294200032121,41.13000400001041],[-104.91227799979917,41.13005300005147],[-104.91211999961541,41.13006399998665],[-104.91164599996249,41.13009899989103],[-104.91148899960365,41.13011099987332],[-104.91108799974566,41.130141000157664],[-104.91039099961165,41.130267000119645],[-104.91036600039561,41.13027199970501],[-104.90963199955337,41.13044100021701],[-104.90879200020254,41.13068499973186],[-104.9083870001466,41.13080999995814],[-104.90809500006856,41.13089999981126],[-104.90738000039119,41.13108800014351],[-104.90717899965142,41.131130999816335],[-104.90665200029507,41.131247000209214],[-104.90608800023044,41.13132999988619],[-104.90591800035112,41.13135500011067],[-104.90538299970052,41.13139500017941],[-104.90516500014063,41.13141100006473],[-104.90425100027164,41.13143800032759],[-104.90366499956743,41.1314479999961],[-104.90086500023415,41.13149700031196],[-104.89638399967939,41.13151999972956],[-104.89466899991935,41.13153000006219],[-104.89395699971672,41.131529000029005],[-104.89294199956541,41.131526999962595],[-104.88989700000975,41.13152399986281],[-104.88905099991284,41.13152399986281],[-104.88888199985844,41.13152399986281],[-104.88836399982459,41.13152499989607],[-104.88681100044623,41.131532000128566],[-104.88629400023729,41.13153400019483],[-104.88630599993284,41.132132999710684],[-104.88629199968915,41.13451200012707],[-104.88625400005434,41.135535999868615],[-104.88620100035087,41.13552400020208],[-104.88604300016712,41.135489999781754],[-104.8859910002886,41.1354790000798],[-104.88591599994551,41.1354619998602],[-104.88580499961742,41.13596699996831],[-104.8858309995567,41.13821000004177],[-104.8858380001277,41.138713000119125],[-104.88573600002047,41.1396090000436],[-104.88561999966952,41.14055600001246],[-104.88542899987378,41.14125700019919],[-104.8852249996593,41.14189000005833],[-104.88495900041883,41.14250200000923],[-104.88488900009862,41.1426950002319],[-104.88468099968617,41.14327500005201],[-104.8846129999141,41.14346899988041],[-104.88391099975723,41.14526100027696],[-104.88261899959647,41.14888900024708],[-104.88227299999006,41.14967800024923],[-104.88087399969918,41.15323100004744],[-104.87999800036337,41.15546800010874],[-104.87975200031607,41.156089999784236],[-104.87958099971353,41.15660499988901],[-104.87959099975927,41.1581529998325],[-104.87959099975927,41.15832900027624],[-104.87959199958419,41.15859199975888],[-104.87958699956131,41.15868700016636],[-104.87959300030742,41.15913400017837],[-104.87959300030742,41.15948799994937],[-104.87959400013233,41.159759999999],[-104.87959400013233,41.159997000109165],[-104.87959599978215,41.16075599986552],[-104.87959699960707,41.16144899984693],[-104.87959800033029,41.16160600020163],[-104.87959900015521,41.16240799971661],[-104.8795999999801,41.16305800013547],[-104.87975599961571,41.16315099970147],[-104.87993999973872,41.163261999817955],[-104.87994099956364,41.16343000031283],[-104.87990399975371,41.16340800013566],[-104.87979599979867,41.16334200023613],[-104.87975999981366,41.16332100025415],[-104.87967500032318,41.16327399981925],[-104.87942199970487,41.16313399989251],[-104.8793380000393,41.163088000228036],[-104.87932999964337,41.16314199968381],[-104.87930799990205,41.163306000262885],[-104.87930200005428,41.163360999763164],[-104.87873799998967,41.16355400012814],[-104.87840800027678,41.163640000156754],[-104.87827199983434,41.16367599994651],[-104.8774399999811,41.163761000273254],[-104.87561300006807,41.16389700002576],[-104.87497299983548,41.16394599976801],[-104.87467900010762,41.16395800032035],[-104.87357899956746,41.16414800031964],[-104.86715899984499,41.165346000014274],[-104.8655040003594,41.165687999811404],[-104.86479100033188,41.16597399970283],[-104.86332599991874,41.166877999743825],[-104.86207499976588,41.1677700003096],[-104.8611049998204,41.168394999993055],[-104.86033800026449,41.168858999742],[-104.85954900006901,41.16920500000148],[-104.85841400026708,41.16950800028376],[-104.85711600025854,41.16953999971178],[-104.84990099959445,41.16865999994172],[-104.84850600039985,41.16844799966277],[-104.84355200001708,41.167878999730384],[-104.84294799976949,41.16783099970381],[-104.84294899959441,41.16794599994816],[-104.84294699994457,41.16898499970409],[-104.84294600011967,41.17127800006899],[-104.84294600011967,41.17326700014972],[-104.84294699994457,41.17411200018584],[-104.84294899959441,41.17474800010392],[-104.84294899959441,41.174942000108715],[-104.84329000007625,41.174942000108715],[-104.8447639998119,41.174945000250666],[-104.84525599990647,41.17494600029795],[-104.84574100032837,41.174945000250666],[-104.84719699962234,41.17494400020336],[-104.84768299986914,41.17494400020336],[-104.84774300014362,41.17495299995236],[-104.84773700029582,41.17615799973118],[-104.84773100044805,41.177776999939596],[-104.84772600042517,41.17942999998684],[-104.84772399987703,41.179854999748365],[-104.84771999967906,41.18104599991338],[-104.8477149996562,41.182745999962144],[-104.8477149996562,41.18426299988423],[-104.84771399983129,41.185970000083714],[-104.84771399983129,41.187437999971074],[-104.8477010003108,41.18744500031858],[-104.8477149996562,41.18803100010209],[-104.84772399987703,41.18838000002854],[-104.8477010003108,41.1893969999384],[-104.84771300000638,41.1893969999384],[-104.84770999963334,41.1899730002984],[-104.84770700015861,41.19064800027103],[-104.8477010003108,41.19239099986902],[-104.84769899976268,41.19289399994706],[-104.84769799993776,41.193094000253474],[-104.84769600028794,41.19398900002054],[-104.84769100026506,41.195426999777276],[-104.8476860002422,41.19710299982084],[-104.84768000039442,41.19879299983062],[-104.84767000034869,41.19988799990978],[-104.84769200008998,41.20058399992025],[-104.84770700015861,41.20108899987312],[-104.84771100035657,41.20156500026978],[-104.84833099959936,41.201556000122565],[-104.8483330001475,41.20165299969129],[-104.84834099964509,41.20194699981915],[-104.84834400001816,41.202044999793614],[-104.84820299955284,41.20241099979375],[-104.84777999995353,41.203508000067295],[-104.84764000021146,41.20387500027709],[-104.84780199969485,41.2042909997572],[-104.84828799994165,41.20554000015841],[-104.84845100014826,41.20595700011694],[-104.84820099990301,41.205954000044095],[-104.84804100006944,41.20587199980133],[-104.84784400042594,41.20570700010587],[-104.84764500023432,41.20564199982487],[-104.84745899956316,41.2055809998248],[-104.84705199985738,41.20554800017772],[-104.84637599963979,41.205569999719025],[-104.84632999960903,41.2055679998839],[-104.84602699966032,41.20555999986698],[-104.84561199955863,41.20555999986698],[-104.84502300027798,41.205582000080106],[-104.8446449999862,41.20570299976812],[-104.84438300004537,41.20589500016003],[-104.8441510002418,41.206192000216184],[-104.84401999982221,41.20629600003096],[-104.8437219998964,41.20642200028693],[-104.84274799975296,41.20668600022962],[-104.84242100041313,41.206703000225254],[-104.84219499955898,41.206680999713235],[-104.84196299975541,41.20668600022962],[-104.84171500005829,41.206598999705676],[-104.84113400027525,41.206330000220476],[-104.8410539999093,41.2062420003297],[-104.84098799978707,41.20614300031113],[-104.84050800028633,41.20587400030303],[-104.84028800017832,41.205699000105994],[-104.8391039999726,41.20475399974075],[-104.83897299955304,41.20462800032807],[-104.83877699973445,41.20454000017594],[-104.838471000311,41.204496999989445],[-104.83841100003654,41.20450199999686],[-104.83823199993641,41.20451899988408],[-104.83817300038518,41.20452500016126],[-104.8380710002779,41.20453399990013],[-104.83796099977477,41.20453200003333],[-104.83795499992698,41.216004999728476],[-104.83794999990411,41.21837499968471],[-104.83801100000349,41.21837499968471],[-104.83817800040805,41.21837599974441],[-104.8383010004317,41.21837599974441],[-104.83866999960432,41.21837599974441],[-104.83879299962797,41.2183769998041],[-104.83888100038983,41.21837599974441],[-104.8391469996303,41.21837400030071],[-104.83923600021708,41.21837400030071],[-104.84114199977284,41.21836900000193],[-104.84553600028896,41.218359000079],[-104.8468269997265,41.21832600011964],[-104.8468629997115,41.218325000059174],[-104.84765600010496,41.21830999982617],[-104.84876999999051,41.21828899989966],[-104.8504610003594,41.218255999905],[-104.85238500035683,41.218264999782335],[-104.86323399985723,41.218318000311235],[-104.8668509998734,41.21833600004763],[-104.86827000025578,41.21833900022843],[-104.87252999997928,41.21834800009436],[-104.87395000018655,41.21835100027467],[-104.87477100016913,41.21835299971902],[-104.8772340001168,41.218359000079],[-104.87805500009935,41.21836200025876],[-104.87914200022071,41.218371000121515],[-104.88093999982144,41.21838699972429],[-104.88240400040964,41.21839999982101],[-104.8834920003559,41.21840999973772],[-104.88492500008364,41.21843399980184],[-104.88922400016521,41.21850800005677],[-104.89065799971786,41.21853300014224],[-104.89264000033994,41.218561999769896],[-104.89609900017236,41.218615000058136],[-104.8968480001849,41.21862599999786],[-104.8985880000593,41.21865799975047],[-104.90057099960796,41.218695999816475],[-104.90058400002675,41.218695999816475],[-104.90062300038483,41.21869699987128],[-104.9006359999053,41.21869799992606],[-104.90110500043367,41.21870899985178],[-104.90251200022216,41.218743999726065],[-104.90262500020005,41.218746999888154],[-104.90298199967711,41.21874899999612],[-104.9043819997929,41.21875799980563],[-104.90459600005315,41.21875999991332],[-104.90581100022101,41.218747999942174],[-104.90667599968619,41.21873099969771],[-104.90804499983984,41.21870999990638],[-104.90858399979008,41.2186719998485],[-104.90998200025605,41.21857599988848],[-104.91193200019276,41.21845200018203],[-104.91225400040804,41.218431999684235],[-104.91382699987786,41.21836100019883],[-104.91524500043532,41.21832199987772],[-104.91779100022367,41.218327000180054],[-104.91974500035833,41.218331999806324],[-104.92248500031545,41.218325000059174],[-104.92392600043912,41.21832199987772],[-104.92458800041301,41.218323999998695],[-104.93070799966155,41.21834599997413],[-104.93344900034188,41.21835699995904],[-104.9338529996746,41.21835800001903],[-104.93506600019265,41.218363000318654],[-104.93547100024861,41.21836499976264],[-104.93765499963872,41.21836799994217],[-104.94102200030794,41.2183859996648],[-104.95767499958768,41.218477999671315],[-104.96322700037025,41.2185090001144],[-104.9640480003528,41.21851299966921],[-104.96651100030049,41.218524999683474],[-104.96733300010798,41.21852999997027],[-104.96900100001236,41.218537999752755],[-104.97338100028477,41.218561999769896],[-104.97397200011358,41.2185989998354],[-104.9740039999006,41.21860300006039],[-104.97445599981224,41.218670999793325],[-104.97564199966779,41.21892000021926],[-104.97700499997363,41.219368000074695],[-104.98091099969483,41.22065300005912],[-104.98109300016802,41.22071700026803],[-104.98178600010405,41.220962000256705],[-104.98199000031856,41.2210519999807],[-104.9824229999636,41.221253000065744],[-104.98257299975144,41.22131899971687],[-104.98273799960786,41.221398000153606],[-104.98297299978452,41.221524999714845],[-104.98307800026481,41.221585999714385],[-104.98339600028214,41.22177100006282],[-104.98497200012501,41.222716999898914],[-104.98560300013678,41.22309600031854],[-104.98685799958929,41.22384900009369],[-104.98747400043074,41.22421399977369],[-104.99048600037443,41.22599900030507],[-104.9912370000368,41.22645000012253],[-104.99145399977176,41.226564000184645],[-104.99314699979051,41.22746100012128],[-104.99347700040173,41.22763600020867],[-104.99508500003165,41.22845999981108],[-104.99616399975709,41.22901200003329],[-104.99940099983166,41.23066900030847],[-105.0004810002803,41.231221999984484],[-105.00121600004915,41.23159800017865],[-105.00342100025397,41.23272800030234],[-105.00415600002279,41.2331049997761],[-105.00419600020578,41.23312499983978],[-105.00509599983106,41.23357499999245],[-105.00539299993197,41.23372299993018],[-105.00627699966373,41.23413500016492],[-105.0069360001629,41.23441100020773],[-105.01129899981856,41.236090000187204],[-105.01368599959825,41.237009000258155],[-105.01456000018258,41.237345999808724],[-105.01797299998425,41.23865400012232],[-105.02054499971189,41.239646000186156],[-105.02654799968285,41.24193799971163],[-105.03075200022818,41.243553000114645],[-105.03221799956789,41.244116000257556],[-105.03246799981314,41.24421199987106],[-105.03300000009071,41.24441800001508],[-105.03329600036672,41.244533000150724],[-105.03426399976405,41.24496700026683],[-105.03514699967089,41.24540100020222],[-105.0359140001251,41.245827999776616],[-105.03659700001539,41.24624000003327],[-105.03718700001927,41.2466110001301],[-105.03807499994899,41.247231000152574],[-105.03963200042361,41.2483739997221],[-105.04040800020033,41.2489429997823],[-105.04273800007863,41.25065299999677],[-105.04351499968026,41.25122300002789],[-105.04655799958606,41.25345599986517],[-105.04963900002504,41.255717000229424],[-105.05569499969947,41.26015100021876],[-105.0568730000574,41.26101399967572],[-105.05724899980103,41.26125500026568],[-105.05754799955176,41.26142800020806],[-105.05782600028444,41.261567999950856],[-105.05815599999731,41.261721999726426],[-105.05856400042633,41.261879000022724],[-105.05888200044365,41.261984999875985],[-105.05895400041366,41.262009000150144],[-105.05950300040966,41.262158999975604],[-105.05998499956019,41.262256000151964],[-105.06053199990636,41.26233499973668],[-105.06119100040553,41.26238700026593],[-105.06193700004502,41.262396000145564],[-105.0627170000197,41.262396000145564],[-105.06771599971,41.262402999900985],[-105.07412000043729,41.262402999900985],[-105.07792200040139,41.26240399996247],[-105.07815099983193,41.26240399996247],[-105.07833499995495,41.26240399996247],[-105.07957600006208,41.262407000146766],[-105.07999000033885,41.262409000269614],[-105.08084300010847,41.26241900020742],[-105.0830559998109,41.26244499976851],[-105.08340499979036,41.26246599969213],[-105.08358600043863,41.26247699968159],[-105.08395899980924,41.26252000023647],[-105.08425300043541,41.26256400014682],[-105.08458800017117,41.2626289998987],[-105.08522000000784,41.26281699973113],[-105.08550299986504,41.26293199989339],[-105.08576200033113,41.263058999796186],[-105.08599999998252,41.2632010001926],[-105.08611899980819,41.26328799969323],[-105.08620699967175,41.26335200002806],[-105.08660099985705,41.26368599999798],[-105.08680500007155,41.26388099976067],[-105.08698800036966,41.26410900011607],[-105.08714200035543,41.264338999739046],[-105.08724899958725,41.26454599992253],[-105.08734999986959,41.264772999956605],[-105.08741699981675,41.265006000006714],[-105.08748200011406,41.26535999994651],[-105.08748299993898,41.265689999729915],[-105.08742699986247,41.26885800003042],[-105.08741099996895,41.269814999782284],[-105.08740000009831,41.27087799995644],[-105.08738500002968,41.27234300023891],[-105.08737300033413,41.273657000092086],[-105.08743899955806,41.27437799988195],[-105.08759900028993,41.27486400025408],[-105.08784299978909,41.27536799994366],[-105.08811200030092,41.27580000005238],[-105.08844799986159,41.27610599991856],[-105.0887170003734,41.27628800033675],[-105.0888860004278,41.27640299972733],[-105.08950099964774,41.276753999784425],[-105.09002899972735,41.27692199997476],[-105.09015000010115,41.2769609997642],[-105.0907230003866,41.27708599971131],[-105.09148599974453,41.2770939997538],[-105.09154000017121,41.27709500026536],[-105.092503000444,41.27705800023005],[-105.09369799962204,41.2770929999173],[-105.09488199982778,41.27713300011554],[-105.09551200001462,41.27716399974604],[-105.09591299987262,41.277206000245435],[-105.09601199960682,41.27721699977701],[-105.09738400013352,41.27735300009276],[-105.09812099955218,41.27752000026161],[-105.0987979995947,41.2777109999066],[-105.09932999987225,41.2778960000479],[-105.09980400042352,41.27808500030027],[-105.10031099968838,41.2783039999511],[-105.10091400011105,41.278585000168455],[-105.10117199985393,41.27870999970578],[-105.10156799968905,41.27890199972781],[-105.10321700022516,41.27966599970512],[-105.1052180002155,41.280605000198946],[-105.10642499998741,41.281145000103386],[-105.10761099984298,41.28173299982321],[-105.10798699958661,41.28194699989883],[-105.1083370002893,41.282160999947706],[-105.10924899961012,41.28284300000823],[-105.10961100000839,41.28315900006873],[-105.10997900025443,41.283516000024456],[-105.11141000033234,41.284948000107335],[-105.11426400009229,41.28780399974381],[-105.11433400041248,41.287873999723864],[-105.11454500029969,41.28808500023142],[-105.11461600044477,41.28815600025199],[-105.11469199971445,41.288231999874654],[-105.11492000021839,41.28846000023646],[-105.11499700021129,41.28853600017997],[-105.11765299960452,41.29119000005536],[-105.1197420003567,41.29327599990272],[-105.12041000017838,41.2939250002955],[-105.12135500000949,41.29477299988173],[-105.12312500002115,41.29624600009959],[-105.12347400000058,41.296531000176046],[-105.1240809997229,41.297027999821395],[-105.12421899981518,41.29714299978372],[-105.12523800016446,41.29799200024474],[-105.12525800025594,41.29801000030895],[-105.12554699996095,41.29827599992911],[-105.12580499970379,41.298526999770935],[-105.12610199980472,41.29885400006791],[-105.12637299996636,41.29917199986785],[-105.12786400031875,41.30111500015046],[-105.12868899960095,41.302190000225636],[-105.12928600017585,41.302967999754514],[-105.13074999986573,41.30487499993966],[-105.13107799992879,41.305302000010165],[-105.1316760003286,41.30608100026769],[-105.13252700044839,41.30718999981865],[-105.13312800032294,41.30798200028307],[-105.13316400030793,41.30802900002616],[-105.13375099993877,41.30889100011575],[-105.13433199972184,41.30988700024001],[-105.13669099991243,41.31421099991962],[-105.13783800030822,41.31631200026897],[-105.13796200015679,41.316540000309175],[-105.13833700007551,41.31722700005589],[-105.13846199974898,41.31745600016157],[-105.13903199966138,41.31847500019186],[-105.13950700003753,41.3193240002141],[-105.14098999999399,41.32204799984078],[-105.14116099969822,41.32240500015096],[-105.14136099971475,41.32289099966341],[-105.14148700011144,41.323317999797496],[-105.14163699989928,41.32391800009241],[-105.14193900002309,41.32525499970016],[-105.14206299987163,41.325799999851014],[-105.14235400012477,41.32708799967259],[-105.14241400039924,41.327351999915145],[-105.14261900043863,41.32824900005282],[-105.14294400012865,41.32967200017504],[-105.14324100022958,41.3309390002106],[-105.1434050002611,41.33163899976618],[-105.14346600036048,41.33183200016811],[-105.1434959995994,41.33192600030363],[-105.14358299963801,41.33217700011566],[-105.14363399969164,41.33230099982445],[-105.14376000008835,41.33260200011032],[-105.14395599990692,41.33298400006622],[-105.14414300040299,41.33330300033306],[-105.14433900022158,41.333609000284035],[-105.14464800001805,41.33401000028774],[-105.14476699984374,41.33416399976769],[-105.14488499984452,41.33430599990286],[-105.1449600001876,41.33439599996121],[-105.14509800027984,41.334598999958665],[-105.14520100021201,41.334834999805054],[-105.14528200040289,41.335069999848514],[-105.14533099990835,41.3353379999454],[-105.14533699975614,41.33536700033527],[-105.14531199964178,41.335718000145704],[-105.14530300031925,41.33575699985798],[-105.1452780002049,41.335876000098324],[-105.14527099963388,41.33591599999995],[-105.14523399982397,41.336093999702605],[-105.14522899980109,41.33612099986889],[-105.14521600028063,41.33639100024176],[-105.14523800002195,41.33663999984094],[-105.14524100039499,41.336669999923394],[-105.14526499978611,41.33682099972413],[-105.14527599965676,41.336888999837186],[-105.14530900016705,41.33709599987338],[-105.1453200000377,41.33716499996406],[-105.14532199968752,41.337174999912506],[-105.1454120000992,41.337501999943186],[-105.14555699986416,41.33781200007349],[-105.14576000025374,41.338109999773884],[-105.14609800036256,41.33843900032203],[-105.14751199982372,41.339553000171605],[-105.14890100006886,41.34063300008974],[-105.15109600022795,41.34234899973829],[-105.15147100014666,41.342642000032804],[-105.15343600015197,41.344178000335354],[-105.15699100024388,41.34694199998926],[-105.15821800010731,41.34789599977644],[-105.16127899955649,41.350370000304615],[-105.1616750002899,41.35075299995621],[-105.16203900033798,41.35117099977405],[-105.16248399967859,41.35177199983055],[-105.16515199966568,41.355479000058374],[-105.1669550001876,41.35798399998119],[-105.16726200033426,41.358499999859994],[-105.16750400018361,41.35898399993257],[-105.16770800039811,41.35951400022415],[-105.1678630002088,41.36006599968207],[-105.1679750003618,41.36061099984628],[-105.16808400014175,41.36126299975844],[-105.16846200043354,41.36376699970264],[-105.16856899966531,41.364470999747425],[-105.16879799999417,41.36598899996672],[-105.1689400002844,41.366665999942946],[-105.16895100015505,41.36670499999687],[-105.16924999990579,41.367728999910554],[-105.16975299987105,41.36911899971377],[-105.17047599994432,41.37104399968465],[-105.17071500031892,41.37169100020676],[-105.17113799991822,41.372838000166276],[-105.17149000027072,41.37378099985451],[-105.17230899970515,41.37597299973388],[-105.1726979998676,41.37701600018772],[-105.17283599995983,41.377446999967745],[-105.17292600037153,41.37793899979614],[-105.17294300008996,41.37831599984647],[-105.17293999971692,41.37868300009568],[-105.17290600028002,41.37897999981163],[-105.17236300013181,41.38365900004588],[-105.17227400044338,41.384422000285895],[-105.17220199957501,41.38487200005517],[-105.17208199992443,41.385351999971064],[-105.17192999958847,41.38572900018398],[-105.17173799996783,41.38611200000509],[-105.17155300001991,41.386421999836124],[-105.17123699965244,41.386901000266846],[-105.17068600000658,41.38773900023971],[-105.17037999968484,41.38820400026441],[-105.17010699987337,41.388610999851075],[-105.169897999636,41.38894600010956],[-105.16975299987105,41.38924999975147],[-105.16964900011398,41.3895479998653],[-105.1696010004334,41.38982100009598],[-105.16956200007533,41.39014899998768],[-105.16957899979377,41.390526000017594],[-105.16964400009111,41.39083599969491],[-105.16987000004691,41.3917000000944],[-105.170045999774,41.3923739997605],[-105.17057600040175,41.39439800007791],[-105.1706430003489,41.39465299984037],[-105.17077300004524,41.39504099990131],[-105.17078300009098,41.39506399968286],[-105.17094299992455,41.395435999970644],[-105.17116999970528,41.39586700031383],[-105.17148799972259,41.39631999980172],[-105.17273700022564,41.39809799980733],[-105.1742979999999,41.40031799989017],[-105.17493999988231,41.40125199975697],[-105.1751990003484,41.40173299997078],[-105.17544299984756,41.40226400028891],[-105.17569800011567,41.40291599981051],[-105.17605600031598,41.40382899985755],[-105.17637500015822,41.40461600022697],[-105.17668599960453,41.40525300000407],[-105.17736500019517,41.40630699973332],[-105.17812300042853,41.40746800028017],[-105.18010099995433,41.41049899996474],[-105.18054899966798,41.41119600020187],[-105.18175700016315,41.41307299984202],[-105.18188299966152,41.41328800027733],[-105.18196100037765,41.413503000001086],[-105.1820209997538,41.413710000244016],[-105.18208799970094,41.41400599985876],[-105.18225099990757,41.41398099985467],[-105.18253100029003,41.41393000005904],[-105.18255100038154,41.41390700021739],[-105.18354999974102,41.41346699968646],[-105.18379999998626,41.41336299971342],[-105.18398999995706,41.41330799968633],[-105.1841260003995,41.41327499991718],[-105.18423699982928,41.41324800009355],[-105.18442400032532,41.413184000017765],[-105.18482500018332,41.41300000029067],[-105.18504199991831,41.412867999813905],[-105.18527500044513,41.4126989998991],[-105.18549800002789,41.412496000273215],[-105.18574099970213,41.4122920002292],[-105.18593499987088,41.412158000089406],[-105.18614199956014,41.412048999756784],[-105.1864279997904,41.411958999950045],[-105.18674099978483,41.41191399999987],[-105.19152399956508,41.41145299967336],[-105.19231699995856,41.41141199990974],[-105.19312000039776,41.41140800004644],[-105.1938269996792,41.411427000237055],[-105.1947780002564,41.411531999736546],[-105.19523299964276,41.4116220001349],[-105.19569100030049,41.41177800017068],[-105.19601000014269,41.411901000038405],[-105.1962079996111,41.41196299977942],[-105.1964319999171,41.41202200009736],[-105.19668899983505,41.41207300004355],[-105.19884499963607,41.412430999674854],[-105.20049800037016,41.412737999970254],[-105.20078799990007,41.41277499979158],[-105.20103099957431,41.41279200003017],[-105.20130799958375,41.41277100001221],[-105.20158100029354,41.41272099971752],[-105.20182099959474,41.412649000222665],[-105.20211000019805,41.41253199977859],[-105.20239899990304,41.412385000269246],[-105.20341400005435,41.411830999890306],[-105.20380800023968,41.41160300000128],[-105.20409399957161,41.41141100011236],[-105.20436599955819,41.41118300009673],[-105.20465799963624,41.410898000299355],[-105.20496300013308,41.410533000281255],[-105.20520199960936,41.41011099988783],[-105.20536499981598,41.409624999908395],[-105.20543599996108,41.409337999681206],[-105.20556800020556,41.40831999975514],[-105.20563299960459,41.407996999849665],[-105.20568500038144,41.407843999724044],[-105.20574999978045,41.40770700027899],[-105.20582299957537,41.40759799988958],[-105.20593399990346,41.407469000138235],[-105.20608799988925,41.407364999995494],[-105.20625899959349,41.407284999720595],[-105.20637599976935,41.40724900000268],[-105.20693999983393,41.40707399976105],[-105.20770100044037,41.406865000198565],[-105.21148300031297,41.405829000011046],[-105.21169300037528,41.405761999711146],[-105.2120909998602,41.40563699990229],[-105.21258100030498,41.40546299992428],[-105.2127439996133,41.40537899976814],[-105.2129760003152,41.405259999922535],[-105.21329799963218,41.405094000113564],[-105.21340499976228,41.40504399997434],[-105.21428000017151,41.40462799972306],[-105.21453899973929,41.404506000138795],[-105.21460800023456,41.404472000037124],[-105.2151039996288,41.404229999869514],[-105.21584900034169,41.40380200015092],[-105.21775999992032,41.40262699973018],[-105.21792800014984,41.40255699969688],[-105.21808499961034,41.402546999685974],[-105.21824699999205,41.402591000126726],[-105.21836800036588,41.40267000018492],[-105.21839500013006,41.40269599975658],[-105.21849399986426,41.402790999917194],[-105.21854400009298,41.40291799966672],[-105.21853499987215,41.40307399971437],[-105.21847999962057,41.40334399997444],[-105.21842400044237,41.403537000039236],[-105.21842500026727,41.4037279996996],[-105.21864100017736,41.404422000093085],[-105.21865500042107,41.40446599993805],[-105.21866799994153,41.40458699969503],[-105.21865200004802,41.404691000241584],[-105.21862899958347,41.40480000011752],[-105.21868999968284,41.4052950001772],[-105.2187139999723,41.4053849997829],[-105.2187430002846,41.40543800000146],[-105.21885899973725,41.405652000215476],[-105.21892200038475,41.40578299997348],[-105.21898199976089,41.40593899988085],[-105.21910800015758,41.40621100011923],[-105.21921699993752,41.40638900028801],[-105.21938400034212,41.40661499986788],[-105.21962899966618,41.40688699997143],[-105.21983299988068,41.40713399966602],[-105.21999400043747,41.407350999937655],[-105.22008399995084,41.40748499988624],[-105.22022500041616,41.40760500022918],[-105.22042700008252,41.407736000092186],[-105.22106099956902,41.40800999991859],[-105.22146300015022,41.40818399981334],[-105.22191000003899,41.40833800033051],[-105.2222640000413,41.40842699992045],[-105.22260899982282,41.40848799976576],[-105.22286099971788,41.408507000136666],[-105.22314600012325,41.408508999820796],[-105.2233469999647,41.40849900005211],[-105.22348300040713,41.40847999967887],[-105.2235720000956,41.40843800021708],[-105.22442599969011,41.40766899973748],[-105.224839000142,41.40735400019092],[-105.2250430003565,41.407230999799374],[-105.22523900017507,41.407154000295755],[-105.2254650001309,41.407121999958946],[-105.2265430000314,41.40709399973553],[-105.22678200040599,41.40710600012155],[-105.22699499994302,41.40715699988439],[-105.22719099976158,41.40724300016009],[-105.22751200015198,41.40746099992582],[-105.22805899959982,41.40788300001484],[-105.22887499955951,41.40861700018894],[-105.22901600002483,41.40872499970384],[-105.2291569995918,41.40880500022687],[-105.22928100033867,41.4088630002076],[-105.22949899989857,41.408978000178934],[-105.22966600030315,41.40908000009444],[-105.22988399986305,41.40924999982242],[-105.22995800038122,41.40928700028286],[-105.2300629999632,41.40930700024986],[-105.2384560000869,41.409374000262844],[-105.23862199976827,41.40937000027408],[-105.23873300009635,41.40934400000413],[-105.23882199978479,41.40930599974633],[-105.23889399975481,41.40924099999857],[-105.23894999983132,41.40917700001751],[-105.23910700019016,41.40902899981986],[-105.2391950000537,41.408978000178934],[-105.23947700008601,41.40888700032389],[-105.23960500013253,41.40883500006072],[-105.23970700023978,41.40876800016564],[-105.2397869997074,41.40868699975774],[-105.239841999959,41.408571999945075],[-105.23986100022556,41.407949000298196],[-105.23990300005836,41.407628000280816],[-105.23997900022633,41.40745500010281],[-105.2401320003872,41.4072839998597],[-105.24027200012931,41.40718500008065],[-105.24051900000151,41.407072000032805],[-105.24075300035322,41.40698799993544],[-105.24097000008821,41.406938999772386],[-105.24117900032557,41.40691600015062],[-105.24145600033502,41.40691299987709],[-105.24167300007,41.40691500028405],[-105.24192099976712,41.40690199999603],[-105.24260200000758,41.40682000008878],[-105.24380299993175,41.40663199969713],[-105.24463399996006,41.40651800016239],[-105.2456010004308,41.406400000255964],[-105.24645300037551,41.406304999981465],[-105.24838800024357,41.40610799986317],[-105.24879300029954,41.40608800025896],[-105.24910399974583,41.40607800011771],[-105.24930399976239,41.406049000238234],[-105.24942299958806,41.40601000019408],[-105.24952899989329,41.40594200019932],[-105.24959699966534,41.40584299972305],[-105.24967299983332,41.4055700000782],[-105.24973200028288,41.4054509999086],[-105.24982500016928,41.40536099972057],[-105.24994499981987,41.405296000068695],[-105.25011100039956,41.40524799986936],[-105.25024500029384,41.405225000322815],[-105.25153599973139,41.40500500000077],[-105.25202700000106,41.40489399999964],[-105.25224899975893,41.404872000225765],[-105.2530709995664,41.40486299979548],[-105.2537740004465,41.404813000152316],[-105.25435000020666,41.40476099999749],[-105.25498000039353,41.40465999994063],[-105.25539700014504,41.404558999726774],[-105.25559299996362,41.40448799984939],[-105.25573799972858,41.404452999833836],[-105.25604900007319,41.40438799994741],[-105.25636799991543,41.40430399974916],[-105.25667900026005,41.40421300008562],[-105.25700599959988,41.40408099994735],[-105.25860200043257,41.40339699983637],[-105.2599980003504,41.4028319997308],[-105.26015499981091,41.40277900008188],[-105.26030899979669,41.402748000216334],[-105.2604360000183,41.40274100002727],[-105.26063900040788,41.40273800023482],[-105.26188200016485,41.40269800029333],[-105.26205600024213,41.40269299996201],[-105.262822999798,41.40264599979357],[-105.26348700032005,41.40259000019365],[-105.2642370001575,41.40250199995471],[-105.26439100014329,41.402491000000694],[-105.26454799960382,41.40246900008707],[-105.265567999778,41.40220299999078],[-105.26627699960756,41.402019000158475],[-105.26636500036945,41.40200199979611],[-105.26643999981418,41.40197400006159],[-105.26673000024242,41.40179200014552],[-105.26681499973292,41.40173900032221],[-105.26696399969583,41.40165200022611],[-105.26715799986458,41.401539999938606],[-105.26798600041816,41.401073999666266],[-105.26869000022485,41.40069800012822],[-105.2696869999345,41.4001800001049],[-105.27087299979004,41.39957899973246],[-105.27185000030653,41.39910099970865],[-105.27253900004462,41.39871500028424],[-105.27289100039714,41.398508000107654],[-105.2732980001029,41.39819699995401],[-105.27340699988284,41.39812099985484],[-105.27352099968566,41.39807199974379],[-105.27365499957995,41.39805299969078],[-105.27381899961149,41.39805299969078],[-105.27398799966589,41.39806799973311],[-105.27418699985752,41.39811199983724],[-105.27473900022657,41.3982169999653],[-105.27495799961136,41.39824999997055],[-105.27519699998597,41.398274999963355],[-105.2759230004323,41.39831499993182],[-105.27633599998586,41.398358999868734],[-105.27665400000318,41.39842199972653],[-105.27685800021767,41.39848500019709],[-105.27701800005124,41.398558999880336],[-105.27712199980832,41.39864100010476],[-105.27718700010563,41.398727000196125],[-105.27727199959612,41.398798000303316],[-105.27735199996208,41.39884999983908],[-105.27744999987138,41.3989020000071],[-105.2774509996963,41.39888600016719],[-105.2775989998343,41.395473000210785],[-105.2783589997175,41.395444999684955],[-105.28020099969913,41.39537800013471],[-105.28036800010372,41.38027199979371],[-105.28036999975355,41.380062000037874],[-105.28043099985292,41.37497799975148],[-105.28045199976931,41.3644099997193],[-105.28045299959423,41.36431500010324],[-105.2805139996936,41.35664899980312],[-105.2805210002646,41.35572300027347],[-105.28055700024962,41.35139400033583],[-105.28057899999091,41.345639000217],[-105.28058700038684,41.343484999794924],[-105.28062199964862,41.33474099982005],[-105.28062099982371,41.33466999992808],[-105.2806340002425,41.33135299966737],[-105.28063599989234,41.3309999999015],[-105.28064500011315,41.328606999841035],[-105.2806619998316,41.32439099987128],[-105.28067500025038,41.321447999868894]]]},"properties":{"GEOID":"560210019022","BASENAME":"2","STATE":"56","COUNTY":"021","TRACT":"001902","BLKGRP":"2","NAME":"2"}},{"type":"Feature","geometry":{"type":"Polygon","coordinates":[[[-104.83795499992698,41.216004999728476],[-104.83796099977477,41.20453200003333],[-104.83776599978108,41.20452500016126],[-104.83766500039707,41.20452200002272],[-104.83740299955792,41.20451300028221],[-104.83699599985215,41.20441999996214],[-104.83685799975989,41.20441100020756],[-104.83673399991133,41.20440300004923],[-104.83650100028282,41.20448000009654],[-104.83627600015193,41.2045850001994],[-104.83613800005966,41.20462300033024],[-104.83586900044615,41.20480999985244],[-104.83565799966063,41.20492500005218],[-104.83546900041308,41.20491399983611],[-104.83525099995488,41.20486500032578],[-104.835105000365,41.20484299987165],[-104.8348800002341,41.20474399976406],[-104.83467600001961,41.20466200003255],[-104.83459999985162,41.204600000200315],[-104.83448000020103,41.20450199999686],[-104.83437800009378,41.20429399990634],[-104.83436300002515,41.20406899983079],[-104.83439999983509,41.20386700005319],[-104.83442900014738,41.20370599981735],[-104.83443599982009,41.203382000283064],[-104.83435600035246,41.20315699977528],[-104.83430500029885,41.20299799973399],[-104.83413000039666,41.20284400011635],[-104.83366500006625,41.202508999749185],[-104.83343900011045,41.20220200018468],[-104.83328699977447,41.202114000149635],[-104.83265400011288,41.202114000149635],[-104.83222499976749,41.20199299990818],[-104.8320430001926,41.20198799970907],[-104.83176700000807,41.20208699993081],[-104.83165099965711,41.20218600000279],[-104.83158600025811,41.20244899983529],[-104.83149099982356,41.20255899997343],[-104.83124399995135,41.20263100001284],[-104.8309090002156,41.202647000085975],[-104.83061100028976,41.20263600016288],[-104.83043700021248,41.20258700029854],[-104.83031300036393,41.20248199969338],[-104.83026200031031,41.20237799989986],[-104.83024800006662,41.20207099972081],[-104.83018199994437,41.20196100011415],[-104.83007999983711,41.201851000322655],[-104.83003700017942,41.20171399997351],[-104.82997100005717,41.20141200030262],[-104.8298329999649,41.20126299991127],[-104.82965899988764,41.201186999780596],[-104.82951300029778,41.20116999970374],[-104.82920000030333,41.20118099987325],[-104.82880100009515,41.20124199991956],[-104.82859699988066,41.20124700017567],[-104.82827700021352,41.20132300023667],[-104.82827800003842,41.20199400021832],[-104.8283180002214,41.20384600022118],[-104.8280789998468,41.20384600022118],[-104.82459599972492,41.20383600010574],[-104.82220300009745,41.20383299993561],[-104.82144099966611,41.203831000047444],[-104.82109800043276,41.203831000047444],[-104.81915500016876,41.20381500026379],[-104.81839399956232,41.20381000020389],[-104.81823399972878,41.20381200009273],[-104.81775599987786,41.20381700015249],[-104.81759699986921,41.203820000323304],[-104.81729200027068,41.20381700015249],[-104.81637699967848,41.20380800031498],[-104.81607200007996,41.2038050001436],[-104.81530499962577,41.203803999861144],[-104.81300400005976,41.20380099968959],[-104.8122380003288,41.203800000082936],[-104.81154000036989,41.20379699991114],[-104.80944599959483,41.20378800007094],[-104.80874900035916,41.20378600018135],[-104.8083019995721,41.20378300000892],[-104.80696099990583,41.20377600005673],[-104.80651499984201,41.20377400016679],[-104.80600500020407,41.20376999971087],[-104.80447600021685,41.203760000259635],[-104.8039670004038,41.203757000086064],[-104.80348500035497,41.20375500019553],[-104.80204000003334,41.20375200002168],[-104.8015589998094,41.20375099973845],[-104.79995899967709,41.203743999782795],[-104.7951600000033,41.20372499980284],[-104.79407700007992,41.20372100001975],[-104.79369100029056,41.203722000303486],[-104.79356099969588,41.2037290002615],[-104.79333499974008,41.20371900012817],[-104.7929549997985,41.203715999952664],[-104.79113700010626,41.20370399992527],[-104.7909069999525,41.203703000317134],[-104.79053200003379,41.20370000014095],[-104.79033000036742,41.203698999856876],[-104.78972699994476,41.20369599968051],[-104.78952600010331,41.20369599968051],[-104.78709999996552,41.203693999788115],[-104.78613599986784,41.203693999788115],[-104.77987599997891,41.20366500032788],[-104.7798249999253,41.203664000043325],[-104.77739999961246,41.20364699993398],[-104.77642399981919,41.20364199986125],[-104.77349600043941,41.20362799992586],[-104.77252099957273,41.2036240001369],[-104.77216800029365,41.203619999671815],[-104.77111200013444,41.203610000197656],[-104.77075999978194,41.20360700001721],[-104.77015499970943,41.20360100033172],[-104.76834299986501,41.20358400020601],[-104.76820499977273,41.20358299992022],[-104.7680619996576,41.20356899997221],[-104.76795200005274,41.20351500004815],[-104.76787900025782,41.203436000316835],[-104.76784599974754,41.20334999981647],[-104.76781599961032,41.203363000197996],[-104.76772799974677,41.20340399987663],[-104.76769900033277,41.20341799985994],[-104.76533699976909,41.20341200015713],[-104.7639209997598,41.20341000025605],[-104.76094700034926,41.20340300026392],[-104.75858300013579,41.20336399981132],[-104.75825099987476,41.20335800010351],[-104.75589000003433,41.20331999991392],[-104.75470900020164,41.20331100000812],[-104.75336000013948,41.20330200010101],[-104.75129300002693,41.203288999707354],[-104.75116699963023,41.20328600018808],[-104.74998699962246,41.20326799968992],[-104.7463289995984,41.20324400014444],[-104.7360640002541,41.203179999736555],[-104.73535500042455,41.203175000303965],[-104.73212699967249,41.20315499986646],[-104.73169800022539,41.20315299995753],[-104.73169900005031,41.203249999862706],[-104.73166600043835,41.20330900010395],[-104.73156500015601,41.20335300000869],[-104.7314799997672,41.20335400029805],[-104.73093999999203,41.20336700000291],[-104.7304019998667,41.20335100010586],[-104.73033999994242,41.20334999981647],[-104.73023600018533,41.203305999909695],[-104.726664000375,41.203246999665694],[-104.71981399958389,41.20313500009868],[-104.71597200033513,41.20313300018915],[-104.71281300007836,41.20313199989641],[-104.71242300009102,41.20313199989641],[-104.71061000042168,41.2031100002114],[-104.70828200019321,41.20308400002111],[-104.70517200034024,41.203055999908585],[-104.70462400016915,41.20305200008467],[-104.70404800040896,41.203061000026096],[-104.70374000043739,41.203069999966345],[-104.70357800005569,41.20309800007287],[-104.70343099974258,41.20315299995753],[-104.70337999968898,41.20318299993658],[-104.70332000031284,41.203218000007425],[-104.7032340000991,41.203282999992716],[-104.70317399982464,41.20335400029805],[-104.70307300044063,41.203523999925956],[-104.70303200043273,41.203703000317134],[-104.70301900001395,41.204032000333065],[-104.70300599959516,41.20508700025517],[-104.70300200029551,41.20550499997779],[-104.70298200020402,41.20571699993544],[-104.70294299984597,41.205911000110916],[-104.70289099996742,41.20606600019317],[-104.70279300005812,41.20622700002934],[-104.70264699956995,41.20638999995522],[-104.702100999947,41.2068620000502],[-104.70179700017339,41.207135000302095],[-104.70162899994389,41.20729499998225],[-104.70151799961582,41.207432000136606],[-104.7013600003304,41.20769100029584],[-104.70124999982721,41.208004999967265],[-104.70112099995579,41.20842899989164],[-104.70100600032805,41.20876700030819],[-104.70089900019794,41.20910199972598],[-104.70080100028864,41.20934400005187],[-104.70071400025002,41.20952799968946],[-104.70039500040777,41.20996800019183],[-104.70014299961439,41.21023499989569],[-104.69971099979425,41.21063799988092],[-104.69887300009326,41.21132699994782],[-104.69859000023604,41.21156500017384],[-104.69821600014222,41.211879000175244],[-104.69766299994828,41.212357000103346],[-104.69738099991595,41.21260900000534],[-104.69707200011949,41.212823000211145],[-104.69673300018576,41.21299700013401],[-104.69636199956668,41.21315299978795],[-104.69590700018033,41.21330700014708],[-104.695581999592,41.21339200026462],[-104.69536300020721,41.21343799974153],[-104.69510100026638,41.21347700027171],[-104.69489000037919,41.21349799971584],[-104.69463599993598,41.21349799971584],[-104.69373299993764,41.21348700026529],[-104.69356800008119,41.213494999988725],[-104.69349000026338,41.21353600007651],[-104.69342199959303,41.2136070000689],[-104.69338399995819,41.213681999834435],[-104.6933990000268,41.21383299991239],[-104.69341599974524,41.21439099999147],[-104.69342199959303,41.214751999964065],[-104.6934130002705,41.215049999795625],[-104.69340300022476,41.21592700030778],[-104.69340099967663,41.21684399983145],[-104.69341800029338,41.217360000136466],[-104.69339599965375,41.21745000008703],[-104.69333899975236,41.21750700021692],[-104.69322800032258,41.217536999696286],[-104.69305800044326,41.21754500027591],[-104.69275799996929,41.21753200000926],[-104.69168500009165,41.21750399999795],[-104.69057899970373,41.21749099972315],[-104.68959000039003,41.21749299986952],[-104.68596800035097,41.21745200023471],[-104.68236600040339,41.217429999958576],[-104.68001399988546,41.217410999898405],[-104.67991799962601,41.21740999982394],[-104.67825200026977,41.21740999982394],[-104.67504899963205,41.217395000056875],[-104.6746219998348,41.217398000280845],[-104.67440799957456,41.21741799974341],[-104.67413399993815,41.217429999958576],[-104.6738059998751,41.21787599974942],[-104.67366399958487,41.218122000308384],[-104.67331499960541,41.218834999852064],[-104.67307199993117,41.2192390002861],[-104.67287899958733,41.219497000284555],[-104.6727709996323,41.21960900022374],[-104.67275100043912,41.219629999726436],[-104.67257800018676,41.21977199991922],[-104.67231500042102,41.21995499992241],[-104.67163699965529,41.22044199987695],[-104.67135399979807,41.22066699973011],[-104.67053000034078,41.221392000072484],[-104.66974799981796,41.22214999988382],[-104.66970900035821,41.22218799994795],[-104.66935899965553,41.22255300011504],[-104.66862700025975,41.22333900021098],[-104.6685679998102,41.223401999835524],[-104.6684120001746,41.22360200015043],[-104.66817000032526,41.22397600030049],[-104.66797799980631,41.22440000008756],[-104.66792400027795,41.22453500030009],[-104.66772799956107,41.22493700006303],[-104.66760100023777,41.22516000007933],[-104.66735299964233,41.22557200022678],[-104.66682499956273,41.22640999995881],[-104.66673599987428,41.2265760000729],[-104.66651499994134,41.227083999855104],[-104.66633300036645,41.22754199973348],[-104.66626700024422,41.227711000102694],[-104.66619799974892,41.22795999989076],[-104.66613499999974,41.22824500018556],[-104.66608800014409,41.22853400020686],[-104.6660610003799,41.22883999994985],[-104.66606999970242,41.22911799984364],[-104.66608899996898,41.2294449999604],[-104.66612400012909,41.22971299977054],[-104.66618100003049,41.22993599971293],[-104.66628099958962,41.230165000198234],[-104.66639899959037,41.230354999980264],[-104.6665900002844,41.23056400018365],[-104.6669619998301,41.230873000165374],[-104.66735299964233,41.23119100016304],[-104.66748599971174,41.231294000232175],[-104.66753500011555,41.23133199971168],[-104.66768599972828,41.2314270000027],[-104.66784300008709,41.23151899990404],[-104.66800899976847,41.23158900010944],[-104.66817600017303,41.23163799987081],[-104.66845200035756,41.23170399984983],[-104.66860499962013,41.231760999716634],[-104.66872099997107,41.23182899995505],[-104.66880499963666,41.231894999741186],[-104.66888599982752,41.23204700018275],[-104.66898000043716,41.23216599986396],[-104.66917100023286,41.23233600028749],[-104.66984400007743,41.232875000293],[-104.67044900014992,41.23336599995697],[-104.67097800005443,41.23382100027057],[-104.67115499960644,41.23401100023624],[-104.67129100004888,41.234180000097226],[-104.67137200023974,41.23434399976843],[-104.67140800022476,41.234476000275954],[-104.67145900027838,41.23470499972057],[-104.67152100020263,41.23485599990073],[-104.67160900006621,41.23498199986468],[-104.67177499974754,41.23512999999463],[-104.67219099967416,41.235428000198254],[-104.67228699993362,41.23550500020682],[-104.67243199969857,41.235639999783565],[-104.67300800035707,41.236211999975986],[-104.67311899978685,41.23633700024324],[-104.6732789996204,41.236535999716104],[-104.67335099959043,41.2366459999591],[-104.67345199987277,41.23685600009318],[-104.67352999969057,41.23700499980802],[-104.67362900032309,41.23713200013109],[-104.67377200043823,41.237254999772574],[-104.67389600028677,41.237374000106165],[-104.67398400015034,41.237476000123074],[-104.67402000013536,41.23756699985154],[-104.6740440004248,41.23768400008828],[-104.67404199987665,41.23782499981816],[-104.6740030004169,41.238324000194304],[-104.67400099986878,41.23836200031593],[-104.67398699962507,41.23906200002661],[-104.6739959998459,41.240491999679826],[-104.67398400015034,41.24060999980411],[-104.67395099964006,41.24066900012408],[-104.67389499956356,41.240727999715325],[-104.6738059998751,41.2407770000566],[-104.67369500044532,41.24081299999448],[-104.67352600039092,41.2408229998611],[-104.67241499998013,41.24097999972827],[-104.67201999996992,41.241045999731924],[-104.67156899988322,41.24114500028792],[-104.67511399992938,41.242187000025204],[-104.68291600022431,41.24448300026347],[-104.68576599978628,41.24525999993077],[-104.68588399978704,41.24529200015798],[-104.68814099987041,41.245864000309176],[-104.68925499975593,41.24597899992634],[-104.68926899999963,41.24610399975053],[-104.68996799978346,41.24595699979204],[-104.69206699968308,41.24551999988792],[-104.69276700019012,41.24537400028876],[-104.69347000017191,41.24995000008834],[-104.6934629996009,41.25058100013672],[-104.69343199963876,41.25354499990987],[-104.69329600009465,41.26636199970657],[-104.69324099984306,41.271623000173456],[-104.69326199975944,41.27162599993417],[-104.69382199962611,41.271559999764584],[-104.69422199965919,41.271411999775964],[-104.69457200036187,41.27122000000235],[-104.69474600043915,41.27104900020335],[-104.69480499999037,41.27093400015767],[-104.69495700032633,41.27035200001368],[-104.69545199989567,41.26966000023685],[-104.69543000015436,41.26950099983732],[-104.69523400033579,41.26932499980975],[-104.69459300027826,41.269083000010035],[-104.69450600023963,41.26898499988619],[-104.69450600023963,41.268886000328195],[-104.69459300027826,41.26869899970332],[-104.69482599990677,41.268495999729375],[-104.69575800021742,41.26799600022822],[-104.6959399997923,41.26795199992679],[-104.69693700040025,41.26760099980563],[-104.69733700043335,41.26747999986128],[-104.69783899967537,41.26756199982573],[-104.69813800032442,41.26755699991317],[-104.69840699993794,41.267502000174744],[-104.69849399997656,41.267458000215576],[-104.6985810000152,41.26734799985039],[-104.69858900041112,41.267182999967964],[-104.69849399997656,41.266919999821255],[-104.69844999959562,41.26673300031768],[-104.69807200020219,41.266222000112926],[-104.69807200020219,41.266101000314],[-104.69818099998213,41.26593699998863],[-104.69847200023526,41.2657830000245],[-104.69870499986376,41.26574500031947],[-104.69918500026279,41.265694999785445],[-104.69973799955845,41.26567300021355],[-104.69996199986443,41.26570799992799],[-104.70036400044563,41.26577199991669],[-104.70087400008357,41.265805000234515],[-104.70217600029008,41.2655849998263],[-104.70294000037121,41.26537600020364],[-104.70364599982774,41.26517300002668],[-104.70380599966131,41.2650470002048],[-104.70407599999807,41.2648980002839],[-104.70422800033404,41.26485399992047],[-104.70495600043016,41.26490899986371],[-104.70515999974634,41.2648980002839],[-104.70541500001448,41.264826999943686],[-104.70587299977386,41.26460700029181],[-104.7063819995869,41.26426600007566],[-104.70665899959634,41.264014000064755],[-104.70704399956082,41.26373900016772],[-104.7074739997311,41.26364000008332],[-104.70769200018933,41.263683999914285],[-104.70783799977919,41.26379399969956],[-104.70799799961274,41.26421699979331],[-104.70844200002678,41.26481500032556],[-104.70863899967027,41.26494099991986],[-104.70889300011348,41.26490299972483],[-104.70956299958497,41.264474999874835],[-104.71055199979705,41.26387000000771],[-104.7113019996345,41.263540999848885],[-104.71215299975427,41.26318400002827],[-104.71267699963593,41.26304100021843],[-104.71307699966901,41.263034999907916],[-104.71422700043786,41.26327100022681],[-104.71471500033446,41.263397000099324],[-104.71540599972239,41.26369400033212],[-104.7158719998777,41.263836000022934],[-104.71614800006223,41.263891000148334],[-104.71696400002192,41.26373700008565],[-104.71719599982552,41.26373700008565],[-104.71734200031369,41.26379200029443],[-104.71746600016225,41.26396799970589],[-104.71748000040594,41.26415999987338],[-104.7173859997963,41.26447299981532],[-104.71737099972769,41.26476399972931],[-104.71749499957625,41.26502199967533],[-104.71769899979076,41.265181000178686],[-104.71793200031757,41.26526899975996],[-104.71868899982772,41.26517500006476],[-104.71890700028592,41.26509299980358],[-104.7190529998758,41.26504900024674],[-104.71964899972747,41.264746999971884],[-104.71996199972189,41.2646369997662],[-104.72050800024316,41.26434599996149],[-104.72076299961297,41.26431799974249],[-104.7212360003393,41.264196999791515],[-104.72155600000646,41.26405999971591],[-104.72226099963807,41.2636260001616],[-104.72261100034075,41.26348299996919],[-104.72330199972865,41.26330199968745],[-104.72368000002041,41.26316399971008],[-104.72436399973562,41.26297199999042],[-104.72458200019383,41.26287799968973],[-104.72507699976315,41.262625999724555],[-104.72549199986483,41.262483000043375],[-104.72613200009744,41.26240600008536],[-104.72651100021413,41.26247099999453],[-104.72685299962258,41.26251499993788],[-104.72763900034336,41.262465000306904],[-104.72865799979431,41.262640999918524],[-104.72868700010663,41.26267900007933],[-104.72915999993465,41.26289900014937],[-104.72937800039284,41.26305200011104],[-104.72942199987548,41.26318400002827],[-104.72941500020278,41.26331000006864],[-104.7290150001697,41.26372200014343],[-104.72879699971149,41.263860000292084],[-104.72811299999628,41.26440899990389],[-104.7279819995767,41.26465100014647],[-104.7279530001627,41.26485399992047],[-104.72824500024075,41.26550700013584],[-104.72868200008377,41.26616599992135],[-104.72895800026828,41.26642399972971],[-104.72906899969806,41.266508999665774],[-104.72965000037941,41.266957000201174],[-104.73031999985092,41.267340999949816],[-104.73050200032412,41.26748899971416],[-104.7309099998548,41.26796600027145],[-104.73106999968837,41.26812600033183],[-104.73133900020021,41.26820200032441],[-104.73155799958501,41.26823000022836],[-104.73184899983814,41.268218999857574],[-104.73210300028137,41.268168999867655],[-104.73257600010936,41.26798199989],[-104.73296899957144,41.26776200006467],[-104.73322399983957,41.26776200006467],[-104.73337000032777,41.267838999784],[-104.73362399987266,41.2680480003007],[-104.73424300018884,41.268469999876714],[-104.73436700003742,41.26880499996444],[-104.7345779999246,41.26893699973048],[-104.73482599962172,41.268985999846834],[-104.7356120003425,41.26921100006049],[-104.73626000007272,41.269292999876534],[-104.73700200041253,41.269271000166555],[-104.73730799983599,41.26919899989761],[-104.7386250001111,41.26900099993024],[-104.73889399972461,41.269028000206646],[-104.73890899979322,41.269012000169226],[-104.73913399992414,41.268972999681786],[-104.73917099973404,41.26900099993024],[-104.73941799960625,41.268950999863925],[-104.73963699988936,41.26885800003042],[-104.74022400041852,41.268529000020855],[-104.74060900038299,41.26831099995509],[-104.74068399982772,41.268269999780856],[-104.74106999961711,41.26801699971714],[-104.74152099970384,41.267835999849275],[-104.74176699975112,41.2676719998304],[-104.74186999968326,41.267604999732995],[-104.74216099993642,41.26747299997481],[-104.7423719998236,41.267521999839445],[-104.74251800031179,41.267593999932124],[-104.74262700009173,41.26772500014092],[-104.74266300007675,41.26782999997931],[-104.74264200016036,41.26801099986386],[-104.74248899999948,41.268417000170935],[-104.7425040000681,41.26853799972919],[-104.74259100010673,41.26863699981482],[-104.74288200035987,41.26863699981482],[-104.74315900036929,41.268582000310936],[-104.74384300008451,41.268367000332596],[-104.74403899990308,41.26832300028117],[-104.74420700013259,41.268186000084555],[-104.7444540000048,41.26808100014346],[-104.74460700016566,41.26790600031649],[-104.7448830003502,41.267679999676176],[-104.74545699956221,41.267080999733835],[-104.74598800001488,41.266487999691854],[-104.74632299975063,41.266146999845475],[-104.74769000025447,41.26526799974234],[-104.74806799964792,41.265070000008265],[-104.74877400000275,41.264581000241044],[-104.74893399983631,41.264460000102154],[-104.74939900016673,41.26432800006323],[-104.75051999972494,41.26384499970287],[-104.75067100023598,41.26381099970508],[-104.75081600000095,41.26381099970508],[-104.75093999984952,41.26386100033122],[-104.7511220003227,41.2640639998602],[-104.75124500034634,41.264321999870965],[-104.75144899966254,41.26461299978268],[-104.75189999974924,41.26476199967865],[-104.752206000071,41.264800999980466],[-104.75235099983595,41.26476199967865],[-104.752678999899,41.26459800004169],[-104.75299199989347,41.264157999804205],[-104.75312300031302,41.26380200002047],[-104.75333500002513,41.26353799971663],[-104.75369900007323,41.26308799993074],[-104.75395400034134,41.26251700005737],[-104.75417299972614,41.262379999833485],[-104.75434000013071,41.262379999833485],[-104.75447099965197,41.26243499983468],[-104.7545440003452,41.26249500009008],[-104.75479100021742,41.26287999979811],[-104.75480499956281,41.26300599974982],[-104.75465200030024,41.263247999789755],[-104.75447700039805,41.26362099994765],[-104.75448400007076,41.26373600004457],[-104.75455699986568,41.26382400022271],[-104.75468099971424,41.26393399977214],[-104.75479000039252,41.26397800008023],[-104.75485800016457,41.263971999855805],[-104.75521399981673,41.263937999924146],[-104.75525599964953,41.26393499981019],[-104.7554380001227,41.263879999721844],[-104.75573600004853,41.26384699978163],[-104.75616600021885,41.26364899979026],[-104.75622200029535,41.26361000015089],[-104.75636899971012,41.26351199991545],[-104.75653100009184,41.26343000026695],[-104.75709000013357,41.26314500011118],[-104.75757800003021,41.263013000115116],[-104.75813100022417,41.26276099999564],[-104.75858200031087,41.26265099982086],[-104.75923000004106,41.2624320003269],[-104.75925400033051,41.26242800008265],[-104.75957999984544,41.26238300001892],[-104.76008199998577,41.26252000023647],[-104.76023400032173,41.26265700016666],[-104.760372000414,41.262888000230994],[-104.76075800020338,41.26335500016885],[-104.76112899992413,41.263657000128944],[-104.76175400008812,41.26404699992053],[-104.76198000004393,41.264277999794665],[-104.76206000040989,41.264421000271874],[-104.76216900018983,41.26450900020215],[-104.76232900002337,41.264597000013794],[-104.7625829995683,41.264674000089364],[-104.7628379998364,41.26468999983933],[-104.76307800003592,41.26466899995565],[-104.76347899989392,41.26446500025185],[-104.7636169999862,41.26389400026436],[-104.76383600026931,41.26340599983976],[-104.76393099980552,41.263093000185506],[-104.76439699996087,41.262389999775735],[-104.76465200022898,41.26223700028889],[-104.76498699996475,41.26211599985829],[-104.76560700010586,41.2620029997448],[-104.76594799968937,41.261941000250815],[-104.76634100004978,41.26192399975847],[-104.76652199979975,41.26199599994646],[-104.76658100024927,41.262066999988434],[-104.76659499959467,41.262324999786],[-104.76641300001981,41.26274799994171],[-104.76634699989755,41.26310500012006],[-104.76645599967749,41.263329999666844],[-104.76676899967195,41.26343499982021],[-104.76699399980284,41.26344000004841],[-104.76706499994796,41.261737000128036],[-104.77275999994734,41.25262000012836],[-104.77279400028254,41.25130599970059],[-104.77281400037403,41.24995099966505],[-104.7736360001815,41.249499999884485],[-104.77515500012296,41.24933500015887],[-104.77770099991135,41.24900699999065],[-104.78000099965239,41.248719000247924],[-104.78299800042578,41.24859599989353],[-104.78677600010043,41.24859599989353],[-104.7871049999884,41.24908900018709],[-104.78716000024,41.2538130001848],[-104.78716000024,41.259328999899154],[-104.78716600008777,41.26058599999715],[-104.78720600027074,41.260859000171294],[-104.78727400004281,41.26106800007014],[-104.78729499995922,41.26108999984287],[-104.7874230000057,41.26122800015133],[-104.78764899996152,41.261343999813135],[-104.787893000359,41.261419000195026],[-104.78796299978087,41.26144300000192],[-104.78813000018548,41.26150000026762],[-104.7883019997146,41.26156000003149],[-104.78863099960257,41.26168000006919],[-104.78879800000715,41.261741999810965],[-104.78901200026739,41.2615839997866],[-104.78965699962454,41.26111299968946],[-104.78987199970972,41.26095600025276],[-104.79117800011416,41.25999900031166],[-104.79177399996583,41.25955499973007],[-104.79437099980781,41.257622999745934],[-104.79626499966803,41.256228000247454],[-104.79685800004494,41.2557969997825],[-104.79749200042976,41.255371000020965],[-104.79777899958663,41.255178999676765],[-104.79845200032949,41.25478900027923],[-104.79914199989247,41.254407000025],[-104.79954000027573,41.25419499986055],[-104.7998690001637,41.254018999774765],[-104.80013299975435,41.253880000250575],[-104.80086099985049,41.253499000281316],[-104.8009110000792,41.253474000058546],[-104.80119300011151,41.25332900019849],[-104.80233600030935,41.25274200012652],[-104.80489200014344,41.251411999829024],[-104.80646100031365,41.25059099985938],[-104.80651499984201,41.25056299982165],[-104.80856100003817,41.24946299974485],[-104.8091769999813,41.24913000024672],[-104.81047900018783,41.248359999905084],[-104.81484199984347,41.245680999872654],[-104.8159349998126,41.24504399984472],[-104.81657300039537,41.24469500019817],[-104.81732499988264,41.244334000034776],[-104.81828499978238,41.24391399986445],[-104.81942499960716,41.2434559998569],[-104.82053199981999,41.24303000000073],[-104.8222070002954,41.24235299993235],[-104.8227780000327,41.242122999891414],[-104.82473299999226,41.241302000056976],[-104.82528299981317,41.24105100032309],[-104.82628500044403,41.240529999891955],[-104.82753599969858,41.23976300007881],[-104.83462099976802,41.23525999998755],[-104.83472000040054,41.23519999971117],[-104.83541199961336,41.23478400019833],[-104.83627199995396,41.2342109998524],[-104.83664900042085,41.233935000316244],[-104.83696700043815,41.233669999726246],[-104.83729399977798,41.23334199996834],[-104.83751300006111,41.233095999914354],[-104.83765500035132,41.232914999879405],[-104.8375969997267,41.232228999766484],[-104.83755099969592,41.23143399969866],[-104.83752099955872,41.23054200026483],[-104.83751700025907,41.229746000064445],[-104.83757499998538,41.22882799980141],[-104.83759400025195,41.22861200013159],[-104.83762400038918,41.22813300017282],[-104.8376400002827,41.227867999710504],[-104.8376600003742,41.22770400000812],[-104.83782000020776,41.226447000313804],[-104.83788600033,41.22569200015546],[-104.83793499983548,41.225014000266704],[-104.83793499983548,41.22498700003892],[-104.83794700042938,41.22407700030479],[-104.83794900007919,41.22392800017686],[-104.83793099963755,41.22074200018483],[-104.83794599970614,41.218926999902735],[-104.83794999990411,41.21837499968471],[-104.83795499992698,41.216004999728476]]]},"properties":{"GEOID":"560210019011","BASENAME":"1","STATE":"56","COUNTY":"021","TRACT":"001901","BLKGRP":"1","NAME":"1"}},{"type":"Feature","geometry":{"type":"Polygon","coordinates":[[[-104.78872100001426,41.261798999815696],[-104.78879800000715,41.261741999810965],[-104.78863099960257,41.26168000006919],[-104.7883019997146,41.26156000003149],[-104.78813000018548,41.26150000026762],[-104.78796299978087,41.26144300000192],[-104.787893000359,41.261419000195026],[-104.78764899996152,41.261343999813135],[-104.7874230000057,41.26122800015133],[-104.78729499995922,41.26108999984287],[-104.78727400004281,41.26106800007014],[-104.78720600027074,41.260859000171294],[-104.78716600008777,41.26058599999715],[-104.78716000024,41.259328999899154],[-104.78716000024,41.2538130001848],[-104.7871049999884,41.24908900018709],[-104.78677600010043,41.24859599989353],[-104.78299800042578,41.24859599989353],[-104.78000099965239,41.248719000247924],[-104.77770099991135,41.24900699999065],[-104.77515500012296,41.24933500015887],[-104.7736360001815,41.249499999884485],[-104.77281400037403,41.24995099966505],[-104.77279400028254,41.25130599970059],[-104.77275999994734,41.25262000012836],[-104.76706499994796,41.261737000128036],[-104.76699399980284,41.26344000004841],[-104.76676899967195,41.26343499982021],[-104.76645599967749,41.263329999666844],[-104.76634699989755,41.26310500012006],[-104.76641300001981,41.26274799994171],[-104.76659499959467,41.262324999786],[-104.76658100024927,41.262066999988434],[-104.76652199979975,41.26199599994646],[-104.76634100004978,41.26192399975847],[-104.76594799968937,41.261941000250815],[-104.76560700010586,41.2620029997448],[-104.76498699996475,41.26211599985829],[-104.76465200022898,41.26223700028889],[-104.76439699996087,41.262389999775735],[-104.76393099980552,41.263093000185506],[-104.76383600026931,41.26340599983976],[-104.7636169999862,41.26389400026436],[-104.76347899989392,41.26446500025185],[-104.76307800003592,41.26466899995565],[-104.7628379998364,41.26468999983933],[-104.7625829995683,41.264674000089364],[-104.76232900002337,41.264597000013794],[-104.76216900018983,41.26450900020215],[-104.76206000040989,41.264421000271874],[-104.76198000004393,41.264277999794665],[-104.76175400008812,41.26404699992053],[-104.76112899992413,41.263657000128944],[-104.76075800020338,41.26335500016885],[-104.760372000414,41.262888000230994],[-104.76023400032173,41.26265700016666],[-104.76008199998577,41.26252000023647],[-104.75957999984544,41.26238300001892],[-104.75925400033051,41.26242800008265],[-104.75923000004106,41.2624320003269],[-104.75858200031087,41.26265099982086],[-104.75813100022417,41.26276099999564],[-104.75757800003021,41.263013000115116],[-104.75709000013357,41.26314500011118],[-104.75653100009184,41.26343000026695],[-104.75636899971012,41.26351199991545],[-104.75622200029535,41.26361000015089],[-104.75616600021885,41.26364899979026],[-104.75573600004853,41.26384699978163],[-104.7554380001227,41.263879999721844],[-104.75525599964953,41.26393499981019],[-104.75521399981673,41.263937999924146],[-104.75485800016457,41.263971999855805],[-104.75479000039252,41.26397800008023],[-104.75468099971424,41.26393399977214],[-104.75455699986568,41.26382400022271],[-104.75448400007076,41.26373600004457],[-104.75447700039805,41.26362099994765],[-104.75465200030024,41.263247999789755],[-104.75480499956281,41.26300599974982],[-104.75479100021742,41.26287999979811],[-104.7545440003452,41.26249500009008],[-104.75447099965197,41.26243499983468],[-104.75434000013071,41.262379999833485],[-104.75417299972614,41.262379999833485],[-104.75395400034134,41.26251700005737],[-104.75369900007323,41.26308799993074],[-104.75333500002513,41.26353799971663],[-104.75312300031302,41.26380200002047],[-104.75299199989347,41.264157999804205],[-104.752678999899,41.26459800004169],[-104.75235099983595,41.26476199967865],[-104.752206000071,41.264800999980466],[-104.75189999974924,41.26476199967865],[-104.75144899966254,41.26461299978268],[-104.75124500034634,41.264321999870965],[-104.7511220003227,41.2640639998602],[-104.75093999984952,41.26386100033122],[-104.75081600000095,41.26381099970508],[-104.75067100023598,41.26381099970508],[-104.75051999972494,41.26384499970287],[-104.74939900016673,41.26432800006323],[-104.74893399983631,41.264460000102154],[-104.74877400000275,41.264581000241044],[-104.74806799964792,41.265070000008265],[-104.74769000025447,41.26526799974234],[-104.74632299975063,41.266146999845475],[-104.74598800001488,41.266487999691854],[-104.74545699956221,41.267080999733835],[-104.7448830003502,41.267679999676176],[-104.74460700016566,41.26790600031649],[-104.7444540000048,41.26808100014346],[-104.74420700013259,41.268186000084555],[-104.74403899990308,41.26832300028117],[-104.74384300008451,41.268367000332596],[-104.74315900036929,41.268582000310936],[-104.74288200035987,41.26863699981482],[-104.74259100010673,41.26863699981482],[-104.7425040000681,41.26853799972919],[-104.74248899999948,41.268417000170935],[-104.74264200016036,41.26801099986386],[-104.74266300007675,41.26782999997931],[-104.74262700009173,41.26772500014092],[-104.74251800031179,41.267593999932124],[-104.7423719998236,41.267521999839445],[-104.74216099993642,41.26747299997481],[-104.74186999968326,41.267604999732995],[-104.74176699975112,41.2676719998304],[-104.74152099970384,41.267835999849275],[-104.74106999961711,41.26801699971714],[-104.74068399982772,41.268269999780856],[-104.74060900038299,41.26831099995509],[-104.74022400041852,41.268529000020855],[-104.73963699988936,41.26885800003042],[-104.73941799960625,41.268950999863925],[-104.73917099973404,41.26900099993024],[-104.73913399992414,41.268972999681786],[-104.73890899979322,41.269012000169226],[-104.73889399972461,41.269028000206646],[-104.7386250001111,41.26900099993024],[-104.73730799983599,41.26919899989761],[-104.73700200041253,41.269271000166555],[-104.73626000007272,41.269292999876534],[-104.7356120003425,41.26921100006049],[-104.73482599962172,41.268985999846834],[-104.7345779999246,41.26893699973048],[-104.73436700003742,41.26880499996444],[-104.73424300018884,41.268469999876714],[-104.73362399987266,41.2680480003007],[-104.73337000032777,41.267838999784],[-104.73322399983957,41.26776200006467],[-104.73296899957144,41.26776200006467],[-104.73257600010936,41.26798199989],[-104.73210300028137,41.268168999867655],[-104.73184899983814,41.268218999857574],[-104.73155799958501,41.26823000022836],[-104.73133900020021,41.26820200032441],[-104.73106999968837,41.26812600033183],[-104.7309099998548,41.26796600027145],[-104.73050200032412,41.26748899971416],[-104.73031999985092,41.267340999949816],[-104.72965000037941,41.266957000201174],[-104.72906899969806,41.266508999665774],[-104.72895800026828,41.26642399972971],[-104.72868200008377,41.26616599992135],[-104.72824500024075,41.26550700013584],[-104.7279530001627,41.26485399992047],[-104.7279819995767,41.26465100014647],[-104.72811299999628,41.26440899990389],[-104.72879699971149,41.263860000292084],[-104.7290150001697,41.26372200014343],[-104.72941500020278,41.26331000006864],[-104.72942199987548,41.26318400002827],[-104.72937800039284,41.26305200011104],[-104.72915999993465,41.26289900014937],[-104.72868700010663,41.26267900007933],[-104.72865799979431,41.262640999918524],[-104.72763900034336,41.262465000306904],[-104.72685299962258,41.26251499993788],[-104.72651100021413,41.26247099999453],[-104.72613200009744,41.26240600008536],[-104.72549199986483,41.262483000043375],[-104.72507699976315,41.262625999724555],[-104.72458200019383,41.26287799968973],[-104.72436399973562,41.26297199999042],[-104.72368000002041,41.26316399971008],[-104.72330199972865,41.26330199968745],[-104.72261100034075,41.26348299996919],[-104.72226099963807,41.2636260001616],[-104.72155600000646,41.26405999971591],[-104.7212360003393,41.264196999791515],[-104.72076299961297,41.26431799974249],[-104.72050800024316,41.26434599996149],[-104.71996199972189,41.2646369997662],[-104.71964899972747,41.264746999971884],[-104.7190529998758,41.26504900024674],[-104.71890700028592,41.26509299980358],[-104.71868899982772,41.26517500006476],[-104.71793200031757,41.26526899975996],[-104.71769899979076,41.265181000178686],[-104.71749499957625,41.26502199967533],[-104.71737099972769,41.26476399972931],[-104.7173859997963,41.26447299981532],[-104.71748000040594,41.26415999987338],[-104.71746600016225,41.26396799970589],[-104.71734200031369,41.26379200029443],[-104.71719599982552,41.26373700008565],[-104.71696400002192,41.26373700008565],[-104.71614800006223,41.263891000148334],[-104.7158719998777,41.263836000022934],[-104.71540599972239,41.26369400033212],[-104.71471500033446,41.263397000099324],[-104.71422700043786,41.26327100022681],[-104.71307699966901,41.263034999907916],[-104.71267699963593,41.26304100021843],[-104.71215299975427,41.26318400002827],[-104.7113019996345,41.263540999848885],[-104.71055199979705,41.26387000000771],[-104.70956299958497,41.264474999874835],[-104.70889300011348,41.26490299972483],[-104.70863899967027,41.26494099991986],[-104.70844200002678,41.26481500032556],[-104.70799799961274,41.26421699979331],[-104.70783799977919,41.26379399969956],[-104.70769200018933,41.263683999914285],[-104.7074739997311,41.26364000008332],[-104.70704399956082,41.26373900016772],[-104.70665899959634,41.264014000064755],[-104.7063819995869,41.26426600007566],[-104.70587299977386,41.26460700029181],[-104.70541500001448,41.264826999943686],[-104.70515999974634,41.2648980002839],[-104.70495600043016,41.26490899986371],[-104.70422800033404,41.26485399992047],[-104.70407599999807,41.2648980002839],[-104.70380599966131,41.2650470002048],[-104.70364599982774,41.26517300002668],[-104.70294000037121,41.26537600020364],[-104.70217600029008,41.2655849998263],[-104.70087400008357,41.265805000234515],[-104.70036400044563,41.26577199991669],[-104.69996199986443,41.26570799992799],[-104.69973799955845,41.26567300021355],[-104.69918500026279,41.265694999785445],[-104.69870499986376,41.26574500031947],[-104.69847200023526,41.2657830000245],[-104.69818099998213,41.26593699998863],[-104.69807200020219,41.266101000314],[-104.69807200020219,41.266222000112926],[-104.69844999959562,41.26673300031768],[-104.69849399997656,41.266919999821255],[-104.69858900041112,41.267182999967964],[-104.6985810000152,41.26734799985039],[-104.69849399997656,41.267458000215576],[-104.69840699993794,41.267502000174744],[-104.69813800032442,41.26755699991317],[-104.69783899967537,41.26756199982573],[-104.69733700043335,41.26747999986128],[-104.69693700040025,41.26760099980563],[-104.6959399997923,41.26795199992679],[-104.69575800021742,41.26799600022822],[-104.69482599990677,41.268495999729375],[-104.69459300027826,41.26869899970332],[-104.69450600023963,41.268886000328195],[-104.69450600023963,41.26898499988619],[-104.69459300027826,41.269083000010035],[-104.69523400033579,41.26932499980975],[-104.69543000015436,41.26950099983732],[-104.69545199989567,41.26966000023685],[-104.69495700032633,41.27035200001368],[-104.69480499999037,41.27093400015767],[-104.69474600043915,41.27104900020335],[-104.69457200036187,41.27122000000235],[-104.69422199965919,41.271411999775964],[-104.69382199962611,41.271559999764584],[-104.69326199975944,41.27162599993417],[-104.69324099984306,41.271623000173456],[-104.69329600009465,41.26636199970657],[-104.69343199963876,41.25354499990987],[-104.6934629996009,41.25058100013672],[-104.69347000017191,41.24995000008834],[-104.69276700019012,41.24537400028876],[-104.69206699968308,41.24551999988792],[-104.68996799978346,41.24595699979204],[-104.68926899999963,41.24610399975053],[-104.68925499975593,41.24597899992634],[-104.68814099987041,41.245864000309176],[-104.68588399978704,41.24529200015798],[-104.68576599978628,41.24525999993077],[-104.68291600022431,41.24448300026347],[-104.67511399992938,41.242187000025204],[-104.67156899988322,41.24114500028792],[-104.67201999996992,41.241045999731924],[-104.67241499998013,41.24097999972827],[-104.67352600039092,41.2408229998611],[-104.67369500044532,41.24081299999448],[-104.6738059998751,41.2407770000566],[-104.67389499956356,41.240727999715325],[-104.67395099964006,41.24066900012408],[-104.67398400015034,41.24060999980411],[-104.6739959998459,41.240491999679826],[-104.67398699962507,41.23906200002661],[-104.67400099986878,41.23836200031593],[-104.6740030004169,41.238324000194304],[-104.67404199987665,41.23782499981816],[-104.6740440004248,41.23768400008828],[-104.67402000013536,41.23756699985154],[-104.67398400015034,41.237476000123074],[-104.67389600028677,41.237374000106165],[-104.67377200043823,41.237254999772574],[-104.67362900032309,41.23713200013109],[-104.67352999969057,41.23700499980802],[-104.67345199987277,41.23685600009318],[-104.67335099959043,41.2366459999591],[-104.6732789996204,41.236535999716104],[-104.67311899978685,41.23633700024324],[-104.67300800035707,41.236211999975986],[-104.67243199969857,41.235639999783565],[-104.67228699993362,41.23550500020682],[-104.67219099967416,41.235428000198254],[-104.67177499974754,41.23512999999463],[-104.67160900006621,41.23498199986468],[-104.67152100020263,41.23485599990073],[-104.67145900027838,41.23470499972057],[-104.67140800022476,41.234476000275954],[-104.67137200023974,41.23434399976843],[-104.67129100004888,41.234180000097226],[-104.67115499960644,41.23401100023624],[-104.67097800005443,41.23382100027057],[-104.67044900014992,41.23336599995697],[-104.66984400007743,41.232875000293],[-104.66917100023286,41.23233600028749],[-104.66898000043716,41.23216599986396],[-104.66888599982752,41.23204700018275],[-104.66880499963666,41.231894999741186],[-104.66872099997107,41.23182899995505],[-104.66860499962013,41.231760999716634],[-104.66845200035756,41.23170399984983],[-104.66817600017303,41.23163799987081],[-104.66800899976847,41.23158900010944],[-104.66784300008709,41.23151899990404],[-104.66768599972828,41.2314270000027],[-104.66753500011555,41.23133199971168],[-104.66748599971174,41.231294000232175],[-104.66735299964233,41.23119100016304],[-104.6669619998301,41.230873000165374],[-104.6665900002844,41.23056400018365],[-104.66639899959037,41.230354999980264],[-104.66628099958962,41.230165000198234],[-104.66618100003049,41.22993599971293],[-104.66612400012909,41.22971299977054],[-104.66608899996898,41.2294449999604],[-104.66606999970242,41.22911799984364],[-104.6660610003799,41.22883999994985],[-104.66608800014409,41.22853400020686],[-104.66613499999974,41.22824500018556],[-104.66619799974892,41.22795999989076],[-104.66626700024422,41.227711000102694],[-104.66633300036645,41.22754199973348],[-104.66651499994134,41.227083999855104],[-104.66673599987428,41.2265760000729],[-104.66682499956273,41.22640999995881],[-104.66735299964233,41.22557200022678],[-104.66760100023777,41.22516000007933],[-104.66772799956107,41.22493700006303],[-104.66792400027795,41.22453500030009],[-104.66797799980631,41.22440000008756],[-104.66817000032526,41.22397600030049],[-104.6684120001746,41.22360200015043],[-104.6685679998102,41.223401999835524],[-104.66862700025975,41.22333900021098],[-104.66935899965553,41.22255300011504],[-104.66970900035821,41.22218799994795],[-104.66974799981796,41.22214999988382],[-104.67053000034078,41.221392000072484],[-104.67135399979807,41.22066699973011],[-104.67163699965529,41.22044199987695],[-104.67231500042102,41.21995499992241],[-104.67257800018676,41.21977199991922],[-104.67275100043912,41.219629999726436],[-104.6727709996323,41.21960900022374],[-104.67287899958733,41.219497000284555],[-104.67307199993117,41.2192390002861],[-104.67331499960541,41.218834999852064],[-104.67366399958487,41.218122000308384],[-104.6738059998751,41.21787599974942],[-104.67413399993815,41.217429999958576],[-104.67440799957456,41.21741799974341],[-104.6746219998348,41.217398000280845],[-104.67504899963205,41.217395000056875],[-104.67825200026977,41.21740999982394],[-104.67991799962601,41.21740999982394],[-104.68001399988546,41.217410999898405],[-104.68236600040339,41.217429999958576],[-104.68596800035097,41.21745200023471],[-104.68959000039003,41.21749299986952],[-104.69057899970373,41.21749099972315],[-104.69168500009165,41.21750399999795],[-104.69275799996929,41.21753200000926],[-104.69305800044326,41.21754500027591],[-104.69322800032258,41.217536999696286],[-104.69333899975236,41.21750700021692],[-104.69339599965375,41.21745000008703],[-104.69341800029338,41.217360000136466],[-104.69340099967663,41.21684399983145],[-104.69340300022476,41.21592700030778],[-104.6934130002705,41.215049999795625],[-104.69342199959303,41.214751999964065],[-104.69341599974524,41.21439099999147],[-104.6933990000268,41.21383299991239],[-104.69338399995819,41.213681999834435],[-104.69342199959303,41.2136070000689],[-104.69349000026338,41.21353600007651],[-104.69356800008119,41.213494999988725],[-104.69373299993764,41.21348700026529],[-104.69463599993598,41.21349799971584],[-104.69489000037919,41.21349799971584],[-104.69510100026638,41.21347700027171],[-104.69536300020721,41.21343799974153],[-104.695581999592,41.21339200026462],[-104.69590700018033,41.21330700014708],[-104.69636199956668,41.21315299978795],[-104.69673300018576,41.21299700013401],[-104.69707200011949,41.212823000211145],[-104.69738099991595,41.21260900000534],[-104.69766299994828,41.212357000103346],[-104.69821600014222,41.211879000175244],[-104.69859000023604,41.21156500017384],[-104.69887300009326,41.21132699994782],[-104.69971099979425,41.21063799988092],[-104.70014299961439,41.21023499989569],[-104.70039500040777,41.20996800019183],[-104.70071400025002,41.20952799968946],[-104.70080100028864,41.20934400005187],[-104.70089900019794,41.20910199972598],[-104.70100600032805,41.20876700030819],[-104.70112099995579,41.20842899989164],[-104.70124999982721,41.208004999967265],[-104.7013600003304,41.20769100029584],[-104.70151799961582,41.207432000136606],[-104.70162899994389,41.20729499998225],[-104.70179700017339,41.207135000302095],[-104.702100999947,41.2068620000502],[-104.70264699956995,41.20638999995522],[-104.70279300005812,41.20622700002934],[-104.70289099996742,41.20606600019317],[-104.70294299984597,41.205911000110916],[-104.70298200020402,41.20571699993544],[-104.70300200029551,41.20550499997779],[-104.70300599959516,41.20508700025517],[-104.70301900001395,41.204032000333065],[-104.70303200043273,41.203703000317134],[-104.70307300044063,41.203523999925956],[-104.70317399982464,41.20335400029805],[-104.7032340000991,41.203282999992716],[-104.70332000031284,41.203218000007425],[-104.70337999968898,41.20318299993658],[-104.70343099974258,41.20315299995753],[-104.70357800005569,41.20309800007287],[-104.70374000043739,41.203069999966345],[-104.70404800040896,41.203061000026096],[-104.70462400016915,41.20305200008467],[-104.70517200034024,41.203055999908585],[-104.70828200019321,41.20308400002111],[-104.71061000042168,41.2031100002114],[-104.71242300009102,41.20313199989641],[-104.71281300007836,41.20313199989641],[-104.71597200033513,41.20313300018915],[-104.71981399958389,41.20313500009868],[-104.726664000375,41.203246999665694],[-104.73023600018533,41.203305999909695],[-104.73018199975867,41.20323700013459],[-104.73017199971292,41.203140999826886],[-104.73015800036752,41.20294400001468],[-104.73009999974289,41.20279200018995],[-104.72998400029027,41.202647000085975],[-104.72984299982495,41.202533999866105],[-104.72964700000637,41.20244499997421],[-104.72946799990622,41.20239999983094],[-104.72914300021623,41.202383999697474],[-104.7275299996651,41.20237099979733],[-104.72724599998296,41.20234199975083],[-104.72687500026218,41.202261000019035],[-104.72685099997275,41.202255999840396],[-104.72646799965811,41.202134999861535],[-104.72615100036401,41.201998999741136],[-104.72589400044606,41.20184400016377],[-104.72569799972916,41.2017020002549],[-104.72558999977414,41.20161400022337],[-104.72486400022613,41.20085599967642],[-104.72412500025933,41.20009199980565],[-104.72400499971043,41.1999129996761],[-104.72392199986975,41.19969499979742],[-104.72390199977826,41.199445999869226],[-104.72391299964892,41.19863199995437],[-104.72391699984688,41.198400000162515],[-104.72391799967178,41.19833500005881],[-104.72391799967178,41.19826999989055],[-104.72393199991548,41.197292999671305],[-104.7239670000756,41.19480300022013],[-104.7239600004029,41.194657000244966],[-104.72399700021282,41.192786999789085],[-104.72399800003774,41.192521000325364],[-104.7240020002357,41.19211800030109],[-104.7240170003043,41.19032599993935],[-104.72403999987053,41.18879199995322],[-104.7242149997727,41.18846999995774],[-104.72453799981291,41.18787599989658],[-104.72474600022537,41.18768400004914],[-104.72510100005259,41.18733399993493],[-104.72534200007702,41.187136000007534],[-104.7254530004051,41.187044999734226],[-104.7279249996753,41.18509900033533],[-104.73037500010251,41.18316899999657],[-104.73059799968527,41.182994999862494],[-104.73211499997693,41.18193000006427],[-104.73211499997693,41.181914000335844],[-104.73211499997693,41.18186699971652],[-104.73211499997693,41.1818519999145],[-104.73211499997693,41.181835000224915],[-104.73211499997693,41.18178499972032],[-104.73211599980183,41.18176899995647],[-104.73211900017489,41.181015999929876],[-104.7321219996496,41.180561000073126],[-104.73213099987046,41.178757999954314],[-104.73213599989332,41.178005999792305],[-104.73213900026637,41.17746099992353],[-104.73214900031209,41.17582600015498],[-104.73215299961174,41.17528199976987],[-104.73215299961174,41.17509599978011],[-104.73215599998483,41.174658000248186],[-104.73215699980972,41.17453900007632],[-104.73215900035787,41.17435400006164],[-104.73216000018276,41.17365999990109],[-104.73216100000768,41.17334100009383],[-104.73218500029711,41.17157799993501],[-104.73219500034287,41.17088500022834],[-104.73219399961964,41.17014499971327],[-104.73219399961964,41.16982400012095],[-104.73221600025927,41.16792699972179],[-104.73222499958177,41.16718799977521],[-104.73222700012991,41.166789000068086],[-104.73223700017567,41.165591999894296],[-104.7322399996504,41.16519400013268],[-104.73225600044223,41.16430700003806],[-104.73226099956679,41.16403000020693],[-104.73229300025216,41.162385999872605],[-104.73229800027502,41.162152999903675],[-104.7323119996204,41.161647000331385],[-104.73232800041227,41.16113099968197],[-104.73233300043512,41.160760999832085],[-104.73233500008496,41.16057300001469],[-104.73233699973477,41.16042900000564],[-104.73233599990985,41.160009000031984],[-104.73233599990985,41.15982100008642],[-104.73223899982548,41.15981999980826],[-104.73194799957236,41.15981999980826],[-104.73185100038629,41.15981999980826],[-104.7315509999123,41.159819000206426],[-104.73065299993685,41.159816000048146],[-104.73035400018611,41.159816000048146],[-104.72991200032024,41.15981499976991],[-104.72858699964922,41.159814000168],[-104.72814599960823,41.159814000168],[-104.727101000218,41.159802999811525],[-104.72589899957062,41.15979000024866],[-104.7239670000756,41.15977000008376],[-104.72292299961195,41.159759999999],[-104.72220600028479,41.159754999956064],[-104.72005600033152,41.15974199970735],[-104.71990399999558,41.15974199970735],[-104.71934300030401,41.15980499969206],[-104.71895499996651,41.15984199983731],[-104.71880699982849,41.15985199990952],[-104.71801400033334,41.15990900015687],[-104.71723799965831,41.15994499996716],[-104.71719800037366,41.15993999993835],[-104.71708000037286,41.15992600012611],[-104.71696400002192,41.159875000205155],[-104.71686000026484,41.15978399992932],[-104.71677800024908,41.159654999693416],[-104.71606699987136,41.15966400018995],[-104.71567500023423,41.159669000239816],[-104.7139350003598,41.15966499979415],[-104.71322499980703,41.15966400018995],[-104.71225900005949,41.159654999693416],[-104.71082100030887,41.15964399998659],[-104.70936400029166,41.159637000049216],[-104.70839900036907,41.15963300027793],[-104.70745299981473,41.15962599966309],[-104.70577800023763,41.15961600023269],[-104.70461699959813,41.15960100006975],[-104.70367199976702,41.159589999677536],[-104.70360300017003,41.15958900007219],[-104.70339700030571,41.159587999790496],[-104.70332899963533,41.159587999790496],[-104.70323900012198,41.159587000185105],[-104.7030089999682,41.15958599990338],[-104.70297200015827,41.15958500029797],[-104.70288400029473,41.15958500029797],[-104.70112099995579,41.15957300029747],[-104.69583500021031,41.15953700028286],[-104.69407299969626,41.159525999879904],[-104.692259000202,41.1595139998686],[-104.68682000029565,41.159480999995324],[-104.68500699972799,41.159470000259304],[-104.68297399995062,41.15945699995411],[-104.67687600044341,41.159420000267794],[-104.67657799961927,41.15941899998352],[-104.67484399959262,41.15939800009714],[-104.67432800010691,41.159394000311224],[-104.67277999985312,41.159382000275755],[-104.67226500019233,41.15937900009747],[-104.67157200025628,41.159372999740505],[-104.66949599992289,41.15935800019828],[-104.66880399981174,41.15935300012469],[-104.66878000042063,41.1594539997792],[-104.6687350002148,41.15964500026744],[-104.6686599998717,41.159712000112044],[-104.66864399997819,41.159715999878564],[-104.66854400041906,41.15974600014837],[-104.66850300041118,41.15975800011714],[-104.66847300027395,41.15975899971996],[-104.6682930003489,41.15977099968635],[-104.66825599964065,41.15977099968635],[-104.66818399967065,41.15977199996525],[-104.66757600012342,41.15977599972811],[-104.66654099988061,41.15978500020802],[-104.66575400023324,41.15979599989118],[-104.6651469996126,41.15980499969206],[-104.66481600007481,41.15980999973118],[-104.66442199988951,41.159816000048146],[-104.66404500032095,41.15982600012436],[-104.66382799968767,41.15985699994509],[-104.66381299961905,41.1598600001015],[-104.66356999994481,41.15991299991131],[-104.66350800002051,41.15993699978561],[-104.6632739996688,41.16002799984902],[-104.66194600042135,41.160630000311265],[-104.6613379999758,41.16092099991381],[-104.66032799984735,41.161407000015686],[-104.65987199973776,41.16162700005685],[-104.6573660001324,41.16279299984832],[-104.6560920004133,41.16339000016964],[-104.65529599964678,41.16376499979266],[-104.65081400016543,41.16587400013809],[-104.64907900031388,41.166691000065015],[-104.64764499986289,41.16736700011355],[-104.64726400009641,41.16754599996294],[-104.64686900008618,41.16773299990663],[-104.64613799961701,41.16811200030369],[-104.64576600007132,41.168305999672896],[-104.6455049999554,41.168439999842974],[-104.64537600008398,41.168508000308904],[-104.64491499995154,41.168772999800545],[-104.64474300042241,41.16887799969816],[-104.64467800012507,41.168916999733156],[-104.64449400000204,41.16903300023769],[-104.6438999998002,41.16943000021782],[-104.64333999993356,41.16983400002243],[-104.64306399974903,41.1700349998826],[-104.64264899964735,41.17038100001766],[-104.6420260000315,41.170925999962236],[-104.64158900018849,41.17132000033579],[-104.64110600031474,41.17181900028617],[-104.64060400017439,41.17236100017981],[-104.64034200023357,41.17267300012856],[-104.64029500037793,41.172731000124294],[-104.64000900014766,41.1730909999286],[-104.63977200032119,41.1734219997723],[-104.63947699987008,41.17387200021956],[-104.63925400028734,41.17425699993656],[-104.63857499969667,41.175501999883046],[-104.63817399983868,41.17629900025593],[-104.63796999962419,41.17671399984733],[-104.63735700005408,41.17796799975994],[-104.63600100031921,41.18069400023341],[-104.63577199999035,41.18115999999569],[-104.63517299976566,41.18237699972904],[-104.63410699956071,41.18448799976303],[-104.63367499974058,41.18536199986665],[-104.63225299988348,41.18824900029362],[-104.6321769997155,41.188397999889084],[-104.63194999993478,41.18884800020226],[-104.6318749995917,41.18899800029543],[-104.63155199955152,41.18963999994774],[-104.63112499975426,41.19037200008371],[-104.6310150001494,41.19053699990942],[-104.63082799965333,41.19082399995933],[-104.63054599962103,41.1912290001105],[-104.63029200007612,41.19156400007822],[-104.63004100000597,41.191852000147094],[-104.62980900020236,41.19209400004696],[-104.62950500042875,41.192365999933635],[-104.62896999977814,41.19282100023728],[-104.62853399976005,41.193150999972055],[-104.62806000010713,41.19346600022574],[-104.62770000025702,41.19368399989585],[-104.62710199985723,41.19399400015483],[-104.62708299959064,41.19400500017849],[-104.62618899981315,41.19442100020773],[-104.62557200004508,41.19467000032543],[-104.62548699965626,41.19470300005005],[-104.62545800024226,41.19471399995457],[-104.62537100020364,41.194745999912065],[-104.62534299971622,41.194758000230095],[-104.62289200036243,41.195704999744486],[-104.6165899997424,41.19816099967143],[-104.61554799982692,41.198571999865614],[-104.61391699973244,41.199216000288345],[-104.61310099977274,41.199528000053355],[-104.61149200031791,41.200155000191664],[-104.60970100038985,41.20085399969723],[-104.60714999968032,41.20186800022262],[-104.60667600002738,41.20206299995227],[-104.60508000009301,41.2027229998729],[-104.60445800030207,41.20298499995582],[-104.60359499958842,41.20332699991494],[-104.60344700034872,41.20338699969979],[-104.6024249996264,41.203784999898595],[-104.60168700038282,41.204063000187666],[-104.60154799956733,41.20411499978],[-104.60070200036876,41.20439699976086],[-104.59944100017013,41.204794999899626],[-104.59905500038074,41.204908000270464],[-104.59823699987291,41.20515100014973],[-104.5975179999976,41.205362999902604],[-104.59755800018057,41.20553599981045],[-104.5975599998304,41.20590600021117],[-104.59755399998261,41.206186000091854],[-104.5975530001577,41.20625599970585],[-104.5975170001727,41.208031000229774],[-104.59750999960168,41.20866999979548],[-104.59750100027917,41.209497999916096],[-104.59749999955595,41.2095419997142],[-104.59749799990612,41.20967700018482],[-104.59749799990612,41.209722000054505],[-104.59749700008122,41.210561999825416],[-104.5974900004085,41.21081900008431],[-104.59743099995897,41.21337100011067],[-104.59742299956304,41.21411200020902],[-104.59741300041561,41.2152099997165],[-104.59741000004257,41.215608000305515],[-104.59739999999682,41.216784000223264],[-104.59739999999682,41.21680299978981],[-104.597398000347,41.217202000224006],[-104.5973919996009,41.21793799984018],[-104.597398000347,41.21929899966944],[-104.59739499997397,41.22017800003532],[-104.59739999999682,41.2205199999948],[-104.5973139997831,41.22735000003929],[-104.59730999958515,41.22765500000076],[-104.59726299972948,41.23162200013196],[-104.59726000025475,41.23189200018228],[-104.59725600005679,41.23216199979308],[-104.59722599991954,41.23482300015959],[-104.59722500009465,41.23492999981251],[-104.59722400026973,41.234987000244246],[-104.59722400026973,41.235043999950776],[-104.5972009998052,41.23719199998512],[-104.59719999998029,41.23736699969515],[-104.5971720003912,41.24133000001058],[-104.59717400004102,41.243980999950345],[-104.59717499986594,41.24442400000951],[-104.5971589999724,41.244909000103775],[-104.59715999979731,41.24624399991813],[-104.59715999979731,41.24631900007748],[-104.59715999979731,41.246547000276465],[-104.59716099962223,41.24662299971577],[-104.59716099962223,41.24663300004421],[-104.59715399994954,41.24665899981033],[-104.59716099962223,41.24667400029415],[-104.59716900001814,41.24665600025348],[-104.59720699965298,41.24660900019895],[-104.59722099989669,41.246593000072075],[-104.59722000007177,41.24663499997462],[-104.59722000007177,41.24676199982125],[-104.59722000007177,41.246804999915454],[-104.5972300001175,41.24762400028173],[-104.59726199990456,41.25008399997034],[-104.59727299977523,41.25090399999528],[-104.59721300039908,41.251570999699155],[-104.59703500012384,41.2535730000203],[-104.5969759996743,41.25424099967436],[-104.59686799971927,41.255534999868075],[-104.59654700022722,41.25941900015263],[-104.59644000009709,41.260713999822656],[-104.59641599980765,41.26157399972088],[-104.59639900008919,41.26219400022295],[-104.59633899981476,41.264155999734975],[-104.59631299987548,41.26501700024357],[-104.59641400015782,41.26584899995713],[-104.5963699997769,41.26641099972972],[-104.59631100022565,41.26719099987367],[-104.59632399974615,41.268263999950825],[-104.59635300005846,41.27061499983964],[-104.59636499975403,41.271514999917585],[-104.59649100015073,41.271862000260775],[-104.59658900006002,41.27195300003575],[-104.59701400020744,41.272238000231646],[-104.59760099983829,41.27292199981133],[-104.59790200013717,41.27365199997118],[-104.59797800030515,41.27383600025305],[-104.59796200041163,41.27441000002327],[-104.59793899994708,41.27529899991464],[-104.5973270002019,41.2770939997538],[-104.59676099958915,41.27759100030094],[-104.59679900012229,41.278094999862624],[-104.5972929998667,41.27869300020402],[-104.59744900040063,41.27901500029951],[-104.59739400014905,41.279375000051616],[-104.59676999981,41.28016499982353],[-104.59678400005369,41.281210000259364],[-104.59678700042674,41.28142999999545],[-104.59670100021302,41.281698999689816],[-104.59670600023588,41.282533000311986],[-104.59672399977923,41.28528300001219],[-104.59672499960413,41.28551000017112],[-104.59666699987783,41.28861299969498],[-104.59666000020512,41.28902999968012],[-104.59665600000716,41.29029199987127],[-104.5966450001365,41.29106199990658],[-104.59655700027297,41.29744699973476],[-104.59654999970195,41.297925000224446],[-104.59654100037943,41.29861400010907],[-104.59650500039443,41.30102899991882],[-104.59646400038655,41.30370299973284],[-104.59644099992201,41.30526200020916],[-104.59643500007421,41.30618699987362],[-104.59638099964755,41.30946699993731],[-104.59634800003559,41.31172799979397],[-104.59630899967752,41.3144039999911],[-104.59630100017992,41.31494899980323],[-104.59629899963178,41.31512999990032],[-104.59628000026352,41.317311000049635],[-104.59627400041575,41.318038999733396],[-104.60012099968736,41.31808800008824],[-104.61166499967194,41.31823500025701],[-104.6155129996668,41.318284999669764],[-104.61552100006271,41.31849200012279],[-104.61552000023782,41.31852900027466],[-104.61551900041289,41.31926099998204],[-104.61551900041289,41.31950600016759],[-104.61551900041289,41.319650000260005],[-104.61550000014631,41.32103599989163],[-104.61543900004696,41.32562600009768],[-104.61541999978039,41.32715700024552],[-104.61540399988685,41.328337999984186],[-104.61537700012268,41.329931999911935],[-104.61534299978749,41.33201600027757],[-104.61533799976462,41.33282500018719],[-104.61526400014478,41.33627099998936],[-104.6152309996345,41.338258999787264],[-104.61518499960376,41.34103500022152],[-104.6151670000604,41.34211199995132],[-104.61515100016688,41.34311200026299],[-104.61510799961084,41.34534300017647],[-104.61508800041769,41.346420000143965],[-104.61506699960297,41.347474000086116],[-104.61505800028044,41.34796000006911],[-104.61502200029544,41.35000500029177],[-104.61501399989952,41.350637000098864],[-104.61500200020394,41.351691999924356],[-104.61500100037902,41.35170399974796],[-104.61500100037902,41.35174300000236],[-104.61500100037902,41.35175599985719],[-104.61499999965582,41.35185399971665],[-104.61499700018108,41.351897000035095],[-104.61498299993738,41.35214699972404],[-104.61499100033329,41.352244000310485],[-104.61501999974729,41.35231399989314],[-104.61502899996813,41.35233499988809],[-104.61502300012035,41.3523860001367],[-104.61499100033329,41.35244499991164],[-104.61521700028909,41.352370000314195],[-104.61589500015653,41.352148999793194],[-104.61612199993725,41.35207599992618],[-104.61745799958062,41.35163899972163],[-104.6183849998684,41.35133899979651],[-104.62266399985849,41.34995599966312],[-104.62517700003488,41.349133000327754],[-104.62545300021941,41.349042999728404],[-104.62744099979092,41.34839800010953],[-104.62874700019539,41.347973000004956],[-104.63111300005869,41.347206000022865],[-104.63266499961212,41.346697999905494],[-104.63293999997173,41.34660900010618],[-104.63397199984149,41.34627400029359],[-104.63737999962031,41.34516500012399],[-104.64467899994999,41.34279300015085],[-104.64688099978176,41.34208299986691],[-104.64760600040317,41.34184299988215],[-104.65100999998401,41.340721999963684],[-104.65149000038303,41.3405630000883],[-104.65292999978347,41.34008799992157],[-104.65326600024245,41.33997799992848],[-104.65341100000741,41.339930000069465],[-104.65364899965877,41.33985200022311],[-104.65431999985353,41.339636000161164],[-104.65454800035748,41.339563999981294],[-104.65594299955207,41.33911699978143],[-104.65596099999374,41.339110000161305],[-104.66017100038684,41.33766500022611],[-104.66109899960121,41.33734699999919],[-104.66157399997738,41.33717900029612],[-104.66560699992014,41.33574900026482],[-104.67266900042337,41.3332460000511],[-104.67543000029687,41.33231699985668],[-104.67774400028163,41.33155900008199],[-104.67792199965857,41.331500999946016],[-104.68054199996509,41.33063000011367],[-104.68180800018656,41.33021699980658],[-104.68212899967862,41.33011199984843],[-104.68316700029447,41.329752999856716],[-104.6838739995759,41.32947200013837],[-104.68396599963741,41.32942699975878],[-104.68456900006008,41.32913999967984],[-104.68508200007108,41.32886499967089],[-104.68565199998346,41.3285230002407],[-104.68639199977518,41.3280450001002],[-104.68726200016154,41.32743299978275],[-104.68807100044853,41.32687300020517],[-104.68901700010457,41.32623199995138],[-104.68976799976691,41.3257130000324],[-104.6916599999773,41.32440600003629],[-104.69168199971861,41.324390000085046],[-104.69174799984084,41.32434500024318],[-104.6917710003054,41.32433000006413],[-104.6926380003187,41.3237379999094],[-104.69524000018356,41.321966000201996],[-104.69610800002177,41.32137499999238],[-104.6964839997654,41.321142000144484],[-104.69676099977485,41.32097899967168],[-104.69854300038037,41.319979000261114],[-104.69868099957432,41.319901999993455],[-104.69928599964682,41.31957099988327],[-104.70172699985318,41.31821099974268],[-104.70647000034876,41.31560300004019],[-104.70902799983267,41.314197999992125],[-104.70906899984057,41.3141749999584],[-104.71082899980647,41.313193999941774],[-104.71215100010446,41.312460000308505],[-104.7141260001555,41.31136699975869],[-104.71556599955593,41.310558999954836],[-104.7167730002262,41.30989200028357],[-104.71763299966852,41.30938900005553],[-104.71821900037276,41.308993999809644],[-104.71888399982139,41.308490000045914],[-104.71947399982527,41.307978000131094],[-104.7199340001328,41.30754999999545],[-104.72090800027624,41.30661799968576],[-104.72345700043766,41.30418000016406],[-104.72350400029332,41.304135999961915],[-104.72436100026088,41.303322000315426],[-104.7245029996528,41.30318700024814],[-104.72509900040278,41.30262100013807],[-104.72521700040355,41.30250799995586],[-104.72575999965346,41.301992999918326],[-104.72754499973371,41.300298000119746],[-104.72953999987625,41.29838700032513],[-104.73034699961511,41.297629000026376],[-104.73049200027837,41.29748900000284],[-104.73224600039649,41.29581199990243],[-104.73244800006286,41.295619000137485],[-104.73277399957779,41.29530800016443],[-104.73436299983945,41.29380200004099],[-104.73489299956887,41.29330000014765],[-104.73501700031575,41.29318300030441],[-104.73511199985198,41.29308999989861],[-104.73576399978013,41.29245499978974],[-104.73578399987164,41.292437000217404],[-104.73598399988818,41.292245999799654],[-104.73647599998277,41.291777000094264],[-104.73704300042043,41.29129699986048],[-104.73716800009392,41.29119300026676],[-104.73766400038645,41.29079200003474],[-104.73795899993924,41.290570999832944],[-104.73860300036978,41.290115000242274],[-104.7391730002822,41.28973500006114],[-104.73998199967085,41.28925500032783],[-104.74058699974336,41.28893500011868],[-104.74104200002802,41.28869500011301],[-104.74186100036076,41.28830200007048],[-104.74189499979762,41.28828600003236],[-104.74326800014924,41.28762799979012],[-104.74393000012314,41.28730599966611],[-104.74460700016566,41.28697700015793],[-104.74883900030008,41.28496500000489],[-104.75004799972184,41.28439300002648],[-104.75050499965631,41.28417800014364],[-104.75209100044327,41.28342800006168],[-104.75278000018136,41.283103000229396],[-104.75979099973264,41.27977600024302],[-104.76752799973023,41.27610500006693],[-104.76903900017409,41.27538600017403],[-104.76953700011649,41.2751499997598],[-104.77008399956433,41.274892000001344],[-104.77023800044844,41.27481899998406],[-104.77103400031663,41.274443000026025],[-104.77110000043886,41.27440900014572],[-104.77185699994902,41.274035000293324],[-104.77300799964446,41.27340100029512],[-104.77346600030218,41.27311300008304],[-104.77402100014595,41.27272799994596],[-104.77405799995589,41.272703000332044],[-104.77492800034224,41.272061000242196],[-104.77528099962134,41.27180099991767],[-104.77552400019391,41.27162200025315],[-104.77809400027171,41.26970500001212],[-104.78162500007417,41.267083999703296],[-104.7816419997926,41.26707099983471],[-104.78240000002597,41.26650099967652],[-104.78248799988951,41.26643499972769],[-104.78448600040511,41.26495200016765],[-104.78783499973437,41.26246799981312],[-104.7884149996925,41.262030000213954],[-104.7884909998605,41.26197199966752],[-104.78872100001426,41.261798999815696]]]},"properties":{"GEOID":"560210019012","BASENAME":"2","STATE":"56","COUNTY":"021","TRACT":"001901","BLKGRP":"2","NAME":"2"}},{"type":"Feature","geometry":{"type":"Polygon","coordinates":[[[-105.27902400006444,41.64282399981819],[-105.27907599994296,41.64227599972854],[-105.27868299958259,41.62497499999111],[-105.27864099974978,41.622614999795374],[-105.27861999983341,41.61331999981524],[-105.27856899977976,41.590344000310516],[-105.27856899977976,41.59015000007308],[-105.27855200006132,41.582247000241004],[-105.27855299988624,41.58207800025252],[-105.27854799986338,41.57965999995033],[-105.27854799986338,41.5794089998004],[-105.27854500038863,41.578672000073006],[-105.2785439996654,41.57813500014385],[-105.27850799968039,41.56658300014313],[-105.27850799968039,41.56618700001079],[-105.27850500020566,41.56497900015259],[-105.2785010000077,41.56360300008984],[-105.27848299956602,41.5558510000892],[-105.27847800044148,41.553474999847055],[-105.27847800044148,41.55326900020679],[-105.27847500006845,41.55152400023378],[-105.27847000004557,41.54976099988908],[-105.27846900022067,41.549283000170966],[-105.27846900022067,41.54879400025215],[-105.27846699967252,41.54805900026314],[-105.27844199955815,41.53709500026676],[-105.27844199955815,41.53688199969667],[-105.27843800025852,41.533972000203995],[-105.27842700038786,41.52953999999214],[-105.27839200022775,41.514780000102654],[-105.27839100040286,41.51458500008128],[-105.27835799989258,41.49997600001707],[-105.2784080001213,41.4967440000036],[-105.27851299970327,41.48989300023299],[-105.27851299970327,41.489720999849304],[-105.27850600003057,41.486675000213964],[-105.27849699980975,41.482533999834466],[-105.278486999764,41.47766999986656],[-105.2784859999391,41.47753600006742],[-105.2784800000913,41.474490999887],[-105.27847900026639,41.47438400023117],[-105.27847900026639,41.47406499988816],[-105.27847900026639,41.47395899970939],[-105.27847599989335,41.47354199991458],[-105.27846900022067,41.47229399986058],[-105.27846699967252,41.47187799966357],[-105.27845599980186,41.467696999875336],[-105.27845300032713,41.466043999665544],[-105.2784299998626,41.45622599977548],[-105.27842700038786,41.455153999884104],[-105.27841800016702,41.45097300031709],[-105.27841700034212,41.45071300009943],[-105.27841300014416,41.44912299974132],[-105.27840300009842,41.445099000076524],[-105.27839899990045,41.44357599992245],[-105.27839499970251,41.44172699987605],[-105.27837799998406,41.43512799979547],[-105.27830199981608,41.43395399971434],[-105.27829799961812,41.43388800026227],[-105.27823800024198,41.43296000033079],[-105.27805800031692,41.430175999738275],[-105.27799899986736,41.429249000146726],[-105.27799200019466,41.4288349997154],[-105.27797200010319,41.42759400031548],[-105.2779660002554,41.42718100033576],[-105.27794000031615,41.425595999861734],[-105.27786400014816,41.42084399966655],[-105.27783999985871,41.41930000031594],[-105.27783999985871,41.419263000169515],[-105.2778249997901,41.418471000264645],[-105.27778799998018,41.41610100023525],[-105.27777700010951,41.41531100031963],[-105.27777499956139,41.41520999982105],[-105.27775399964499,41.414402000283744],[-105.27768500004802,41.41167499998175],[-105.27766199958349,41.410767000074706],[-105.27763900001727,41.40880799973924],[-105.27757000042028,41.40293499978945],[-105.27754899960557,41.40097799973295],[-105.27754600013084,41.400767000181304],[-105.27745499989423,41.39978399991451],[-105.27742499975702,41.3995099997657],[-105.27744999987138,41.3989020000071],[-105.27735199996208,41.39884999983908],[-105.27727199959612,41.398798000303316],[-105.27718700010563,41.398727000196125],[-105.27712199980832,41.39864100010476],[-105.27701800005124,41.398558999880336],[-105.27685800021767,41.39848500019709],[-105.27665400000318,41.39842199972653],[-105.27633599998586,41.398358999868734],[-105.2759230004323,41.39831499993182],[-105.27519699998597,41.398274999963355],[-105.27495799961136,41.39824999997055],[-105.27473900022657,41.3982169999653],[-105.27418699985752,41.39811199983724],[-105.27398799966589,41.39806799973311],[-105.27381899961149,41.39805299969078],[-105.27365499957995,41.39805299969078],[-105.27352099968566,41.39807199974379],[-105.27340699988284,41.39812099985484],[-105.2732980001029,41.39819699995401],[-105.27289100039714,41.398508000107654],[-105.27253900004462,41.39871500028424],[-105.27185000030653,41.39910099970865],[-105.27087299979004,41.39957899973246],[-105.2696869999345,41.4001800001049],[-105.26869000022485,41.40069800012822],[-105.26798600041816,41.401073999666266],[-105.26715799986458,41.401539999938606],[-105.26696399969583,41.40165200022611],[-105.26681499973292,41.40173900032221],[-105.26673000024242,41.40179200014552],[-105.26643999981418,41.40197400006159],[-105.26636500036945,41.40200199979611],[-105.26627699960756,41.402019000158475],[-105.265567999778,41.40220299999078],[-105.26454799960382,41.40246900008707],[-105.26439100014329,41.402491000000694],[-105.2642370001575,41.40250199995471],[-105.26348700032005,41.40259000019365],[-105.262822999798,41.40264599979357],[-105.26205600024213,41.40269299996201],[-105.26188200016485,41.40269800029333],[-105.26063900040788,41.40273800023482],[-105.2604360000183,41.40274100002727],[-105.26030899979669,41.402748000216334],[-105.26015499981091,41.40277900008188],[-105.2599980003504,41.4028319997308],[-105.25860200043257,41.40339699983637],[-105.25700599959988,41.40408099994735],[-105.25667900026005,41.40421300008562],[-105.25636799991543,41.40430399974916],[-105.25604900007319,41.40438799994741],[-105.25573799972858,41.404452999833836],[-105.25559299996362,41.40448799984939],[-105.25539700014504,41.404558999726774],[-105.25498000039353,41.40465999994063],[-105.25435000020666,41.40476099999749],[-105.2537740004465,41.404813000152316],[-105.2530709995664,41.40486299979548],[-105.25224899975893,41.404872000225765],[-105.25202700000106,41.40489399999964],[-105.25153599973139,41.40500500000077],[-105.25024500029384,41.405225000322815],[-105.25011100039956,41.40524799986936],[-105.24994499981987,41.405296000068695],[-105.24982500016928,41.40536099972057],[-105.24973200028288,41.4054509999086],[-105.24967299983332,41.4055700000782],[-105.24959699966534,41.40584299972305],[-105.24952899989329,41.40594200019932],[-105.24942299958806,41.40601000019408],[-105.24930399976239,41.406049000238234],[-105.24910399974583,41.40607800011771],[-105.24879300029954,41.40608800025896],[-105.24838800024357,41.40610799986317],[-105.24645300037551,41.406304999981465],[-105.2456010004308,41.406400000255964],[-105.24463399996006,41.40651800016239],[-105.24380299993175,41.40663199969713],[-105.24260200000758,41.40682000008878],[-105.24192099976712,41.40690199999603],[-105.24167300007,41.40691500028405],[-105.24145600033502,41.40691299987709],[-105.24117900032557,41.40691600015062],[-105.24097000008821,41.406938999772386],[-105.24075300035322,41.40698799993544],[-105.24051900000151,41.407072000032805],[-105.24027200012931,41.40718500008065],[-105.2401320003872,41.4072839998597],[-105.23997900022633,41.40745500010281],[-105.23990300005836,41.407628000280816],[-105.23986100022556,41.407949000298196],[-105.239841999959,41.408571999945075],[-105.2397869997074,41.40868699975774],[-105.23970700023978,41.40876800016564],[-105.23960500013253,41.40883500006072],[-105.23947700008601,41.40888700032389],[-105.2391950000537,41.408978000178934],[-105.23910700019016,41.40902899981986],[-105.23894999983132,41.40917700001751],[-105.23889399975481,41.40924099999857],[-105.23882199978479,41.40930599974633],[-105.23873300009635,41.40934400000413],[-105.23862199976827,41.40937000027408],[-105.2384560000869,41.409374000262844],[-105.2300629999632,41.40930700024986],[-105.22995800038122,41.40928700028286],[-105.22988399986305,41.40924999982242],[-105.22966600030315,41.40908000009444],[-105.22949899989857,41.408978000178934],[-105.22928100033867,41.4088630002076],[-105.2291569995918,41.40880500022687],[-105.22901600002483,41.40872499970384],[-105.22887499955951,41.40861700018894],[-105.22805899959982,41.40788300001484],[-105.22751200015198,41.40746099992582],[-105.22719099976158,41.40724300016009],[-105.22699499994302,41.40715699988439],[-105.22678200040599,41.40710600012155],[-105.2265430000314,41.40709399973553],[-105.2254650001309,41.407121999958946],[-105.22523900017507,41.407154000295755],[-105.2250430003565,41.407230999799374],[-105.224839000142,41.40735400019092],[-105.22442599969011,41.40766899973748],[-105.2235720000956,41.40843800021708],[-105.22348300040713,41.40847999967887],[-105.2233469999647,41.40849900005211],[-105.22314600012325,41.408508999820796],[-105.22286099971788,41.408507000136666],[-105.22260899982282,41.40848799976576],[-105.2222640000413,41.40842699992045],[-105.22191000003899,41.40833800033051],[-105.22146300015022,41.40818399981334],[-105.22106099956902,41.40800999991859],[-105.22042700008252,41.407736000092186],[-105.22022500041616,41.40760500022918],[-105.22008399995084,41.40748499988624],[-105.21999400043747,41.407350999937655],[-105.21983299988068,41.40713399966602],[-105.21962899966618,41.40688699997143],[-105.21938400034212,41.40661499986788],[-105.21921699993752,41.40638900028801],[-105.21910800015758,41.40621100011923],[-105.21898199976089,41.40593899988085],[-105.21892200038475,41.40578299997348],[-105.21885899973725,41.405652000215476],[-105.2187430002846,41.40543800000146],[-105.2187139999723,41.4053849997829],[-105.21868999968284,41.4052950001772],[-105.21862899958347,41.40480000011752],[-105.21865200004802,41.404691000241584],[-105.21866799994153,41.40458699969503],[-105.21865500042107,41.40446599993805],[-105.21864100017736,41.404422000093085],[-105.21842500026727,41.4037279996996],[-105.21842400044237,41.403537000039236],[-105.21847999962057,41.40334399997444],[-105.21853499987215,41.40307399971437],[-105.21854400009298,41.40291799966672],[-105.21849399986426,41.402790999917194],[-105.21839500013006,41.40269599975658],[-105.21836800036588,41.40267000018492],[-105.21824699999205,41.402591000126726],[-105.21808499961034,41.402546999685974],[-105.21792800014984,41.40255699969688],[-105.21775999992032,41.40262699973018],[-105.21584900034169,41.40380200015092],[-105.2151039996288,41.404229999869514],[-105.21460800023456,41.404472000037124],[-105.21453899973929,41.404506000138795],[-105.21428000017151,41.40462799972306],[-105.21340499976228,41.40504399997434],[-105.21329799963218,41.405094000113564],[-105.2129760003152,41.405259999922535],[-105.2127439996133,41.40537899976814],[-105.21258100030498,41.40546299992428],[-105.2120909998602,41.40563699990229],[-105.21169300037528,41.405761999711146],[-105.21148300031297,41.405829000011046],[-105.20770100044037,41.406865000198565],[-105.20693999983393,41.40707399976105],[-105.20637599976935,41.40724900000268],[-105.20625899959349,41.407284999720595],[-105.20608799988925,41.407364999995494],[-105.20593399990346,41.407469000138235],[-105.20582299957537,41.40759799988958],[-105.20574999978045,41.40770700027899],[-105.20568500038144,41.407843999724044],[-105.20563299960459,41.407996999849665],[-105.20556800020556,41.40831999975514],[-105.20543599996108,41.409337999681206],[-105.20536499981598,41.409624999908395],[-105.20520199960936,41.41011099988783],[-105.20496300013308,41.410533000281255],[-105.20465799963624,41.410898000299355],[-105.20436599955819,41.41118300009673],[-105.20409399957161,41.41141100011236],[-105.20380800023968,41.41160300000128],[-105.20341400005435,41.411830999890306],[-105.20239899990304,41.412385000269246],[-105.20211000019805,41.41253199977859],[-105.20182099959474,41.412649000222665],[-105.20158100029354,41.41272099971752],[-105.20130799958375,41.41277100001221],[-105.20103099957431,41.41279200003017],[-105.20078799990007,41.41277499979158],[-105.20049800037016,41.412737999970254],[-105.19884499963607,41.412430999674854],[-105.19668899983505,41.41207300004355],[-105.1964319999171,41.41202200009736],[-105.1962079996111,41.41196299977942],[-105.19601000014269,41.411901000038405],[-105.19569100030049,41.41177800017068],[-105.19523299964276,41.4116220001349],[-105.1947780002564,41.411531999736546],[-105.1938269996792,41.411427000237055],[-105.19312000039776,41.41140800004644],[-105.19231699995856,41.41141199990974],[-105.19152399956508,41.41145299967336],[-105.18674099978483,41.41191399999987],[-105.1864279997904,41.411958999950045],[-105.18614199956014,41.412048999756784],[-105.18593499987088,41.412158000089406],[-105.18574099970213,41.4122920002292],[-105.18549800002789,41.412496000273215],[-105.18527500044513,41.4126989998991],[-105.18504199991831,41.412867999813905],[-105.18482500018332,41.41300000029067],[-105.18442400032532,41.413184000017765],[-105.18423699982928,41.41324800009355],[-105.1841260003995,41.41327499991718],[-105.18398999995706,41.41330799968633],[-105.18379999998626,41.41336299971342],[-105.18354999974102,41.41346699968646],[-105.18255100038154,41.41390700021739],[-105.18253100029003,41.41393000005904],[-105.18225099990757,41.41398099985467],[-105.18208799970094,41.41400599985876],[-105.1820209997538,41.413710000244016],[-105.18196100037765,41.413503000001086],[-105.18188299966152,41.41328800027733],[-105.18175700016315,41.41307299984202],[-105.18054899966798,41.41119600020187],[-105.18010099995433,41.41049899996474],[-105.17812300042853,41.40746800028017],[-105.17736500019517,41.40630699973332],[-105.17668599960453,41.40525300000407],[-105.17637500015822,41.40461600022697],[-105.17605600031598,41.40382899985755],[-105.17569800011567,41.40291599981051],[-105.17544299984756,41.40226400028891],[-105.1751990003484,41.40173299997078],[-105.17493999988231,41.40125199975697],[-105.1742979999999,41.40031799989017],[-105.17273700022564,41.39809799980733],[-105.17148799972259,41.39631999980172],[-105.17116999970528,41.39586700031383],[-105.17094299992455,41.395435999970644],[-105.17078300009098,41.39506399968286],[-105.17077300004524,41.39504099990131],[-105.1706430003489,41.39465299984037],[-105.17057600040175,41.39439800007791],[-105.170045999774,41.3923739997605],[-105.16987000004691,41.3917000000944],[-105.16964400009111,41.39083599969491],[-105.16957899979377,41.390526000017594],[-105.16956200007533,41.39014899998768],[-105.1696010004334,41.38982100009598],[-105.16964900011398,41.3895479998653],[-105.16975299987105,41.38924999975147],[-105.169897999636,41.38894600010956],[-105.17010699987337,41.388610999851075],[-105.17037999968484,41.38820400026441],[-105.17068600000658,41.38773900023971],[-105.17123699965244,41.386901000266846],[-105.17155300001991,41.386421999836124],[-105.17173799996783,41.38611200000509],[-105.17192999958847,41.38572900018398],[-105.17208199992443,41.385351999971064],[-105.17220199957501,41.38487200005517],[-105.17227400044338,41.384422000285895],[-105.17236300013181,41.38365900004588],[-105.17290600028002,41.37897999981163],[-105.17293999971692,41.37868300009568],[-105.17294300008996,41.37831599984647],[-105.17292600037153,41.37793899979614],[-105.17283599995983,41.377446999967745],[-105.1726979998676,41.37701600018772],[-105.17230899970515,41.37597299973388],[-105.17149000027072,41.37378099985451],[-105.17113799991822,41.372838000166276],[-105.17071500031892,41.37169100020676],[-105.17047599994432,41.37104399968465],[-105.16975299987105,41.36911899971377],[-105.16924999990579,41.367728999910554],[-105.16895100015505,41.36670499999687],[-105.1689400002844,41.366665999942946],[-105.16879799999417,41.36598899996672],[-105.16856899966531,41.364470999747425],[-105.16846200043354,41.36376699970264],[-105.16808400014175,41.36126299975844],[-105.1679750003618,41.36061099984628],[-105.1678630002088,41.36006599968207],[-105.16770800039811,41.35951400022415],[-105.16750400018361,41.35898399993257],[-105.16726200033426,41.358499999859994],[-105.1669550001876,41.35798399998119],[-105.16515199966568,41.355479000058374],[-105.16248399967859,41.35177199983055],[-105.16203900033798,41.35117099977405],[-105.1616750002899,41.35075299995621],[-105.16127899955649,41.350370000304615],[-105.15821800010731,41.34789599977644],[-105.15699100024388,41.34694199998926],[-105.15343600015197,41.344178000335354],[-105.15147100014666,41.342642000032804],[-105.15109600022795,41.34234899973829],[-105.14890100006886,41.34063300008974],[-105.14751199982372,41.339553000171605],[-105.14609800036256,41.33843900032203],[-105.14576000025374,41.338109999773884],[-105.14555699986416,41.33781200007349],[-105.1454120000992,41.337501999943186],[-105.14532199968752,41.337174999912506],[-105.1453200000377,41.33716499996406],[-105.14530900016705,41.33709599987338],[-105.14527599965676,41.336888999837186],[-105.14526499978611,41.33682099972413],[-105.14524100039499,41.336669999923394],[-105.14523800002195,41.33663999984094],[-105.14521600028063,41.33639100024176],[-105.14522899980109,41.33612099986889],[-105.14523399982397,41.336093999702605],[-105.14527099963388,41.33591599999995],[-105.1452780002049,41.335876000098324],[-105.14530300031925,41.33575699985798],[-105.14531199964178,41.335718000145704],[-105.14533699975614,41.33536700033527],[-105.14533099990835,41.3353379999454],[-105.14528200040289,41.335069999848514],[-105.14520100021201,41.334834999805054],[-105.14509800027984,41.334598999958665],[-105.1449600001876,41.33439599996121],[-105.14488499984452,41.33430599990286],[-105.14476699984374,41.33416399976769],[-105.14464800001805,41.33401000028774],[-105.14433900022158,41.333609000284035],[-105.14414300040299,41.33330300033306],[-105.14395599990692,41.33298400006622],[-105.14376000008835,41.33260200011032],[-105.14363399969164,41.33230099982445],[-105.14358299963801,41.33217700011566],[-105.1434959995994,41.33192600030363],[-105.14346600036048,41.33183200016811],[-105.1434050002611,41.33163899976618],[-105.14324100022958,41.3309390002106],[-105.14294400012865,41.32967200017504],[-105.14261900043863,41.32824900005282],[-105.14241400039924,41.327351999915145],[-105.14235400012477,41.32708799967259],[-105.14206299987163,41.325799999851014],[-105.14193900002309,41.32525499970016],[-105.14163699989928,41.32391800009241],[-105.14148700011144,41.323317999797496],[-105.14136099971475,41.32289099966341],[-105.14116099969822,41.32240500015096],[-105.14098999999399,41.32204799984078],[-105.13950700003753,41.3193240002141],[-105.13903199966138,41.31847500019186],[-105.13846199974898,41.31745600016157],[-105.13833700007551,41.31722700005589],[-105.13796200015679,41.316540000309175],[-105.13783800030822,41.31631200026897],[-105.13669099991243,41.31421099991962],[-105.13433199972184,41.30988700024001],[-105.13375099993877,41.30889100011575],[-105.13316400030793,41.30802900002616],[-105.13312800032294,41.30798200028307],[-105.13252700044839,41.30718999981865],[-105.1316760003286,41.30608100026769],[-105.13107799992879,41.305302000010165],[-105.13074999986573,41.30487499993966],[-105.12928600017585,41.302967999754514],[-105.12868899960095,41.302190000225636],[-105.12786400031875,41.30111500015046],[-105.12637299996636,41.29917199986785],[-105.12610199980472,41.29885400006791],[-105.12580499970379,41.298526999770935],[-105.12554699996095,41.29827599992911],[-105.12525800025594,41.29801000030895],[-105.12523800016446,41.29799200024474],[-105.12421899981518,41.29714299978372],[-105.1240809997229,41.297027999821395],[-105.12347400000058,41.296531000176046],[-105.12312500002115,41.29624600009959],[-105.12135500000949,41.29477299988173],[-105.12041000017838,41.2939250002955],[-105.1197420003567,41.29327599990272],[-105.11765299960452,41.29119000005536],[-105.11499700021129,41.28853600017997],[-105.11492000021839,41.28846000023646],[-105.11469199971445,41.288231999874654],[-105.11461600044477,41.28815600025199],[-105.11454500029969,41.28808500023142],[-105.11433400041248,41.287873999723864],[-105.11426400009229,41.28780399974381],[-105.11141000033234,41.284948000107335],[-105.10997900025443,41.283516000024456],[-105.10961100000839,41.28315900006873],[-105.10924899961012,41.28284300000823],[-105.1083370002893,41.282160999947706],[-105.10798699958661,41.28194699989883],[-105.10761099984298,41.28173299982321],[-105.10642499998741,41.281145000103386],[-105.1052180002155,41.280605000198946],[-105.10321700022516,41.27966599970512],[-105.10156799968905,41.27890199972781],[-105.10117199985393,41.27870999970578],[-105.10091400011105,41.278585000168455],[-105.10031099968838,41.2783039999511],[-105.09980400042352,41.27808500030027],[-105.09932999987225,41.2778960000479],[-105.0987979995947,41.2777109999066],[-105.09812099955218,41.27752000026161],[-105.09738400013352,41.27735300009276],[-105.09601199960682,41.27721699977701],[-105.09591299987262,41.277206000245435],[-105.09551200001462,41.27716399974604],[-105.09488199982778,41.27713300011554],[-105.09369799962204,41.2770929999173],[-105.092503000444,41.27705800023005],[-105.09154000017121,41.27709500026536],[-105.09148599974453,41.2770939997538],[-105.0907230003866,41.27708599971131],[-105.09015000010115,41.2769609997642],[-105.09002899972735,41.27692199997476],[-105.08950099964774,41.276753999784425],[-105.0888860004278,41.27640299972733],[-105.0887170003734,41.27628800033675],[-105.08844799986159,41.27610599991856],[-105.08811200030092,41.27580000005238],[-105.08784299978909,41.27536799994366],[-105.08759900028993,41.27486400025408],[-105.08743899955806,41.27437799988195],[-105.08737300033413,41.273657000092086],[-105.08738500002968,41.27234300023891],[-105.08740000009831,41.27087799995644],[-105.08741099996895,41.269814999782284],[-105.08742699986247,41.26885800003042],[-105.08748299993898,41.265689999729915],[-105.08748200011406,41.26535999994651],[-105.08741699981675,41.265006000006714],[-105.08734999986959,41.264772999956605],[-105.08724899958725,41.26454599992253],[-105.08714200035543,41.264338999739046],[-105.08698800036966,41.26410900011607],[-105.08680500007155,41.26388099976067],[-105.08660099985705,41.26368599999798],[-105.08620699967175,41.26335200002806],[-105.08611899980819,41.26328799969323],[-105.08599999998252,41.2632010001926],[-105.08576200033113,41.263058999796186],[-105.08550299986504,41.26293199989339],[-105.08522000000784,41.26281699973113],[-105.08458800017117,41.2626289998987],[-105.08425300043541,41.26256400014682],[-105.08395899980924,41.26252000023647],[-105.08358600043863,41.26247699968159],[-105.08340499979036,41.26246599969213],[-105.0830559998109,41.26244499976851],[-105.08084300010847,41.26241900020742],[-105.07999000033885,41.262409000269614],[-105.07957600006208,41.262407000146766],[-105.07833499995495,41.26240399996247],[-105.07815099983193,41.26240399996247],[-105.07792200040139,41.26240399996247],[-105.07412000043729,41.262402999900985],[-105.06771599971,41.262402999900985],[-105.0627170000197,41.262396000145564],[-105.06193700004502,41.262396000145564],[-105.06119100040553,41.26238700026593],[-105.06053199990636,41.26233499973668],[-105.05998499956019,41.262256000151964],[-105.05950300040966,41.262158999975604],[-105.05895400041366,41.262009000150144],[-105.05888200044365,41.261984999875985],[-105.05856400042633,41.261879000022724],[-105.05815599999731,41.261721999726426],[-105.05782600028444,41.261567999950856],[-105.05754799955176,41.26142800020806],[-105.05724899980103,41.26125500026568],[-105.0568730000574,41.26101399967572],[-105.05569499969947,41.26015100021876],[-105.04963900002504,41.255717000229424],[-105.04655799958606,41.25345599986517],[-105.04351499968026,41.25122300002789],[-105.04273800007863,41.25065299999677],[-105.04040800020033,41.2489429997823],[-105.03963200042361,41.2483739997221],[-105.03807499994899,41.247231000152574],[-105.03718700001927,41.2466110001301],[-105.03659700001539,41.24624000003327],[-105.0359140001251,41.245827999776616],[-105.03514699967089,41.24540100020222],[-105.03426399976405,41.24496700026683],[-105.03329600036672,41.244533000150724],[-105.03300000009071,41.24441800001508],[-105.03246799981314,41.24421199987106],[-105.03221799956789,41.244116000257556],[-105.03075200022818,41.243553000114645],[-105.02654799968285,41.24193799971163],[-105.02054499971189,41.239646000186156],[-105.01797299998425,41.23865400012232],[-105.01456000018258,41.237345999808724],[-105.01368599959825,41.237009000258155],[-105.01129899981856,41.236090000187204],[-105.0069360001629,41.23441100020773],[-105.00627699966373,41.23413500016492],[-105.00539299993197,41.23372299993018],[-105.00509599983106,41.23357499999245],[-105.00419600020578,41.23312499983978],[-105.00415600002279,41.2331049997761],[-105.00342100025397,41.23272800030234],[-105.00121600004915,41.23159800017865],[-105.0004810002803,41.231221999984484],[-104.99940099983166,41.23066900030847],[-104.99616399975709,41.22901200003329],[-104.99508500003165,41.22845999981108],[-104.99347700040173,41.22763600020867],[-104.99314699979051,41.22746100012128],[-104.99145399977176,41.226564000184645],[-104.9912370000368,41.22645000012253],[-104.99048600037443,41.22599900030507],[-104.98747400043074,41.22421399977369],[-104.98685799958929,41.22384900009369],[-104.98560300013678,41.22309600031854],[-104.98497200012501,41.222716999898914],[-104.98339600028214,41.22177100006282],[-104.98307800026481,41.221585999714385],[-104.98297299978452,41.221524999714845],[-104.98273799960786,41.221398000153606],[-104.98257299975144,41.22131899971687],[-104.9824229999636,41.221253000065744],[-104.98199000031856,41.2210519999807],[-104.98178600010405,41.220962000256705],[-104.98109300016802,41.22071700026803],[-104.98091099969483,41.22065300005912],[-104.97700499997363,41.219368000074695],[-104.97564199966779,41.21892000021926],[-104.97445599981224,41.218670999793325],[-104.9740039999006,41.21860300006039],[-104.97397200011358,41.2185989998354],[-104.97338100028477,41.218561999769896],[-104.96900100001236,41.218537999752755],[-104.96733300010798,41.21852999997027],[-104.96651100030049,41.218524999683474],[-104.9640480003528,41.21851299966921],[-104.96322700037025,41.2185090001144],[-104.95767499958768,41.218477999671315],[-104.94102200030794,41.2183859996648],[-104.93765499963872,41.21836799994217],[-104.93547100024861,41.21836499976264],[-104.93506600019265,41.218363000318654],[-104.9338529996746,41.21835800001903],[-104.93344900034188,41.21835699995904],[-104.93070799966155,41.21834599997413],[-104.92458800041301,41.218323999998695],[-104.92392600043912,41.21832199987772],[-104.92248500031545,41.218325000059174],[-104.91974500035833,41.218331999806324],[-104.91779100022367,41.218327000180054],[-104.91524500043532,41.21832199987772],[-104.91382699987786,41.21836100019883],[-104.91225400040804,41.218431999684235],[-104.91193200019276,41.21845200018203],[-104.90998200025605,41.21857599988848],[-104.90858399979008,41.2186719998485],[-104.90804499983984,41.21870999990638],[-104.90667599968619,41.21873099969771],[-104.90581100022101,41.218747999942174],[-104.90459600005315,41.21875999991332],[-104.9043819997929,41.21875799980563],[-104.90298199967711,41.21874899999612],[-104.90262500020005,41.218746999888154],[-104.90251200022216,41.218743999726065],[-104.90110500043367,41.21870899985178],[-104.9006359999053,41.21869799992606],[-104.90062300038483,41.21869699987128],[-104.90058400002675,41.218695999816475],[-104.90057099960796,41.218695999816475],[-104.8985880000593,41.21865799975047],[-104.8968480001849,41.21862599999786],[-104.89609900017236,41.218615000058136],[-104.89264000033994,41.218561999769896],[-104.89065799971786,41.21853300014224],[-104.88922400016521,41.21850800005677],[-104.88492500008364,41.21843399980184],[-104.8834920003559,41.21840999973772],[-104.88240400040964,41.21839999982101],[-104.88093999982144,41.21838699972429],[-104.87914200022071,41.218371000121515],[-104.87805500009935,41.21836200025876],[-104.8772340001168,41.218359000079],[-104.87477100016913,41.21835299971902],[-104.87395000018655,41.21835100027467],[-104.87252999997928,41.21834800009436],[-104.86827000025578,41.21833900022843],[-104.8668509998734,41.21833600004763],[-104.86323399985723,41.218318000311235],[-104.85238500035683,41.218264999782335],[-104.8504610003594,41.218255999905],[-104.84876999999051,41.21828899989966],[-104.84765600010496,41.21830999982617],[-104.8468629997115,41.218325000059174],[-104.8468269997265,41.21832600011964],[-104.84553600028896,41.218359000079],[-104.84114199977284,41.21836900000193],[-104.83923600021708,41.21837400030071],[-104.8391469996303,41.21837400030071],[-104.83888100038983,41.21837599974441],[-104.83879299962797,41.2183769998041],[-104.83866999960432,41.21837599974441],[-104.8383010004317,41.21837599974441],[-104.83817800040805,41.21837599974441],[-104.83801100000349,41.21837499968471],[-104.83794999990411,41.21837499968471],[-104.83794599970614,41.218926999902735],[-104.83793099963755,41.22074200018483],[-104.83794900007919,41.22392800017686],[-104.83794700042938,41.22407700030479],[-104.83793499983548,41.22498700003892],[-104.83793499983548,41.225014000266704],[-104.83788600033,41.22569200015546],[-104.83782000020776,41.226447000313804],[-104.8376600003742,41.22770400000812],[-104.8376400002827,41.227867999710504],[-104.83762400038918,41.22813300017282],[-104.83759400025195,41.22861200013159],[-104.83757499998538,41.22882799980141],[-104.83751700025907,41.229746000064445],[-104.83752099955872,41.23054200026483],[-104.83755099969592,41.23143399969866],[-104.8375969997267,41.232228999766484],[-104.83765500035132,41.232914999879405],[-104.83775800028349,41.23367799968332],[-104.83787499956102,41.2347689996874],[-104.8379359996604,41.23568400023591],[-104.83793999985836,41.23579999999677],[-104.83796099977477,41.23635099993401],[-104.83792599961467,41.24096000004151],[-104.83792200031502,41.24343099984373],[-104.8379159995689,41.24732800020994],[-104.837914999744,41.248278999746844],[-104.83794599970614,41.24973700006298],[-104.83794999990411,41.24994299967364],[-104.83800699980551,41.25075700002973],[-104.83809399984413,41.251547000317004],[-104.838175000035,41.252220000163696],[-104.83841600005942,41.25357000010552],[-104.83856199964927,41.25421400003715],[-104.83866600030468,41.25467399996035],[-104.8389490001619,41.25565000002178],[-104.83954900021152,41.25752899984988],[-104.84096900041878,41.261828999904814],[-104.84111800038173,41.262281999777954],[-104.84303599963305,41.268091999862285],[-104.84345300028288,41.269355999772316],[-104.8447649996368,41.273331000318244],[-104.84573299993245,41.27633800018477],[-104.84574200015328,41.27636400027961],[-104.84685500021389,41.27965100004698],[-104.84750100029427,41.28160899976746],[-104.84812700028317,41.28350800009408],[-104.84930300009297,41.28707100018671],[-104.85051499988776,41.29078800017821],[-104.85174799959898,41.29451200002218],[-104.85233699977795,41.296302999674595],[-104.85240799992306,41.2965199998505],[-104.85372199982513,41.300465999760085],[-104.85451199984556,41.30287700003567],[-104.85501200033606,41.30440499984391],[-104.85649199991948,41.30888399994722],[-104.85704000009058,41.31055199996539],[-104.85711999955818,41.310792999844175],[-104.8587180000407,41.31562099996632],[-104.85911700024887,41.31682899969043],[-104.86022600011151,41.32008500020919],[-104.86100400043638,41.322536000295806],[-104.86146999969338,41.32395000022281],[-104.86575200005652,41.33693199992167],[-104.86623099973231,41.33838499987658],[-104.86665300040501,41.3396879997919],[-104.86687299961473,41.340431999767816],[-104.86698099956978,41.34084099990065],[-104.86707900037737,41.34121499982849],[-104.8672500000816,41.34198699984428],[-104.86750799982444,41.34352300008475],[-104.86754600035759,41.343748999682155],[-104.86766900038123,41.34487500015567],[-104.86779999990249,41.34632700014314],[-104.86796300010911,41.3480939996984],[-104.8680600001935,41.34914399986802],[-104.8682650002329,41.351320000249196],[-104.86831999958618,41.35191099989739],[-104.86863699977857,41.35532199977627],[-104.86884699984087,41.3575859997812],[-104.86980900028874,41.367953000166175],[-104.87012499975792,41.371351999733356],[-104.87034300021612,41.373703000117246],[-104.87059299956306,41.37639599969267],[-104.87082899956464,41.37899999966887],[-104.87092999984695,41.380108000080924],[-104.87116500002361,41.38223300011084],[-104.87180400043127,41.38600900024508],[-104.87189300011974,41.38653500007005],[-104.87224600029715,41.38903299969116],[-104.87233699963542,41.39001100017738],[-104.87261100017012,41.39295800000763],[-104.872616000193,41.39300800001119],[-104.87264600033025,41.393325999915156],[-104.8731359998767,41.398591999711876],[-104.87358899961322,41.4034520001686],[-104.87386499979773,41.406406000176446],[-104.87399200001934,41.40776300018541],[-104.87412400026383,41.40917200018477],[-104.87435299969438,41.4116299998349],[-104.87606900017765,41.42959400028565],[-104.87706300041258,41.43999700007145],[-104.87725699968301,41.44107500000489],[-104.87748500018697,41.44216000019562],[-104.8777620001964,41.44324199981157],[-104.87805599992427,41.44420199979794],[-104.87843800041401,41.44526100019666],[-104.87866199982167,41.44580999984038],[-104.87895399989974,41.446527000147704],[-104.87942599990284,41.4475660000087],[-104.88006399958728,41.44878899990355],[-104.88139299955797,41.45121800028073],[-104.88337699982984,41.45487299972511],[-104.8837950003046,41.455641000252285],[-104.88515600006232,41.45814399969594],[-104.88529699962933,41.45840399975148],[-104.8854099996072,41.45861100024412],[-104.88633500024517,41.460311000305964],[-104.8887300004208,41.46471399982068],[-104.8897299996052,41.466546999716456],[-104.89150100034004,41.46979500030717],[-104.8932010000315,41.47295099993927],[-104.89376799957084,41.47396699980515],[-104.89428700032794,41.47498100024383],[-104.89457299965986,41.47562899996663],[-104.89502700011963,41.47665900018213],[-104.89538299977178,41.47759200031852],[-104.89560100022999,41.478233000058765],[-104.89588499991211,41.479194999946294],[-104.89595199985926,41.47944500011062],[-104.89611000004301,41.48003999977236],[-104.89643100043338,41.48157000025739],[-104.89655100008397,41.48243799986889],[-104.89665800021409,41.48341799987122],[-104.89683899996406,41.48577600022915],[-104.89696899966042,41.487462999687146],[-104.89731799963987,41.49200500018448],[-104.89736399967062,41.49259699990202],[-104.89763900003022,41.49617500013657],[-104.89766300031967,41.496489000136165],[-104.89809000011694,41.50203899984282],[-104.89822099963818,41.50373699992423],[-104.89863400009007,41.50907600003942],[-104.89874600024305,41.51055900021692],[-104.89883900012947,41.51179600028953],[-104.8990380003211,41.51442800008562],[-104.8994180002627,41.519355000178386],[-104.89949000023273,41.52056799979978],[-104.89950699995117,41.52164600007914],[-104.8994879996846,41.522068000202765],[-104.89944599985179,41.522968999724036],[-104.89941900008762,41.52342599973198],[-104.89930299973666,41.52448800033445],[-104.89916200016965,41.525387999727656],[-104.8989189995971,41.52657300013528],[-104.89862700041738,41.527774000041596],[-104.89827400023997,41.528869000067985],[-104.89777799994741,41.53024399982855],[-104.89695799978976,41.53207799997143],[-104.89656299977955,41.53296200029367],[-104.89593500014084,41.53431299968927],[-104.89514699977023,41.53609500031375],[-104.8939419996481,41.53866599985175],[-104.89331400000938,41.54011000030726],[-104.89293999991558,41.54091000025436],[-104.89255400012621,41.54171299980996],[-104.89228499961438,41.54222600004506],[-104.8914989997919,41.543638999879576],[-104.8909690000625,41.54456300011666],[-104.88904800043812,41.54798300019464],[-104.88728199972611,41.55110999996788],[-104.88647800036031,41.55252200029933],[-104.88491800041095,41.555315000282825],[-104.88450300030925,41.556133999810584],[-104.88373099983218,41.55781400025005],[-104.88187899980477,41.56186799982384],[-104.87584800024473,41.57507499972573],[-104.87366099958325,41.57988199968754],[-104.87337299970316,41.58051499968786],[-104.87253300035232,41.58230299996467],[-104.87096099980909,41.585743999765434],[-104.86982400035734,41.58823299973184],[-104.86790799985754,41.59242700023193],[-104.86761699960438,41.59308300031632],[-104.8672080002488,41.59400699974478],[-104.86677800007848,41.595049000227675],[-104.86486199957866,41.59980900020731],[-104.86277699992274,41.6050129997949],[-104.86148999978487,41.60822599986275],[-104.86093499994108,41.60960399984894],[-104.8605480003268,41.610378000324886],[-104.86039699981573,41.61090800017624],[-104.85986200006343,41.61223400029007],[-104.85918099982297,41.61392300007265],[-104.85700400010556,41.61931900013036],[-104.85503999992515,41.62418799971681],[-104.8548530003274,41.62464999998242],[-104.85440899991339,41.62575099970661],[-104.85429299956243,41.62603800007988],[-104.8541079996145,41.6265020001943],[-104.85397000042056,41.62684499993546],[-104.85355600014378,41.6278740002967],[-104.85341899987641,41.628217999935664],[-104.85251199968012,41.63047699973274],[-104.84979000016469,41.63725400017416],[-104.8488839997933,41.63951399982921],[-104.8488400003107,41.639620000058954],[-104.84870999971605,41.639940999931895],[-104.84866799988325,41.64004799975798],[-104.84802799965065,41.64162900013571],[-104.846333999807,41.645822999795925],[-104.84611100022424,41.646373999857296],[-104.84547199981654,41.64795600026204],[-104.84528100002083,41.64843500019549],[-104.84470899956031,41.64987399972824],[-104.84451899958951,41.6503540003069],[-104.8442719997173,41.65097500022511],[-104.84399300005805,41.65167799987106],[-104.84355500039013,41.65285000016435],[-104.8433219998633,41.65347700005429],[-104.84343499984121,41.65347800014454],[-104.84377700014798,41.65348199983407],[-104.84389099995079,41.65348400001435],[-104.8441389996479,41.65348600019457],[-104.84488400036079,41.653492000063636],[-104.84513299988282,41.653495000333535],[-104.84531799983077,41.65349699984226],[-104.84587600004757,41.6535029997103],[-104.84606199982044,41.65350499988993],[-104.84648899961769,41.65350800015923],[-104.84777199955761,41.65351899980316],[-104.8482000000781,41.65352300016136],[-104.85306999989697,41.653562000284694],[-104.86646699973386,41.65367299999028],[-104.86768199990173,41.653682000103124],[-104.87200500027274,41.65371799987087],[-104.87255300044382,41.65372599989109],[-104.87489900021563,41.653759000047884],[-104.88193800025432,41.65385799974571],[-104.88428499985105,41.6538919999187],[-104.8881959995951,41.653940999978474],[-104.8999310002737,41.65408799993426],[-104.90052200010248,41.65409599990853],[-104.90384299984264,41.654137999924934],[-104.90693299960414,41.654180999993244],[-104.91076399988056,41.65423400014721],[-104.91263199980148,41.65426100024691],[-104.9253549999689,41.654437999725076],[-104.93153100019224,41.65452400010368],[-104.93410600029291,41.65456000007198],[-104.93845300005505,41.65462099982315],[-104.94134000032525,41.65466100002476],[-104.94698400027103,41.65474000028281],[-104.9500029998874,41.65478199987929],[-104.95289099998253,41.65482300005022],[-104.9539029997608,41.65483699967699],[-104.95410899962512,41.654839999884295],[-104.95693999981884,41.65487899988142],[-104.95795300032034,41.65489400023542],[-104.95799199978009,41.654883000155145],[-104.9584999997682,41.65490200010958],[-104.9600489998469,41.65492400026179],[-104.96014400028146,41.654925000329584],[-104.96069199955423,41.6549330001999],[-104.9621889997544,41.65494799987012],[-104.96668200000472,41.65499499966446],[-104.96808499959525,41.65500999999149],[-104.9681800000298,41.6550110000579],[-104.9705459998931,41.65504300016164],[-104.97386300033364,41.65508899982149],[-104.97764699985608,41.655139999770704],[-104.9800140004426,41.65517299987425],[-104.98111499990932,41.65518800015984],[-104.98441800010613,41.65523300032434],[-104.98458399978749,41.65523599984195],[-104.9855200002961,41.65524899998745],[-104.98600099962172,41.6552549996923],[-104.98744400029354,41.655275000270485],[-104.98775999976272,41.655279999910704],[-104.98792600034237,41.65528200003514],[-104.98812999965857,41.655285000221674],[-104.98874200030205,41.65529400010933],[-104.98894700034147,41.6552970002953],[-104.994517999594,41.65535699995867],[-105.00000300042942,41.65541800029742],[-105.00052700031107,41.655423999986525],[-105.00406800015926,41.655482000084604],[-105.01123600006937,41.655599000181304],[-105.01127500042742,41.65560000023856],[-105.01662899994497,41.65568699979274],[-105.01680999969494,41.65569100001629],[-105.0173849996302,41.6556950002396],[-105.0191160001821,41.65571500001001],[-105.01951799986499,41.65572000028721],[-105.01969399959208,41.655723999837576],[-105.02076399999501,41.65573499977422],[-105.02156300023626,41.655744000270126],[-105.02397699978015,41.6557699996822],[-105.02504899983288,41.65578199966546],[-105.02507499977213,41.65579000010051],[-105.02755500033658,41.65580899978739],[-105.03507399987595,41.65589300024352],[-105.0375829998544,41.65592299980459],[-105.03763700028107,41.65592199975235],[-105.0377660001525,41.655925999961255],[-105.03780499961225,41.65592499990907],[-105.03786300023688,41.655927000013484],[-105.03913399958292,41.65594100007148],[-105.04294999979074,41.655983000227124],[-105.04422199986,41.655998000324075],[-105.04429899985288,41.65599899970394],[-105.04458900028112,41.656001999857125],[-105.04512599968324,41.656009000213906],[-105.04538199977627,41.65601199969544],[-105.04557500012011,41.65601399979715],[-105.045692000296,41.65601499984796],[-105.0460599996437,41.656020000101876],[-105.04618299966737,41.656021000152634],[-105.04665200019572,41.65602599973495],[-105.04842899988006,41.65604600007372],[-105.04899499959448,41.65605299975459],[-105.0490230000819,41.65605299975459],[-105.04935299979476,41.65605499985503],[-105.0503470000297,41.656066999785196],[-105.05068000011563,41.65607200003507],[-105.05282300039617,41.65609399978764],[-105.05603299980825,41.65613100026981],[-105.05624200004564,41.65612700007359],[-105.05925599963915,41.65608399996206],[-105.06140399994254,41.65605800000556],[-105.06460699968194,41.656041999872215],[-105.06905100042678,41.656021000152634],[-105.06955199984388,41.656019000051145],[-105.07456099957992,41.6560750001848],[-105.08654599960548,41.65621000006716],[-105.0882930000509,41.656229999677656],[-105.0919970001057,41.65627100026923],[-105.09385099978292,41.65629199990729],[-105.09402800023325,41.65629400000031],[-105.09449600003839,41.656299000232615],[-105.09931200032891,41.656353000031686],[-105.09964600023974,41.65635800025936],[-105.10300100031512,41.65639499991873],[-105.11306599964284,41.65650800019788],[-105.11422499973422,41.656521000086585],[-105.11620200033342,41.65643300027229],[-105.1164199998933,41.65643100018359],[-105.11691899966058,41.656425999961584],[-105.11841699968566,41.65641200000902],[-105.11891700017618,41.65640799983024],[-105.12413099995162,41.65629199990729],[-105.12553100006741,41.65626199984696],[-105.12560999971012,41.65626099979994],[-105.12917599967268,41.65622300001607],[-105.13977800019919,41.65610999990807],[-105.14374500001973,41.65606899988515],[-105.14486700030116,41.65605699995542],[-105.14499399962446,41.656055999905206],[-105.14998200034243,41.65600399995915],[-105.155627999938,41.65602499968426],[-105.15568400001449,41.65602499968426],[-105.16001900008108,41.656040999821826],[-105.1659619997776,41.65606300025613],[-105.17298699957256,41.65608900021062],[-105.17815100001764,41.65610799980934],[-105.18194600030903,41.65612199982793],[-105.18775599993617,41.656143000185814],[-105.18824399983279,41.65614500028341],[-105.19232500035447,41.65615999967143],[-105.1984470001511,41.65618300011334],[-105.19855299955802,41.65618300011334],[-105.20084899999944,41.65619199987551],[-105.20891700043315,41.656272000316044],[-105.2116049996134,41.656299000232615],[-105.22552500040533,41.656437999822614],[-105.22922299971405,41.65646300025302],[-105.23604599984267,41.65651000028414],[-105.24032999985562,41.65650099989528],[-105.25053499982377,41.65648000032536],[-105.25080199978747,41.65648399982848],[-105.25197400029761,41.65650099989528],[-105.25470800040695,41.656542999685804],[-105.25549199968127,41.65654399972839],[-105.25633899960312,41.65654699985619],[-105.25666500001635,41.65653700010094],[-105.25676200010074,41.65654499977102],[-105.2570559998286,41.65657300028642],[-105.25715600028602,41.65658400007811],[-105.25735700012747,41.656548999941286],[-105.25743400012037,41.65654799989872],[-105.25766699974888,41.65654499977102],[-105.25774499956668,41.65654499977102],[-105.2578080002142,41.65654399972839],[-105.25791299979618,41.656542999685804],[-105.25799499981193,41.65656399990636],[-105.25805699973621,41.65658099995205],[-105.25838399997436,41.656585000120074],[-105.25936499979048,41.65660000007676],[-105.25969299985356,41.65660500028531],[-105.26017699955223,41.65659900003503],[-105.26065199992838,41.65659399982602],[-105.26095200040236,41.65655600023863],[-105.26121500016806,41.65656700003318],[-105.26146399969011,41.65653399997268],[-105.26162699989673,41.656530999844335],[-105.26211200031861,41.656523000172506],[-105.26275300037614,41.65651299974235],[-105.26300199989815,41.656524000215406],[-105.26439100014329,41.656554000153754],[-105.26456600004548,41.65655999973703],[-105.2683760004055,41.65664199980273],[-105.2767970001183,41.65664499992591],[-105.27707800032569,41.65664700000796],[-105.27730900030437,41.656648000048996],[-105.27800399989025,41.656653000253755],[-105.27823599969385,41.65665500033557],[-105.27863699955182,41.64959799973939],[-105.27896700016302,41.64380600033536],[-105.27902400006444,41.64282399981819]]]},"properties":{"GEOID":"560210019023","BASENAME":"3","STATE":"56","COUNTY":"021","TRACT":"001902","BLKGRP":"3","NAME":"3"}},{"type":"Feature","geometry":{"type":"Polygon","coordinates":[[[-104.87467900010762,41.16395800032035],[-104.87430099981584,41.163002000151316],[-104.87395900040737,41.16213400002642],[-104.8731729996866,41.16013500010378],[-104.87313800042483,41.16004400018898],[-104.87293699968507,41.15950699991739],[-104.87283700012594,41.159165999938224],[-104.87238500021432,41.15865900000362],[-104.87208399991545,41.158324999748785],[-104.87178199979165,41.15800500004656],[-104.87168200023255,41.15789900000361],[-104.87154999998806,41.15798199977104],[-104.87115599980275,41.158234000026226],[-104.87102600010644,41.15831899997167],[-104.87001699980287,41.158871000165234],[-104.86982900038022,41.15916700022636],[-104.86970399980844,41.1600059998824],[-104.86914800013973,41.16004100004101],[-104.86748000023535,41.1601459997282],[-104.86692399966833,41.16018099981199],[-104.86646400025913,41.1602209998849],[-104.86508400023483,41.16034099995706],[-104.86471599998879,41.16037299980393],[-104.8639340003643,41.16038099993232],[-104.8635829998367,41.16038099993232],[-104.86315299966638,41.16034499968519],[-104.8629009997713,41.16030200022824],[-104.86069800011461,41.15991100003412],[-104.8585690000778,41.15952200010184],[-104.85802599992958,41.15941899998352],[-104.85782400026321,41.15938099999095],[-104.85777700040755,41.15966799995939],[-104.85763900031527,41.16052800017265],[-104.8575139997435,41.16107000013748],[-104.85741900020724,41.16137699982987],[-104.85732600032084,41.161750000329754],[-104.8571699997869,41.16201899972629],[-104.85684900029484,41.1622270002274],[-104.85658999982877,41.162308999684306],[-104.85596800003785,41.162422999913375],[-104.85558499972319,41.162486000026085],[-104.85527900029976,41.16258700026297],[-104.85511500026823,41.1626410001315],[-104.85304800015567,41.16188499995123],[-104.85267300023693,41.16115900014124],[-104.85266999986389,41.1622079996953],[-104.85266400001609,41.16408899995173],[-104.85222399980005,41.16408100027598],[-104.84754599960182,41.16408100027598],[-104.84604400027709,41.16408100027598],[-104.84603599988117,41.16495399995764],[-104.84603500005625,41.16516000021765],[-104.84603000003338,41.165439999907036],[-104.84603000003338,41.165677999953374],[-104.84603000003338,41.16591500030269],[-104.84602699966032,41.16624899974776],[-104.84602199963746,41.16716399985132],[-104.84556700025111,41.167162000195404],[-104.84480599964469,41.167158999697016],[-104.843552999842,41.16715400021859],[-104.843552999842,41.16756400013983],[-104.8435539996669,41.16765899971429],[-104.84355200001708,41.167878999730384],[-104.84850600039985,41.16844799966277],[-104.84990099959445,41.16865999994172],[-104.85711600025854,41.16953999971178],[-104.85841400026708,41.16950800028376],[-104.85954900006901,41.16920500000148],[-104.86033800026449,41.168858999742],[-104.8611049998204,41.168394999993055],[-104.86207499976588,41.1677700003096],[-104.86332599991874,41.166877999743825],[-104.86479100033188,41.16597399970283],[-104.8655040003594,41.165687999811404],[-104.86715899984499,41.165346000014274],[-104.87357899956746,41.16414800031964],[-104.87467900010762,41.16395800032035]]]},"properties":{"GEOID":"560210011001","BASENAME":"1","STATE":"56","COUNTY":"021","TRACT":"001100","BLKGRP":"1","NAME":"1"}},{"type":"Feature","geometry":{"type":"Polygon","coordinates":[[[-104.82417700032359,41.12775500029058],[-104.82394999964454,41.12742700016182],[-104.82390000031414,41.1273549999966],[-104.82336200018881,41.126580000227264],[-104.82319700033236,41.12634200033032],[-104.8231010000729,41.126204999693975],[-104.82306199971484,41.12615000014831],[-104.82290799972903,41.12592599967701],[-104.82284400015496,41.125834000204435],[-104.82277499965966,41.125734999752616],[-104.82256999962024,41.12543800020778],[-104.82250199984817,41.12533999996273],[-104.82234700003748,41.125387999976766],[-104.82188500008012,41.12553600030641],[-104.82173100009435,41.12558500030087],[-104.82149099989482,41.12564500025809],[-104.82077399966934,41.125828000160766],[-104.82053500019306,41.1258900001341],[-104.82033299962836,41.12592900003278],[-104.82027999992494,41.12593700030403],[-104.82015100005349,41.125958000081134],[-104.81989099976249,41.125988000234436],[-104.81950900017107,41.12600799987782],[-104.81925100042821,41.126023000283105],[-104.8189900003123,41.12605000005654],[-104.81820899961441,41.12613200010245],[-104.81794900022172,41.126159999946076],[-104.81771800024305,41.12622899972734],[-104.81757400030298,41.12627299999125],[-104.81716500004907,41.126414000253746],[-104.81703700000256,41.126464999813415],[-104.8168140004198,41.12655500021331],[-104.81617900021008,41.12680600002975],[-104.81587200006342,41.126853000220265],[-104.81561599997038,41.12685100001131],[-104.81557599978738,41.12678999969811],[-104.81545600013679,41.126608999987965],[-104.8151609996857,41.126163999729435],[-104.8145980003443,41.12528499969207],[-104.81449600023706,41.125127000195974],[-104.81418999991531,41.1246540002398],[-104.81408799980807,41.12449700004145],[-104.81345400032158,41.12351000022553],[-104.8128719998153,41.122623999997565],[-104.81275700018757,41.12244899997688],[-104.81241200040607,41.121923999821675],[-104.81229799970494,41.12174899996449],[-104.8114709998746,41.122048000319616],[-104.81124099972082,41.12213699983412],[-104.8111689997508,41.122163999853],[-104.81114500035967,41.12217400025823],[-104.81095399966564,41.12224300017044],[-104.81088300041885,41.122270000145754],[-104.81071400036444,41.12233099992374],[-104.81021100039922,41.12251499976496],[-104.81004300016971,41.12257700016158],[-104.80981999968864,41.122658000318694],[-104.80915400041509,41.12290100019013],[-104.80893199975894,41.12298300011081],[-104.80870599980312,41.1230660000912],[-104.80802799993569,41.12331500007923],[-104.80780199997987,41.12339800031645],[-104.80768999982689,41.123437999822556],[-104.80758799971963,41.12347599966916],[-104.80737500018262,41.12355499976061],[-104.80735400026623,41.123562000166686],[-104.80730999988529,41.12358000024084],[-104.80724399976306,41.123606000188815],[-104.807472000267,41.1239540000627],[-104.80815599998222,41.12500099983689],[-104.80838500031108,41.125349999883994],[-104.80827700035603,41.125399000017346],[-104.80795400031585,41.125547000322186],[-104.80784700018572,41.12559699975536],[-104.80762100022991,41.125684000302314],[-104.8069440001874,41.12594700013432],[-104.8067190000565,41.12603500033417],[-104.80649499975051,41.12611299993588],[-104.80582299973088,41.1263499998746],[-104.80560000014812,41.12642899988953],[-104.80537500001722,41.126512999681154],[-104.80469999962452,41.12676699997569],[-104.80447600021685,41.12685200011579],[-104.80425299973577,41.126932999732865],[-104.80358599973898,41.12717800021322],[-104.80336399998114,41.12726000020282],[-104.80324699980527,41.12708400026412],[-104.80289700000093,41.126557999863586],[-104.80278099964995,41.12638300018364],[-104.80266600002224,41.1262040002563],[-104.80232299989056,41.12566700025118],[-104.80220900008776,41.12548799972401],[-104.8019880001548,41.12557099991954],[-104.801325000356,41.12582099999643],[-104.80110500024796,41.12590499988967],[-104.80087900029214,41.12598700011673],[-104.80020200024964,41.126234999734294],[-104.79997700011874,41.126318999774256],[-104.79975000033802,41.1263989999379],[-104.79906999992245,41.12664100005905],[-104.79884399996665,41.12672300004304],[-104.7989610001425,41.12690199990795],[-104.7993129995967,41.12744200024267],[-104.79943099959749,41.127622000268865],[-104.79954600012351,41.12780000029792],[-104.79989299955484,41.12833400019438],[-104.8000089999058,41.128512000321834],[-104.79978100030016,41.12859399999758],[-104.79909900023478,41.128841999911664],[-104.79887199955574,41.128925999997406],[-104.79864800014806,41.12900899990406],[-104.79797899960315,41.12925999980625],[-104.7977560000204,41.1293440000335],[-104.79753300043762,41.129424999957486],[-104.79686700026576,41.129669999929185],[-104.7966449996096,41.129753000247916],[-104.79667599957173,41.12980600003783],[-104.79676900035646,41.12996599988431],[-104.79680100014352,41.130020000234964],[-104.79681000036436,41.130034999723065],[-104.79682600025788,41.130036999834964],[-104.79685499967188,41.13006199987552],[-104.79686700026576,41.130069000264115],[-104.7968489998241,41.130101000001034],[-104.79687999978626,41.13015400018642],[-104.79697000019792,41.13036100024511],[-104.79700700000785,41.130542999802906],[-104.79699699996212,41.13062599969386],[-104.79698699991637,41.13071899993607],[-104.79694900028154,41.130895000273696],[-104.79685899986984,41.131076999703424],[-104.79667399992194,41.131309999835004],[-104.79604100026033,41.131944000316224],[-104.7959890003818,41.13199699968942],[-104.79579500021303,41.132170999934885],[-104.7951800000948,41.132132999710684],[-104.7950110000404,41.132439000250095],[-104.79506100026913,41.132456999919],[-104.79524799986686,41.13252199977224],[-104.79541000024858,41.13257900010058],[-104.79549800011212,41.13261299999985],[-104.79576199970276,41.13271700029882],[-104.79584999956631,41.13275200014113],[-104.79632400011755,41.1329160002941],[-104.79687300011354,41.13310500027133],[-104.79944200036644,41.13399099971426],[-104.79994399960846,41.13416300009766],[-104.8011420000579,41.13456900007955],[-104.80123099974634,41.134596999705686],[-104.80156999968007,41.13469199970144],[-104.80193100025339,41.134771999804755],[-104.80230600017212,41.13482900020791],[-104.80266799967204,41.1348740000995],[-104.80270399965706,41.13487700004604],[-104.8030519998116,41.13490600019908],[-104.80354899992908,41.13492799979331],[-104.8038950004338,41.13492299988617],[-104.8048040002799,41.13485899968801],[-104.80529800002431,41.134768999853364],[-104.80556099979005,41.13471500002866],[-104.80572300017177,41.134682999835924],[-104.80620799969535,41.13455100031354],[-104.80661199992639,41.13441499989228],[-104.80729499981666,41.13416200010461],[-104.80856000021326,41.133695000327265],[-104.80934199983774,41.133397000271884],[-104.81002300007823,41.133137999889335],[-104.81045900009632,41.132975000302494],[-104.81176999962534,41.13248699980721],[-104.81220800019157,41.13232499997713],[-104.8124149998808,41.13224600029499],[-104.81303900021986,41.132011000052884],[-104.81324699973403,41.13193300001968],[-104.81395100043903,41.13167099985373],[-104.81524799972433,41.13119100011513],[-104.81606500040725,41.13088599988733],[-104.81677000003886,41.13062500032353],[-104.81716199967603,41.1304810001664],[-104.81792400010735,41.13020200006209],[-104.81833500001109,41.130035999779025],[-104.81872300034863,41.129880999718395],[-104.81937899957641,41.1296119997175],[-104.8208270002711,41.12902000001423],[-104.82135399962748,41.128821999778694],[-104.82201800014951,41.12857399978906],[-104.82417700032359,41.12775500029058]]]},"properties":{"GEOID":"560210002002","BASENAME":"2","STATE":"56","COUNTY":"021","TRACT":"000200","BLKGRP":"2","NAME":"2"}},{"type":"Feature","geometry":{"type":"Polygon","coordinates":[[[-104.82173100009435,41.12558500030087],[-104.82163700038299,41.125427000173744],[-104.82135500035069,41.12495399967325],[-104.82126199956596,41.12479700019269],[-104.82115399961091,41.12465300010176],[-104.82082999974583,41.12422399972023],[-104.8207229996157,41.124080999872085],[-104.82050800042887,41.124167000253465],[-104.8198639999983,41.12442600018618],[-104.81964999973806,41.12451300025557],[-104.81953099991239,41.1243329998211],[-104.81917699991004,41.12379300029211],[-104.81905899990927,41.123612999912794],[-104.8190249995741,41.12319799971334],[-104.81902899977204,41.12300299999339],[-104.81904499966558,41.12241800006376],[-104.81905100041168,41.12222400023127],[-104.8190520002366,41.12202500028866],[-104.81905800008437,41.121428000223816],[-104.8190599997342,41.12123000008792],[-104.81905899990927,41.12048199974766],[-104.81906999977994,41.12025999996397],[-104.81902100027446,41.11998400033806],[-104.8189760000686,41.11972199983023],[-104.81897100004574,41.118629000023404],[-104.81896699984777,41.11769500003138],[-104.81906099955911,41.11757299992198],[-104.81894000008359,41.11704300009831],[-104.81852699963173,41.117102999744084],[-104.81718500014055,41.11730400022196],[-104.81146000000395,41.1181650000308],[-104.81063200034869,41.11828999974489],[-104.80954600005226,41.11840299980668],[-104.80956000029596,41.11855799991042],[-104.80960499960348,41.11882899966201],[-104.80960999962636,41.11885800014102],[-104.80969900021314,41.11922700005329],[-104.80981300001595,41.11960400028788],[-104.80999499959084,41.120013999838704],[-104.81001499968231,41.12005100010628],[-104.81018499956163,41.12037000008476],[-104.81022300009478,41.12042899987059],[-104.81054199993699,41.12092199966662],[-104.81070599996852,41.12121900002524],[-104.81072400041019,41.12122199991949],[-104.81082800016726,41.12119900027573],[-104.81100399989435,41.12138800016934],[-104.81119600041329,41.12162000001077],[-104.8114709998746,41.122048000319616],[-104.81229799970494,41.12174899996449],[-104.81241200040607,41.121923999821675],[-104.81275700018757,41.12244899997688],[-104.8128719998153,41.122623999997565],[-104.81345400032158,41.12351000022553],[-104.81408799980807,41.12449700004145],[-104.81418999991531,41.1246540002398],[-104.81449600023706,41.125127000195974],[-104.8145980003443,41.12528499969207],[-104.8151609996857,41.126163999729435],[-104.81545600013679,41.126608999987965],[-104.81557599978738,41.12678999969811],[-104.81561599997038,41.12685100001131],[-104.81587200006342,41.126853000220265],[-104.81617900021008,41.12680600002975],[-104.8168140004198,41.12655500021331],[-104.81703700000256,41.126464999813415],[-104.81716500004907,41.126414000253746],[-104.81757400030298,41.12627299999125],[-104.81771800024305,41.12622899972734],[-104.81794900022172,41.126159999946076],[-104.81820899961441,41.12613200010245],[-104.8189900003123,41.12605000005654],[-104.81925100042821,41.126023000283105],[-104.81950900017107,41.12600799987782],[-104.81989099976249,41.125988000234436],[-104.82015100005349,41.125958000081134],[-104.82027999992494,41.12593700030403],[-104.82033299962836,41.12592900003278],[-104.82053500019306,41.1258900001341],[-104.82077399966934,41.125828000160766],[-104.82149099989482,41.12564500025809],[-104.82173100009435,41.12558500030087]]]},"properties":{"GEOID":"560210002003","BASENAME":"3","STATE":"56","COUNTY":"021","TRACT":"000200","BLKGRP":"3","NAME":"3"}},{"type":"Feature","geometry":{"type":"Polygon","coordinates":[[[-104.82256299994755,41.11562899999215],[-104.82255899974959,41.11547899977528],[-104.82254799987892,41.11503899991405],[-104.82254799987892,41.11502899977526],[-104.82255000042707,41.114879000217734],[-104.82255100025198,41.114785000248105],[-104.82255499955163,41.11450500011697],[-104.82255700009976,41.11441199990592],[-104.82255600027484,41.11426900033583],[-104.8225529999018,41.11383900013065],[-104.8225520000769,41.11369700029416],[-104.82215700006668,41.11369700029416],[-104.8209750004091,41.1136979999223],[-104.8205820000487,41.11369900022729],[-104.82040200012365,41.1136979999223],[-104.8198630001734,41.1136979999223],[-104.81968400007327,41.1136979999223],[-104.8195030003233,41.1136979999223],[-104.81896000017508,41.11369900022729],[-104.81878000025002,41.1136999998554],[-104.81859899960175,41.1136979999223],[-104.81805700017675,41.11369499968422],[-104.8178770002517,41.11369400005599],[-104.8176949997785,41.11369400005599],[-104.81715199963028,41.1136979999223],[-104.81697099988031,41.11369900022729],[-104.81679099995526,41.1136979999223],[-104.8162510001801,41.11369499968422],[-104.81607200007996,41.11369499968422],[-104.81580500011626,41.113695999989204],[-104.81568600029057,41.113706999959064],[-104.81565500032843,41.11371000019664],[-104.81550899984025,41.11374300009371],[-104.81532999974011,41.11379799988528],[-104.8147520003301,41.114032000083235],[-104.8146269997583,41.114068000039616],[-104.81459199959824,41.11406999996143],[-104.81420800035697,41.1141039999763],[-104.81400599979229,41.11410299967754],[-104.8133999998949,41.11410299967754],[-104.81319900005346,41.11410299967754],[-104.81299700038707,41.11410200005551],[-104.8123930001395,41.11410099975672],[-104.81219200029804,41.11410099975672],[-104.81199300010643,41.114098999835896],[-104.81139800007966,41.114096000292896],[-104.81119999971294,41.11409499999396],[-104.81119399986517,41.11436999972371],[-104.81117999962146,41.11519800029192],[-104.81117600032181,41.11547399973961],[-104.81117299994877,41.11575599966867],[-104.81116799992589,41.11660299989225],[-104.811167000101,41.116885999964836],[-104.81136700011753,41.11688499970847],[-104.81196700016714,41.11688299987241],[-104.8121680000086,41.11688299987241],[-104.81236800002513,41.11688400012886],[-104.81296999972459,41.11688700022119],[-104.81317099956603,41.116889000057135],[-104.81336300008496,41.11689000031343],[-104.81391600027892,41.1168950002413],[-104.81394100039327,41.11689299972877],[-104.81401099981517,41.116889000057135],[-104.8140750002876,41.11687799994369],[-104.81412899981595,41.11685599971127],[-104.81417700039484,41.11681800009225],[-104.81419699958802,41.116772999998474],[-104.81420800035697,41.11669599970632],[-104.81421099983172,41.11644400021049],[-104.81421300037985,41.11633400027762],[-104.81440400017557,41.11633300001283],[-104.81497699956269,41.11632999989514],[-104.81516900008162,41.11632999989514],[-104.8153499998316,41.11632999989514],[-104.81589399980473,41.11633100016002],[-104.81607600027792,41.11633199974805],[-104.81625700002789,41.11633199974805],[-104.81680299965083,41.11633300001283],[-104.81698500012402,41.11633400027762],[-104.81718299959242,41.11633300001283],[-104.81727100035428,41.11633300001283],[-104.81746100032508,41.116321000218036],[-104.81777699979428,41.11627899990372],[-104.81797500016098,41.116254000026096],[-104.81815500008604,41.116226000016546],[-104.8186949998612,41.116141999916245],[-104.81887499978626,41.116113999858925],[-104.81905100041168,41.1160870000582],[-104.81958199996602,41.116007000182435],[-104.81975900041634,41.115980999931125],[-104.81993299959528,41.115952999805124],[-104.82045700037524,41.11587200017099],[-104.82063200027741,41.1158459998662],[-104.82080999965436,41.1158220000963],[-104.82134500030494,41.1157489997835],[-104.82152400040512,41.11572600025218],[-104.82173100009435,41.11570600018237],[-104.8223550004334,41.11564799981014],[-104.82256299994755,41.11562899999215]]]},"properties":{"GEOID":"560210003001","BASENAME":"1","STATE":"56","COUNTY":"021","TRACT":"000300","BLKGRP":"1","NAME":"1"}},{"type":"Feature","geometry":{"type":"Polygon","coordinates":[[[-104.87154999998806,41.15798199977104],[-104.87168200023255,41.15789900000361],[-104.87138799960636,41.15761800024705],[-104.87050499969952,41.15677800013394],[-104.87021099997163,41.15649900028743],[-104.87010899986439,41.15639699980713],[-104.86980500009076,41.15609599976539],[-104.86970399980844,41.155996000007434],[-104.86897400006248,41.15645199969463],[-104.86836800016506,41.15681100001544],[-104.86811999956964,41.15694100008377],[-104.867891999964,41.1569870000046],[-104.8677089996659,41.1569870000046],[-104.86756600044906,41.15695400021169],[-104.86747500021248,41.156895999777156],[-104.86730500033318,41.15667400011183],[-104.86706400030874,41.15608399980248],[-104.86684599985055,41.1557270002395],[-104.86671199995622,41.15563099993437],[-104.86648600000044,41.15552999979972],[-104.86596999961641,41.15542399981251],[-104.86587400025525,41.15540700002831],[-104.86536200006917,41.15533700015434],[-104.86530500016775,41.1553250000525],[-104.86500899989176,41.15526199981995],[-104.86480600040046,41.15521800006179],[-104.86413000018287,41.15508999998247],[-104.86374400039351,41.155011999663635],[-104.86362399984456,41.15497999990487],[-104.86351699971446,41.15494800013054],[-104.86317399958278,41.15487500005832],[-104.863055999582,41.154837999814646],[-104.86289699957334,41.15479199973851],[-104.86244700020987,41.15467300000931],[-104.86239000030845,41.15465600003033],[-104.86221399968305,41.154620999701706],[-104.86155400025729,41.15450099997914],[-104.86029100040885,41.15411199972898],[-104.86007899979843,41.153978999712024],[-104.85993700040652,41.15386600004507],[-104.85984299979685,41.15382699984542],[-104.85969999968174,41.15380600019658],[-104.85947799992388,41.15374499992231],[-104.85877900014006,41.153508999901135],[-104.85855200035934,41.15344599995245],[-104.85810799994532,41.15333199966592],[-104.85791700014963,41.15325600004119],[-104.85735800010788,41.15302300008178],[-104.8571699997869,41.15294700009877],[-104.85714200019781,41.152887999793116],[-104.857056999809,41.15271099991039],[-104.85702900021991,41.15265299977994],[-104.85686099999042,41.15264599977236],[-104.85635499965213,41.152635000242135],[-104.85618800014586,41.15263100004352],[-104.85538999972952,41.15336099977542],[-104.85513799983444,41.15354499984467],[-104.85488000009158,41.153706000327055],[-104.85453699995992,41.15385500004314],[-104.85415100017052,41.153980999770255],[-104.85375799981014,41.15401500007384],[-104.85288099975108,41.15396000017075],[-104.8521290002638,41.15387200022979],[-104.8515090001227,41.15376699996123],[-104.8508830001338,41.15357300016279],[-104.85004000040995,41.15331000015741],[-104.84901400038797,41.15297400028974],[-104.84884299978543,41.15291900018962],[-104.84778800034945,41.152532999836815],[-104.84629199997421,41.15202300016473],[-104.8454059996943,41.15175299992575],[-104.8449620001786,41.15162100026101],[-104.8448140000406,41.1515779998158],[-104.84456499962026,41.15150000005301],[-104.84381999980569,41.151264999799245],[-104.84357100028367,41.15118699966408],[-104.84323599964958,41.15114099973165],[-104.84297399970878,41.15102400028746],[-104.84288199964726,41.15090999984773],[-104.84283399996669,41.15075600014935],[-104.84282599957078,41.15053900005263],[-104.84286199955577,41.14990500005054],[-104.84248900018518,41.14994000019128],[-104.84209599982479,41.150019000208516],[-104.84186700039426,41.15009200027678],[-104.84150800036906,41.15008400024546],[-104.8404339997682,41.15006099989636],[-104.83988399994728,41.150071999858454],[-104.83991900010737,41.151722000330714],[-104.8399419996736,41.152787999876075],[-104.8398849997722,41.1540459999374],[-104.83971300024305,41.15782199995425],[-104.83965700016655,41.15908099973858],[-104.83953499996782,41.15908099973858],[-104.83941699996704,41.159082000028015],[-104.83942500036297,41.15921100003907],[-104.84205800018995,41.15923599978117],[-104.84487699978978,41.15924200015069],[-104.84769600028794,41.159247000232746],[-104.85016699973323,41.15925200031448],[-104.85252300044911,41.159256000109025],[-104.85267900008472,41.159256999719446],[-104.8526770004349,41.160074999906605],[-104.85267300023693,41.16115900014124],[-104.85304800015567,41.16188499995123],[-104.85511500026823,41.1626410001315],[-104.85527900029976,41.16258700026297],[-104.85558499972319,41.162486000026085],[-104.85596800003785,41.162422999913375],[-104.85658999982877,41.162308999684306],[-104.85684900029484,41.1622270002274],[-104.8571699997869,41.16201899972629],[-104.85732600032084,41.161750000329754],[-104.85741900020724,41.16137699982987],[-104.8575139997435,41.16107000013748],[-104.85763900031527,41.16052800017265],[-104.85777700040755,41.15966799995939],[-104.85782400026321,41.15938099999095],[-104.85802599992958,41.15941899998352],[-104.8585690000778,41.15952200010184],[-104.86069800011461,41.15991100003412],[-104.8629009997713,41.16030200022824],[-104.86315299966638,41.16034499968519],[-104.8635829998367,41.16038099993232],[-104.8639340003643,41.16038099993232],[-104.86471599998879,41.16037299980393],[-104.86508400023483,41.16034099995706],[-104.86646400025913,41.1602209998849],[-104.86692399966833,41.16018099981199],[-104.86748000023535,41.1601459997282],[-104.86914800013973,41.16004100004101],[-104.86970399980844,41.1600059998824],[-104.86982900038022,41.15916700022636],[-104.87001699980287,41.158871000165234],[-104.87102600010644,41.15831899997167],[-104.87115599980275,41.158234000026226],[-104.87154999998806,41.15798199977104]]]},"properties":{"GEOID":"560210011003","BASENAME":"3","STATE":"56","COUNTY":"021","TRACT":"001100","BLKGRP":"3","NAME":"3"}}]}