{"type":"FeatureCollection","features":[{"type":"Feature","geometry":{"type":"Polygon","coordinates":[[[-98.23776899957568,29.318000999812785],[-98.23798799985879,29.317737000240644],[-98.23802899986667,29.317687000232915],[-98.24032799978282,29.31484800039092],[-98.24268799979833,29.311937999893768],[-98.24345699990238,29.310972999947854],[-98.24352499967442,29.310887999925292],[-98.24866400000515,29.304691999761854],[-98.24896199993097,29.304332000297293],[-98.2492880003442,29.303938000050564],[-98.24931699975822,29.303901999816983],[-98.24940899981972,29.30378499975361],[-98.24975399960121,29.303355000102663],[-98.24992699985357,29.303138999627333],[-98.24999399980072,29.303056000073923],[-98.25000800004443,29.30303900016646],[-98.25003200033387,29.303007999867173],[-98.25008800041037,29.302938000243362],[-98.25021599955858,29.30276600011331],[-98.25024800024394,29.302730000249817],[-98.25332399976172,29.29889100003033],[-98.25345299963315,29.298729999893578],[-98.25358099967966,29.298569999910043],[-98.25448799987596,29.297437999738957],[-98.25548600030884,29.29633700032054],[-98.25561500018027,29.29617600007388],[-98.25761799982041,29.293674999677325],[-98.25785200017215,29.29338199990233],[-98.25788800015715,29.293338000114872],[-98.2598830002997,29.290920000029065],[-98.26073199987135,29.289892999685296],[-98.26542799961294,29.284207000316673],[-98.26549299991028,29.284128000106023],[-98.26688800000319,29.28243899988098],[-98.26694999992746,29.282356999739733],[-98.26713999989826,29.28210399964394],[-98.26773599974993,29.281308999936144],[-98.2684160001655,29.280473999668818],[-98.26858400039498,29.280270000145578],[-98.27247300039772,29.275524999961185],[-98.2727889998669,29.27513900024012],[-98.27302300021864,29.274853000359176],[-98.27400499985967,29.2736530002668],[-98.27835300034504,29.268338999640083],[-98.27955599991903,29.26686800012648],[-98.27957299963747,29.266846999945585],[-98.2795890004293,29.26682799962888],[-98.27974800043795,29.266633999658012],[-98.27998899956407,29.266339000038954],[-98.28056000019969,29.265616000013694],[-98.28105399994409,29.264989999693658],[-98.28128200044804,29.26470099976377],[-98.2814260003881,29.264518999941888],[-98.28321399994307,29.26232999964691],[-98.28702000010514,29.257625999995536],[-98.28708799987722,29.257540000224424],[-98.28722500014456,29.257380000002208],[-98.29075900032005,29.25323199966246],[-98.29087099957474,29.253101000178198],[-98.29100000034447,29.25294899984244],[-98.29168499988461,29.25214399990371],[-98.29229699962978,29.251425000182614],[-98.29245999983641,29.251235000337708],[-98.29251199971495,29.251173999731023],[-98.29253500017948,29.251146999720664],[-98.2925429996771,29.251136999627942],[-98.29258100021023,29.251092000374303],[-98.29275899958715,29.25088299976678],[-98.2929450002583,29.250665000253207],[-98.29330699975824,29.250240000110434],[-98.29592399969172,29.247352999877666],[-98.29595499965386,29.247319000335455],[-98.29649899962698,29.246665999697157],[-98.29797400008583,29.244895000125254],[-98.3002810003979,29.24212999992826],[-98.30046399979771,29.241910000222187],[-98.30054800036162,29.241808000055443],[-98.3006539997685,29.24168099999012],[-98.30118299967302,29.24104800002362],[-98.30147700029919,29.240695999680803],[-98.30157900040643,29.240575000165194],[-98.30173400021714,29.240389999949063],[-98.3030189998069,29.238850000383326],[-98.3031590004473,29.238681999827058],[-98.30455899966476,29.237002999705386],[-98.30470500015294,29.236829999683454],[-98.30662199957936,29.23453000003338],[-98.30946700001678,29.231116999999227],[-98.30950999967449,29.231065000146625],[-98.31034200042602,29.230071000087758],[-98.3133970000274,29.22640799986677],[-98.31343800003529,29.226359000180178],[-98.31347700039335,29.22631200034679],[-98.31976599969626,29.218773000247342],[-98.32325600038914,29.214586000068653],[-98.32373400024004,29.214013999644358],[-98.32435900040402,29.21326600030241],[-98.32440399971154,29.21321300033683],[-98.32451800041268,29.213084999626464],[-98.32713500034616,29.209940999703505],[-98.32715799991237,29.209913000088854],[-98.32719600044551,29.209867999963997],[-98.32724300030118,29.209811000195685],[-98.32768000014418,29.20928700009723],[-98.33019699962023,29.206269000186236],[-98.33024299965098,29.206214000253368],[-98.33789500015807,29.197042999756817],[-98.33797499962571,29.19694700016851],[-98.33965099992602,29.19496699998552],[-98.33988399955452,29.19469200029085],[-98.34108299982886,29.193277999808405],[-98.34178400016083,29.192445000025753],[-98.34189299994077,29.192315000287163],[-98.34281900040361,29.19122299989801],[-98.34516099997748,29.188420000095217],[-98.35166600008878,29.180643999771974],[-98.35328299993955,29.17870799983924],[-98.35441400044182,29.17735500008687],[-98.35518400037076,29.176433999916174],[-98.36045900024558,29.170120999631372],[-98.36119599966423,29.16923999984661],[-98.36171299987319,29.168622000298363],[-98.36225099999852,29.167978999644355],[-98.36232899981633,29.16788499975778],[-98.364178000369,29.165672999981027],[-98.36689099966364,29.16242499970024],[-98.36758899962254,29.16159000008957],[-98.37102800026179,29.15747500032861],[-98.3726540003334,29.155499999753822],[-98.37529100035835,29.152300999932454],[-98.37584000035434,29.1516340003234],[-98.37986800027426,29.14674399995605],[-98.38144599976697,29.144831999689963],[-98.38183999995228,29.14435199984643],[-98.38403699976118,29.141673000289373],[-98.3843990001594,29.141232000346736],[-98.38496099967588,29.140546999672104],[-98.38499900020904,29.140499999739067],[-98.38535400003629,29.140067000212785],[-98.39505799968902,29.128306000109514],[-98.3975850001091,29.12524400029043],[-98.3983790003275,29.124363999876874],[-98.40700000005685,29.11481799995017],[-98.4070450002627,29.114766999849166],[-98.40713300012624,29.11466899975325],[-98.40733599961752,29.114435000219878],[-98.40725399960175,29.11434699990215],[-98.40700799955444,29.114084999776882],[-98.4069270002619,29.113997999800404],[-98.40648000037316,29.11351699974825],[-98.40513999963352,29.112075999975254],[-98.40475899986701,29.111666000385387],[-98.40469399956967,29.111596000234748],[-98.40454999962964,29.11144100001189],[-98.4041179998095,29.11097700018212],[-98.40397399986945,29.110822999698325],[-98.40325499999415,29.110068999975727],[-98.40299999972602,29.109801999676755],[-98.40246400014883,29.109239999746617],[-98.40085700034379,29.107554000376673],[-98.40032199969319,29.106992999866165],[-98.40023200017981,29.106897000064187],[-98.39987399997952,29.10652300003056],[-98.39978899959071,29.106433000151114],[-98.3997030002753,29.106343000193036],[-98.39910300022568,29.105714999724892],[-98.39703000026533,29.103541999812812],[-98.3968949996478,29.10340100022584],[-98.38878199990657,29.09480899966742],[-98.3837150004442,29.089383999616327],[-98.38362800040558,29.089292000260915],[-98.3833699997644,29.089018999642047],[-98.38328400044898,29.08892800005989],[-98.3820249999002,29.08760700005524],[-98.37824800005045,29.083645999954225],[-98.3769900002249,29.082325999883512],[-98.37600799968554,29.08129599985594],[-98.37528999963513,29.080544000121407],[-98.37303400027498,29.078235999825953],[-98.37204000004007,29.077220000360825],[-98.37131899961662,29.076451000102537],[-98.36915899961764,29.07414400022327],[-98.3685369998267,29.07348000010326],[-98.36843999974234,29.073374999777652],[-98.36782999964696,29.07271899989742],[-98.36600199990902,29.070751000326926],[-98.36539299963854,29.07009500023221],[-98.36509800008578,29.069782000150695],[-98.36421400035401,29.06884299969912],[-98.36391999972783,29.06853100003878],[-98.3638260000165,29.068431000088662],[-98.36354399998419,29.068130999656333],[-98.36345000027286,29.068031999620448],[-98.36312600040776,29.067686999989416],[-98.36158300017684,29.066055000313217],[-98.35627700033989,29.060442999725932],[-98.35597799969081,29.060134000120843],[-98.35408700020368,29.058181999858846],[-98.34987099996277,29.05367599981136],[-98.34702399987555,29.050627000098046],[-98.34693900038505,29.050537000067603],[-98.34458600004221,29.048053999828646],[-98.33732699989551,29.04039599984376],[-98.33727199964392,29.04033799973591],[-98.33484800005428,29.037754000204014],[-98.33468200037295,29.03757600000623],[-98.33455699980115,29.03744799961248],[-98.33367399989432,29.03654300029454],[-98.33338000016644,29.036241999950843],[-98.33325200011993,29.036110000167717],[-98.33286799998037,29.03571399980554],[-98.33274099975876,29.035582999964074],[-98.33235699961921,29.035172000048046],[-98.33120500009886,29.033938999905438],[-98.3308219997842,29.033529000363394],[-98.32990899974013,29.032553000146223],[-98.3294350000872,29.03204600030654],[-98.32719300007246,29.029605999640033],[-98.32629000007414,29.02862299995672],[-98.3248370002549,29.02707799997169],[-98.32047899972379,29.022444000298027],[-98.32014599963787,29.022090000136377],[-98.31902300042982,29.020903999632264],[-98.3188099999945,29.020677999827154],[-98.31817200031004,29.020001999766162],[-98.31811899970828,29.01994599994844],[-98.31796200024775,29.019776000343875],[-98.31643900010832,29.018161999964033],[-98.31187200023814,29.01332199999755],[-98.31034999992363,29.0117090001759],[-98.30914999982438,29.01043599967736],[-98.30666400031048,29.007790999845266],[-98.3060829996291,29.00717400032061],[-98.3060390001465,29.007125999905217],[-98.30602200042806,29.007107000225602],[-98.3059060000771,29.00698400031336],[-98.30586199969618,29.00693699991863],[-98.30534500038553,29.006386999828266],[-98.3037939997587,29.004737000063287],[-98.30327800027297,29.00418700004872],[-98.3020970004403,29.00282099993776],[-98.29994900013688,29.000336999701855],[-98.2998729999689,29.00024900017247],[-98.29985600025046,29.000231000188073],[-98.29979400032619,29.000165999869186],[-98.29973300022681,29.000101000295047],[-98.2902270000425,28.990063000273015],[-98.28742099996313,28.987099999949784],[-98.2790040004483,28.97821299964524],[-98.27619900019386,28.975250999765077],[-98.2729579999213,28.9718280001271],[-98.270331999767,28.96905500021977],[-98.27016100006277,28.968872999999732],[-98.26452700016274,28.962078000227475],[-98.26317200025281,28.960444000378747],[-98.25793400018792,28.95412700007944],[-98.25490999965035,28.95047999966914],[-98.25480099987041,28.950345999872127],[-98.25441199970797,28.949927999884228],[-98.25289299976649,28.948296999780137],[-98.25238700032652,28.947753999995093],[-98.25243099980914,28.947741999681035],[-98.25200200036205,28.947366999779106],[-98.25071500022416,28.946245000304078],[-98.25028699970369,28.94587099961275],[-98.24981999972346,28.94537000018818],[-98.24841899978276,28.943869999753],[-98.24796199984826,28.94338000018231],[-98.24795299962743,28.943370000022544],[-98.24788800022841,28.94330100038751],[-98.24769499988457,28.943093999634478],[-98.2476620002726,28.94305900015369],[-98.24763100031046,28.943024999815652],[-98.24718000022376,28.94254199979723],[-98.24583000033668,28.94109600026058],[-98.24538000007489,28.94061399986128],[-98.24111199995546,28.93604099986017],[-98.24017299997213,28.935034000136447],[-98.23924400003453,28.934039000392847],[-98.23645899987157,28.931054999727163],[-98.23553099975888,28.930061000376888],[-98.23497799956493,28.92946799973716],[-98.23331899988138,28.927691999745544],[-98.23276700041065,28.927099999801243],[-98.2313210002641,28.925552000147057],[-98.22698600019753,28.92090800011288],[-98.2255419997008,28.919361000181443],[-98.22377900026017,28.91747200018779],[-98.21849000014164,28.9118049998057],[-98.21672799962761,28.909917000077908],[-98.21640899978537,28.90957500020271],[-98.2154530000836,28.90855200013737],[-98.2151350000663,28.90821099997109],[-98.21462500042836,28.907657000196565],[-98.21309700026605,28.905994999639297],[-98.2125879995547,28.905440999829047],[-98.21200699977165,28.904819999955354],[-98.21026600007234,28.902957000056457],[-98.20968600011419,28.902336000260014],[-98.20928400043128,28.901906000013078],[-98.20807799958595,28.900616000379213],[-98.20767699972795,28.90018699965142],[-98.20700499970829,28.89946799987053],[-98.20564300012566,28.898009999891837],[-98.20499200002241,28.897314000101584],[-98.20432099982769,28.896595999683136],[-98.20377400037982,28.89601099961724],[-98.20213599971434,28.89425699971255],[-98.20159000009139,28.893673000252793],[-98.19555699998321,28.88721600011065],[-98.19353000005361,28.885049999703867],[-98.1930220000655,28.88450600012982],[-98.19149800010116,28.88287600029744],[-98.19099099993794,28.882333000087794],[-98.1868700001316,28.88525499970058],[-98.18672000034378,28.88536200020955],[-98.18278899960993,28.888150000376815],[-98.1822580000556,28.88851100027756],[-98.18223700013921,28.888524999727775],[-98.18220600017706,28.888546999758802],[-98.18214199970465,28.88859200027251],[-98.18207899995546,28.88863699998018],[-98.18197299965024,28.88871200023618],[-98.18186700024336,28.888788000115238],[-98.17864400041248,28.891074999668483],[-98.17314600005659,28.894978000218707],[-98.17306400004081,28.89503600004617],[-98.17146899993136,28.89616800003521],[-98.1645379998477,28.901086999686072],[-98.16387400022398,28.901556999660514],[-98.16166999984407,28.90312299997667],[-98.15787000042809,28.905821999857196],[-98.15639999999212,28.906865000389622],[-98.15018899960867,28.911274999989768],[-98.14905299998185,28.912082000390313],[-98.14664600011066,28.91380599982688],[-98.14644400044429,28.91395099976448],[-98.14624199987963,28.914096000285788],[-98.14577700044752,28.91442899982086],[-98.14086099969958,28.917950999926944],[-98.13917600007676,28.919140000329342],[-98.13430100023503,28.922577000168168],[-98.13424400033361,28.92261800031527],[-98.13289600009637,28.92356900025294],[-98.13184099976206,28.924314999834923],[-98.1317439996777,28.924383000195995],[-98.13164800031655,28.92445199984619],[-98.1300830003443,28.92556000023514],[-98.12946200037828,28.926000000198865],[-98.12890099978843,28.926396000142226],[-98.12878799981053,28.926476000344202],[-98.12867400000769,28.92655699979789],[-98.12528399977224,28.92895699965083],[-98.1185860002154,28.93441699986166],[-98.11576300041762,28.93671700001298],[-98.10950299963038,28.94147499988714],[-98.10934399962171,28.941595999959294],[-98.10823399993416,28.94244299965207],[-98.1080969996668,28.942543999688013],[-98.10796500032063,28.94264600035598],[-98.10653599989253,28.943728999728997],[-98.10002699958329,28.948674999904377],[-98.09502600024315,28.95247500008829],[-98.09289600038142,28.95409499989783],[-98.09044199975624,28.955958999685677],[-98.08743400001052,28.958242999655436],[-98.08738499960671,28.958279999880713],[-98.08733600010123,28.958317999885878],[-98.0872480002377,28.958385000150574],[-98.08723300016906,28.95839700001742],[-98.08616000029143,28.959213000277177],[-98.08256599984146,28.96181299988621],[-98.08164600012472,28.96247699988288],[-98.08076800024072,28.963051000316256],[-98.0764149997325,28.966261000347092],[-98.07526800023503,28.967132000384616],[-98.075007999944,28.9672240002006],[-98.07493000012623,28.967315000228655],[-98.07339199991817,28.9685309997396],[-98.07331400010035,28.968783000247612],[-98.07300100010592,28.968852000195522],[-98.07268200026368,28.96908500032893],[-98.06995099962909,28.971074000269482],[-98.0699249996898,28.971165999725006],[-98.06864799959767,28.97201400008107],[-98.06839099967972,28.97207800035976],[-98.06837800015926,28.972138000388597],[-98.06836100044083,28.972220999611483],[-98.06773499955361,28.972816999678876],[-98.0675010001002,28.97284000034191],[-98.06566099976834,28.97419899982604],[-98.06304100036014,28.976135999780965],[-98.06210400002664,28.976828000043987],[-98.06202600020882,28.976966000167504],[-98.06168700027511,28.97710400010691],[-98.06021199981626,28.978198999730143],[-98.05969999963018,28.978561999667612],[-98.05956300026115,28.978660000261566],[-98.05922799962708,28.978922000335018],[-98.05908000038738,28.979029000069254],[-98.05888299984558,28.97917300030802],[-98.05530000016459,28.981779999976382],[-98.05527400022532,28.981939999641668],[-98.05490900035232,28.982078000018525],[-98.05317699997553,28.983366999971842],[-98.04871300003752,28.986688000118697],[-98.0479570003523,28.98724899987941],[-98.04688299975143,28.9880130002858],[-98.04687000023095,28.988021999770485],[-98.04608699988323,28.988603999880745],[-98.0448730004386,28.989499000015222],[-98.04456100026906,28.98973000024614],[-98.04332900038277,28.990638000388174],[-98.04267800027952,28.991134000224225],[-98.04134199973782,28.992102000059965],[-98.03977299956762,28.993255000283323],[-98.03898000007247,28.993828999698447],[-98.03783100002686,28.994690000310406],[-98.03732399986366,28.995058000062],[-98.03673399985978,28.995492999885364],[-98.03558499981415,28.996329999636252],[-98.0350609999325,28.9967230003186],[-98.03465599987655,28.997054000200052],[-98.03455700014234,28.99712800038231],[-98.03038100008443,29.00024799999881],[-98.02983000043861,29.00062099967187],[-98.02536099957942,29.003918000165616],[-98.0135520001793,29.01262999964026],[-98.01189099994761,29.013860000378433],[-98.01144300023394,29.0141979998504],[-98.01099200014724,29.014534999752343],[-98.01083800016146,29.014647999760093],[-98.01068400017566,29.014761999677354],[-98.00076999956234,29.022106000316306],[-98.00028199966572,29.02246500021623],[-97.99530200024198,29.0261039998797],[-97.99070600005949,29.029426999638],[-97.9883750003563,29.031136999681124],[-97.98832199975453,29.031176000281842],[-97.98826900005108,29.03121500008241],[-97.9881779998145,29.031282000249146],[-97.98808699957787,29.031349000372458],[-97.98158300018981,29.036121999655187],[-97.9785829999417,29.03832600019074],[-97.96359000017044,29.049331000250195],[-97.959462999618,29.05236000013406],[-97.9572370003951,29.05399399994139],[-97.9558869996097,29.054985999756006],[-97.94572500019758,29.062511999663098],[-97.9456769996187,29.062547999901707],[-97.94562899993812,29.062582999772687],[-97.94558200008245,29.062617999631723],[-97.94553500022678,29.062653000264156],[-97.94475899955175,29.063229999779153],[-97.94235199968057,29.06491600011605],[-97.94161899956156,29.065426999919744],[-97.94005799978729,29.066524000015768],[-97.93671500030581,29.0689920002657],[-97.9349260000276,29.07030899994397],[-97.93251099976048,29.072089999801005],[-97.92868200003221,29.07491399987642],[-97.92858900014578,29.074982999610288],[-97.92781199964584,29.075555999848373],[-97.92428800041438,29.078156000027462],[-97.9236690000982,29.078613000366143],[-97.92315400043739,29.078993000114423],[-97.92263800005335,29.07937300003127],[-97.91941600004739,29.081751000059413],[-97.91612700009428,29.084156000161716],[-97.91517100039249,29.08485600007557],[-97.90943700003506,29.089051999746626],[-97.90760599992403,29.090391000021096],[-97.90452899968302,29.092642999972153],[-97.90297899977942,29.0937779996115],[-97.89717300035025,29.097983000074244],[-97.88766700016592,29.10497500024409],[-97.88064200037094,29.11014599963342],[-97.87527799990936,29.114094000040865],[-97.87222800033082,29.116326000390874],[-97.87012199986022,29.117867000199837],[-97.86054100023114,29.12494099974968],[-97.86003599971774,29.125245999783417],[-97.85640000033331,29.127912000317657],[-97.8447540002415,29.136457999628785],[-97.84034399983184,29.139694000346914],[-97.83850100002527,29.141046999732616],[-97.83845199962147,29.141082999975804],[-97.83773899959394,29.14160599971016],[-97.83765400010344,29.14166800000173],[-97.83310300012678,29.145007999855373],[-97.82993399982428,29.14733299961656],[-97.82856100037098,29.14836300008232],[-97.81963599996972,29.154906000205823],[-97.81831399967173,29.155874999973772],[-97.81815100036343,29.1559919997182],[-97.81434299965322,29.158732000069225],[-97.81406900001683,29.158928000100737],[-97.81385200028186,29.159088000345346],[-97.81363399982367,29.15924800034072],[-97.81123100015043,29.161012999656005],[-97.8087999999898,29.162799000353683],[-97.80312900027985,29.166965000229943],[-97.8022530000457,29.167609999628873],[-97.80151499990382,29.168151999811354],[-97.79757800022048,29.171070000013295],[-97.7884050001221,29.177765999633905],[-97.78834999987052,29.17780599963359],[-97.78792499972307,29.178169999776934],[-97.78779599985165,29.1782809999085],[-97.78773999977516,29.178319999693052],[-97.78763099999522,29.178377999727328],[-97.78731999965059,29.178545000332495],[-97.78622599985655,29.179311999766973],[-97.78608399956633,29.179412000191068],[-97.77640699967777,29.186567000293504],[-97.77312799977041,29.18899099991982],[-97.76558300029174,29.194537999794594],[-97.76549999955277,29.194600000276797],[-97.76543400032882,29.194647999612467],[-97.7653690000315,29.194695999709943],[-97.75850800026805,29.19974000017342],[-97.75407000026931,29.20300299996414],[-97.7539570002914,29.203085999970895],[-97.7503879999558,29.205707999957028],[-97.7502749999779,29.205791999872336],[-97.74838199994261,29.20703600008005],[-97.74418300031849,29.21012800023834],[-97.7377009997734,29.21489200008111],[-97.73435200044415,29.217353000152368],[-97.73381900034168,29.217745000095928],[-97.73378099980853,29.217772999922495],[-97.7308929997134,29.219896000016714],[-97.72844300018451,29.221747999921586],[-97.72974299984286,29.22301299983416],[-97.72975100023878,29.223021000381973],[-97.7302879996409,29.22354199972614],[-97.73033500039489,29.22358700011693],[-97.73048000015984,29.223728000168183],[-97.73379699970205,29.226947000359228],[-97.73398099982506,29.227126000200666],[-97.73408700013027,29.22722899963913],[-97.74320099977913,29.23606000031643],[-97.74330799990923,29.23616399962454],[-97.75026400010725,29.242903000383016],[-97.75219599960229,29.244821000067304],[-97.75719799966562,29.249785999982702],[-97.75761500031547,29.25015800000509],[-97.75770099963088,29.250234000315213],[-97.75787499970816,29.25041699978873],[-97.76193899961308,29.25469200038336],[-97.76195100020695,29.254705000287093],[-97.76196299990251,29.254717000136406],[-97.76197999962096,29.254735000299668],[-97.76318399991816,29.255998000057797],[-97.76384699971698,29.25669399978808],[-97.76458999988172,29.257456999675068],[-97.76605899959449,29.2590270000885],[-97.7664390004344,29.259428999624255],[-97.76699900030106,29.259899000091735],[-97.76883100023699,29.261871999957783],[-97.76920100013284,29.262195000141677],[-97.77108199957424,29.263840000339815],[-97.77133400036764,29.264410999842802],[-97.7717829999062,29.264882000092022],[-97.7725079996293,29.265641000231064],[-97.77280899992819,29.265957999823918],[-97.77330799969546,29.26648099990606],[-97.77485299957621,29.268103000343924],[-97.77989599964744,29.273343000121024],[-97.78071199960712,29.274190999663173],[-97.78262200025917,29.276176000014647],[-97.78435499956258,29.277971999714673],[-97.78760400023103,29.281351999628143],[-97.78764299969077,29.2813919999267],[-97.78960400039645,29.2834289997755],[-97.7920659996209,29.285987000027028],[-97.79252900030149,29.286465999862667],[-97.79259500042372,29.286534000326267],[-97.79260999959402,29.28654900036481],[-97.79264099955616,29.28658099991741],[-97.79333699986526,29.287300999736154],[-97.79460499973656,29.288574999958843],[-97.79469599997316,29.288665999646554],[-97.79474600020187,29.288715999767664],[-97.79673200012358,29.29070600007061],[-97.80904600003709,29.30305099982494],[-97.81316699984342,29.307226000227697],[-97.81604599971772,29.310141999767726],[-97.81609299957337,29.31018900024314],[-97.82077199959654,29.314864999898077],[-97.8266399998483,29.320776000071255],[-97.82914999965163,29.3232470003916],[-97.82969399962477,29.32378500013025],[-97.82971100024152,29.323801999714746],[-97.82977700036378,29.323866999896534],[-97.83040699965228,29.32449000000803],[-97.83051399978241,29.324595999724856],[-97.83061300041494,29.32469300032236],[-97.8307720004236,29.324848000116756],[-97.8323859999013,29.326437999868013],[-97.83419899957066,29.328257000103036],[-97.8342720002639,29.328329999935224],[-97.83456599999178,29.32862399974947],[-97.83492500001698,29.328984999771254],[-97.83517000023936,29.329230999644103],[-97.83878700025554,29.332861999888618],[-97.83900800018847,29.333083999725748],[-97.84007100002036,29.334151000128465],[-97.8433890002858,29.337481999613498],[-97.84927099988295,29.343372999719968],[-97.85021400006424,29.34431099965214],[-97.85245199988103,29.346534000036655],[-97.85323799970348,29.347315000134078],[-97.85571400006997,29.34980499993612],[-97.85878200009013,29.35288999979182],[-97.85817299981969,29.353750999986428],[-97.85557099995484,29.357109000334084],[-97.8550699996394,29.357755999843555],[-97.85504600024828,29.35778699994558],[-97.85502899963153,29.357809000037538],[-97.8550189995858,29.35782200012518],[-97.8549630004076,29.35789499992429],[-97.85477599991152,29.35813599981189],[-97.85456199965128,29.35841199988915],[-97.85197400003014,29.36174000015014],[-97.85190100023522,29.361836000064617],[-97.8489860003759,29.36565199970519],[-97.8458670003021,29.369736000267157],[-97.84396900024393,29.372176999771966],[-97.84159099978676,29.375236999935716],[-97.84038300018992,29.376790999932812],[-97.84769800041312,29.37686999962339],[-97.84808599985232,29.376873999744802],[-97.85194399989291,29.37691600022747],[-97.85914600013821,29.3769940001832],[-97.85955700004196,29.376996999879204],[-97.8707689997655,29.377072999716138],[-97.8708390000857,29.37707200007915],[-97.8708750000707,29.37707200007915],[-97.87092100010146,29.377072999716138],[-97.87334999971397,29.37708700011254],[-97.87459199964601,29.377095000338176],[-97.87527899973426,29.377100000087427],[-97.8817589997312,29.37717599984744],[-97.88518599977657,29.377216999787098],[-97.885250000249,29.377216999787098],[-97.88531299999819,29.377216999787098],[-97.88687999962023,29.377237000324513],[-97.89370699994682,29.37735199981543],[-97.89374399975674,29.377353000232468],[-97.89384000001621,29.377355000283682],[-97.89388000019918,29.377336999821146],[-97.89559300030942,29.377336999821146],[-97.89783199995111,29.377345000027127],[-97.89970999991779,29.37739200005034],[-97.90265200043959,29.37746600032608],[-97.90504300041725,29.377524999798645],[-97.90532799992428,29.377532999989842],[-97.91153799958448,29.377666999967868],[-97.91274699990456,29.377692999767913],[-97.91479200027581,29.377736999956312],[-97.9184889997596,29.37781099998122],[-97.9235839997094,29.377912000108232],[-97.92937199959519,29.37799800023811],[-97.92951700025846,29.378000000276653],[-97.92955800026635,29.37800099990452],[-97.92996800034517,29.37800700001996],[-97.93026799992082,29.37801100009669],[-97.93041699988375,29.378013000134967],[-97.93198100003106,29.378036000181343],[-97.93206800006969,29.378044999959833],[-97.93243299994268,29.37808200025843],[-97.93338500034481,29.37809700014291],[-97.93347099966022,29.378097999769846],[-97.93354799965311,29.378099999806402],[-97.93362600036923,29.378101000216112],[-97.93559200019946,29.37813099997731],[-97.94000199971079,29.378200000020712],[-97.94216900028078,29.37823399982071],[-97.9501129999676,29.378364000378625],[-97.95049799993207,29.37836900006559],[-97.95608099977848,29.378435999917716],[-97.95613699985498,29.378437999947632],[-97.95642100043541,29.378450000126556],[-97.956469000116,29.37845200015627],[-97.95747300039666,29.378493999987676],[-97.95748099989427,29.378535999801816],[-97.95757100030595,29.37853300015117],[-97.9589119999722,29.378496000016526],[-97.96450800023739,29.378616999729875],[-97.9678189999318,29.37869499994758],[-97.96808199969755,29.37869600035144],[-97.96809799959105,29.37869600035144],[-97.96979200033303,29.378699999618288],[-97.96990100011297,29.378699999618288],[-97.97013399974148,29.378701000022094],[-97.97458699980884,29.37871700021898],[-97.97535500008794,29.378721000267827],[-97.97552900016522,29.37872199988862],[-97.97557900039394,29.37872199988862],[-97.97563100027247,29.37872199988862],[-97.9758520002054,29.378723000292133],[-97.98011199992891,29.378723000292133],[-97.98035899980111,29.37872199988862],[-97.98037499969465,29.37872199988862],[-97.98039499978613,29.37872199988862],[-97.98041599970252,29.37872199988862],[-97.98043199959606,29.37872199988862],[-97.98045500006059,29.378721000267827],[-97.980920000391,29.37871900024339],[-97.98218400006435,29.37871399979088],[-97.98261199968653,29.37872199988862],[-97.98334599963044,29.378736000058122],[-97.98439099991899,29.378754000273286],[-97.98605799999847,29.378785000244935],[-97.99009000011634,29.378783000221812],[-97.9945859998414,29.378849000181845],[-97.99936199994895,29.37886500035548],[-98.00195799996602,29.378876999701234],[-98.00262999998566,29.37888000012454],[-98.0037370001985,29.378884999786163],[-98.00413700023157,29.37888600018815],[-98.00445799972361,29.378888000209237],[-98.00940100023574,29.37892500020137],[-98.01022200021829,29.37893100026227],[-98.01057100019777,29.37893399990124],[-98.01341999993483,29.378925999820165],[-98.01805200010232,29.37891300007845],[-98.0205009998063,29.378905999614723],[-98.02226300032034,29.378900000335097],[-98.02438999980903,29.37889400027238],[-98.02761199981501,29.378884999786163],[-98.03322700034677,29.378868999615683],[-98.03526799962175,29.378861999931665],[-98.03906899976094,29.37884999980133],[-98.04230599983552,29.378841999713654],[-98.04297799985517,29.37883999969166],[-98.04453899962942,29.3788359996475],[-98.0445789998124,29.378818999849486],[-98.04458300001036,29.37883700004997],[-98.04495299990622,29.378847999779502],[-98.04578499975943,29.37887200003922],[-98.04582099974445,29.378872999658537],[-98.04596200020976,29.378876999701234],[-98.04690700004086,29.378904999995736],[-98.04698099966073,29.37890799963542],[-98.04699499990441,29.37890799963542],[-98.05433100004403,29.379128000109212],[-98.05438000044782,29.379130000125592],[-98.05458299993911,29.379136000174405],[-98.06128399986899,29.379236000153544],[-98.06828400044792,29.37933600003439],[-98.0683759996111,29.379336999649137],[-98.06841599979408,29.379338000046683],[-98.07710500019381,29.379474999619454],[-98.07748900033336,29.379480999647924],[-98.07757800002183,29.37948200004406],[-98.0785270000509,29.379496999722196],[-98.07855700018814,29.37949800011817],[-98.07861499991444,29.37950800016323],[-98.0786400000288,29.37949899973133],[-98.08438000023405,29.379589000100463],[-98.08468400000766,29.37959399972725],[-98.08479100013778,29.37954699993809],[-98.08516400040668,29.37936899984044],[-98.08525499974498,29.37932599997248],[-98.08528700043033,29.37933499963683],[-98.08530900017163,29.379325000357603],[-98.08585399996969,29.379091000190883],[-98.08586400001542,29.37908599975664],[-98.08603499971966,29.379011999876],[-98.0887780000498,29.377715999886536],[-98.09402399961232,29.37523600028076],[-98.09472099974633,29.37484699987233],[-98.0972189998541,29.37345199966813],[-98.09727699958043,29.373419999964955],[-98.09733600002997,29.37338699979567],[-98.09971299976391,29.372059999758847],[-98.09972500035781,29.37205300038947],[-98.09981400004627,29.372004000093078],[-98.10021099970629,29.371909999746066],[-98.10855799979927,29.36763199966279],[-98.11135100035814,29.366200999853866],[-98.1124259998856,29.36577200006318],[-98.11307000031616,29.365330000120352],[-98.11317499989815,29.365666999855534],[-98.11321900027907,29.36590899988803],[-98.1132069996852,29.366029999688617],[-98.11314999978379,29.36615100012829],[-98.11293700024677,29.366458999958027],[-98.11289899971362,29.366585000153684],[-98.11291200013241,29.3666459999314],[-98.11296800020891,29.3667339996619],[-98.11308100018681,29.36685500004782],[-98.1132569999139,29.366997999962717],[-98.11380400026007,29.367327999963347],[-98.11437599982231,29.3677460000989],[-98.11451999976235,29.367889000328212],[-98.1146579998546,29.36805899999453],[-98.11487799996263,29.36828500033648],[-98.11518000008644,29.36866399965911],[-98.11529300006434,29.368735999796513],[-98.11541899956272,29.368796000133052],[-98.11556900024884,29.368844999624866],[-98.11563199999804,29.36893899967045],[-98.11563799984583,29.369020999905832],[-98.11562000030248,29.369374000050467],[-98.11557000007377,29.369544000368762],[-98.11554499995941,29.36959399999388],[-98.11551300017236,29.369626999826984],[-98.11545000042317,29.36965999964937],[-98.11538799960057,29.369671000370627],[-98.11533700044527,29.3697159998217],[-98.11529999973702,29.369747999906313],[-98.11523100014004,29.369791999614804],[-98.11511099959112,29.369983999828396],[-98.1150169998798,29.370293000292516],[-98.11499900033647,29.370617000022698],[-98.11500500018424,29.370744000251793],[-98.11503600014638,29.370843000166374],[-98.11507999962899,29.370920000381314],[-98.11516199964477,29.371008000332008],[-98.11523100014004,29.371040999706715],[-98.11528800004146,29.371024000172497],[-98.11534400011794,29.371029999916356],[-98.11540699986713,29.371019000124754],[-98.11548300003513,29.371101000250544],[-98.11558299959422,29.371238999644813],[-98.11569599957215,29.3713379998609],[-98.11580299970227,29.37145299975376],[-98.11597299958159,29.371596000256257],[-98.11625499961389,29.371904000054084],[-98.11646899987413,29.372079999743875],[-98.11665800002002,29.372310999755538],[-98.11679000026449,29.372453999835642],[-98.11701000037252,29.372674000168765],[-98.11718500027472,29.372799999718463],[-98.1173679996745,29.37300899972723],[-98.11751199961454,29.37314699966638],[-98.11767599964608,29.373355999745613],[-98.11777000025572,29.373432999625397],[-98.11786399996704,29.373470999707276],[-98.11794599998281,29.37352599967709],[-98.1180020000593,29.373613999723464],[-98.11821600031956,29.37380099986308],[-98.11831699970357,29.373949999770275],[-98.11838600019887,29.37417499989452],[-98.118493000329,29.374423000384187],[-98.11868099975165,29.374658999645206],[-98.11888900016412,29.374835000051387],[-98.11903300010415,29.37491200037804],[-98.11927800032653,29.374967000352036],[-98.11931799961118,29.375002000106534],[-98.11943700033521,29.375177999919693],[-98.11949699971134,29.37523000000197],[-98.11955699998578,29.37528200005767],[-98.1196130000623,29.375392000358907],[-98.11963900000156,29.375519000110526],[-98.11962599958277,29.37564599970365],[-98.1194380001601,29.375855000131537],[-98.11938100025868,29.37595399977241],[-98.11935600014434,29.376057999900272],[-98.11935600014434,29.376234000235883],[-98.11939999962695,29.376377000284474],[-98.11949500006152,29.37649800016867],[-98.11963300015377,29.376629999878286],[-98.12024900009693,29.376921999623992],[-98.12048099990052,29.376975999656747],[-98.12110900043756,29.377026000328375],[-98.12141700040912,29.37709699961164],[-98.12155499960308,29.37717999995683],[-98.12165000003763,29.37727299971623],[-98.12234700017163,29.378124999869197],[-98.12252299989872,29.37840000015451],[-98.12257399995234,29.37854900037447],[-98.12257399995234,29.378670000024808],[-98.12255499968576,29.378763999608665],[-98.12251100020316,29.378841000094095],[-98.12241099974572,29.37891799973846],[-98.12196499968191,29.379197999875576],[-98.12146300043987,29.379698999660732],[-98.12135600030976,29.379820000292156],[-98.12080300011579,29.380376000328415],[-98.1205649995661,29.38065699996974],[-98.11984300021606,29.382065999761796],[-98.11974899960641,29.3823519997071],[-98.1197119997965,29.382593999996317],[-98.11961100041248,29.382730999882284],[-98.11956700003155,29.382973000052928],[-98.11954199991717,29.383369999662044],[-98.1199510001711,29.38418899985127],[-98.12014600016477,29.384408999866437],[-98.12068000009214,29.384959000171566],[-98.1210009995842,29.385189999914154],[-98.12130299970799,29.385613000390748],[-98.12138399989885,29.38576700033118],[-98.12156100034916,29.386532000381877],[-98.12163599979392,29.386784999776523],[-98.12164900021271,29.387087999748804],[-98.12161800025058,29.387180999846024],[-98.12154899975528,29.387319000136635],[-98.12154200008258,29.387400999653465],[-98.12170899958886,29.387724000180896],[-98.12176700021348,29.387836999716193],[-98.12185500007705,29.38791199975407],[-98.12205799956831,29.387896000220252],[-98.12218999981279,29.38785800004545],[-98.12249699995945,29.38786800005167],[-98.12272999958796,29.387929000381128],[-98.12299999992469,29.38805499982957],[-98.12313200016918,29.388132000328866],[-98.12325799966756,29.388225999781916],[-98.12377999989938,29.38891900022982],[-98.12401199970297,29.389121999767468],[-98.12409999956652,29.38921599987112],[-98.12420099984885,29.38928700004175],[-98.12444000022346,29.389556999984475],[-98.12471600040797,29.38979300015329],[-98.12479800042374,29.38994099983396],[-98.12491700024944,29.390068000213216],[-98.12550399988027,29.390313999745032],[-98.1257609997982,29.390462999738535],[-98.12604399965542,29.390588999961928],[-98.12620699986205,29.39067700012475],[-98.12626999961124,29.3907549997074],[-98.12628200020511,29.390809999728305],[-98.12626999961124,29.390903000336465],[-98.12623199997641,29.390991000227693],[-98.12613800026507,29.391096000140543],[-98.12603699998274,29.391266000179712],[-98.12602399956396,29.39132700003703],[-98.1260560002493,29.391541000170978],[-98.12607499961757,29.391595999766896],[-98.12606799994488,29.391640000204966],[-98.12603699998274,29.39169499974736],[-98.12602399956396,29.391756000130098],[-98.12603699998274,29.391816000201413],[-98.1260620000971,29.391859999761614],[-98.12621899955761,29.392057999894988],[-98.12623799982418,29.392129999919117],[-98.12626899978632,29.392189999769816],[-98.12629999974845,29.392349999981295],[-98.12634400012941,29.392438000186026],[-98.12650099958994,29.39257600038936],[-98.12655800038965,29.392646999780133],[-98.12658900035179,29.392713000139427],[-98.12664500042827,29.39289499986479],[-98.12666399979653,29.393152999614138],[-98.12660100004734,29.393368000079324],[-98.12652499987936,29.394006000105918],[-98.1265130001838,29.39439699977712],[-98.12643700001581,29.394468000244785],[-98.12643700001581,29.394566999777865],[-98.12645600028239,29.39465499962982],[-98.12656900026029,29.394826000227194],[-98.12664399970505,29.394913999854985],[-98.12673900013961,29.39500699984141],[-98.12675300038332,29.39502100011815],[-98.12680100006389,29.395067999803192],[-98.12694599982885,29.39517799984702],[-98.12701500032414,29.395222000300834],[-98.12710300018769,29.395254999650337],[-98.12718500020345,29.39526499971199],[-98.12726200019634,29.395274000314497],[-98.12733499999128,29.3952830001336],[-98.12751099971837,29.39534900034772],[-98.1275989995819,29.395414999736296],[-98.1276620002294,29.395447999805903],[-98.12774300042028,29.395513999912954],[-98.12798799974435,29.395750999801912],[-98.12815799962365,29.39600900013306],[-98.12835900036342,29.396235000237283],[-98.12839600017334,29.396262000219618],[-98.12848999988468,29.396367000169704],[-98.12851499999904,29.396439000274093],[-98.12852199967172,29.396521000265665],[-98.1285400001134,29.39658200010197],[-98.12856600005264,29.39663700010258],[-98.1286100004336,29.39667500012838],[-98.1291180004217,29.396922999783097],[-98.12940100027892,29.397016999721384],[-98.12957100015822,29.39709399969767],[-98.12968999998392,29.39721499998987],[-98.12972099994606,29.397263999886096],[-98.13014100007064,29.397686000027964],[-98.13040999968415,29.397753999898086],[-98.1304830003774,29.397839999691815],[-98.13049500007295,29.39798199968337],[-98.13042700030088,29.398150999740157],[-98.13021399986557,29.398367000024347],[-98.12974100003754,29.398574000322675],[-98.12945800018034,29.398544999754257],[-98.12897699995641,29.39827500019124],[-98.12887999987201,29.398132999826174],[-98.12884999973478,29.39808899984917],[-98.12866399996196,29.397817999642278],[-98.12855699983183,29.397767000362993],[-98.12831499998249,29.397756999764756],[-98.12804999966862,29.39792200011898],[-98.12790400007876,29.398136999894305],[-98.12763799993998,29.3990750001741],[-98.12768499979563,29.399133999637964],[-98.1277030002373,29.39941399970444],[-98.12767800012296,29.399821999919112],[-98.127533000358,29.400295000004604],[-98.12735099988481,29.400597000240218],[-98.12703000039276,29.401014999900177],[-98.12703000039276,29.40106999985107],[-98.12704299991323,29.401108999968983],[-98.1271180002563,29.401191000107914],[-98.12726899986905,29.401317999743977],[-98.12747599955827,29.401521000361093],[-98.12761399965052,29.401636999972723],[-98.12783999960634,29.401746999954483],[-98.12787800013948,29.401797000191415],[-98.12790300025384,29.401868000188248],[-98.12791499994941,29.402028000043426],[-98.1279840004447,29.402434999772897],[-98.1279840004447,29.402600000362398],[-98.12802200007954,29.40281999968839],[-98.12802200007954,29.402875000228132],[-98.12800299981296,29.403051000346647],[-98.12795199975933,29.403166999777888],[-98.12785800004801,29.403315000344435],[-98.1278079998193,29.40336399964899],[-98.12779500029882,29.403402999669602],[-98.1278079998193,29.40349099970121],[-98.12785399985005,29.403537000007613],[-98.12787700031458,29.403782999829623],[-98.12803600032323,29.404100999996448],[-98.12815000012606,29.404329999788402],[-98.12814500010319,29.40443700031751],[-98.1282029998295,29.404487000014143],[-98.12821600024829,29.404509000185918],[-98.12826800012682,29.404566000110826],[-98.12834699976955,29.404555000031664],[-98.12877500029003,29.40494099989084],[-98.12905200029948,29.405094000161323],[-98.12919299986648,29.405135999949803],[-98.1293229995628,29.40517500007326],[-98.1298149996574,29.40516199977289],[-98.13013799969758,29.405204000315823],[-98.13024200035298,29.40525700006319],[-98.13028199963763,29.40542900018996],[-98.13029400023152,29.40547800004091],[-98.13028199963763,29.405532999925256],[-98.1301179996061,29.405945999742656],[-98.12968400013615,29.406605999613465],[-98.12962800005964,29.406743000026612],[-98.12951500008174,29.407079000223952],[-98.12946400002811,29.4072930000782],[-98.12933199978363,29.40771100038094],[-98.12924999976785,29.40807999960918],[-98.12921200013304,29.408162000386145],[-98.1291180004217,29.40849799980599],[-98.1290050004438,29.40878399977394],[-98.12898600017722,29.408907999778133],[-98.12913400031523,29.409238000024214],[-98.1291180004217,29.409311999828024],[-98.12909599978208,29.409414000082606],[-98.12892199970481,29.40969700030662],[-98.12887200037441,29.409736000245374],[-98.12872800043436,29.40979599988102],[-98.12863299999982,29.409857000361182],[-98.12856400040283,29.40992299972337],[-98.12853900028847,29.40996700005697],[-98.12848200038708,29.410225000313325],[-98.12842600031057,29.410357000082072],[-98.1283369997238,29.410704000269035],[-98.12817400041548,29.410924000055804],[-98.1281679996694,29.41101199983715],[-98.12818000026328,29.4111329999991],[-98.12821200005034,29.411221000382042],[-98.1282799998224,29.411704999952534],[-98.12831800035555,29.411809000309624],[-98.12843100033345,29.411947000047267],[-98.12858199994619,29.412067999878552],[-98.12875100000059,29.41215099986061],[-98.12888999991776,29.412183999976083],[-98.12899600022298,29.41219500001218],[-98.12910900020088,29.41220000038388],[-98.12918500036885,29.412189000348327],[-98.129316999715,29.412189000348327],[-98.12938600021032,29.41220600004707],[-98.12954900041693,29.412299999941173],[-98.12959899974733,29.412355000047036],[-98.12967499991531,29.412403999689403],[-98.12978200004544,29.412465000169387],[-98.1298509996424,29.412487000179603],[-98.12997600021419,29.412469999745323],[-98.13005800022995,29.41243200014516],[-98.13043499979851,29.41210699969001],[-98.13051099996648,29.412019000074192],[-98.13053000023305,29.4120139996936],[-98.13081399991519,29.41191900024043],[-98.13113600013047,29.411924999920213],[-98.1312719996746,29.411943999816792],[-98.13190100003654,29.412033999649505],[-98.13199999977074,29.412140999894692],[-98.13206900026603,29.41220199974999],[-98.13211299974864,29.412284000331656],[-98.13214399971078,29.41240499976172],[-98.13216899982514,29.41245500023436],[-98.13222599972654,29.412525999830226],[-98.13256499966025,29.41278499991959],[-98.13285400026358,29.413098999834627],[-98.13299800020361,29.413286000167886],[-98.13303599983846,29.413374000251707],[-98.13304199968623,29.413451000360393],[-98.13302900016575,29.413825000169993],[-98.13306699980058,29.413912999787097],[-98.13314200014365,29.414039999962682],[-98.13318599962626,29.414073000247257],[-98.13350000034396,29.414084000078947],[-98.13359499988017,29.414132999670212],[-98.13366400037548,29.41423199961876],[-98.13371999955366,29.414386000042523],[-98.13370100018541,29.41447399995637],[-98.13361999999455,29.414634000315797],[-98.13357499978869,29.41474899978281],[-98.13348699992515,29.41512899978371],[-98.13348699992515,29.41523900003362],[-98.13341800032819,29.41535499964175],[-98.13333600031241,29.415409999659204],[-98.13317899995359,29.415491999999986],[-98.1328779996547,29.415579999738537],[-98.13262599975961,29.415607000060948],[-98.1322929996737,29.41560199985689],[-98.13216100032753,29.415579999738537],[-98.13210500025104,29.41558499994369],[-98.13208599998445,29.41559599961166],[-98.13194399969423,29.415609000142556],[-98.13153000031578,29.415901999928597],[-98.1312590001541,29.416281000278836],[-98.13092500024327,29.41674800029007],[-98.13081599956502,29.41697599973205],[-98.13078399977796,29.417063999750486],[-98.13071500018098,29.417553999793263],[-98.13068300039393,29.417615000311883],[-98.13060800005087,29.417701999756737],[-98.13050699976851,29.41777899971595],[-98.13044499984424,29.41785100030587],[-98.13034399956192,29.418010000025962],[-98.13031900034586,29.418076000353388],[-98.13031199977486,29.41813099968064],[-98.13032500019365,29.418240999810738],[-98.13036899967626,29.41837900020394],[-98.13047599980638,29.41852199968787],[-98.13052000018732,29.418604999876028],[-98.13053199988288,29.41873699971512],[-98.13052600003509,29.418807999616867],[-98.13053799973068,29.4188910003539],[-98.13054399957845,29.419258999675023],[-98.1305820001116,29.419566999919347],[-98.13065699955635,29.419777000084103],[-98.1306950000895,29.419957999877855],[-98.13074500031821,29.420112000230944],[-98.13084499987733,29.420238999701212],[-98.13088300041048,29.42031000011835],[-98.1309210000453,29.420448000048808],[-98.13096500042624,29.42067899976805],[-98.13100800008395,29.42077199965916],[-98.13107699968093,29.42087700011536],[-98.1310900000997,29.42096499988507],[-98.13105199956657,29.42122400037436],[-98.13105800031266,29.421542999945647],[-98.13107699968093,29.42167499988],[-98.131152000024,29.421856000204663],[-98.131152000024,29.422059999686912],[-98.13116500044279,29.422104000242637],[-98.13122800019198,29.422147999996852],[-98.13128400026847,29.422152999878787],[-98.13142900003342,29.422147999996852],[-98.1315040003765,29.42217000025799],[-98.13174899970056,29.42230800000937],[-98.13178100038593,29.42235700032954],[-98.13178700023371,29.42242300018057],[-98.13175500044667,29.42247299963609],[-98.13168000010359,29.422511000176083],[-98.1316669996848,29.422533000358595],[-98.1316669996848,29.422576999927],[-98.13171100006572,29.42268699993834],[-98.13175500044667,29.42273100022245],[-98.13179899992929,29.422759000179976],[-98.13188699979284,29.422796999830506],[-98.1322009996122,29.42282499976978],[-98.13234600027545,29.42281400010194],[-98.132426999568,29.42276999985377],[-98.13253399969811,29.42276999985377],[-98.13265400024703,29.42283100037057],[-98.13270399957743,29.422901999758736],[-98.13274200011057,29.42298500028098],[-98.13274799995837,29.423050999724033],[-98.13272899969178,29.42312199974084],[-98.13272899969178,29.42329800000948],[-98.13270399957743,29.423396999635354],[-98.13270399957743,29.423457999775653],[-98.13279099961608,29.423716000207804],[-98.13302400014288,29.424090999749442],[-98.13321199956555,29.424349000138836],[-98.13332500044176,29.42466800006907],[-98.13354499965148,29.42501000015701],[-98.13369500033761,29.425417000184215],[-98.13371399970588,29.425504999933388],[-98.13371999955366,29.425582000238148],[-98.1337079998581,29.425658999702158],[-98.13367000022326,29.425735999890232],[-98.13356300009315,29.42586200021432],[-98.13346900038181,29.425933999770482],[-98.13338700036606,29.4260219998542],[-98.1332989996042,29.42618699970782],[-98.1332860000837,29.426285999647884],[-98.13332399971854,29.426389999947215],[-98.13350600019173,29.426770000225936],[-98.13355600042044,29.42710599993057],[-98.13361300032184,29.42717199982572],[-98.13376999978237,29.427308999898077],[-98.13383300042987,29.42738599961772],[-98.13388299976027,29.427517999783806],[-98.13393899983677,29.427623000309026],[-98.13398300021771,29.427683000336895],[-98.13409000034783,29.427794000216807],[-98.13416499979259,29.427832000331048],[-98.13424099996058,29.4278489997599],[-98.13439199957331,29.427832000331048],[-98.13452999966557,29.427774000233278],[-98.13456099962771,29.427760999694186],[-98.13459800033593,29.427761999615374],[-98.13470600029098,29.427766000082283],[-98.13517699957085,29.427953000023724],[-98.13541000009766,29.42807500027262],[-98.13552899992337,29.42815200019405],[-98.1358489995905,29.42843200012732],[-98.13609399981289,29.428686000013826],[-98.13638900026399,29.429009999951255],[-98.13641500020324,29.429103999947326],[-98.13642100005104,29.42919699994941],[-98.13652099961016,29.429500000274057],[-98.13658400025766,29.42974799964501],[-98.13657800040988,29.42986900018454],[-98.1365459997245,29.42995099980878],[-98.13640799963224,29.430441000285906],[-98.13609899983575,29.430991000384388],[-98.13599199970564,29.431161000210576],[-98.13596099974349,29.431244000243193],[-98.13592999978135,29.431342999948328],[-98.13592899995643,29.431524000258168],[-98.13588499957551,29.43172799988358],[-98.1357780003437,29.431876000321758],[-98.13567799988628,29.43195299970851],[-98.13552100042577,29.43201400018712],[-98.13538900018126,29.43208000002241],[-98.13535099964813,29.432124000149603],[-98.13521299955586,29.43221699973328],[-98.1350679997909,29.432283000218995],[-98.13456499982567,29.43244200003949],[-98.13435800013643,29.432463999635875],[-98.13423799958753,29.43248600000983],[-98.1339549997303,29.432602000266883],[-98.1337229999267,29.432678999885546],[-98.13358499983444,29.432695000195206],[-98.13347799970433,29.432690000049796],[-98.13339599968856,29.432695000195206],[-98.13315100036448,29.432721999880858],[-98.13302499996779,29.432721999880858],[-98.13290000029433,29.432716999736783],[-98.13280499985976,29.432695000195206],[-98.13235299994814,29.43268900017719],[-98.13224599981802,29.43267299986653],[-98.1322080001832,29.4326450002948],[-98.13214500043401,29.432634000125677],[-98.13204499997657,29.4326450002948],[-98.13188199976996,29.432733000040464],[-98.13176799996714,29.43290300007994],[-98.13171799973841,29.433018999860696],[-98.1316109996083,29.433518999827154],[-98.1316039999356,29.43368400001907],[-98.1316170003544,29.433871999877734],[-98.13167300043091,29.434195999699618],[-98.13168000010359,29.43430100036184],[-98.13164199957043,29.434636000333004],[-98.13166000001212,29.434712999973993],[-98.13171699991352,29.434785000296724],[-98.13179200025658,29.434829000034156],[-98.13188699979284,29.43486199982473],[-98.13198700025025,29.434866999863193],[-98.13220700035828,29.434912000198235],[-98.13250899958375,29.435076999691283],[-98.13265300042214,29.435214000052866],[-98.13271000032351,29.435280000155426],[-98.13276600040004,29.435418000088838],[-98.13277200024781,29.435633000342822],[-98.13279700036217,29.435715000006823],[-98.13291399963971,29.43585700027964],[-98.13298599960973,29.435946000211597],[-98.133123999702,29.436143999745397],[-98.13329299975639,29.43644099988672],[-98.13333700013733,29.436540000001585],[-98.13339400003872,29.436616999763363],[-98.13363300041334,29.437002999873638],[-98.133820999836,29.437194999941354],[-98.13402800042354,29.43735499972043],[-98.13425400037936,29.4375199999375],[-98.13465000021449,29.437768000062828],[-98.1348200000938,29.438091999970002],[-98.13495800018605,29.438268999931644],[-98.13519699966234,29.43844499976877],[-98.13524100004327,29.438544000276522],[-98.13524699989105,29.438680999871647],[-98.13515300017973,29.438808000376202],[-98.13507700001175,29.43878000014927],[-98.13495800018605,29.438775000303504],[-98.13470600029098,29.438840999655888],[-98.1345740000465,29.438851999934915],[-98.13443000010646,29.438901000096706],[-98.13430999955754,29.43897299979653],[-98.13414100040146,29.439153999805185],[-98.13385099997322,29.43937900038612],[-98.13328500025878,29.439670999868017],[-98.13318499980137,29.439730999818295],[-98.13309000026513,29.43981399988661],[-98.13276399985189,29.440011999700186],[-98.13263800035351,29.440198999778033],[-98.13263099978249,29.440314000031368],[-98.13272500039214,29.440688000294518],[-98.13302699961761,29.440655000050615],[-98.13329100010657,29.440848000044877],[-98.1334479995671,29.440930999982257],[-98.13352999958285,29.440990999970104],[-98.13376899995747,29.441133999693946],[-98.13393800001185,29.441221999905295],[-98.13408899962461,29.441360000367553],[-98.13417099964038,29.441519999841002],[-98.13418900008202,29.4416630003843],[-98.13417099964038,29.441751000136996],[-98.1344269997334,29.441625999754287],[-98.13448299980989,29.441599999874384],[-98.13453499968843,29.441574999772914],[-98.13457900006938,29.441555000156768],[-98.137186999782,29.440428000357926],[-98.13803299987892,29.439390999631204],[-98.1396499997297,29.43740100034368],[-98.13971800040007,29.437321999957796],[-98.13978500034722,29.437241999682605],[-98.14102300008129,29.435715000006823],[-98.14168599988011,29.434897000088764],[-98.14658599983622,29.42913400031069],[-98.14728200014531,29.428283000230937],[-98.1474860003598,29.4280339997115],[-98.14750999975092,29.427990000159554],[-98.15362999989776,29.420540000159104],[-98.15368599997427,29.420534000205464],[-98.15412100016744,29.420020999730397],[-98.15799000007868,29.415465999689157],[-98.15988599958874,29.413233999975844],[-98.16045600039944,29.412568999748796],[-98.16048599963835,29.412533999616294],[-98.16105700027396,29.41180099968399],[-98.1612990001233,29.41148999991531],[-98.16145899995688,29.41128500025698],[-98.16147900004835,29.41125999973596],[-98.16161700014062,29.411082999658635],[-98.16162600036144,29.411071000199257],[-98.1617710001264,29.410884999790404],[-98.16178600019502,29.410865999695854],[-98.1617920000428,29.410857999778493],[-98.16181399978412,29.410829000366373],[-98.16276600018624,29.40960800006948],[-98.16335000034235,29.408877999702636],[-98.1640950001569,29.407946999897536],[-98.16511799980584,29.406667999789047],[-98.16618599966061,29.405334000060407],[-98.16678900008328,29.40464199970011],[-98.1668950003885,29.40452000026999],[-98.16770999962495,29.403583999669657],[-98.16965100023913,29.401260000164],[-98.1717819999258,29.398706999774056],[-98.17194799960714,29.398506000218237],[-98.1753870002464,29.394334999945556],[-98.17563099974556,29.39392099967225],[-98.17780699963807,29.39139500024537],[-98.17809399969325,29.391050999967543],[-98.17920500010403,29.389719000232255],[-98.18029499970011,29.3884129996845],[-98.18228700036792,29.385935000000266],[-98.18289200044042,29.385180999984804],[-98.1830110002661,29.385032000082518],[-98.18336500026844,29.3845910003592],[-98.18443899997098,29.383251000056088],[-98.18668699983351,29.380434999679572],[-98.18699800017812,29.379998999991958],[-98.1873420001347,29.379518000207263],[-98.18768699991621,29.379034999696543],[-98.18813200015514,29.37852700006676],[-98.18814300002579,29.37851400027408],[-98.18838700042326,29.378235000229047],[-98.1886300000975,29.377906999616016],[-98.19059900030078,29.37524899970928],[-98.1974650000871,29.366982000272362],[-98.19758700028582,29.366836000339656],[-98.20100900030835,29.362632000110537],[-98.20174400007718,29.361729000137828],[-98.20180799965128,29.36164999965879],[-98.2018720001237,29.361571999690543],[-98.20431800035296,29.35856700008968],[-98.20433300042156,29.35854900021991],[-98.2043509999649,29.358527000287797],[-98.20438399957688,29.358485999867813],[-98.20458699996647,29.35823600006247],[-98.20468999989862,29.358112999967418],[-98.20492000005238,29.35783600003712],[-98.2053850003828,29.357277000325855],[-98.20549900018561,29.35714099968282],[-98.2059829998843,29.35655999971532],[-98.2102130003689,29.351484999783697],[-98.2115869996471,29.349836000108667],[-98.22142400026752,29.337865000081244],[-98.2217880003156,29.337437000018205],[-98.22198800033213,29.337237000097247],[-98.22412700041473,29.334613000156946],[-98.22635699983559,29.331876000387375],[-98.22640299986634,29.331816000233896],[-98.22642399978274,29.33179099976795],[-98.22645300009505,29.33175700012681],[-98.22650400014868,29.33169599982097],[-98.22812099999943,29.329707999998764],[-98.2284909998953,29.329252999635667],[-98.22988799963804,29.327537000139245],[-98.23010100007336,29.327279000155144],[-98.23015899979968,29.327208999949775],[-98.23021700042432,29.327138999696363],[-98.23368799995231,29.322936999617536],[-98.23508800006809,29.32123700020008],[-98.23776899957568,29.318000999812785]]]},"properties":{"GEOID":"48493","BASENAME":"Wilson","STATE":"48","COUNTY":"493","AREALAND":"2081664826","NAME":"Wilson"}},{"type":"Feature","geometry":{"type":"Polygon","coordinates":[[[-98.92079899960686,30.03134099996286],[-98.92079899960686,30.031270999869687],[-98.9207800002386,30.024598000235503],[-98.92075900032219,30.01698099982063],[-98.92060699998622,29.989300999747744],[-98.92060600016131,29.98912300016601],[-98.92059600011558,29.98731300024142],[-98.92059500029066,29.98707300010368],[-98.92059299974252,29.98679400032308],[-98.9205910000927,29.986448000167186],[-98.92057900039714,29.98432800035343],[-98.92057600002408,29.98392399980698],[-98.92057000017631,29.98271500032858],[-98.92056799962816,29.982312000084615],[-98.92056599997835,29.981993999985],[-98.92056000013058,29.981040999676143],[-98.92055900030564,29.980724000053158],[-98.92055799958243,29.980656999667016],[-98.92055799958243,29.980456999674086],[-98.92055799958243,29.98039099976698],[-98.92055599993262,29.980217000084664],[-98.92055299955956,29.979695999874725],[-98.92055299955956,29.97952299964266],[-98.92051699957455,29.978900000223714],[-98.92041000034273,29.977031000308585],[-98.92037500018263,29.97640899996503],[-98.92037099998467,29.97629500033294],[-98.92036299958876,29.976067999822643],[-98.92036299958876,29.975954999724884],[-98.92036299958876,29.97584200027676],[-98.92051599974964,29.97290699972558],[-98.92049999985609,29.969928000232727],[-98.92049800020628,29.96953600014202],[-98.92047999976462,29.96631600023815],[-98.9204639998711,29.96323299995152],[-98.92044600032774,29.96012800022221],[-98.92041199999255,29.954191000277216],[-98.92040699996969,29.953311999965536],[-98.92040600014477,29.952915999865397],[-98.92039799974884,29.95137300013636],[-98.92037699983246,29.94754400016715],[-98.92037299963451,29.946803000214164],[-98.92037099998467,29.946433999668933],[-98.92036400031198,29.94512900014236],[-98.92028200029621,29.930356999676366],[-98.92027899992317,29.9298779996984],[-98.92027100042556,29.928440999945106],[-98.92026899987742,29.92796299971769],[-98.92026800005252,29.927877999998692],[-98.92026800005252,29.927791999797034],[-98.9202389997402,29.9224589997553],[-98.92021699999889,29.918421000245168],[-98.92009399997525,29.896053000054312],[-98.9200839999295,29.894250000256793],[-98.92007499970867,29.89269400000574],[-98.92006600038614,29.890960000305462],[-98.92002399965503,29.88671600007312],[-98.92001199995948,29.88597900003252],[-98.9199860000202,29.884318999958083],[-98.91996900030178,29.883226999991614],[-98.91996699975363,29.883092000151557],[-98.91994500001233,29.882113000105985],[-98.91985399977571,29.877879000029587],[-98.919851000301,29.877751000117552],[-98.9197590002395,29.87350300010438],[-98.91973400012512,29.872458000326834],[-98.91947200018431,29.86027200007658],[-98.91942000030576,29.857754000290818],[-98.91927200016777,29.851008000015042],[-98.91915099979394,29.845431999858302],[-98.9189790002648,29.837479999657287],[-98.91885299986811,29.831633000236845],[-98.91878699974588,29.82870699961765],[-98.91875499995882,29.827266999818526],[-98.91866200007239,29.823132999665276],[-98.91861400039183,29.82100900027135],[-98.91847100027668,29.814637000195827],[-98.91842400042104,29.81251400034287],[-98.91840500015445,29.811669000164663],[-98.91834800025305,29.80913699978278],[-98.91832899998647,29.808292999959157],[-98.91831499974278,29.807704999899048],[-98.91827600028302,29.805944000243752],[-98.91826299986424,29.805356999704365],[-98.91822299968128,29.803608999725274],[-98.91810999970335,29.7985530003402],[-98.91810600040371,29.798368000153012],[-98.91806700004565,29.796620999827017],[-98.91804199993129,29.795516999711918],[-98.91796699958823,29.79220699998667],[-98.9179430001971,29.791103999730268],[-98.91789899981616,29.78916200032747],[-98.91784699993762,29.786838000088668],[-98.91776800029493,29.783338999918552],[-98.9177249997389,29.7813979998785],[-98.90653599958156,29.77662199968087],[-98.9063630002275,29.77654500026253],[-98.9059470003009,29.776359999939544],[-98.90449299975845,29.775714000190113],[-98.90324800035167,29.77516099981103],[-98.90216100023032,29.774678000041327],[-98.89582099997547,29.77186700027603],[-98.8856579998401,29.767347999991948],[-98.88449399972588,29.766830999782137],[-98.88426799977006,29.766735000369476],[-98.8842550002496,29.766730000381312],[-98.87530599955886,29.76275200027224],[-98.8708790003291,29.760837000095233],[-98.86990299963752,29.760415000171133],[-98.86748800026872,29.759341999646374],[-98.86719199999271,29.759210999877528],[-98.86078800016377,29.75636699964349],[-98.86037200023716,29.75618200026812],[-98.85932100010083,29.75572099963918],[-98.85916600029013,29.755650999886043],[-98.85266000035392,29.752757000189376],[-98.8499000003053,29.751532000220585],[-98.8469500002859,29.750222000369916],[-98.84611000003676,29.7498349997901],[-98.84438000020809,29.749036999796907],[-98.84424799996363,29.748978999969978],[-98.84351200036987,29.74865600007838],[-98.84311599963642,29.74848199983579],[-98.83915800003673,29.74673700009341],[-98.83865699972131,29.746517000151115],[-98.83692799971755,29.74575600028633],[-98.83515600005607,29.74497599961481],[-98.83115700044847,29.743155000268988],[-98.83114300020478,29.7431489999633],[-98.82820700042909,29.741846000090355],[-98.81939900020369,29.737934000370338],[-98.81843500010598,29.73750600010396],[-98.8056729995805,29.73183800015984],[-98.8051939999047,29.731625999801977],[-98.79796099969725,29.72841300006606],[-98.79438999971183,29.72682800007899],[-98.79400999977024,29.726658999835617],[-98.79389299959436,29.72660700006355],[-98.7914160003013,29.725508000287363],[-98.78809200018809,29.724032000176084],[-98.78779099988921,29.72389799996102],[-98.78492399971047,29.722625999651168],[-98.78472299986902,29.722536000012084],[-98.78101700016438,29.720889999918096],[-98.77878199982236,29.720167000123617],[-98.77856500008737,29.720080000292594],[-98.77852599972931,29.72007000034302],[-98.7782500004431,29.720003000343315],[-98.77812400004639,29.720019999800183],[-98.77804200003062,29.720042000010885],[-98.77780199983113,29.72016800027369],[-98.77775800034851,29.720151000061723],[-98.77768300000542,29.720146000090608],[-98.77754999993604,29.720106999683278],[-98.77746200007249,29.720101999709975],[-98.77726000040612,29.720146000090608],[-98.77725000036038,29.720180999883144],[-98.77720599997946,29.720190999821646],[-98.77715300027602,29.72020300005857],[-98.77713400000943,29.72021699981306],[-98.77711599956778,29.72021199984524],[-98.77691700027447,29.720257999695797],[-98.77615900004109,29.71999100008249],[-98.77596400004742,29.72003300020896],[-98.77584500022174,29.72004300016222],[-98.7758360000009,29.719897999962722],[-98.77579300034319,29.71988099970502],[-98.77545199986135,29.719748999717055],[-98.77512399979828,29.71968899980695],[-98.77490899971313,29.719704999942483],[-98.77470100019899,29.719793000252373],[-98.77450000035753,29.71992500018253],[-98.7742030002566,29.72013899981854],[-98.77383199963754,29.72023799983121],[-98.7736049998568,29.72021599966348],[-98.77301800022597,29.72019400027107],[-98.77257700018501,29.720266000108612],[-98.77151799965276,29.720457999683077],[-98.77136399966697,29.72057699996228],[-98.77134799977345,29.720590000298923],[-98.77113299968828,29.72104100031297],[-98.7708430001584,29.721365000341756],[-98.77082499971672,29.72137600030034],[-98.77066700043127,29.721409000168705],[-98.77050900024754,29.721426000167586],[-98.77034500021601,29.721426000167586],[-98.77020700012375,29.721437000119465],[-98.76985399994633,29.721415000214552],[-98.76939399963878,29.72135900029298],[-98.76904100035968,29.721292999732306],[-98.76880100016018,29.721226999908374],[-98.7681269995924,29.72101200011006],[-98.76785600032906,29.720880000049302],[-98.7677550000467,29.72074799981487],[-98.76757900031961,29.72026399981046],[-98.76744000040246,29.720010999996287],[-98.76736500005937,29.71983499968162],[-98.76721400044663,29.719707999626333],[-98.7670500004151,29.719603999872938],[-98.76666499955232,29.71955399987811],[-98.76659599995536,29.71956500003517],[-98.76634400006027,29.719668999828972],[-98.76611700027955,29.719795999933606],[-98.76552399990263,29.720313000083127],[-98.76532899990896,29.720499999614148],[-98.76510799997601,29.72073099970114],[-98.7649249996779,29.72087899990631],[-98.76477400006517,29.720895999994962],[-98.76449700005573,29.720973000039237],[-98.76409899967248,29.721098999913377],[-98.76389100015834,29.72116499982148],[-98.76363300041547,29.721264000382373],[-98.7630650001529,29.7216270003033],[-98.76259899999758,29.72189099984665],[-98.76237399986668,29.721969000039827],[-98.76225199966794,29.72201100011872],[-98.76178600041092,29.721977999668145],[-98.76158899986912,29.721934000090666],[-98.76143900008131,29.72190099961478],[-98.76136999958602,29.721895000378126],[-98.7612559997832,29.72188499982926],[-98.76086599979587,29.72185099998411],[-98.76058200011373,29.722005000108506],[-98.76005200038432,29.722318999640184],[-98.75999600030782,29.722330000274326],[-98.7598690000862,29.722335000136642],[-98.75977500037487,29.722330000274326],[-98.75966099967373,29.72229099993553],[-98.759510000061,29.722214000122307],[-98.75945999983229,29.72214800012389],[-98.75937199996874,29.72188399969635],[-98.7592840001052,29.72173000016637],[-98.75913900034024,29.721553999745552],[-98.75902499963911,29.721466000199513],[-98.75891800040729,29.72142700030512],[-98.75869800029928,29.7214100003064],[-98.7585650002299,29.721454000113617],[-98.75849599973458,29.721503999942012],[-98.75846399994755,29.72155899964653],[-98.75829400006823,29.72176199978422],[-98.75825600043339,29.721789999636435],[-98.75819299978589,29.721801000328583],[-98.7580170000588,29.72185599987028],[-98.75785300002727,29.721916000045177],[-98.75762600024655,29.721959999630556],[-98.75747399991059,29.72196500029146],[-98.75742399968186,29.72198200019616],[-98.7573550000849,29.721987000075803],[-98.7572350004343,29.72201499986526],[-98.75715300041854,29.722025999752596],[-98.7570520001362,29.722025999752596],[-98.75674300033971,29.721916000045177],[-98.75662399961571,29.721832999923734],[-98.75654800034603,29.72179500030581],[-98.75638400031451,29.72176199978422],[-98.75618299957475,29.72170600005627],[-98.7559619996418,29.72169000023966],[-98.75575400012765,29.721712000084295],[-98.75534999989662,29.721723000004836],[-98.75485299977916,29.72155200025316],[-98.75452499971608,29.7213980002138],[-98.75435499983678,29.72133199967877],[-98.75420400022404,29.721308999612145],[-98.7538130004118,29.721286999679165],[-98.7533780002186,29.72127599971089],[-98.75312600032353,29.721225999768848],[-98.75306900042212,29.721198999899016],[-98.75291799991108,29.721093999989538],[-98.75269699997813,29.720884999983788],[-98.75245199975575,29.720599000050886],[-98.7523069999908,29.720461000124523],[-98.75211199999711,29.720329000119193],[-98.75195700018642,29.720278999705435],[-98.75189000023927,29.720257999695797],[-98.75176999969035,29.720241000279234],[-98.75154299990963,29.72025700032679],[-98.75137399985523,29.720378000360128],[-98.75119099955712,29.72059299995626],[-98.75093899966204,29.720779999745798],[-98.75076899978274,29.72087899990631],[-98.75035899970392,29.72101599989642],[-98.75023300020554,29.72101599989642],[-98.74978499959356,29.720883999840915],[-98.74850500002668,29.720631000029282],[-98.74842200018601,29.72061500004137],[-98.74805099956694,29.72055499986885],[-98.74797500029726,29.720489000339768],[-98.74776100003703,29.72037899972794],[-98.74757100006623,29.720214000144423],[-98.74690400006943,29.719784999801863],[-98.74679199991645,29.71973899973452],[-98.74671499992357,29.719707999626333],[-98.74558599996944,29.719031999693176],[-98.74511999981411,29.71871299997749],[-98.74465899968165,29.718427000096735],[-98.74442699987806,29.718109000189127],[-98.74438900024323,29.717872000051795],[-98.7444150001825,29.717490000357653],[-98.74443899957362,29.717157000243034],[-98.74431300007524,29.716798999897353],[-98.74401699979923,29.716474999952673],[-98.74377099975194,29.71635900005538],[-98.74358800035215,29.71637600012939],[-98.74343600001619,29.716452999740344],[-98.7433029999468,29.716590000310408],[-98.74298199955643,29.71675000024978],[-98.7425849998964,29.716848999704162],[-98.74105400025937,29.71704800006159],[-98.7407129997775,29.71708099979262],[-98.74053700005041,29.717070000143533],[-98.74032199996526,29.716965999997402],[-98.73964800029579,29.716950000205372],[-98.7391629998739,29.716834000076787],[-98.7387410000995,29.716644000181947],[-98.7387059999394,29.71662800033861],[-98.73855100012871,29.716559000009863],[-98.73838100024939,29.716543000152974],[-98.73816000031646,29.71657600005002],[-98.7377700003291,29.716746999697346],[-98.73727300021166,29.717118999634952],[-98.73724200024952,29.71714599982214],[-98.73655400033635,29.717753999860317],[-98.7362139996794,29.7180839998225],[-98.73584200013372,29.718419999704828],[-98.73582899971493,29.718434999875324],[-98.73582000039241,29.718446000155016],[-98.73570300021655,29.718584999896986],[-98.73569700036876,29.718767000267185],[-98.73570400004148,29.718863999746734],[-98.73570999988925,29.718959000368667],[-98.73568499977489,29.719090999835235],[-98.73564399976699,29.719158999823698],[-98.73561500035301,29.719206999696006],[-98.73554000000993,29.719266999894238],[-98.73546399984194,29.719398999735937],[-98.73545799999417,29.719423999775092],[-98.73540299974259,29.71963299970251],[-98.73538400037432,29.719704999942483],[-98.73535099986404,29.719834000308374],[-98.73531300022921,29.72010400001136],[-98.7352630000005,29.720290999931823],[-98.73517500013695,29.72045000006573],[-98.73476500005812,29.720940000027515],[-98.7342489996741,29.721364000203614],[-98.73374400005903,29.721524000334522],[-98.73349200016395,29.721541000313927],[-98.73311700024522,29.7215659998195],[-98.73242699978393,29.721611999829644],[-98.73042900016664,29.72187100030741],[-98.730334999557,29.721899000129294],[-98.73000099964615,29.72197000017189],[-98.72895399970778,29.72230600030764],[-98.72884099972988,29.722389000037914],[-98.72881599961552,29.722454999877836],[-98.72879700024725,29.722587000207533],[-98.72888599993571,29.723066000105437],[-98.7289610002788,29.723275000249973],[-98.7291379998308,29.72349499968562],[-98.72935899976373,29.723703999716854],[-98.72968600000188,29.724122000033812],[-98.73048100004517,29.72540300020549],[-98.7305320000988,29.725666999956946],[-98.73067699986376,29.72583799971787],[-98.73073999961295,29.725893000167517],[-98.73099200040635,29.72605799977542],[-98.73201400023035,29.727009000240884],[-98.73236700040778,29.72723499976917],[-98.73283900041088,29.727477000025182],[-98.73331899991157,29.727641000073234],[-98.73370899989894,29.727899999812358],[-98.73411300012997,29.72847200015363],[-98.73422699993279,29.72864800014266],[-98.73433400006292,29.728894999646464],[-98.73421400041231,29.729280999851497],[-98.73412599965044,29.729450999636487],[-98.73383000027275,29.72953899998106],[-98.73359699974593,29.729572000285355],[-98.7332000000859,29.72958899968147],[-98.7325249996932,29.72953399969759],[-98.73149100017363,29.72934799989751],[-98.7308290001997,29.729165999994215],[-98.72949900040413,29.728638000266763],[-98.72808099984668,29.728407999726482],[-98.72679500043202,29.727951999694465],[-98.72637899960709,29.72782499976994],[-98.72606300013793,29.72774800030252],[-98.72581799991555,29.72772600022091],[-98.72531999997317,29.727802999705222],[-98.725104999888,29.72791899963744],[-98.72488499977997,29.728392000198387],[-98.72473400016725,29.72875500007815],[-98.72457000013571,29.728992000258025],[-98.72432400008842,29.729228999878146],[-98.72395199964443,29.729453999809113],[-98.72363700000015,29.729564999890773],[-98.72323399959403,29.72961400030244],[-98.7230200002321,29.729564999890773],[-98.72290499970606,29.72945800003902],[-98.72289100036068,29.729411999725045],[-98.72248799995455,29.729356999644157],[-98.72181299956185,29.728895999709557],[-98.7209420002489,29.72803600028718],[-98.7205709996298,29.72760399961013],[-98.72037599963613,29.727377000054634],[-98.71969100009602,29.72676199999475],[-98.71907500015286,29.726342000356347],[-98.71901800025147,29.726217000133747],[-98.7189649996497,29.72623199991908],[-98.71822099966002,29.725742000052204],[-98.71809599998656,29.72562800013493],[-98.71808299956776,29.725615999766575],[-98.71787599987853,29.72546099962533],[-98.7176700000142,29.725306000024844],[-98.7174790002185,29.725261000246924],[-98.71723399999611,29.72527500007598],[-98.71625499982981,29.72553800006764],[-98.71595899955379,29.725663999671145],[-98.715592000031,29.72582000037263],[-98.7152759996635,29.72609299984652],[-98.71460500036709,29.7265039997453],[-98.71443499958944,29.72660800014944],[-98.71303899967161,29.727855999711043],[-98.71285200007387,29.728209000051205],[-98.71204000031216,29.729206000061282],[-98.71202100004558,29.729229999937857],[-98.71136300026961,29.730037999712714],[-98.71069200007489,29.730851000218937],[-98.71067600018137,29.730865000048134],[-98.71041000004257,29.73110800017044],[-98.70999999996376,29.731344000213788],[-98.70778899991116,29.732372000378458],[-98.70639499964315,29.732796999857612],[-98.70622499976383,29.73294700025342],[-98.70616299983956,29.732965999902706],[-98.70589400022605,29.733052000240974],[-98.70527099971189,29.73313599968388],[-98.70446200032319,29.733145999891445],[-98.70401200006141,29.733119000108722],[-98.7036959996939,29.733050000197697],[-98.70360199998258,29.733023000389124],[-98.70310900006308,29.73288300034081],[-98.7026949997863,29.732655000222774],[-98.7018920002454,29.732388000051916],[-98.70162399955848,29.732343000329987],[-98.70141299967129,29.732308000099017],[-98.70108999963111,29.73231400027318],[-98.70090100038352,29.732308000099017],[-98.70046199999238,29.73240399972283],[-98.70019300037887,29.732560000085673],[-98.69999900021013,29.732604999710205],[-98.69992300004213,29.73267399992739],[-98.69988799988202,29.732705999955428],[-98.69985199989702,29.732808000123054],[-98.69985199989702,29.732948000276057],[-98.70003299964698,29.733492000219496],[-98.70043500022821,29.734216999971796],[-98.70050399982519,29.734421000250777],[-98.70061799962798,29.73461400004862],[-98.70066200000893,29.734757000035227],[-98.70084500030703,29.735021000134896],[-98.70099000007198,29.735395000191765],[-98.70113499983694,29.735718999893756],[-98.7010400003007,29.73610400037221],[-98.70102100003412,29.73653900028952],[-98.70098400022421,29.736869000098043],[-98.70087000042138,29.737133000099124],[-98.70041599996163,29.737397000185343],[-98.70016999991434,29.73745199975835],[-98.69999400018723,29.737441000002164],[-98.69986199994277,29.737403000055117],[-98.69974800013995,29.73735900022168],[-98.69941000003114,29.737234999665255],[-98.69905100000594,29.73721400008427],[-98.69646699968443,29.73648200024101],[-98.69505300022325,29.736012000357864],[-98.69460700015942,29.735834000039524],[-98.69394199981247,29.73556899974294],[-98.69389199958376,29.735581999697306],[-98.69385399994891,29.735610000373285],[-98.69377199993315,29.735610000373285],[-98.69371500003176,29.73559899963506],[-98.69364600043478,29.73555499979024],[-98.6935700002668,29.735488999986813],[-98.6933309998922,29.73539000020026],[-98.69322299993715,29.735313000298653],[-98.69304800003498,29.735288000317915],[-98.69299600015644,29.735276000324916],[-98.69287200030787,29.735247000336],[-98.6927249999948,29.735208000337675],[-98.69248599962017,29.735236000338002],[-98.69211400007453,29.735258000332784],[-98.69179900043025,29.73532900028308],[-98.69150900000201,29.735499999957064],[-98.69140799971967,29.73559899963506],[-98.69131300018344,29.735746999751505],[-98.69091599962509,29.736165999808694],[-98.69046200006365,29.736666000103284],[-98.69041199983494,29.736771000098077],[-98.68964299973089,29.7375410000813],[-98.68944100006455,29.737728000265975],[-98.6889940001758,29.738013999736413],[-98.68882299957325,29.738173999837105],[-98.688796999634,29.73819200008596],[-98.68850399973103,29.738394000143842],[-98.68843199976101,29.73844300014288],[-98.68823500011753,29.73849699995493],[-98.6879539999101,29.738573999752226],[-98.68792100029815,29.738588000063558],[-98.6878819999401,29.73859299989567],[-98.6877260003045,29.738636000001826],[-98.68771100023586,29.73864199979748],[-98.68756700029583,29.738703000039802],[-98.68754899985416,29.738720000228565],[-98.68751700006712,29.738724000089043],[-98.68730600017992,29.738813000063274],[-98.68694499960658,29.738964999968143],[-98.68688299968231,29.738990999774778],[-98.68683599982663,29.739010999801547],[-98.68679999984163,29.739026000013993],[-98.68646599993079,29.73910899995281],[-98.68642099972493,29.73915699964179],[-98.68579599956095,29.739288999837914],[-98.68576700014697,29.73929500037457],[-98.68509099992934,29.73924799993153],[-98.68509099992934,29.73928500000003],[-98.68490199978346,29.739356000219654],[-98.68466900015497,29.73938399984208],[-98.68352199975917,29.739438999885415],[-98.68293500012834,29.73935099964557],[-98.68263899985233,29.739224000111705],[-98.68236199984288,29.73903700037629],[-98.68221000040523,29.7389709997441],[-98.68195199976405,29.738794999925855],[-98.68141000033908,29.7383049997978],[-98.68089300013013,29.738117999908905],[-98.680609000448,29.738047000372845],[-98.68045799993695,29.7379920003461],[-98.67963199993152,29.737821000240505],[-98.67879400023051,29.73768899967228],[-98.67828299986935,29.737700000181274],[-98.67748899965096,29.737523999692694],[-98.67719300027326,29.737469000159166],[-98.67685199979142,29.73734199980216],[-98.67657499978199,29.737270999716785],[-98.67621599975678,29.73733100003392],[-98.67591299980808,29.737353000349223],[-98.67576200019535,29.737413999815526],[-98.6756669997608,29.737507000081216],[-98.67553500041463,29.737611999975616],[-98.67537300003292,29.73778600036087],[-98.6753579999643,29.73780499987362],[-98.67534399972061,29.73782400016281],[-98.67532100015438,29.73784099972055],[-98.67521300019935,29.73805700009081],[-98.67489799965676,29.73824400009343],[-98.674815999641,29.73841500025779],[-98.67474000037134,29.73852999965244],[-98.67473299980033,29.738540000102258],[-98.67467099987604,29.73862399962944],[-98.67450099999674,29.738805000349316],[-98.67436200007957,29.7392289999121],[-98.67422900001016,29.73980099961679],[-98.67422300016239,29.74004299997972],[-98.67426699964501,29.74026300008653],[-98.67446900020968,29.740538999878364],[-98.6744559997909,29.740653999957505],[-98.67436799992734,29.74080300035896],[-98.67438100034613,29.74098999992133],[-98.67433000029251,29.74124800035521],[-98.67424800027675,29.741441000275977],[-98.67407199965133,29.741771000334836],[-98.67392600006147,29.742007000249806],[-98.67383200035013,29.742116999769213],[-98.67362399993769,29.74228199999206],[-98.67347900017272,29.742343000360226],[-98.67334000025555,29.742420000324437],[-98.67329000002682,29.742420000324437],[-98.67318299989672,29.742453000291047],[-98.67284200031317,29.74257899970898],[-98.67236299973906,29.742678000199113],[-98.67172000003173,29.742948000046397],[-98.67155600000021,29.742986000232328],[-98.67145499971785,29.743051999782107],[-98.67087499975973,29.743272000307464],[-98.67043399971877,29.74338199999917],[-98.67026399983945,29.74339299988372],[-98.66957599992628,29.743535999832822],[-98.66922299974887,29.74354699970048],[-98.66847899975919,29.743476000108075],[-98.6682460001307,29.743414999649147],[-98.66807000040359,29.74339900017475],[-98.66793099958811,29.743343000044266],[-98.66748299987444,29.743238999830453],[-98.66648100014191,29.74284300027886],[-98.66599599972002,29.742562000174356],[-98.6652330003621,29.741995000280724],[-98.66503099979741,29.741929000035267],[-98.66441999987713,29.74169799961409],[-98.66422400005857,29.741593000097602],[-98.66406699969973,29.741417000200972],[-98.6639029996682,29.741274000349982],[-98.66375799990324,29.741170000330296],[-98.66361300013828,29.741104000321855],[-98.66324099969428,29.741027000127154],[-98.66306499996719,29.741015000040786],[-98.66276799986628,29.741015000040786],[-98.66243399995544,29.741037000327978],[-98.66221300002249,29.741065000261028],[-98.66203700029538,29.741152999776826],[-98.66165200033095,29.741406000099673],[-98.66153299960692,29.741432999991652],[-98.66146300018505,29.741432999991652],[-98.66122399981045,29.741329000136847],[-98.66104700025843,29.741356000049514],[-98.66078199994456,29.741417000200972],[-98.66025300004006,29.741570999932456],[-98.6601080002751,29.74164799970951],[-98.66000100014497,29.741736000273693],[-98.659924999977,29.741868000195236],[-98.65988099959607,29.74191700005691],[-98.6597359998311,29.7420330000478],[-98.65970400004404,29.742136999952493],[-98.65970400004404,29.74232999972226],[-98.65972300031063,29.742598999800112],[-98.65977299964104,29.74279200024066],[-98.65995599993913,29.74311099983921],[-98.66013900023724,29.743320000343772],[-98.66045399988151,29.743572999879163],[-98.66056699985941,29.74372199984329],[-98.66170199966133,29.744299999896302],[-98.66339100038044,29.745131000021324],[-98.66354899966586,29.745179999848432],[-98.663579999628,29.745267999652807],[-98.66368099991035,29.745383999667006],[-98.66370000017692,29.745691999967768],[-98.66373799981174,29.746066000008078],[-98.66373799981174,29.746274999812954],[-98.66361800016116,29.746578000282714],[-98.66344099971083,29.746979000096314],[-98.66308800043171,29.747539999841823],[-98.6628110004223,29.747771000063327],[-98.66264700039075,29.747963999907824],[-98.6624950000548,29.74818399979464],[-98.66230599990891,29.74833800005216],[-98.66218600025832,29.748480999968034],[-98.66208499997597,29.74858000009023],[-98.66193400036323,29.748749999922357],[-98.66139200003994,29.749146000321975],[-98.66110800035781,29.749299999881682],[-98.66097600011332,29.749321999910865],[-98.66077400044696,29.749321999910865],[-98.66050900013309,29.74927299976831],[-98.66048999986651,29.74925599980875],[-98.66003600030507,29.749206999633994],[-98.65972699961027,29.74918999966324],[-98.65941799981378,29.749200999690547],[-98.65929999981302,29.74921099985604],[-98.65904600026812,29.749232999904827],[-98.65897699977283,29.749238999846366],[-98.65882600016009,29.749238999846366],[-98.6586510002579,29.749220000160225],[-98.65851499981547,29.749206999633994],[-98.65845899973895,29.749200999690547],[-98.65835800035495,29.7491619996593],[-98.6581499999425,29.74903599993463],[-98.65809300004108,29.748920000246187],[-98.65808200017042,29.748721999795507],[-98.65808200017042,29.748518999616824],[-98.65805100020829,29.74836399976842],[-98.6579750000403,29.74823799982074],[-98.65758400022806,29.74796300003484],[-98.65724399957111,29.74783599970894],[-98.6570670000191,29.747786999620022],[-98.65704699992762,29.74778499987058],[-98.65678400016189,29.747758000129153],[-98.65656300022894,29.74772199994264],[-98.65654999981015,29.747719000316497],[-98.6563990001974,29.747714000159448],[-98.65599900016433,29.74777399968792],[-98.65526199984735,29.748091999943277],[-98.65503099986867,29.748193000190973],[-98.65499599970858,29.748202999677186],[-98.6544619997812,29.74835199978024],[-98.6540469996795,29.748468000125918],[-98.65360599963854,29.748561000279206],[-98.65305099979474,29.7488309998832],[-98.65274199999827,29.749165999883136],[-98.65266599983029,29.749337000140702],[-98.65257799996674,29.749485000260417],[-98.65255200002747,29.749865000093997],[-98.6526599999825,29.75019499972501],[-98.65292500029638,29.75068399961967],[-98.65322700042016,29.750997999852647],[-98.6533219999564,29.751168000263814],[-98.65334700007075,29.751350000017432],[-98.65332799980419,29.75154299999084],[-98.65328400032156,29.751762999822493],[-98.65316999962043,29.75215300025173],[-98.6531319999856,29.752642999779955],[-98.65302499985548,29.75295099961665],[-98.65287300041783,29.753186999732275],[-98.65284400010552,29.753214000351175],[-98.65265099976168,29.753397000108194],[-98.65250099997384,29.753539999826415],[-98.65226800034533,29.75365599962791],[-98.6519910003359,29.753759999954354],[-98.65183899999995,29.753843000174943],[-98.65127800030837,29.75402399993849],[-98.65112699979731,29.75402399993849],[-98.65093799965143,29.75400200016132],[-98.65066700038808,29.753919000072397],[-98.65033900032503,29.75379700012695],[-98.65018100014129,29.7537200003215],[-98.64977799973515,29.753500000105763],[-98.64964499966577,29.753374000374404],[-98.64945600041821,29.753219000233884],[-98.64930499990716,29.753037999796632],[-98.64914800044663,29.752801000285373],[-98.64902200004991,29.752542999943437],[-98.64887700028498,29.75232300026388],[-98.64876199975892,29.752090999781004],[-98.64857299961304,29.75177799968706],[-98.64851700043485,29.751595999930608],[-98.64851400006182,29.751332999630225],[-98.64850999986383,29.751145000018578],[-98.64847899990171,29.75108500016788],[-98.64843200004606,29.75103699994954],[-98.64835300040333,29.750957999897526],[-98.64831499987018,29.750887000093805],[-98.64826499964147,29.750819999617764],[-98.64822000033395,29.750693999637292],[-98.64816400025744,29.75043000024166],[-98.64808800008947,29.750286999986244],[-98.6480770002188,29.750220999739593],[-98.64805700012732,29.750179999623555],[-98.64804500043175,29.750155000229352],[-98.64787499965414,29.750000999643408],[-98.64787100035448,29.7499669999683],[-98.64786700015652,29.749940999887908],[-98.64776000002641,29.749808999675405],[-98.64687899976938,29.74912099989002],[-98.64623600006206,29.748646999723572],[-98.6456750003705,29.748157000160727],[-98.64555099962362,29.747976999815297],[-98.64546600013311,29.747854999657438],[-98.64551600036184,29.74754699976183],[-98.64551600036184,29.747404000073633],[-98.64564900043122,29.74699100024889],[-98.64592100041779,29.746699999654705],[-98.64607899970322,29.746506999716814],[-98.64624299973475,29.74614400012432],[-98.64625600015354,29.745594000010115],[-98.64619300040435,29.745346000389862],[-98.64612399990908,29.745180999749117],[-98.6460350002206,29.74530200014154],[-98.64570100030976,29.745660000183108],[-98.64569000043912,29.745676999972467],[-98.64527000031455,29.74602000029108],[-98.64470299987688,29.746486999625226],[-98.64341400008917,29.747556000215337],[-98.64311500033843,29.74780600035769],[-98.64301300023118,29.747891999669825],[-98.64284199962864,29.748035000221847],[-98.6425289996342,29.748296000076305],[-98.64223800027936,29.748539000083017],[-98.64204499993552,29.748698999769005],[-98.64104400002792,29.74953000009013],[-98.64078799993487,29.749747000094626],[-98.64022399987026,29.750220999739593],[-98.63969900016372,29.750641000000545],[-98.63918000030493,29.751056000071227],[-98.63842200007157,29.751662999887973],[-98.63794300039577,29.752046000321],[-98.63687999966557,29.7528979996134],[-98.63604100013964,29.753569999801382],[-98.63556999996146,29.75394999974721],[-98.63517699960107,29.754267000097997],[-98.63252000038295,29.7563940001856],[-98.63251000033719,29.75640200005603],[-98.62955799976966,29.758762000227584],[-98.62612800024954,29.761509000079418],[-98.62530399989393,29.7621739997781],[-98.62332899984287,29.763789000278248],[-98.62331700014732,29.763798999768138],[-98.62324099997933,29.763860000299687],[-98.62250799986032,29.764461999667585],[-98.62209199993372,29.764793999774085],[-98.62016899976119,29.76636999979725],[-98.61911400032521,29.767221000056395],[-98.61702200009829,29.768911000075047],[-98.61543200001172,29.770193999755133],[-98.6152279997972,29.77035899976549],[-98.6150639997657,29.770491000201837],[-98.61385500034392,29.771466000234675],[-98.61382799968143,29.771486999658364],[-98.60992000031042,29.774640000175253],[-98.60801999970414,29.77617199972059],[-98.60799700013791,29.77619000016328],[-98.60394599975348,29.779459000309622],[-98.60075100041,29.782091000247526],[-98.60053799997466,29.782264999823024],[-98.59883699955999,29.783667999715764],[-98.59879700027534,29.783699999837413],[-98.59788599988109,29.784429999639137],[-98.5947969999445,29.78688900031937],[-98.59477799967793,29.786904000382304],[-98.59301799971205,29.788302999747184],[-98.59136499987626,29.789618999692873],[-98.5907060002754,29.790144000271074],[-98.58744400008648,29.792801000382415],[-98.58669400024901,29.79341099965747],[-98.58549800034774,29.794386000240927],[-98.58493799958276,29.794841000328436],[-98.58393800039838,29.795655000002643],[-98.58379600010817,29.795771000145045],[-98.58320399955615,29.796253000102677],[-98.58304100024785,29.79638700026067],[-98.581533000177,29.79761400002352],[-98.57948799980576,29.799280999883017],[-98.57890799984762,29.799757000047972],[-98.57863800040919,29.79997200011363],[-98.57544700036537,29.80257500007288],[-98.5708879999928,29.806293999694798],[-98.57085500038085,29.806319999956994],[-98.56614700004538,29.810022000076373],[-98.56613199997675,29.810038999854743],[-98.5653479998041,29.810682000124693],[-98.5642699999036,29.811565999978484],[-98.56378500038002,29.811975000046626],[-98.5636840000977,29.812035000051253],[-98.56357000029487,29.81213799975434],[-98.56305999975862,29.812583000089997],[-98.56130399999068,29.814076999815292],[-98.55976499995771,29.815384999953423],[-98.55433199989915,29.819821999660736],[-98.55379700014686,29.820260999726717],[-98.5504200003302,29.82302699989083],[-98.54844899957878,29.824642999685317],[-98.54843900043136,29.824651000336942],[-98.5475830002887,29.82535100031849],[-98.54481400001926,29.827618999936494],[-98.54218799986495,29.829769000309092],[-98.53930800016576,29.832126999649695],[-98.53717499993094,29.833873999985155],[-98.53590000038695,29.83492200021672],[-98.52997199986075,29.839812999740467],[-98.5249070000482,29.84399099988879],[-98.51660599998598,29.85083800010868],[-98.51311100016855,29.85372199975203],[-98.51023800014204,29.85609099998724],[-98.509545000206,29.856662999659157],[-98.50736900031349,29.85845800021723],[-98.5006829995539,29.86397600025925],[-98.50029699976452,29.864295000027248],[-98.50029699976452,29.863971999950426],[-98.4979989996733,29.86589599988768],[-98.49784800006056,29.86602299995977],[-98.48687099961533,29.875217000343287],[-98.48656900038986,29.875473000275843],[-98.48605399983073,29.875915000000283],[-98.48597699983785,29.87597999974868],[-98.48590099966985,29.876046000384644],[-98.4858410002937,29.876096000129227],[-98.48578199984416,29.876146999998706],[-98.48061499992436,29.88055300003347],[-98.47454500000624,29.88573899989164],[-98.47347499960334,29.88664600008995],[-98.47322600008133,29.88685699993452],[-98.46941599972129,29.890094000056703],[-98.46840099956998,29.890970000318365],[-98.46823200041388,29.891115999613483],[-98.46463499959088,29.89421799970745],[-98.46457000019187,29.894274000272613],[-98.46187999956516,29.89659499964652],[-98.46186600021977,29.896610000374913],[-98.45491500004464,29.90251599998707],[-98.45068600028326,29.90611200028773],[-98.44603999987207,29.91006200024999],[-98.44557299989184,29.91046000000254],[-98.44359600019095,29.912150999611697],[-98.43165399982311,29.922361000195522],[-98.43022500029333,29.92359200020521],[-98.42130599973984,29.931275000294885],[-98.42122299989916,29.931349000001386],[-98.42116400034793,29.93139999961978],[-98.42110599972331,29.931449999617165],[-98.41746500031599,29.93458699963402],[-98.41509000023186,29.93663199962917],[-98.41401800017913,29.937556999812365],[-98.41563500002988,29.939434999714642],[-98.4165220001347,29.94046599997027],[-98.4220990001333,29.946993999827846],[-98.42319100027753,29.94827000009843],[-98.42341399986029,29.94853100013586],[-98.42408500005502,29.949314000029876],[-98.424309000361,29.949575999853398],[-98.42513500036644,29.950541999976068],[-98.42761599985747,29.95344100022952],[-98.42844299968782,29.954408000305634],[-98.43611299973826,29.96335500020459],[-98.43858499990678,29.96624200008741],[-98.43946000031602,29.967276000270065],[-98.44442600039436,29.973072000170518],[-98.44493900040533,29.97367000007612],[-98.44647800043829,29.975466999775357],[-98.44699099955096,29.97606599997352],[-98.4472259997276,29.976339999937114],[-98.44793100025753,29.977163999789013],[-98.44816700025909,29.97743899974718],[-98.44848199990336,29.977806999680045],[-98.44942799955939,29.97891199975356],[-98.44974399992687,29.979281000346248],[-98.45041000009874,29.980058999804875],[-98.45241000026415,29.982395000241567],[-98.45307700026093,29.983174000058547],[-98.45321600017809,29.983337000086212],[-98.45363600030267,29.983826000120093],[-98.45377600004474,29.983989999700462],[-98.45395900034285,29.98420399971342],[-98.45450999998867,29.984847999769958],[-98.45469400011169,29.985063000102144],[-98.45497600014399,29.985392000183303],[-98.45582200024091,29.986379000111114],[-98.45610400027321,29.986707999722313],[-98.45655199998687,29.987231000116978],[-98.45789600002618,29.988801999925524],[-98.45834499956474,29.989325999973815],[-98.45893600029184,29.990015999682253],[-98.46070899977822,29.992087000140504],[-98.46130100033024,29.99277799986612],[-98.4661130004228,29.998397999972475],[-98.46642300004419,29.998758999821796],[-98.46766699962606,30.000212000336198],[-98.46776000041078,30.000317999962483],[-98.46940400002573,30.002160000107956],[-98.47515000007876,30.008680000211697],[-98.47679200004386,30.010545000314043],[-98.47770300043811,30.011578999704195],[-98.47857799994902,30.012570000377405],[-98.48052000038813,30.014734999898845],[-98.48465200006511,30.01943299990564],[-98.48563999955394,30.02055400035143],[-98.48814100003476,30.02339099969949],[-98.48924599969946,30.02464999965456],[-98.49184699973941,30.027615000192014],[-98.49193600032618,30.027714999776457],[-98.49246299968256,30.028314999831018],[-98.49404699992135,30.03011799967614],[-98.49457500000096,30.030719000113667],[-98.49513700041575,30.03135900024552],[-98.49521000021069,30.03144199982137],[-98.49711599976646,30.033610999963557],[-98.49775199980107,30.034334000349975],[-98.49814599998639,30.03478100028981],[-98.50021899994674,30.03714799995608],[-98.50252399971066,30.039815999669106],[-98.50272399972721,30.040051000242283],[-98.50332399977682,30.04075800027346],[-98.50352399979336,30.040994000215605],[-98.50511300005505,30.04283599994689],[-98.5098830003148,30.04836399965376],[-98.51147300040138,30.050206999928594],[-98.51341999996504,30.052464000128516],[-98.51926399992733,30.059238000346618],[-98.52121200021422,30.06149599979933],[-98.5229360001951,30.06349499994503],[-98.5281089999627,30.069492999701044],[-98.52964999964546,30.071279999732766],[-98.52985499968487,30.071471999793104],[-98.53007800016594,30.071680999694404],[-98.53074900036067,30.072310000100376],[-98.53093000011064,30.072478999709634],[-98.53097399959327,30.07251899978652],[-98.53100299990557,30.072540000325706],[-98.53109099976913,30.072630000031772],[-98.53235100014284,30.073812000131163],[-98.53270299959702,30.074234000117425],[-98.54494200006576,30.08900100018131],[-98.54532100018245,30.089424000219864],[-98.54540499984805,30.08951799989634],[-98.54548900041196,30.089610999926528],[-98.5458950002928,30.0900640002522],[-98.54603900023287,30.090225000329642],[-98.54647299970281,30.0907090000893],[-98.5466180003661,30.090871000215202],[-98.54679900011604,30.091073999964628],[-98.547344999739,30.09168299982134],[-98.54750899977053,30.091866000228425],[-98.5475280000371,30.091886000235412],[-98.54780400022163,30.092177999721038],[-98.550245000428,30.09501999999396],[-98.55374299972019,30.099064999862932],[-98.55376799983453,30.09910600030692],[-98.55381200021547,30.099171999677967],[-98.55646799960869,30.102265000153718],[-98.55759400008807,30.103575000365318],[-98.57034599966951,30.11842399977895],[-98.57192700043359,30.120234999620696],[-98.57535100010591,30.12417700006362],[-98.57627599984555,30.12522499979608],[-98.57755600031074,30.126748000020953],[-98.58064900044528,30.13040199974713],[-98.58209499969348,30.132107999823425],[-98.58299400039216,30.13319200009344],[-98.58582300003775,30.136506999882943],[-98.58646800029321,30.137266999644822],[-98.58648900020961,30.137290999967224],[-98.5865519999588,30.137365999674692],[-98.58657299987519,30.137390999823424],[-98.58683700036414,30.137703000059854],[-98.58763200040744,30.138640999964547],[-98.587896999823,30.138953999968138],[-98.58854600027642,30.138952000298893],[-98.59049399966499,30.138948000183426],[-98.59114399994331,30.138948000183426],[-98.59398400035788,30.138943000233045],[-98.60186500029552,30.13892800038044],[-98.60456099987171,30.13892299965216],[-98.60881499974742,30.138915000195595],[-98.61264799967365,30.138907999796523],[-98.61534499997308,30.138902999844124],[-98.61657900040753,30.138900000338676],[-98.62028400028724,30.13889299993861],[-98.62151899964826,30.13889100026813],[-98.62165500009071,30.138889999655973],[-98.62206299962139,30.138889999655973],[-98.62219999988874,30.138889999655973],[-98.62268000028777,30.138888999820747],[-98.6241199996882,30.138886000314866],[-98.62460099991215,30.138886000314866],[-98.62528100032772,30.13894199962146],[-98.62530600044207,30.138944999902456],[-98.62732999999861,30.1389380002824],[-98.62801299988891,30.138935999835958],[-98.62943999976888,30.138930999884984],[-98.63372399978184,30.138915000195595],[-98.63515300020994,30.13891100007861],[-98.64317300006475,30.138883999867367],[-98.64880600013986,30.138864000051417],[-98.64946599956563,30.138862000380367],[-98.65471399967626,30.13884400023141],[-98.6551020000138,30.138841999783068],[-98.65626899960274,30.138837999663135],[-98.65665799976519,30.138836999827323],[-98.65726700003565,30.138835000155712],[-98.6590939999487,30.13882799975098],[-98.65970400004404,30.138826999915118],[-98.66266199956105,30.138817000001843],[-98.66765799977664,30.138798999844692],[-98.69030600042804,30.138721000161688],[-98.69084100018033,30.138721000161688],[-98.69824900028996,30.138696000349803],[-98.7042089997049,30.138674999881477],[-98.70619799999966,30.138668000242266],[-98.71572400027547,30.13863599999861],[-98.72070700007225,30.138620000261387],[-98.72119099977091,30.138617999808492],[-98.72264399959015,30.1386129998414],[-98.72312900001204,30.1386120000033],[-98.73002999995846,30.138588999840504],[-98.73315400005514,30.13857800006474],[-98.74054600027125,30.13855300021662],[-98.74201300033418,30.138548000246242],[-98.74641399962468,30.13853300033361],[-98.74788200041084,30.138529000201142],[-98.7479140001979,30.13852800036219],[-98.7480129999321,30.13852800036219],[-98.74804600044237,30.13852800036219],[-98.7483729997822,30.138526999746407],[-98.74877199999037,30.138525000068523],[-98.74928300035155,30.13852299961371],[-98.74935600014648,30.13852299961371],[-98.74968400020953,30.13852299961371],[-98.75029699977964,30.138193999990577],[-98.75031000019843,30.138188000159605],[-98.75238399998369,30.13819700029432],[-98.75297800018552,30.13819999982113],[-98.75308000029278,30.13819800013662],[-98.75311399972965,30.13819700029432],[-98.75322000003486,30.138195999675162],[-98.75325500019495,30.138195999675162],[-98.75701299977813,30.138149999927133],[-98.76082399996307,30.138105000000834],[-98.7661409996707,30.13803900022726],[-98.76828700032428,30.138016999774987],[-98.77204599973236,30.137980000097958],[-98.77267799956904,30.137972999632616],[-98.77457700035043,30.13795500009842],[-98.77521099983691,30.13794900025292],[-98.77742600008749,30.1379259999356],[-98.778363000421,30.13791699977618],[-98.78407400031391,30.137931999782435],[-98.78629000038939,30.13793900025073],[-98.78665199988933,30.13794000009565],[-98.78774099966049,30.13794299963021],[-98.78810399988366,30.137944000251984],[-98.78960600010669,30.13794799963126],[-98.79411199987749,30.137960000098857],[-98.79561499992545,30.13796500009898],[-98.79682699972025,30.13796799963285],[-98.7984419999212,30.137972999632616],[-98.80046399982791,30.137986999785948],[-98.80167700034595,30.13799599993898],[-98.80240500044209,30.138000999937347],[-98.80458899983219,30.138017999619052],[-98.80531699992834,30.138024000237248],[-98.80644300040775,30.13803199976605],[-98.80982400042237,30.138056999746123],[-98.81095099982836,30.138065999892785],[-98.81101000027792,30.138066999736356],[-98.81110800018719,30.138066999736356],[-98.81195299956089,30.138066999736356],[-98.81496100020493,30.138066999736356],[-98.81596399976237,30.138066999736356],[-98.81661999988849,30.138066999736356],[-98.81783300040652,30.13806800035686],[-98.81858999991668,30.138070000044003],[-98.81924699986772,30.13807199973112],[-98.81946699997573,30.13807300035151],[-98.82012700029982,30.138075999882098],[-98.82034800023276,30.13807699972562],[-98.82369300026237,30.138090999864193],[-98.82769600006792,30.138109000150475],[-98.83373000000103,30.13813599979687],[-98.83707599985556,30.138150999769856],[-98.83929199993102,30.138162000370105],[-98.84097699955386,30.138169999887786],[-98.85268100027032,30.13822999974541],[-98.85301699983096,30.138232000206102],[-98.85658299979353,30.138272999931655],[-98.86608800015293,30.13838400014524],[-98.87192000041968,30.138457999959268],[-98.87282699971765,30.138470000364848],[-98.87531399995478,30.138403000218254],[-98.87836799973124,30.13839999992072],[-98.88512499973763,30.138393000262067],[-98.88955600006368,30.138385999825985],[-98.89808499973152,30.13831699994025],[-98.90079600027464,30.13829600016816],[-98.90452899974346,30.13830899965767],[-98.90584099999569,30.13831399964016],[-98.90639199964153,30.138311999957903],[-98.90677999997904,30.138311999957903],[-98.91393399964544,30.138300000310068],[-98.92014699967869,30.13829000034339],[-98.92020399958008,30.132618000028526],[-98.92021500034906,30.13068500036221],[-98.92021799982379,30.130236000249724],[-98.92030599968736,30.1151980002109],[-98.92038500022838,30.1017410003364],[-98.92039199990107,30.100540000245406],[-98.92040399959664,30.098534000025992],[-98.92040500031986,30.098404000101038],[-98.92040500031986,30.098345000383617],[-98.92041500036561,30.096655000336632],[-98.92044700015266,30.091019999803947],[-98.92045899984822,30.08914199987699],[-98.92048599961241,30.084588999832057],[-98.92048899998547,30.084049000349737],[-98.92052199959741,30.07841099991153],[-98.92052900016843,30.07706599994999],[-98.92053500001622,30.076259999749634],[-98.920548000435,30.074101999913587],[-98.92057100000123,30.07013799996866],[-98.92058500024491,30.067756999614158],[-98.92060600016131,30.063995999857674],[-98.92061000035928,30.06325499990327],[-98.92061700003197,30.06224199964889],[-98.92062299987975,30.061233999908545],[-98.92062299987975,30.061059999752214],[-98.9206260002528,30.06054100011014],[-98.92062799990262,30.060368000143153],[-98.92062799990262,30.06028599977451],[-98.92062899972754,30.06003999981612],[-98.92062999955245,30.059958999809833],[-98.92063700012346,30.058744000315393],[-98.9206399995982,30.0584100000402],[-98.9206470001692,30.057116999850717],[-98.92064899981901,30.056862000026154],[-98.92067399993337,30.0518490002642],[-98.92068499980402,30.05021299965831],[-98.92070499989553,30.04775599984803],[-98.92071300029144,30.04685300004001],[-98.92073599985767,30.045860999917277],[-98.92074099988054,30.04566899995004],[-98.92071599976616,30.045387000101083],[-98.92072699963683,30.043647000249923],[-98.92073000000987,30.043093000169897],[-98.92073500003275,30.042255999861954],[-98.92077500021571,30.035367999759863],[-98.92079500030721,30.031985999883876],[-98.92079899960686,30.03134099996286]]]},"properties":{"GEOID":"48259","BASENAME":"Kendall","STATE":"48","COUNTY":"259","AREALAND":"1715747578","NAME":"Kendall"}},{"type":"Feature","geometry":{"type":"Polygon","coordinates":[[[-99.41386300042886,29.09300700038658],[-99.41388000014729,29.091334999940454],[-99.41177200002686,29.09133399986449],[-99.40905200016122,29.09133399986449],[-99.40531600031935,29.09133900024433],[-99.40377300008844,29.091340999611266],[-99.4023849996682,29.09134199968717],[-99.39822100020417,29.091347000066683],[-99.39683399960887,29.09135000029428],[-99.39681000021773,29.09135000029428],[-99.39673800024771,29.09135000029428],[-99.39671399995825,29.09135000029428],[-99.39668299999612,29.09135000029428],[-99.39663600014045,29.09135000029428],[-99.39659000010971,29.09135000029428],[-99.39655900014756,29.09135000029428],[-99.39623199990942,29.09135000029428],[-99.39525399956801,29.09135199966095],[-99.39492800005308,29.09135299973679],[-99.39490399976364,29.09135299973679],[-99.39483400034176,29.09135299973679],[-99.39481099987724,29.09135299973679],[-99.39478800031101,29.09135299973679],[-99.39472200018878,29.09135299973679],[-99.39470000044746,29.09135299973679],[-99.39452299999714,29.09135299973679],[-99.39293999958325,29.091354999888413],[-99.38766100040878,29.091361999633765],[-99.38590200026778,29.091364999860883],[-99.38588499965105,29.091364999860883],[-99.38583600014555,29.091360000267237],[-99.38581799970387,29.091364999860883],[-99.38578000006906,29.091364999860883],[-99.38572399999256,29.091364999860883],[-99.38566700009115,29.091364999860883],[-99.38563000028124,29.091364999860883],[-99.38554499989243,29.091364999860883],[-99.38479000003208,29.091365999936595],[-99.3822710000079,29.09136900016365],[-99.3814319995837,29.09137100031495],[-99.37823800006512,29.09137599990805],[-99.37567300001021,29.091396999923397],[-99.3755469996135,29.091397999998755],[-99.37531999983277,29.09140100022488],[-99.37147100001302,29.091386999953993],[-99.36418799957686,29.091413000343408],[-99.36378300041922,29.091413999633616],[-99.36363199990816,29.091413999633616],[-99.3619659996536,29.09142000008482],[-99.3614109998098,29.091423000310243],[-99.36138800024358,29.091423000310243],[-99.36131999957323,29.091423000310243],[-99.3612979998319,29.091423000310243],[-99.36128399958821,29.091423000310243],[-99.36124500012846,29.091423000310243],[-99.36123199970967,29.091423000310243],[-99.35819499965163,29.091434000351178],[-99.34908699985056,29.09146699968194],[-99.3473150001891,29.091474000204673],[-99.34605099961743,29.091474000204673],[-99.33635000033776,29.091474000204673],[-99.33633799974388,29.091474000204673],[-99.32319100015225,29.091475000279345],[-99.32311699963408,29.091475000279345],[-99.31538399983444,29.091475000279345],[-99.3136909998157,29.09147600035395],[-99.3065239997305,29.09147600035395],[-99.3064740004001,29.09147600035395],[-99.30373500026788,29.09147600035395],[-99.30369099988695,29.09147600035395],[-99.30281999967568,29.09147600035395],[-99.30020699994017,29.09147600035395],[-99.2993369995538,29.09147600035395],[-99.29901000021397,29.09147600035395],[-99.29803100004767,29.09147600035395],[-99.29770499963443,29.09147600035395],[-99.29259999963891,29.09147600035395],[-99.29159799990639,29.091482000016544],[-99.28773900004087,29.09148099994195],[-99.28206199958484,29.091434000351178],[-99.28204499986639,29.091434000351178],[-99.28149400022058,29.091436999791235],[-99.279791999981,29.091447999830716],[-99.27922500044164,29.091453000205036],[-99.27815500003874,29.091458999868976],[-99.27520099982138,29.091478999792784],[-99.27494599955327,29.091478999792784],[-99.27387699987358,29.091482000016544],[-99.27320800022699,29.091483000091074],[-99.27119999966565,29.09148799967874],[-99.27053199984397,29.091489999827726],[-99.26922499961461,29.091493000051166],[-99.26530700019785,29.091501999935886],[-99.2640009997934,29.091506000233284],[-99.26273200009717,29.09150800038199],[-99.25892799958493,29.0915170002654],[-99.25766100043685,29.091520999777202],[-99.2571169995654,29.09152500007386],[-99.25707599955753,29.09152500007386],[-99.25322699973778,29.09153299988176],[-99.25140300019777,29.09153700017795],[-99.25031600007642,29.09153999961502],[-99.24799299987082,29.091023000092918],[-99.23381799970907,29.09093799962092],[-99.23337900021626,29.090935000166308],[-99.22996899988932,29.090915000136842],[-99.22828900028937,29.09094700033915],[-99.22793899958667,29.09095400011225],[-99.2257939996563,29.09093400008646],[-99.22567700037877,29.090931999926674],[-99.22532699967607,29.0909289996869],[-99.22521100022344,29.090928000391937],[-99.22507499978099,29.090926000232034],[-99.22466999972505,29.09092299999208],[-99.22453500000583,29.09092199991212],[-99.21203100012154,29.09080599998635],[-99.21052899989849,29.090811000391827],[-99.2068409997372,29.090771000280846],[-99.20560300000311,29.090779000147258],[-99.20432099988811,29.090788000094395],[-99.20354299956324,29.090792999715802],[-99.20304700016902,29.090795999959546],[-99.20230400000426,29.090801999661753],[-99.20156099983951,29.09080599998635],[-99.20106600027019,29.09081000031077],[-99.2010470000036,29.09081000031077],[-99.2009900001022,29.09081000031077],[-99.20097199966054,29.090811000391827],[-99.20094999991923,29.090811000391827],[-99.20088600034514,29.090811000391827],[-99.20086500042873,29.090811999687926],[-99.20076699962112,29.090811999687926],[-99.20062199985617,29.090813999850038],[-99.20047600026629,29.090813999850038],[-99.20037900018191,29.090814999931123],[-99.20005299976869,29.090817000093175],[-99.19956400004715,29.090820999632175],[-99.1990750003256,29.090823999875102],[-99.19874899991235,29.090827000117944],[-99.19867000026966,29.090827000117944],[-99.19855200026888,29.090828000198837],[-99.19843400026808,29.090829000279765],[-99.19835599955198,29.090830000360647],[-99.19797999980834,29.090831999737457],[-99.19614100019972,29.090845000003032],[-99.19548300042378,29.090849999621664],[-99.19523599965325,29.09085099970233],[-99.19252400018355,29.09087199982475],[-99.19162600020809,29.090996000310795],[-99.19152699957557,29.09100899977071],[-99.19125899978697,29.091046999631693],[-99.19123299984768,29.091046999631693],[-99.19113400011351,29.091046999631693],[-99.1904789998123,29.091046000337936],[-99.18643199962581,29.091046999631693],[-99.18600999985142,29.091037999707204],[-99.18474700000299,29.09101400016633],[-99.18432600005349,29.091006000318174],[-99.18425200043366,29.09100400015979],[-99.18403200032564,29.090999999842836],[-99.18395899963237,29.09099899976361],[-99.18341600038248,29.09098799967623],[-99.1825600002398,29.090971999975125],[-99.18179000031088,29.090971999975125],[-99.18124799998758,29.090973000054667],[-99.17931700031745,29.0909740001342],[-99.17352699988352,29.090977999667093],[-99.17159700003829,29.09097999982599],[-99.17118699995947,29.090980999905458],[-99.16932700043445,29.090981999984848],[-99.1651980002322,29.090987000381837],[-99.1637479998877,29.09096999981608],[-99.16188900018761,29.090948999713643],[-99.16043299999531,29.090931999926674],[-99.15606500031677,29.09088199984419],[-99.1546090001245,29.090866000126674],[-99.1542290001829,29.090861999804417],[-99.15275500044727,29.090846000083797],[-99.15214100015395,29.090839000303315],[-99.15114299972106,29.090828000198837],[-99.14568600027135,29.090766999954838],[-99.14485000022019,29.090720000038235],[-99.14480599983925,29.090717999874304],[-99.13689999978726,29.090761000250644],[-99.134453999558,29.09077499982163],[-99.13299300024117,29.090747999974468],[-99.12532300019073,29.090603999884884],[-99.12077700023696,29.091002000001364],[-99.12069799969592,29.09100899977071],[-99.11461000023446,29.090928000391937],[-99.11431399995845,29.090924000072082],[-99.10373700044461,29.09099899976361],[-99.09131999970063,29.090957999645983],[-99.09050999958872,29.09095400011225],[-99.07803300036691,29.09094700033915],[-99.07769699990793,29.09094600025943],[-99.07466099967479,29.09094500017962],[-99.07400899974664,29.09094500017962],[-99.0697039998173,29.090941999940213],[-99.06443499979025,29.090938999700782],[-99.0620220000713,29.09094600025943],[-99.05859599985082,29.090956000271603],[-99.05428900027165,29.09096899973657],[-99.05425900013444,29.09096899973657],[-99.04833900000413,29.090987000381837],[-99.04751100034888,29.090989999834935],[-99.04649000034978,29.090991999993587],[-99.04343099965212,29.091000999922098],[-99.04241100037625,29.09100400015979],[-99.04184800013654,29.09100500023896],[-99.0401629996154,29.091010999929008],[-99.03960100009893,29.091013000087244],[-99.0363819995677,29.091023000092918],[-99.03623799962764,29.091023000092918],[-99.03580900018055,29.091024000171966],[-99.03566600006543,29.091025000251],[-99.03541400017035,29.091025000251],[-99.03466199978476,29.091027999702927],[-99.03441099971461,29.091028999781923],[-99.01726899981502,29.091082000028397],[-99.0162460001661,29.091086000342102],[-99.01611200027178,29.091086000342102],[-99.01571399988852,29.091086000342102],[-99.01558099981914,29.09108699963554],[-99.01554400000921,29.09108699963554],[-99.01548999958254,29.09108699963554],[-99.01543500022926,29.09108699963554],[-99.01539900024424,29.09108699963554],[-99.01217100039051,29.091092000027444],[-99.00987199957603,29.09109500026241],[-99.0003079996654,29.091122000018643],[-98.99713500006324,29.091223000003307],[-98.98899100035986,29.091176000294826],[-98.98449999975935,29.091150999923315],[-98.9807289997574,29.091156000312115],[-98.98069500032052,29.0911550002344],[-98.98056100042622,29.091152000001117],[-98.98039300019674,29.09114799968998],[-98.98033499957211,29.09114699961213],[-98.97921599966371,29.091118999784403],[-98.97424100026285,29.09099899976361],[-98.97408899992689,29.090994000152204],[-98.97116400002184,29.090977999667093],[-98.96985099994468,29.0909640001237],[-98.9644370001527,29.09090999973635],[-98.96404499961722,29.09090600020081],[-98.96389900002734,29.09090500012062],[-98.95588900021828,29.09087700022708],[-98.95583700033974,29.09087700022708],[-98.95575199995092,29.09087700022708],[-98.9555390004139,29.090876000146675],[-98.95540700016943,29.0908750000662],[-98.95498700004485,29.090872999905258],[-98.95490699967891,29.090872999905258],[-98.95451500004175,29.09087199982475],[-98.95401200007652,29.090869999663767],[-98.9471389997192,29.090846000083797],[-98.94712299982565,29.090846000083797],[-98.94687699977835,29.090846000083797],[-98.93840500001193,29.090793999797075],[-98.93325499981057,29.090761000250644],[-98.93314199983267,29.090760000169038],[-98.92934999991431,29.090702000131255],[-98.92862799966595,29.090699999966965],[-98.92806399960135,29.09069699972047],[-98.92401700031317,29.090677999727138],[-98.92398899982575,29.090677999727138],[-98.92292599999386,29.09067200001769],[-98.91423099974635,29.090631999852654],[-98.91395299991201,29.090630999769854],[-98.91320100042473,29.09062800030631],[-98.90997600004572,29.090612999847373],[-98.90922600020828,29.0906100003833],[-98.90563199975833,29.0905929997553],[-98.90557300020708,29.0905929997553],[-98.90542699971891,29.09059199967213],[-98.90388799968595,29.090594999921677],[-98.89523199979651,29.090608000217216],[-98.89432499960022,29.090608000217216],[-98.89160399990968,29.090611999764334],[-98.8906980004366,29.090613999930326],[-98.88699400038179,29.090619000345193],[-98.87588499969209,29.09063500010108],[-98.87530499973394,29.090636000183892],[-98.87220499992672,29.090257000297427],[-98.87208000025326,29.09023999961116],[-98.86509499974294,29.09029400034985],[-98.86309700012566,29.090293000263767],[-98.86311100036936,29.09031599988676],[-98.86144199974174,29.090279999928473],[-98.85892100006774,29.090285999660743],[-98.85777299984703,29.090284000273325],[-98.85491900008711,29.090291000091476],[-98.85033200012543,29.090303999640398],[-98.84977899993149,29.090305999812372],[-98.84908500017055,29.090307999984333],[-98.84170200017526,29.09032700004593],[-98.83043799967486,29.090395999661776],[-98.82581300007838,29.090402000172254],[-98.82568800040491,29.090402000172254],[-98.82133900009462,29.090408999982376],[-98.81644900018426,29.09041699987698],[-98.810713000177,29.090424999770896],[-98.80490000017683,29.09043399974896],[-98.8049060000246,29.09139599984799],[-98.80491400042054,29.092448000005845],[-98.80490299965156,29.09387399987443],[-98.80490000017683,29.094282000385782],[-98.80489400032904,29.09524399985893],[-98.80489599997887,29.095885000259937],[-98.80490500019971,29.097811000320732],[-98.80490900039767,29.098452999660214],[-98.80491000022256,29.098756999725904],[-98.80491100004748,29.0988129999293],[-98.8048709998645,29.09966900003128],[-98.80485699962081,29.099972999645804],[-98.80486099981877,29.101381000073978],[-98.80487300041266,29.105606000330678],[-98.80487800043552,29.10701499975914],[-98.80487800043552,29.107065999778285],[-98.80487199968941,29.108619999740196],[-98.80485499997098,29.113438999612768],[-98.8048499999481,29.115044999693186],[-98.80483800025256,29.118489999640094],[-98.80481499978801,29.125242000012655],[-98.80481099959006,29.128828000013996],[-98.80480800011532,29.132274999819874],[-98.80480399991735,29.13531100025937],[-98.80479499969653,29.144419999764413],[-98.8047920002218,29.14745700031232],[-98.80479100039688,29.14780000031211],[-98.80478999967366,29.148831000320346],[-98.80478999967366,29.149174999953907],[-98.80478999967366,29.14925899987198],[-98.80478999967366,29.14951200029341],[-98.80478999967366,29.149597000230084],[-98.80478999967366,29.149856000000252],[-98.80478999967366,29.15063300010024],[-98.80478999967366,29.15089199961208],[-98.80478899984875,29.15107099965041],[-98.80478800002383,29.151608000247435],[-98.80478800002383,29.151788000095483],[-98.80478700019891,29.15253800038205],[-98.80478499965079,29.154789000008726],[-98.80478499965079,29.15553999980071],[-98.80478300000095,29.156980999963693],[-98.80477999962791,29.161306000304496],[-98.80477899980299,29.162747999738666],[-98.80477799997809,29.162767999921336],[-98.80477799997809,29.162831000157567],[-98.80477799997809,29.162851999704767],[-98.80477799997809,29.16292799967373],[-98.80477799997809,29.16315600002756],[-98.80477799997809,29.163231999771444],[-98.80477600032826,29.16432399999615],[-98.80477399978012,29.167601000128517],[-98.80477299995522,29.168694000269667],[-98.8047720001303,29.169232999910612],[-98.80477100030541,29.17085300015421],[-98.80477100030541,29.17139300030572],[-98.80476899975726,29.17186700038077],[-98.80476700010745,29.173291000148243],[-98.80476700010745,29.173766000144433],[-98.80476499955928,29.17614600026888],[-98.80476000043474,29.183290000281566],[-98.80475899971151,29.185670999822573],[-98.8047570000617,29.18621999986072],[-98.80475500041186,29.18786700038297],[-98.80475500041186,29.18841700034732],[-98.80475299986374,29.189425000103643],[-98.8047510002139,29.19244900031671],[-98.8047510002139,29.19345800030616],[-98.80475200003882,29.193906000051324],[-98.80475500041186,29.195250000090443],[-98.80475500041186,29.19533499979766],[-98.8047570000617,29.19569799984844],[-98.80475299986374,29.19760900027292],[-98.80475200003882,29.19819600017321],[-98.80474600019105,29.202266000177914],[-98.80474100016816,29.20569100032986],[-98.80473899962003,29.207215000213626],[-98.80473799979511,29.2081899999509],[-98.8047369999702,29.208947000072477],[-98.80473399959715,29.213616999619113],[-98.80473299977226,29.213916999817762],[-98.80473299977226,29.21427999992642],[-98.80473299977226,29.21458300030235],[-98.80472799974937,29.21931400016508],[-98.80472699992447,29.221339000233165],[-98.80472600009955,29.22143400011662],[-98.80471699987872,29.222912000018397],[-98.80469199976436,29.227348999714387],[-98.80468400026676,29.22882900031629],[-98.80468400026676,29.228944999650142],[-98.80468400026676,29.229294999817434],[-98.80468400026676,29.229411999707356],[-98.80468400026676,29.229469000328983],[-98.80468400026676,29.229642999760838],[-98.80468400026676,29.22967499987648],[-98.80468400026676,29.229700999767044],[-98.80468300044186,29.229946999671583],[-98.80468300044186,29.230684999758722],[-98.80468300044186,29.230931999936068],[-98.80468199971862,29.231306000070237],[-98.80468099989372,29.23242900038538],[-98.80468099989372,29.232804000021495],[-98.8046800000688,29.233300999749346],[-98.8046790002439,29.23479500009303],[-98.8046790002439,29.235292999804614],[-98.80467699969574,29.236213000106066],[-98.80467400022101,29.23897400020642],[-98.80467400022101,29.2398949997601],[-98.80467199967289,29.240824000373106],[-98.80464699955853,29.240940000225336],[-98.804638000236,29.241003999655074],[-98.80464699955853,29.241019000103503],[-98.80464800028174,29.241155999707953],[-98.80460999974859,29.241152999936023],[-98.80467199967289,29.24126100029335],[-98.80469099993945,29.24215999970906],[-98.8047019998101,29.242639999708324],[-98.80471100003093,29.243902999856086],[-98.80475399968866,29.245377000125316],[-98.80475600023678,29.24858599961643],[-98.80475600023678,29.249003000275373],[-98.8047579998866,29.250237999917495],[-98.8047579998866,29.25038100029081],[-98.80476299990947,29.250649000342516],[-98.80476299990947,29.250673000207616],[-98.80476299990947,29.250692999698984],[-98.80476200008457,29.2511479998083],[-98.80476200008457,29.251237999814098],[-98.80476899975726,29.254028999969265],[-98.80476999958216,29.254505999771716],[-98.80476799993235,29.255631000330002],[-98.80476600028253,29.25670500015456],[-98.80476299990947,29.257948000245936],[-98.80476600028253,29.25850500029829],[-98.80476700010745,29.258786999624043],[-98.80476899975726,29.259097000019874],[-98.80478100035114,29.26130400034803],[-98.80478100035114,29.261318000183156],[-98.80478399982587,29.261790999756528],[-98.80478399982587,29.262015999721807],[-98.80478300000095,29.262613000155923],[-98.80478100035114,29.26367300003078],[-98.80477100030541,29.266128000142597],[-98.8047570000617,29.269540000118848],[-98.80475500041186,29.27002499967502],[-98.80473399959715,29.273300000193334],[-98.80473100012243,29.274956000340016],[-98.80476499955928,29.278889999727003],[-98.80476600028253,29.278959000347243],[-98.80480499974226,29.281757000066992],[-98.80480800011532,29.282003000170928],[-98.80480899994024,29.28206999990231],[-98.80480899994024,29.282153999842578],[-98.8048349998795,29.290193000358254],[-98.8048349998795,29.29025099972335],[-98.80483599970441,29.290580000105113],[-98.8048340000546,29.291219000340302],[-98.8048499999481,29.29401599993452],[-98.8048349998795,29.29562399987518],[-98.80484300027541,29.295937000310115],[-98.80484599975016,29.29653300038041],[-98.80484699957506,29.29689000022226],[-98.80485099977301,29.29718599981184],[-98.80485199959794,29.300286999719933],[-98.80485699962081,29.301404000218835],[-98.80487699971229,29.30182699997791],[-98.80487800043552,29.301838000187193],[-98.80489900035191,29.301999000123253],[-98.80494799985739,29.302167999646787],[-98.80496999959871,29.302241999716287],[-98.80515700009478,29.30274199994462],[-98.8051029996681,29.302796000120424],[-98.80503700044417,29.30286199994835],[-98.80499200023833,29.3028919999273],[-98.80496200010111,29.302931999624274],[-98.80493000031406,29.302959999637935],[-98.80490299965156,29.302994999839985],[-98.80488299956006,29.303037000223245],[-98.80487199968941,29.30310699977917],[-98.8048709998645,29.30312800034168],[-98.80486599984164,29.303190999652994],[-98.80486800038977,29.30384699987085],[-98.80487500006247,29.306799999927257],[-98.80488000008535,29.308701999895135],[-98.80488699975803,29.309709000153063],[-98.80489400032904,29.31072399982906],[-98.80490400037478,29.312227000154778],[-98.80492199991814,29.312780999629975],[-98.80492399956796,29.312860000390298],[-98.8049260001161,29.312922999961287],[-98.8048979996287,29.313208999775185],[-98.80487800043552,29.313552000321614],[-98.80485400014607,29.313977000381332],[-98.80481599961293,29.315122999949555],[-98.80460700027386,29.321618999628914],[-98.80459100038033,29.32251899970971],[-98.80459200020525,29.323143999771517],[-98.80459200020525,29.32334399992237],[-98.80459200020525,29.323408999612802],[-98.80459300003015,29.323659999643347],[-98.80459399985507,29.32379100030645],[-98.80459100038033,29.32380500019393],[-98.80459399985507,29.323830000268043],[-98.80459399985507,29.3238859997852],[-98.80459600040321,29.324163000357373],[-98.80459700022813,29.32452600002761],[-98.80459800005303,29.32501200022384],[-98.80462200034249,29.331826000261938],[-98.8046590001524,29.34101399983668],[-98.80466199962714,29.34180199983271],[-98.80466500000018,29.34260900031657],[-98.80471900042684,29.35661000023495],[-98.8047439996429,29.363387000185135],[-98.8047510002139,29.36541100037921],[-98.80475200003882,29.365678999974257],[-98.80475200003882,29.365697000149613],[-98.80479100039688,29.371276999762888],[-98.8047930000467,29.37159699994702],[-98.80488099991024,29.375064999634333],[-98.80489000013108,29.37910199989301],[-98.80489000013108,29.379285000099618],[-98.80491600007036,29.391440000266247],[-98.80492199991814,29.39384099965958],[-98.80493299978879,29.398567999854905],[-98.80493500033693,29.399761999875146],[-98.80493799981166,29.40119900000337],[-98.80494000035979,29.40208999988051],[-98.80494399965944,29.403888999995775],[-98.8049470000325,29.405037999894674],[-98.80494799985739,29.405592000337293],[-98.80495299988027,29.408111000034758],[-98.80495500042841,29.408928000345295],[-98.80495700007823,29.409715999837193],[-98.80496499957584,29.41314000016314],[-98.80497600034481,29.417944999673388],[-98.8049820001926,29.42106300023248],[-98.80498499966733,29.422139000208706],[-98.80499499971306,29.42632600019689],[-98.80500200028408,29.429509000192443],[-98.80501800017761,29.43261799980635],[-98.80502200037556,29.433389000150953],[-98.80503599972096,29.435975000278134],[-98.80505199961448,29.439349999727337],[-98.80506500003328,29.442124999799784],[-98.80506599985817,29.442266999712384],[-98.80507500007901,29.44398299986466],[-98.80509199979745,29.44738399980185],[-98.80513299980532,29.455424999748697],[-98.80513700000328,29.456153000295693],[-98.80515000042207,29.458773999918336],[-98.805151000247,29.458881000196637],[-98.8051720001634,29.462952999667337],[-98.8051729999883,29.46305699994536],[-98.80518899988182,29.465044999948294],[-98.8052369995624,29.470771999699103],[-98.80523800028563,29.47083300030795],[-98.80523800028563,29.47087099995076],[-98.80524599978322,29.47176699999673],[-98.80526300039998,29.47381300014525],[-98.80526500004981,29.47425799993535],[-98.80526500004981,29.474358999617436],[-98.80526500004981,29.474385999949035],[-98.80527000007268,29.47473099981664],[-98.80527400027064,29.475047000233687],[-98.80528199976824,29.476044999923623],[-98.80528400031638,29.476268000359834],[-98.80528699979112,29.476653000344157],[-98.80528799961603,29.476730000165485],[-98.80529000016416,29.476958000187377],[-98.80530000020991,29.478181000386595],[-98.8053139995553,29.479630999976617],[-98.80531500027851,29.47971599984828],[-98.80533399964678,29.482176000253197],[-98.8053410002178,29.48302700038141],[-98.8054409997769,29.495031999818757],[-98.80548500015783,29.500264000173797],[-98.80548799963258,29.500990000120662],[-98.8055040004244,29.504788000035415],[-98.80550500024933,29.504921000286163],[-98.80550600007422,29.505161000261197],[-98.80556799999852,29.520261000267315],[-98.80557800004425,29.522711000054453],[-98.80560300015861,29.52839800020022],[-98.80560300015861,29.528495999920793],[-98.80562999992279,29.534919999720643],[-98.80563300029584,29.53561499987229],[-98.80563499994567,29.536062000160577],[-98.80563499994567,29.536130000311044],[-98.80563999996852,29.537372999738928],[-98.8056440001665,29.538044999701153],[-98.80565300038732,29.540013000024803],[-98.80566799955763,29.543539000215162],[-98.80568099997642,29.54664499984396],[-98.80568199980131,29.546799000042995],[-98.80568400034947,29.547819000146912],[-98.80568400034947,29.54784699994638],[-98.80568400034947,29.547976000234083],[-98.80568400034947,29.548013999845175],[-98.80569600004503,29.549924999641338],[-98.80571299976347,29.554353000085268],[-98.8057210001594,29.556325000249345],[-98.80572199998429,29.556583000114355],[-98.80574299990069,29.561198999888884],[-98.80574899974846,29.562295000195487],[-98.80575100029662,29.56273699972473],[-98.8057570001444,29.56431400023484],[-98.80575899979422,29.564819000027317],[-98.80576100034236,29.56533899997561],[-98.80576299999218,29.565631999906234],[-98.80576499964201,29.565884000278658],[-98.80576499964201,29.56591500012293],[-98.80577499968774,29.567426999627997],[-98.80577600041097,29.567630999924113],[-98.8057859995584,29.57037000033273],[-98.80578700028163,29.570569999854044],[-98.8057989999772,29.572047000227403],[-98.8057989999772,29.572119999901865],[-98.8057989999772,29.57214100036576],[-98.80581599969564,29.575194999774283],[-98.8058419996349,29.57988300002795],[-98.80584800038099,29.580936000326876],[-98.80585099985574,29.581542000330824],[-98.80585300040387,29.581857000086924],[-98.80585000003082,29.582029999777795],[-98.80582900011441,29.58307200009305],[-98.80583300031239,29.584192999768664],[-98.80584300035812,29.586787000105325],[-98.80584400018303,29.588578999774533],[-98.80583599978712,29.588591000092265],[-98.80587199977212,29.59132799999229],[-98.80587500014516,29.591344000240042],[-98.80586199972639,29.591632000360324],[-98.80588600001583,29.597582999667658],[-98.80591299978,29.60495200010921],[-98.80591399960493,29.60504699979321],[-98.80591799980289,29.605804000333716],[-98.80593200004658,29.609298000327954],[-98.80594899976502,29.613970999775866],[-98.80595700016094,29.616046999751045],[-98.8059610003589,29.61686200008829],[-98.80596300000873,29.625253999846763],[-98.80594299991724,29.630899999703047],[-98.80594200009233,29.63117099963747],[-98.80594100026741,29.63156699983255],[-98.80593600024453,29.632915999775356],[-98.80593500041964,29.633273000389888],[-98.80593500041964,29.63337200008033],[-98.80593399969639,29.633626999828547],[-98.80592799984862,29.633673000268637],[-98.80591699997797,29.638740999929134],[-98.8059050002824,29.642457000165347],[-98.80590399955918,29.642972999898387],[-98.80590299973426,29.643152000172968],[-98.80592500037389,29.64459000023079],[-98.80604800039754,29.65250999961126],[-98.80605900026819,29.653193000042126],[-98.80631799983595,29.667319999953946],[-98.80632100020902,29.66749700006949],[-98.80640700042274,29.675073000042524],[-98.80641499992034,29.67581699970563],[-98.80642400014116,29.676628000209163],[-98.80642800033912,29.676974000186718],[-98.80647299964664,29.68190899970042],[-98.80650299978389,29.685288999866373],[-98.8065520001877,29.69070900018535],[-98.80686000015926,29.6903729996667],[-98.8082939997119,29.68880700022517],[-98.80988799999648,29.68707100033081],[-98.81102000032365,29.685826999923638],[-98.81210999991974,29.684646000272],[-98.81399499955909,29.68260400036854],[-98.8179789999964,29.678272000318014],[-98.82017599980529,29.675882999712012],[-98.82038599986758,29.67565499971906],[-98.82206499964262,29.67403100023196],[-98.82507999995936,29.670611000145374],[-98.82513600003585,29.670548000172236],[-98.82853999961671,29.66691500001289],[-98.82862300035569,29.66682600031222],[-98.82871299986905,29.666728999759453],[-98.82873200013563,29.666708000263167],[-98.82969600023333,29.665679999973147],[-98.83050799999506,29.664813999862943],[-98.83055400002581,29.664764999838503],[-98.83173700040662,29.663502000242705],[-98.83306600037731,29.66208300008723],[-98.83418100008774,29.660892999803487],[-98.83452500004431,29.660525999917922],[-98.8346849998779,29.660353999851136],[-98.83520799993462,29.659795999915772],[-98.8357279996183,29.659240999936237],[-98.83625900007095,29.65867400023896],[-98.83681399991472,29.658082000003624],[-98.83866500011722,29.65610599980654],[-98.83891899966213,29.655834999845137],[-98.83901499992159,29.6557320003396],[-98.84388800011352,29.65052899976822],[-98.84525600044225,29.649069000097956],[-98.84650900024494,29.64773099971819],[-98.84655799975043,29.647678000379674],[-98.84660799997914,29.64762600032395],[-98.84665400000989,29.64757599964446],[-98.84670099986556,29.647525999720838],[-98.84735699999167,29.646824999644927],[-98.85025400030763,29.643733000136297],[-98.85211100035791,29.641750999959395],[-98.85388200019446,29.639859000182135],[-98.85504200011074,29.63861999997794],[-98.85551699958857,29.638112999911474],[-98.85985199965516,29.633484999797286],[-98.86043300033653,29.632865000142036],[-98.86100599972364,29.63225499989252],[-98.86229600023458,29.631091000300284],[-98.86258099974162,29.630833999862173],[-98.86270999961303,29.630718000297346],[-98.86786599966219,29.62522599965181],[-98.87122099973755,29.621763999868318],[-98.87169199991573,29.62124499974347],[-98.87378300031774,29.618943999784815],[-98.87380699970888,29.61891699977481],[-98.87530599955886,29.617206000152002],[-98.8818140000432,29.61030899991582],[-98.88198300009763,29.61013100031897],[-98.88349399964316,29.60852999965673],[-98.88584899963581,29.606020000192835],[-98.88755300042354,29.604202999696263],[-98.8880859996277,29.60363499965959],[-98.89648899979716,29.594679000160866],[-98.89705200003685,29.59408800012217],[-98.9006949999923,29.590263000203976],[-98.90102700025332,29.58991400019995],[-98.90129400021699,29.589633999731312],[-98.90130199971462,29.589625999862765],[-98.90138899975325,29.58953400015682],[-98.90252000025552,29.588348999918836],[-98.9031599995898,29.587680999810917],[-98.90448199988778,29.586285999714576],[-98.9079890002991,29.582549000196146],[-98.90809200023126,29.582438000321986],[-98.90848499969334,29.582012999654236],[-98.90891200038892,29.581553999922882],[-98.90947200025558,29.580960999625457],[-98.90955000007338,29.580878000367775],[-98.90958500023348,29.580840999810704],[-98.91020799984932,29.580182999800975],[-98.91086499980035,29.5794889999039],[-98.91241700025209,29.577848000283634],[-98.9125360000778,29.577719999862012],[-98.91287199963845,29.577366000194736],[-98.9132979996108,29.576914999740715],[-98.91372399958315,29.57646399961564],[-98.92015800044764,29.56965700014419],[-98.92659300023875,29.562849999682875],[-98.92687699992089,29.56254999997959],[-98.92716099960303,29.56225000016677],[-98.9282929999302,29.562789999969766],[-98.92991399997891,29.563427000105257],[-98.93166399989907,29.56354700030178],[-98.93372599998878,29.563150000057867],[-98.93547400025909,29.562399000028904],[-98.93671600019113,29.561550000264013],[-98.93721400013351,29.56107199962852],[-98.93762599986218,29.56067800033354],[-98.93838099972248,29.560041000053307],[-98.93939199967583,29.55934700002404],[-98.94014700043448,29.558974999736815],[-98.94107600037206,29.558497999613977],[-98.94233699967236,29.55819099967061],[-98.94356100006107,29.557980000011113],[-98.94532900042287,29.557931000386365],[-98.94740999988083,29.55795300009323],[-98.9495830002986,29.55830699983268],[-98.94969399972838,29.558332000045507],[-98.95067000041995,29.558547999938924],[-98.9516460002132,29.558765000343584],[-98.95395799964983,29.559400999888876],[-98.956011000417,29.559876000075263],[-98.95785300039867,29.560237999963046],[-98.96025100004903,29.560236000390276],[-98.96062400031792,29.560236000390276],[-98.9625009995614,29.559878999835753],[-98.96472800040583,29.558900999747387],[-98.96627300028658,29.557689000168814],[-98.96675100013746,29.55713200004239],[-98.96777999963417,29.555791000035065],[-98.96838200023194,29.55426400020163],[-98.96854100024058,29.55386199978583],[-98.96994800002906,29.552512999676036],[-98.97138300030495,29.551842000030188],[-98.97335300033313,29.551694999969357],[-98.97417199976756,29.551940999950673],[-98.97514799956083,29.552233999667997],[-98.97706499988556,29.55328100001335],[-98.97904300030966,29.555123999624108],[-98.97934200006041,29.555402000023566],[-98.98133600037802,29.558651999722905],[-98.9828269998321,29.560553999940023],[-98.98288399973352,29.56062700010818],[-98.98344000030052,29.561337000255335],[-98.98520199991623,29.564078999872805],[-98.98594400025608,29.567048000201556],[-98.98588599963145,29.56850400008672],[-98.98585499966931,29.569298999984373],[-98.98576500015595,29.5701060000455],[-98.98482699999752,29.571197000239337],[-98.98434900014662,29.57169699967413],[-98.98371499976182,29.57216600027977],[-98.98320400029895,29.572421000142946],[-98.98318099983443,29.572433000037893],[-98.98171799996943,29.573007000249838],[-98.98120300030864,29.573281999730078],[-98.98053200011391,29.573855999803275],[-98.97998899996568,29.57444500028495],[-98.97961300022206,29.5750020002547],[-98.97927299956511,29.575454999932237],[-98.97902499986799,29.576051999843443],[-98.97885099979074,29.576948000128073],[-98.9788709998822,29.577610000151324],[-98.97912899962506,29.57813399985795],[-98.97982199956111,29.579182999694403],[-98.9803839999759,29.57968200022029],[-98.98111200007205,29.579996000330958],[-98.98274300016651,29.58027900013376],[-98.98296300027454,29.580317000093736],[-98.98433599972785,29.580953999822484],[-98.98577400037676,29.581928999736878],[-98.98632800039563,29.582541999722064],[-98.98676199986558,29.583371999762278],[-98.98695600003435,29.583961000187873],[-98.98706800018735,29.584663000066087],[-98.98703300002725,29.585526999702875],[-98.98671300036011,29.586931000131603],[-98.98639000031993,29.587856000261986],[-98.9860659995565,29.588779999830543],[-98.98600700000526,29.58894899980097],[-98.98485899978455,29.59093599976908],[-98.98405000039588,29.5917190003896],[-98.98270700018149,29.593100999951314],[-98.98167699996156,29.594240000168114],[-98.98121800037725,29.59474799974931],[-98.97986000009426,29.596727000246048],[-98.97968500019206,29.59698400017298],[-98.97954200007695,29.597192999937775],[-98.97952600018341,29.59721700008486],[-98.97950899956666,29.59724299984725],[-98.97865499997214,29.59881700013495],[-98.97734299971991,29.601940999863523],[-98.97652799958513,29.604894999631],[-98.97600700007652,29.607921999890365],[-98.97569699955682,29.609778000022075],[-98.97576100002924,29.61091200018981],[-98.97581999958045,29.611964999969505],[-98.97612599990222,29.6132640001951],[-98.97678200002834,29.614546999612767],[-98.97753900043679,29.615628000216166],[-98.97875100023161,29.6170020001106],[-98.97908900034041,29.617385000142928],[-98.9794769997796,29.617885000305126],[-98.97980900004063,29.618579000021086],[-98.98053999961151,29.620296999959383],[-98.98113999966114,29.62126499978122],[-98.9821299996981,29.62216699962324],[-98.98240400023279,29.622417999816783],[-98.98378699973183,29.62344999972056],[-98.98546300003214,29.62345600014763],[-98.9862980002584,29.62346699988847],[-98.98903700039062,29.623487000266135],[-98.98912699990397,29.623487999816422],[-98.99289500043122,29.623515999713455],[-98.99365699996423,29.623522000136596],[-98.99369999962194,29.623522000136596],[-99.00030900038864,29.623224000292854],[-99.00060099956836,29.6232269997323],[-99.00094399970004,29.623229999952535],[-99.00133500041059,29.623233000172664],[-99.00365799971789,29.623252000263296],[-99.00535199956154,29.623266000245604],[-99.01505100008971,29.623348999765973],[-99.01549299995558,29.62335599975066],[-99.01802000037569,29.62339599976518],[-99.01816299959252,29.623397999648347],[-99.03173199985683,29.623499999884775],[-99.03326900023998,29.623511999951766],[-99.03346599988348,29.62351399983263],[-99.03568699998182,29.623532000320495],[-99.03618900012216,29.623536000081398],[-99.03625500024441,29.623536000081398],[-99.03771100043669,29.623536000081398],[-99.04048999985353,29.62353699963114],[-99.04111199964449,29.62354300005303],[-99.06456399966169,29.623752999757663],[-99.06459299997401,29.623752999757663],[-99.06670399956919,29.623771999750257],[-99.06681200042254,29.62377300007852],[-99.07172700044725,29.623819999879945],[-99.07191999989278,29.62382199975469],[-99.07207200022874,29.623826999831856],[-99.07296500018133,29.623855999962224],[-99.07304399982405,29.623859000163716],[-99.08067799988949,29.623936999905087],[-99.08531000005698,29.623974000271875],[-99.10328299998487,29.62411899984768],[-99.10373400007157,29.624123000366243],[-99.10425100028051,29.62412700010367],[-99.10637000027161,29.62414400015741],[-99.10654900037177,29.624144999701134],[-99.10692099991743,29.624147999894014],[-99.1069810001919,29.6241490002186],[-99.10738500042294,29.624151999630463],[-99.1203589997622,29.62427400010598],[-99.12531300014498,29.624320999673714],[-99.12634099981679,29.624349999661856],[-99.12645499961958,29.624352000306995],[-99.12840100025664,29.624378000100325],[-99.12924200033069,29.624388999740496],[-99.13384500018587,29.624490999754652],[-99.1398530001797,29.62456899978767],[-99.1442099999876,29.624624999754136],[-99.16312600009677,29.624869999729444],[-99.16604799962876,29.62490800007068],[-99.17278200006893,29.62495599965919],[-99.17311400032993,29.624960999680138],[-99.17363099964058,29.62496899986922],[-99.17509299968064,29.62499099980029],[-99.17518899994012,29.624992000116507],[-99.17602400016636,29.625010999875457],[-99.17672200012531,29.625015000358534],[-99.17747199996273,29.62502599992923],[-99.17855800025917,29.625042000296443],[-99.18093599981805,29.625077999942107],[-99.18097500017612,29.625079000257454],[-99.19051099959935,29.62522599965181],[-99.19091800020344,29.62522599965181],[-99.19151200040527,29.62522599965181],[-99.19227999978607,29.625435000222197],[-99.19366499983323,29.625482000029272],[-99.19562499981568,29.6254430003737],[-99.19944299967331,29.625370000236966],[-99.20135300032535,29.625360000235528],[-99.20151499980875,29.625362000079726],[-99.2016660003198,29.62536399992386],[-99.20993700024479,29.625480000187466],[-99.2104460000578,29.625487000024062],[-99.21067399966344,29.625490000176985],[-99.2184359997754,29.625598000156966],[-99.21878399992994,29.625603000145993],[-99.2210200000969,29.62563400038489],[-99.22552699969262,29.6256970003623],[-99.22585999977855,29.62570200034642],[-99.22884900015602,29.62568400024622],[-99.23582299989737,29.625643000049376],[-99.25031699990134,29.625558000235724],[-99.2604800000367,29.625676999642423],[-99.26139999975345,29.62568799992168],[-99.26269500028725,29.62570400018381],[-99.26342699968305,29.62571499967929],[-99.27387600004867,29.62583800013182],[-99.27408399956282,29.625843000108993],[-99.28524299958292,29.62611699972565],[-99.28531399972802,29.6261190003357],[-99.28590700010496,29.62613100009077],[-99.28773400001802,29.626168999956406],[-99.28930200036328,29.6262010003253],[-99.29032300036239,29.62622499981442],[-99.30350000009125,29.62653499985997],[-99.30406300033096,29.626549000167],[-99.30851800004814,29.626653999674453],[-99.30921299963398,29.62666999978318],[-99.30983899962288,29.6266850003708],[-99.31350300039304,29.62677199983074],[-99.31738599964967,29.626792999850696],[-99.32728299964627,29.626844999732562],[-99.3319600000196,29.626870000146717],[-99.33257099993986,29.62687199996093],[-99.33349900005256,29.626875000072616],[-99.33352499999182,29.62687199996093],[-99.33354900028127,29.626868999849165],[-99.33357299967241,29.626876000370128],[-99.33378600010774,29.626875000072616],[-99.33439899967783,29.626841000102964],[-99.33457100010529,29.626833000062526],[-99.35281199982178,29.627203999806152],[-99.3534960004353,29.62721800002022],[-99.3595789998739,29.627341000199596],[-99.37532099965769,29.627405000182712],[-99.37760600022847,29.627418000076723],[-99.37883300009189,29.62742499977867],[-99.38691599969589,29.627456999748695],[-99.39370600021255,29.62748699990652],[-99.40494700024841,29.627537999920065],[-99.40637400012838,29.627507999777432],[-99.40827899985923,29.62751599976427],[-99.4118170002327,29.627513999962833],[-99.41180800001186,29.62528300034728],[-99.41180800001186,29.62522599965181],[-99.41177299985176,29.619946999658303],[-99.41175799978315,29.617671999700615],[-99.41172500017119,29.612621000342468],[-99.41176000033128,29.61142000014317],[-99.41176299980602,29.61132399976396],[-99.41176500035417,29.61124799975684],[-99.41202800011989,29.602415000096176],[-99.4120299997697,29.602360000046623],[-99.41200800002841,29.60121499994364],[-99.41200999967822,29.601129000065242],[-99.41208500002129,29.598549999873715],[-99.41208800039435,29.598463000267795],[-99.41215899964114,29.596042999866945],[-99.41231500017506,29.590712999725657],[-99.41231400035015,29.590633000304546],[-99.4122209995654,29.576387999905457],[-99.41218600030363,29.570930000338148],[-99.41214500029575,29.564648000021347],[-99.41223399998421,29.561631000237515],[-99.41223300015929,29.561575999838126],[-99.41222700031152,29.56127699964354],[-99.41221800009069,29.560696000314987],[-99.41213500025,29.555842000357444],[-99.41213299970187,29.555698999970698],[-99.41213799972475,29.555302000142227],[-99.41234100011432,29.539022000379013],[-99.41235600018295,29.537836999817937],[-99.41235600018295,29.53781200000605],[-99.41235500035802,29.537705999859707],[-99.41234699996211,29.526570999861658],[-99.4123460001372,29.52544400012756],[-99.4123460001372,29.525287999968604],[-99.41234699996211,29.525252999639314],[-99.41252699988716,29.51548899985968],[-99.41258600033672,29.503781000063036],[-99.41258799998653,29.503490999782713],[-99.41260100040533,29.503299000121434],[-99.41262200032173,29.502968999999624],[-99.41278600035325,29.500532999832732],[-99.41290600000386,29.50022999977945],[-99.41237200007647,29.484117000045742],[-99.41247300035882,29.477095999745636],[-99.41249799957485,29.475379000283993],[-99.41252500023734,29.47352799979837],[-99.41252699988716,29.473345999851873],[-99.41253100008512,29.47311599979598],[-99.41254100013089,29.472428999633216],[-99.41254000030597,29.47239600032782],[-99.41253799975783,29.47234599965351],[-99.41237999957407,29.468158999727116],[-99.41237799992425,29.468120999850054],[-99.41241100043455,29.46372199961577],[-99.41241200025944,29.463603000242074],[-99.41241999975705,29.46348200002589],[-99.41243400000076,29.46326900003145],[-99.41262200032173,29.460385000008365],[-99.41262300014665,29.460367999770583],[-99.41259800003226,29.458034999644568],[-99.41259800003226,29.458017000171974],[-99.41258700016164,29.456971999848705],[-99.41258200013876,29.456455999949664],[-99.41249599992503,29.44840400032935],[-99.41258899981145,29.44534900036988],[-99.41258600033672,29.441570999850008],[-99.41258100031385,29.431431999924875],[-99.41257899976571,29.427084999883785],[-99.41255399965134,29.419203000170494],[-99.41254000030597,29.41487400038267],[-99.4125219998643,29.409129999748618],[-99.41252100003938,29.40853499998393],[-99.41249199972708,29.392488999789574],[-99.41247300035882,29.38171699972772],[-99.41246199958984,29.37523299974997],[-99.41233899956619,29.3683820000661],[-99.41231299962692,29.362798999827287],[-99.41231299962692,29.362730000305714],[-99.41229900028154,29.359709000372657],[-99.4122809998399,29.355611999749993],[-99.41228000001497,29.355403999898858],[-99.41227400016717,29.353908999825812],[-99.41226400012144,29.347727999778243],[-99.41226400012144,29.347641999922057],[-99.41225999992348,29.344947000306515],[-99.41225999992348,29.344723999724916],[-99.41225900009857,29.344708999622622],[-99.4123600003809,29.342600999730884],[-99.41236899970343,29.340831999756663],[-99.41237899974917,29.338749999900703],[-99.41241700028232,29.331177999707283],[-99.41241899993213,29.330943000036815],[-99.41241999975705,29.33078499983398],[-99.41242599960482,29.329620999716226],[-99.41244999989428,29.319534000044005],[-99.41244200039668,29.31367899961261],[-99.41243599965058,29.30876799982112],[-99.41254199995578,29.299420999650593],[-99.4125429997807,29.299297000269764],[-99.41256200004727,29.29652099995586],[-99.41257100026809,29.29521199962722],[-99.41257100026809,29.29517899998802],[-99.41257100026809,29.295080000222963],[-99.41257100026809,29.295057000255902],[-99.41257200009302,29.29504499965796],[-99.41257899976571,29.294149000380944],[-99.4125910003596,29.29249199980309],[-99.41261899994866,29.28842200014617],[-99.41262999981932,29.286810999638504],[-99.41263599966712,29.28609299977528],[-99.41263700039033,29.28590500038294],[-99.41267500002517,29.28065200009536],[-99.41269400029175,29.269390999650973],[-99.41269400029175,29.269126999771807],[-99.41269599994158,29.268419000220838],[-99.41269699976647,29.26797500008607],[-99.41271500020814,29.26741600003876],[-99.4127400003225,29.266618999830744],[-99.41274899964502,29.2663250001076],[-99.41274799982011,29.266156000057315],[-99.41274799982011,29.2660990002788],[-99.41274699999519,29.265842000126465],[-99.41274600017029,29.265483000039783],[-99.41275899969077,29.262772000053985],[-99.41276000041398,29.26255000011317],[-99.41280100042188,29.254044000075808],[-99.41281700031539,29.250776000250514],[-99.41281899996521,29.250340999614554],[-99.41281999979014,29.250235999724516],[-99.4128740002168,29.23628299996949],[-99.41297399977591,29.228139000292455],[-99.41297600032405,29.227981999724104],[-99.41298600036981,29.227177999701805],[-99.41298800001962,29.226309999686222],[-99.41303400005037,29.213847000346536],[-99.41303999989816,29.212447000095704],[-99.41308900030195,29.199220000368967],[-99.41310099999752,29.196175000080625],[-99.4131069998453,29.193722000098802],[-99.41310799967022,29.193636999838727],[-99.41310900039345,29.193571999961407],[-99.41310900039345,29.193552000292435],[-99.41311500024122,29.192972000354416],[-99.413121000089,29.192393000150084],[-99.41312600011189,29.191913999814055],[-99.41313000030985,29.191433999706778],[-99.41313100013474,29.191371999663048],[-99.41314000035558,29.19063099981925],[-99.41314000035558,29.1901379997237],[-99.41314000035558,29.189938000082936],[-99.41314000035558,29.18803999996103],[-99.41314000035558,29.182461000057494],[-99.41314000035558,29.177890999679157],[-99.41314000035558,29.171103999761694],[-99.41311799971596,29.169414999659573],[-99.41312299973883,29.16800699972744],[-99.41311699989106,29.163888000012033],[-99.41311400041631,29.161726999984047],[-99.41311500024122,29.15943899996462],[-99.41310600002039,29.15885100010499],[-99.41308400027908,29.150749000041134],[-99.41311500024122,29.143675000031394],[-99.41311600006614,29.14343599961087],[-99.41312299973883,29.141959000174566],[-99.41312500028697,29.139625999655358],[-99.41312500028697,29.139461999694824],[-99.41312799976171,29.13718900036318],[-99.41312399956375,29.13675400017251],[-99.41311699989106,29.135971999697066],[-99.41310900039345,29.135063000006514],[-99.41310199982243,29.13421199999671],[-99.4131000001726,29.134036000174014],[-99.41309500014975,29.133469999807158],[-99.41309400032483,29.13333999992048],[-99.41308799957874,29.13256399977308],[-99.4130919997767,29.130506999681565],[-99.41309699979956,29.12843999973049],[-99.41310400037057,29.12524100026617],[-99.41344300030428,29.120599000152218],[-99.41346500004559,29.118758999770108],[-99.4134879996118,29.11675900023838],[-99.41349500018282,29.116196999853766],[-99.41349900038078,29.11591800014642],[-99.41352299977193,29.11412000018867],[-99.41355999958184,29.112549999826978],[-99.41371600011577,29.100938000049595],[-99.41385900023089,29.093206000310616],[-99.4138600000558,29.093151000255666],[-99.41386199970563,29.093096000171343],[-99.41386300042886,29.09300700038658]]]},"properties":{"GEOID":"48325","BASENAME":"Medina","STATE":"48","COUNTY":"325","AREALAND":"3432680846","NAME":"Medina"}},{"type":"Feature","geometry":{"type":"Polygon","coordinates":[[[-97.95608099977848,29.378435999917716],[-97.95049799993207,29.37836900006559],[-97.9501129999676,29.378364000378625],[-97.94216900028078,29.37823399982071],[-97.94000199971079,29.378200000020712],[-97.93559200019946,29.37813099997731],[-97.93362600036923,29.378101000216112],[-97.93354799965311,29.378099999806402],[-97.93347099966022,29.378097999769846],[-97.93338500034481,29.37809700014291],[-97.93243299994268,29.37808200025843],[-97.93206800006969,29.378044999959833],[-97.93198100003106,29.378036000181343],[-97.93041699988375,29.378013000134967],[-97.93026799992082,29.37801100009669],[-97.92996800034517,29.37800700001996],[-97.92955800026635,29.37800099990452],[-97.92951700025846,29.378000000276653],[-97.92937199959519,29.37799800023811],[-97.9235839997094,29.377912000108232],[-97.9184889997596,29.37781099998122],[-97.91479200027581,29.377736999956312],[-97.91274699990456,29.377692999767913],[-97.91153799958448,29.377666999967868],[-97.90532799992428,29.377532999989842],[-97.90504300041725,29.377524999798645],[-97.90265200043959,29.37746600032608],[-97.89970999991779,29.37739200005034],[-97.89783199995111,29.377345000027127],[-97.89559300030942,29.377336999821146],[-97.89388000019918,29.377336999821146],[-97.89384000001621,29.377355000283682],[-97.89374399975674,29.377353000232468],[-97.89370699994682,29.37735199981543],[-97.88687999962023,29.377237000324513],[-97.88531299999819,29.377216999787098],[-97.885250000249,29.377216999787098],[-97.88518599977657,29.377216999787098],[-97.8817589997312,29.37717599984744],[-97.87527899973426,29.377100000087427],[-97.87459199964601,29.377095000338176],[-97.87334999971397,29.37708700011254],[-97.87092100010146,29.377072999716138],[-97.8708750000707,29.37707200007915],[-97.8708390000857,29.37707200007915],[-97.8707689997655,29.377072999716138],[-97.85955700004196,29.376996999879204],[-97.85914600013821,29.3769940001832],[-97.85194399989291,29.37691600022747],[-97.84808599985232,29.376873999744802],[-97.84769800041312,29.37686999962339],[-97.84038300018992,29.376790999932812],[-97.84034600037998,29.3768400002733],[-97.84012500044705,29.377190000229675],[-97.83754799979823,29.38044099965144],[-97.83423299990585,29.384725999998295],[-97.83282000026958,29.386522000244398],[-97.83227700012137,29.38732299984734],[-97.83211999976253,29.387551999850785],[-97.83107100017433,29.388890000039176],[-97.83101500009785,29.388960999654557],[-97.83086299976188,29.389155999831658],[-97.82965699981486,29.390694000289724],[-97.8296250000278,29.390735000261614],[-97.82933999962245,29.391096999639775],[-97.82918800018479,29.391291000138487],[-97.82905900031336,29.391454999746973],[-97.8268099997276,29.3943180003891],[-97.82677200009277,29.39436599986605],[-97.8264080000447,29.394829999642727],[-97.82560700015362,29.395882000127724],[-97.82548999997776,29.396034999942074],[-97.82545999984053,29.396073999643065],[-97.82536699995411,29.396195999815323],[-97.82534900041077,29.396218999664644],[-97.82504999976172,29.396611999892553],[-97.82497600014187,29.396709000015818],[-97.82495400040055,29.39673800032516],[-97.82494299963159,29.39675200036361],[-97.82492500008823,29.396776999756618],[-97.82488599973017,29.396828000315043],[-97.82476400042977,29.396988000274202],[-97.82475000018606,29.397006999832005],[-97.82468700043687,29.397089000148195],[-97.82466099959927,29.397122999897217],[-97.82373099983677,29.3982959999308],[-97.822775000135,29.399504999873063],[-97.82177000002942,29.400776000166413],[-97.8204300001881,29.402513999898826],[-97.82034899999724,29.402618000268195],[-97.82030100031666,29.402679999745505],[-97.82014599960765,29.402877999943676],[-97.81993600044368,29.403152999840096],[-97.81987699999412,29.40321099990541],[-97.81973899990187,29.403402000291308],[-97.81892600031523,29.40453199972012],[-97.81890200002579,29.404562999662485],[-97.81883500007864,29.40464799980943],[-97.81624300025952,29.40796499963922],[-97.81615899969562,29.40807399970242],[-97.81607500003003,29.408183999762613],[-97.81449499998918,29.410249000212875],[-97.81312699966045,29.4120139996936],[-97.81280399962026,29.41243200014516],[-97.8119059996448,29.413581999791248],[-97.81155500001553,29.414034999681515],[-97.81145899975606,29.414158000267033],[-97.81066299988787,29.41517899969867],[-97.80955900004807,29.416594000315822],[-97.80929700010726,29.416868999882624],[-97.80744699972968,29.419332000002832],[-97.80660400000579,29.42042100023021],[-97.80495000034512,29.422603999955033],[-97.80473699990978,29.42288500028444],[-97.80461800008409,29.423041000048247],[-97.80389099981285,29.424004000298382],[-97.80091999987707,29.427845000078626],[-97.80025899972807,29.428695000004282],[-97.79807699998779,29.431503000342484],[-97.79245700033145,29.43873700037245],[-97.79181600027397,29.43956200006324],[-97.79111199956894,29.44048899965665],[-97.78635499972799,29.446681000116797],[-97.78623900027534,29.446831999861153],[-97.78106899998251,29.453438000164862],[-97.78002399969395,29.454679000170533],[-97.77988499977678,29.454845000039512],[-97.77636700039312,29.45943999990298],[-97.77564400031986,29.460371000134796],[-97.77556800015186,29.46046899999145],[-97.77477399993349,29.46144400009657],[-97.77270599999602,29.464148999945706],[-97.77187900016567,29.46523099970727],[-97.77046399998127,29.46707300022175],[-97.76952900019589,29.468292000357838],[-97.76908599960677,29.468870000008227],[-97.7650510000142,29.474090000063104],[-97.7643129998723,29.475045999996365],[-97.76372899971621,29.47580700024247],[-97.75801699999836,29.483267999999562],[-97.75616499997096,29.485687000256267],[-97.754449000386,29.487824000145892],[-97.75385900038212,29.48858200031597],[-97.75381800037424,29.488645999899443],[-97.75027699962773,29.49414400019929],[-97.74981300002054,29.494942000079778],[-97.74760199996794,29.498747000102036],[-97.74751300027948,29.498899999726916],[-97.74746999972345,29.498969999835943],[-97.74658500016679,29.5003350001096],[-97.74649800012816,29.500446000250847],[-97.74647200018889,29.500478999804468],[-97.74642100013526,29.50054299969008],[-97.74630599960922,29.50068999982375],[-97.74624500040817,29.500768000127188],[-97.74623899966207,29.50078099991128],[-97.74422199977822,29.503419999714243],[-97.74405699992178,29.50363700037275],[-97.74127599995678,29.507278999730634],[-97.74061099960981,29.5081329997956],[-97.73974199994669,29.509247999651894],[-97.73969000006815,29.50931499994627],[-97.73963900001453,29.509381000297896],[-97.739579999565,29.509458000262818],[-97.73952199983866,29.509535000169183],[-97.73845200033408,29.510941000202234],[-97.73811699970001,29.511382000016972],[-97.73729300024272,29.512463999720513],[-97.73723600034131,29.51253899995122],[-97.73717799971666,29.512614000126344],[-97.73713400023406,29.51267200018193],[-97.73708499983024,29.51273600017778],[-97.73702799992886,29.51281200007143],[-97.73654300040526,29.513450999810747],[-97.7360460002878,29.514105000328684],[-97.73594699965528,29.514234999732107],[-97.73593599978463,29.514248999982623],[-97.73591800024128,29.514273000295866],[-97.73586499963952,29.51434200008996],[-97.73581199993608,29.51441199968571],[-97.73578900036986,29.514446000007908],[-97.73576599990533,29.51448000031874],[-97.73571900004964,29.51454700027695],[-97.73318099975891,29.5182070000613],[-97.73308100019979,29.518351999942144],[-97.73298900013828,29.518485000351053],[-97.73298099974235,29.518495999806905],[-97.73289600025186,29.518649000073886],[-97.73285600006888,29.51872200001756],[-97.73252200015804,29.51902500022734],[-97.73240900018014,29.519128000221006],[-97.73228600015649,29.519269000361152],[-97.73216899998063,29.5194039999453],[-97.730330000372,29.521532000126964],[-97.73027799959516,29.521599999884188],[-97.73021999986884,29.52167399982096],[-97.73016799999031,29.521742000264382],[-97.7301119999138,29.5218160000973],[-97.73005300036259,29.52189200020734],[-97.72827800032807,29.524201000260224],[-97.72823300012222,29.52425899992834],[-97.7280489999992,29.52449799963876],[-97.72777799983756,29.524851000326915],[-97.7277109998904,29.52493800003938],[-97.7276470003163,29.525020999919942],[-97.7275629997524,29.525130000083497],[-97.72748199956155,29.52523600012268],[-97.72677299973198,29.526161999842127],[-97.72253399992488,29.53177699964861],[-97.71769599989304,29.538109000060096],[-97.714073999854,29.542895999994144],[-97.7046460003858,29.555357000050144],[-97.69989500039262,29.561635000109124],[-97.68689299966762,29.578818999758802],[-97.68392400027996,29.582743000084218],[-97.68387300022633,29.582812000022994],[-97.68339000035257,29.583451000305434],[-97.6829069995805,29.58408899972618],[-97.68177000012875,29.58559200037816],[-97.6806329997787,29.587094999737776],[-97.67783699974508,29.59079000024121],[-97.67289300030637,29.59728200025931],[-97.67287800023774,29.59730499979425],[-97.67277199993255,29.597434999987748],[-97.67266700035056,29.59756500001377],[-97.6722680001424,29.598088000191915],[-97.67186800010931,29.598611999798454],[-97.67107399989092,29.59965300014982],[-97.67027899984764,29.60069499968719],[-97.6700579999147,29.600982999667806],[-97.66983699998177,29.601272999929225],[-97.66753700024069,29.60435899986138],[-97.66503099973701,29.607663000304733],[-97.66498700025438,29.607719999999244],[-97.66360499968192,29.609523000054196],[-97.66183700021843,29.61186299977333],[-97.66180100023341,29.611908999997105],[-97.66146499977444,29.612562999855356],[-97.66136799969006,29.612749000222276],[-97.66119199996297,29.612955000370935],[-97.65975699968708,29.614658999719477],[-97.6596389996863,29.61481599974323],[-97.65665000020716,29.61875000001506],[-97.65386900024217,29.622412999669706],[-97.65349799962307,29.622875000343306],[-97.65312400042758,29.623339000344835],[-97.6530909999173,29.623386000348695],[-97.65301099955137,29.623496999672593],[-97.65300300005374,29.623508000189858],[-97.65276100020442,29.623831000361946],[-97.6517889997108,29.62522199995794],[-97.65074000012261,29.626628999987574],[-97.65016000016446,29.627395000383263],[-97.64948899996973,29.628281000160133],[-97.64797800042417,29.630279000270473],[-97.64447699986064,29.63490999999762],[-97.64002399979329,29.640803000292465],[-97.6337019999801,29.64916799987277],[-97.63350399961338,29.649432000097395],[-97.63332799988629,29.649663999699534],[-97.63325599991626,29.649758000099535],[-97.63321499990839,29.6498099998346],[-97.63317600044863,29.64986299961194],[-97.63317100042576,29.65011500033702],[-97.63316999970255,29.650143999924616],[-97.63316899987763,29.650179999966323],[-97.6331680000527,29.65025400014171],[-97.63317600044863,29.65032600013356],[-97.63324500004562,29.65064599999468],[-97.63326299958895,29.65078499984676],[-97.6332020003879,29.651022999799256],[-97.63303199961028,29.651109000037245],[-97.63292700002829,29.651079999947047],[-97.63275799997389,29.651033999652203],[-97.63273399968445,29.651022999799256],[-97.63246099987296,29.6508990003797],[-97.63242499988796,29.65088300021679],[-97.63239499975073,29.650869000169806],[-97.63235200009302,29.650835999772447],[-97.63196200010569,29.650540999737668],[-97.63189699980835,29.650516999797393],[-97.63181300014277,29.650486000191293],[-97.63165099976106,29.65050800001347],[-97.63143200037626,29.65060599987249],[-97.63125400010102,29.65075300026293],[-97.63119200017675,29.650860999695933],[-97.63114399959787,29.65094399989711],[-97.63113600010026,29.650981999768838],[-97.63110500013812,29.651125000164228],[-97.63107800037393,29.651251000196797],[-97.63105099971143,29.651378000125852],[-97.63103700036605,29.65144399977363],[-97.63102999979505,29.651475999918485],[-97.63101599955134,29.651540000177725],[-97.63101100042678,29.65156299982177],[-97.6309849995892,29.651683999831423],[-97.63105599973431,29.651785000257124],[-97.63107099980293,29.65180599974543],[-97.63109699974218,29.651841999973378],[-97.63117200008527,29.651948999750793],[-97.63118299995591,29.65196499974423],[-97.63119499965148,29.651982999831358],[-97.6312170002911,29.652013999757017],[-97.6312449998802,29.6520530000529],[-97.63125099972798,29.652061999698674],[-97.63126199959864,29.652076999626914],[-97.63128300041335,29.652261000334704],[-97.631294000284,29.652361000137017],[-97.63126099977372,29.652573999993624],[-97.63121899994093,29.65284700022831],[-97.63121200026823,29.652890999616293],[-97.63117000043545,29.653017999817905],[-97.63114299977295,29.653098999727593],[-97.6310759998258,29.653302000014634],[-97.63105400008449,29.653367999962096],[-97.6310199997493,29.653472000359187],[-97.63108400022173,29.65359200038358],[-97.63115600019174,29.653725999916478],[-97.63128599988808,29.653810000126906],[-97.63140800008682,29.653827999884047],[-97.63185699962538,29.65377799994348],[-97.63197600034938,29.653765000329557],[-97.63261300020893,29.65381600030649],[-97.6329420000969,29.653842000300155],[-97.6343709996267,29.653954999683908],[-97.63449200000052,29.653936999949423],[-97.63461300037436,29.65392000024067],[-97.63470899973551,29.653890000150593],[-97.63526899960215,29.653716999638817],[-97.63543000015893,29.653823999764786],[-97.6355330000911,29.654055000145],[-97.63554099958871,29.654144000214202],[-97.6355609996802,29.654369999737987],[-97.6355680002512,29.654446000002658],[-97.63555800020546,29.654503999796265],[-97.63549399973304,29.654898000308897],[-97.63562699980244,29.65522899986035],[-97.63574599962813,29.655326999806377],[-97.635862999804,29.655360000292493],[-97.63602500018571,29.65536400035069],[-97.63631300006578,29.655371999685883],[-97.63640299957916,29.65534600008756],[-97.63650700023454,29.655315999641974],[-97.63670499970294,29.655177999818815],[-97.63687899978022,29.655010000050215],[-97.63694300025264,29.65494799969306],[-97.63697300038987,29.654918999928398],[-97.63711499978177,29.65478000032118],[-97.63730700030072,29.654721999905977],[-97.6373700000499,29.65467000036675],[-97.63744399966974,29.654673999671697],[-97.63762500031802,29.654563000359595],[-97.637693999915,29.65448200006693],[-97.63784500042605,29.654305999717074],[-97.63797699977222,29.654007000373262],[-97.63796900027461,29.65393599992072],[-97.6379750001224,29.653898000383684],[-97.63796199970359,29.653856999963104],[-97.63797099992443,29.65383500009235],[-97.63796599990155,29.65374899984165],[-97.63796199970359,29.65367499989386],[-97.63796099987869,29.653658000140858],[-97.63796000005378,29.65364199963594],[-97.63795900022888,29.65362900000444],[-97.63795599985582,29.653567000357782],[-97.63795500003091,29.65354699970813],[-97.6379399999623,29.65329099962884],[-97.63800100006166,29.65316299973538],[-97.63818400035977,29.6530890001374],[-97.63820199990312,29.65308099984001],[-97.63826399982739,29.65305699972472],[-97.63828999976666,29.653046000092818],[-97.63833300032267,29.65306500002404],[-97.63843500042994,29.65311200020815],[-97.63850700039997,29.653144999859247],[-97.63867700027929,29.653304000084653],[-97.63899699994641,29.65326500027355],[-97.63935199977365,29.65294400011337],[-97.63939399960645,29.652906000201714],[-97.63940399965219,29.652896999850736],[-97.63941799989588,29.652884000123017],[-97.6394680001246,29.652839999951283],[-97.63953599989667,29.65277799981856],[-97.63957500025472,29.652661999769858],[-97.6395800002776,29.652646999928738],[-97.63961100023973,29.652556000012204],[-97.6397080003241,29.65226699982602],[-97.63998500033355,29.652116999945168],[-97.64003499966395,29.652090000239554],[-97.64023200020576,29.651982999831358],[-97.64026700036585,29.65196399969593],[-97.64037199994785,29.651907000048723],[-97.64049199959842,29.651882999653473],[-97.64057199996438,29.651913000341814],[-97.6410869996252,29.65213399995854],[-97.64118700008261,29.65213399995854],[-97.64166099973554,29.652136000051716],[-97.64188599986643,29.65228699994935],[-97.64201899993584,29.652504000134453],[-97.64219800003598,29.653017999817905],[-97.64218799999024,29.65317300009883],[-97.64218700016532,29.653183999716862],[-97.64216399970078,29.653559000098383],[-97.64216000040115,29.653621999781823],[-97.64219800003598,29.653978000337425],[-97.64223900004386,29.654035000373018],[-97.64226599980805,29.654073999885718],[-97.6423620000675,29.654209000364137],[-97.64238800000678,29.65424599975817],[-97.64250000015976,29.654402999757252],[-97.64288500012424,29.654608999822084],[-97.64304900015577,29.654615999976077],[-97.6438540002448,29.65446499966956],[-97.64471500041034,29.654361000298596],[-97.64474399982434,29.65435700020053],[-97.64486900039611,29.654341999831438],[-97.64505599999387,29.654343999880794],[-97.64563799960185,29.65435200007779],[-97.64612999969641,29.654312999892134],[-97.646986999664,29.65424499973252],[-97.64770999973726,29.65418799981588],[-97.64808899985394,29.654202000181865],[-97.64819900035712,29.654206000286074],[-97.64860500023799,29.654272999666055],[-97.6487900001859,29.654346999954736],[-97.64883000036887,29.65439000022407],[-97.64888800009521,29.65445400019155],[-97.64896599991299,29.654538999817063],[-97.64958199985615,29.655210000337753],[-97.6497890004437,29.655323999761645],[-97.64987999978199,29.655329999851016],[-97.64999199993498,29.655337999969646],[-97.6502899998608,29.655279999876047],[-97.65035000013528,29.65526799969102],[-97.65085300010051,29.654954999823403],[-97.65096000023064,29.654804000025546],[-97.65108200042937,29.654422000212897],[-97.65109400012494,29.65438500010291],[-97.65113599995773,29.654254999988453],[-97.65138399965485,29.65401999995586],[-97.65148900013516,29.653965999997094],[-97.65165399999158,29.653964999968657],[-97.65175500027392,29.65402500009516],[-97.65186400005386,29.65418999986829],[-97.65188599979518,29.654285999994975],[-97.65192699980307,29.654466999716476],[-97.65189599984093,29.654696000139722],[-97.65187400009961,29.654854000237034],[-97.65185900003101,29.654965000008843],[-97.65189500001601,29.65524500011295],[-97.6521129995759,29.655400000086516],[-97.65224800019342,29.655430999740325],[-97.65225999988898,29.655433999781863],[-97.65235100012559,29.655454000056487],[-97.65236700001913,29.65545800011094],[-97.65266599976985,29.655526000231575],[-97.65284700041815,29.655607999696027],[-97.65295100017522,29.65567299968103],[-97.65320999974298,29.655834999845137],[-97.6532669996444,29.655892000390242],[-97.65355899972243,29.65618300032787],[-97.6538650000442,29.656741000003105],[-97.65389600000634,29.656797000034725],[-97.65400300013647,29.657257999891183],[-97.65400800015932,29.657279999794277],[-97.65408199977917,29.657596000213527],[-97.65423599976496,29.657855000239653],[-97.65434399971998,29.658034999798762],[-97.6543520001159,29.658131000160605],[-97.65419899995503,29.658298000197703],[-97.65417800003864,29.658320999858557],[-97.6541470000765,29.658355000128196],[-97.65394700005994,29.658396000277374],[-97.65391299972478,29.65839500029298],[-97.65357999963884,29.658384999667824],[-97.65325099975087,29.65864799993252],[-97.65322300016179,29.65880300012871],[-97.65321899996381,29.65882399971387],[-97.65331699987311,29.659000999946343],[-97.65334199998748,29.659046999722054],[-97.6534149997824,29.659178999844073],[-97.65342599965305,29.65919900015497],[-97.65350199982105,29.65933699992803],[-97.65353600015622,29.65945999990563],[-97.65362700039282,29.65989899994506],[-97.6535279997603,29.660203000348908],[-97.6534430002698,29.66036400028065],[-97.65294600015235,29.6608680000303],[-97.65292500023595,29.660893999763072],[-97.65291099999224,29.660910999854906],[-97.6524010003543,29.661536999812725],[-97.65222499972889,29.66182000021482],[-97.65215500030702,29.6618589998327],[-97.65214500026127,29.661864000363032],[-97.65212299962164,29.661876999711286],[-97.65187900012248,29.661893999637016],[-97.65104899991911,29.661684999799593],[-97.6507030003127,29.6615980000605],[-97.65041200005955,29.66149400025567],[-97.65038699994518,29.66148499989225],[-97.65036199983084,29.66147600030856],[-97.65023899980719,29.66139100029802],[-97.6501409998979,29.661323000237882],[-97.64999699995785,29.661132000006777],[-97.64993900023154,29.661056000108204],[-97.64984999964476,29.660779999624026],[-97.64983100027649,29.660531999697113],[-97.64982600025364,29.6605230000282],[-97.64975000008566,29.660369000104662],[-97.64915099986092,29.659649000244546],[-97.64910599965509,29.659302999990206],[-97.64922799985384,29.658848000014974],[-97.64922399965587,29.658826999654266],[-97.64937400034201,29.658301000153774],[-97.64952699960457,29.657972999744104],[-97.6495919999019,29.657831999691627],[-97.64960199994763,29.65781099989944],[-97.6496119999934,29.657790000102874],[-97.64962399968896,29.65776400034864],[-97.64966600042005,29.65767400036691],[-97.64969599965897,29.65760900011321],[-97.64967499974259,29.657534999881324],[-97.64966399987192,29.65749600014867],[-97.64964799997838,29.65743699974373],[-97.64938900041064,29.657278999798777],[-97.64929300015116,29.6572200000472],[-97.64897099993587,29.657086999699725],[-97.64867200018514,29.656963999943912],[-97.64853300026796,29.656960999947973],[-97.64831499980976,29.657112999628875],[-97.64822100009845,29.65729699971609],[-97.64819699980897,29.65734400026566],[-97.64817800044072,29.65738200006276],[-97.64816900021988,29.65739899996735],[-97.64816300037211,29.65741099989829],[-97.64810399992257,29.657526999937435],[-97.64803100012762,29.657670999611504],[-97.64799699979244,29.65773699981611],[-97.64797300040132,29.65784400035154],[-97.64792099962447,29.658079000041027],[-97.64782500026331,29.658510999978375],[-97.64781699986739,29.65854500018382],[-97.6477619996158,29.658796000266005],[-97.64764000031538,29.65934699967799],[-97.64763600011742,29.659914000266404],[-97.64763399956928,29.66021999977687],[-97.64763000026963,29.66083199990888],[-97.64762799972151,29.661065999687317],[-97.64765100018603,29.66122100006149],[-97.64768100032327,29.66142400035656],[-97.64768299997309,29.661433999899096],[-97.64768700017105,29.661463000127956],[-97.64769700021678,29.66153100009347],[-97.64772700035402,29.661669999742287],[-97.64772700035402,29.661732999811857],[-97.6477470004455,29.66187199996215],[-97.64778500008033,29.662127000120417],[-97.64788999966231,29.662277999857395],[-97.64800600001328,29.662313000296553],[-97.64803799980034,29.662309999679486],[-97.64833999992412,29.662281999640573],[-97.64835800036577,29.66227999974901],[-97.64898299963144,29.66222099980758],[-97.64914400018824,29.66223799967518],[-97.64923899972447,29.662304000006387],[-97.64934400020478,29.662587999754834],[-97.64935199970239,29.66260800016863],[-97.64934699967952,29.662642999712368],[-97.64934199965664,29.662682999733608],[-97.6493450000297,29.66270899977788],[-97.64929800017401,29.66301899990844],[-97.64929599962589,29.663031999888],[-97.64927300005968,29.66320499999654],[-97.64929399997607,29.663340999868545],[-97.64928399993033,29.663354999741607],[-97.64928800012828,29.663414999733103],[-97.6493459998546,29.663560000280402],[-97.64935000005256,29.663571000324147],[-97.64938400038774,29.66365500012189],[-97.64943299989324,29.663777000353686],[-97.64963499955961,29.66428499988182],[-97.65007300012584,29.665021000387956],[-97.65049900009818,29.665734999801348],[-97.65054099993098,29.66580499982306],[-97.65076000021409,29.666064999700275],[-97.65080500041994,29.666119000190918],[-97.65083399983394,29.666153000166997],[-97.65099600021564,29.666345000137426],[-97.65102700017779,29.666381999752215],[-97.65107499985835,29.666438999786077],[-97.65118899966119,29.666468000133293],[-97.6514499997771,29.666559999860446],[-97.65147200041672,29.66656099976371],[-97.65152000009728,29.666561999666936],[-97.65161100033389,29.66656500015716],[-97.6519019996887,29.666574999969203],[-97.6520490000018,29.666645000186943],[-97.65207699959089,29.6666579996979],[-97.65215399958377,29.66669400007616],[-97.65220499963742,29.666803000254003],[-97.65221600040638,29.666824999631032],[-97.65223399994973,29.666945000122215],[-97.65223599959955,29.666956999695167],[-97.65224900001834,29.667045000162023],[-97.65224999984325,29.667056999722988],[-97.65225999988898,29.667121000219474],[-97.65226599973678,29.667158000329323],[-97.65227599978252,29.667222999877573],[-97.65227900015556,29.667241000357524],[-97.65231299959244,29.667463999661422],[-97.6523519999505,29.66754100007634],[-97.65239600033144,29.667628000139622],[-97.65244300018709,29.667674999765723],[-97.6526120002415,29.667843000242467],[-97.6528730003574,29.667936000162708],[-97.65310199978795,29.667858000159896],[-97.65325400012392,29.66780000025866],[-97.6533150002233,29.667733999630567],[-97.65347599988176,29.667562000179245],[-97.65400499978628,29.6669910001685],[-97.65508400041001,29.665827000199002],[-97.65629000035705,29.665107000371517],[-97.65632999964171,29.665093999879524],[-97.65644500016775,29.665025999980585],[-97.65674200026866,29.664765999759602],[-97.65674999976626,29.664759000311758],[-97.65684900039878,29.664672000108737],[-97.65695499980568,29.664439999979987],[-97.65701599990506,29.664054000349925],[-97.65697800027023,29.663982999961398],[-97.65688600020871,29.663811000340758],[-97.65675499978914,29.663567999744664],[-97.65658800028288,29.66316600011992],[-97.65650399971898,29.662964000156407],[-97.65646199988619,29.662863000022565],[-97.65654999974973,29.662667999825096],[-97.65665600005494,29.662612999881187],[-97.65679300032228,29.662613999823662],[-97.65683400033016,29.662613999823662],[-97.65710200011878,29.662701000245367],[-97.65714200030175,29.66271400026603],[-97.65755499985531,29.663008999742836],[-97.65780400027565,29.663130999977522],[-97.65823299972273,29.663191000102614],[-97.65826200003505,29.663194999849495],[-97.65865000037257,29.663249000319617],[-97.65880199981021,29.663364999872748],[-97.6588219999017,29.663412999864057],[-97.6588989998946,29.663599000004346],[-97.65891200031339,29.663630000254486],[-97.65869300003027,29.66420700017015],[-97.65868200015963,29.664386000149133],[-97.6587010004262,29.664439999979987],[-97.65877300039621,29.664636999709717],[-97.65878099989382,29.664660000263186],[-97.65881699987882,29.664713000025365],[-97.65916300038356,29.665215000010644],[-97.65921000023921,29.66532699997657],[-97.65931800019426,29.665583999789312],[-97.65934499995844,29.66579699975616],[-97.6593369995625,29.66585400012154],[-97.65932999988983,29.665899999886168],[-97.65929899992769,29.66611700037564],[-97.65938400031649,29.666512999713422],[-97.65939000016427,29.666539000328886],[-97.65941199990559,29.666574000066106],[-97.65962199996787,29.666910999633345],[-97.65998600001595,29.667304999956304],[-97.6602360002612,29.66757600024542],[-97.6605819998676,29.668063999996225],[-97.66104499964987,29.668513000356334],[-97.66137500026107,29.66865099984182],[-97.6616100004377,29.668594000280905],[-97.66162200013328,29.668581000239584],[-97.66165399992033,29.66854599963967],[-97.66202299999127,29.668149999719756],[-97.6622239998327,29.66789200032865],[-97.66242300002436,29.667636000060956],[-97.66243600044314,29.667620000217717],[-97.66264700033035,29.667348000151733],[-97.66282899990522,29.667114000154932],[-97.66296100014969,29.667030000123354],[-97.66302700027194,29.667017999778608],[-97.66304399999038,29.66701500008247],[-97.663243000182,29.66697999971818],[-97.66336600020564,29.666983000195923],[-97.66342800012994,29.667045000162023],[-97.6637989998507,29.66741199968242],[-97.66393799976787,29.667636999953505],[-97.66395500038462,29.667651000009183],[-97.66441899999181,29.668419000304272],[-97.66474600022994,29.66868599962464],[-97.66476600032144,29.66869500012435],[-97.66486599988055,29.66874000026927],[-97.66500200032299,29.66880100005192],[-97.6651649996313,29.668770999715555],[-97.66523300030167,29.668757999697107],[-97.6652779996092,29.668550999837596],[-97.66531100011947,29.66838099999258],[-97.66531100011947,29.668362999716702],[-97.66529299967782,29.668307999764348],[-97.66521400003509,29.668068000329917],[-97.66520900001223,29.66804299999815],[-97.66514100024015,29.66768099989905],[-97.66522599973067,29.667446000002013],[-97.66523400012659,29.667424999874832],[-97.66528900037817,29.66727300016197],[-97.66556399983945,29.667012000386226],[-97.66591000034418,29.666905000234586],[-97.66593100026058,29.666905000234586],[-97.66619700039936,29.666910999633345],[-97.66696499978018,29.667037000193748],[-97.667234000292,29.667105000294306],[-97.66743500013345,29.66715599975412],[-97.6680290003353,29.66739599980355],[-97.66834599962937,29.667474000164713],[-97.6684879999196,29.66748399988639],[-97.66855999988964,29.667477999741244],[-97.66861699979101,29.667492999713087],[-97.66916199958906,29.66752999968616],[-97.6693120002752,29.667509000357096],[-97.66947799995657,29.66748700034911],[-97.66952700036038,29.667473000270544],[-97.66961299967578,29.66745000036021],[-97.66966000042976,29.66743299981231],[-97.66971499978303,29.667414000252524],[-97.66986999959371,29.667358999781243],[-97.67003500034849,29.66725299989511],[-97.6704599995976,29.66715599975412],[-97.67086399982864,29.66706299989325],[-97.67098400037756,29.666961000072828],[-97.67101000031684,29.666938999944982],[-97.67127800010543,29.6665320002239],[-97.67137299964168,29.666084000295445],[-97.67137900038777,29.665945999629706],[-97.67138500023555,29.66579699975616],[-97.67136299959594,29.665740000139067],[-97.67134400022768,29.665690999785053],[-97.67114199966299,29.665162999649574],[-97.67113400016538,29.66514299974369],[-97.67109800018038,29.665047999746317],[-97.67104700012675,29.66481699962472],[-97.67101199996665,29.664663000029556],[-97.67103000040831,29.66445000000328],[-97.6711700001504,29.664115999779614],[-97.67122500040198,29.664044000287202],[-97.67126700023478,29.66399000024382],[-97.67127999975526,29.66397299989168],[-97.67135300044849,29.6638780003505],[-97.67169499985694,29.66362399987946],[-97.67220100019524,29.66339099974082],[-97.6723810001203,29.66330799965822],[-97.67299200004058,29.663194999849495],[-97.67318299983629,29.663158999780144],[-97.67321700017148,29.66316400024591],[-97.67322899986704,29.66316600011992],[-97.67325200033157,29.66316999986773],[-97.6734659996935,29.663196999722878],[-97.67373400038043,29.663373000133127],[-97.67375699994665,29.663412999864057],[-97.67382700026683,29.663531999808782],[-97.6739939997731,29.664112999996938],[-97.67400200016903,29.664138999671618],[-97.6741910003149,29.66479399988774],[-97.67421499970604,29.6648269996106],[-97.67446099975334,29.665115999630306],[-97.67506099980297,29.66555100031484],[-97.67516000043548,29.66566499973092],[-97.6751830000017,29.665806999644552],[-97.67513500032112,29.666085000203417],[-97.67472600006721,29.666381999752215],[-97.67446800032435,29.666663999891963],[-97.67434100010274,29.666803000254003],[-97.67418700011696,29.667013000284985],[-97.67403800015404,29.66738400028303],[-97.67402300008543,29.667460999978637],[-97.67387800032047,29.668222000175927],[-97.67389599986382,29.66825600022171],[-97.67392000015326,29.668303000334856],[-97.67392600000103,29.668314999745736],[-97.67394500026762,29.668351000311546],[-97.67395299976522,29.66836600015315],[-97.67396399963589,29.668387999968942],[-97.67397299985672,29.668405000355435],[-97.67401100038984,29.668478999616937],[-97.67402399991033,29.668503999840336],[-97.67406099972025,29.66857500015988],[-97.67424300019346,29.668643999883763],[-97.67448000001991,29.668594000280905],[-97.6753739997974,29.668242000250178],[-97.67545599981318,29.668225999722765],[-97.6757810004015,29.668162999816776],[-97.67593299983915,29.668133999958272],[-97.67629900043535,29.668163999704085],[-97.67649100005598,29.668224999836063],[-97.67668400039982,29.668285999931125],[-97.6766969999203,29.66829299991404],[-97.67731399968837,29.668628000200865],[-97.67736200026725,29.66865400026967],[-97.67759200042103,29.668775000021107],[-97.67760900013947,29.66877599990235],[-97.67770200002587,29.66878100008884],[-97.6777880002396,29.66878499961344],[-97.67792299995881,29.668707000269038],[-97.67794300005029,29.66862599965496],[-97.67795200027113,29.6685909998512],[-97.67803199973876,29.668278000061495],[-97.67803699976164,29.668257000108092],[-97.6780200000432,29.668222000175927],[-97.67798499988308,29.668149999719756],[-97.67797300018754,29.668126000076608],[-97.67787899957789,29.668082000325672],[-97.67784000011812,29.668063999996225],[-97.6778230003997,29.668056000108987],[-97.67778499986656,29.66803799977496],[-97.6777449996836,29.668020000218217],[-97.67768799978218,29.667993999985526],[-97.67764900032245,29.66797599964034],[-97.67724099989343,29.667706000320816],[-97.67719099966472,29.66767299998137],[-97.67712399971757,29.66760999972899],[-97.67709899960322,29.667586999850005],[-97.67697700030278,29.667473000270544],[-97.67696999973177,29.667466000230494],[-97.67677399991321,29.66728399979975],[-97.67675499964662,29.667266000108064],[-97.67657499972155,29.66709900012655],[-97.67657200024684,29.667078999825097],[-97.67656700022395,29.667048999755668],[-97.67655299998026,29.666961000072828],[-97.67662599977518,29.666891000075005],[-97.67674299995105,29.666780000190478],[-97.67690699998258,29.666781000091543],[-97.67697499975465,29.666795000266426],[-97.67731899971123,29.666867000131475],[-97.67758900004797,29.666922999990874],[-97.6776049999415,29.66692599968975],[-97.67770700004874,29.666946999921045],[-97.6777880002396,29.666963999770584],[-97.67780300030822,29.666967000248825],[-97.67781500000378,29.666969999946392],[-97.67805799967803,29.66691200031368],[-97.67811299992961,29.66689900005496],[-97.6781260003484,29.66689600035527],[-97.67816999983101,29.666885999794562],[-97.67836800019774,29.666760999726844],[-97.67838999993904,29.66664099979666],[-97.67839900015987,29.666589000172763],[-97.67833399986256,29.666486999871683],[-97.67828500035705,29.66640900030635],[-97.67825400039492,29.666360000278228],[-97.67816300015834,29.666216999677456],[-97.67816399998324,29.66593000029822],[-97.67822000005974,29.66575000003313],[-97.67822599990751,29.66573200006694],[-97.67833899988543,29.665370000237],[-97.6783439999083,29.66535499994854],[-97.67841800042646,29.664890000044867],[-97.67848399965037,29.66446900012292],[-97.67851600033573,29.664419999930367],[-97.67853300005417,29.66439500025308],[-97.67858599975763,29.66431400006942],[-97.67868000036727,29.664259000244872],[-97.6786960002608,29.66424900020253],[-97.67878900014722,29.664192999635066],[-97.67900199968425,29.664157999849994],[-97.67901400027812,29.664155999995707],[-97.67920000005095,29.664124999907663],[-97.67922099996734,29.66412200012525],[-97.67979199970466,29.664026000015802],[-97.67988299994126,29.663989000315024],[-97.6799359996447,29.66396800024671],[-97.67997099980481,29.663941999747248],[-97.68019299956265,29.663778000284598],[-97.68020900035448,29.663766000332476],[-97.6803089999136,29.663691999945502],[-97.6804980000595,29.663622999947012],[-97.68070599957363,29.663666000155242],[-97.68071800016752,29.663668999951252],[-97.68085299988672,29.663697000384733],[-97.68098900032918,29.663766000332476],[-97.68164799993002,29.664102000012466],[-97.68187399988584,29.664217000216603],[-97.68197400034326,29.664220999922698],[-97.68202799987162,29.664222999775674],[-97.68236500015551,29.66423600038025],[-97.68272099980767,29.664204000390185],[-97.68275400031793,29.66420099982953],[-97.68278899957974,29.664198000049435],[-97.68285100040232,29.66419199970829],[-97.68317500026743,29.66423700030659],[-97.68350900017825,29.66425399983353],[-97.68375000020269,29.664265999727437],[-97.68382299999763,29.664269000286158],[-97.68384700028706,29.66430200018124],[-97.68395299969397,29.664445000382027],[-97.68393199977757,29.6645849998304],[-97.68381499960171,29.664815999704143],[-97.68376600009621,29.66491399967958],[-97.68359100019401,29.665155000312154],[-97.6835259998967,29.665244999846458],[-97.68341600029184,29.665271000009227],[-97.68340200004813,29.665282999781812],[-97.68281799989204,29.665409999954445],[-97.68274900029508,29.665456999836355],[-97.68268900002062,29.665498000213603],[-97.68267999979979,29.66550399969629],[-97.68235400028486,29.66572699972889],[-97.68227999976669,29.66577699997633],[-97.68223200008612,29.665810000157308],[-97.68209200034404,29.665906000125396],[-97.68207200025255,29.66591899973186],[-97.6820399995672,29.665978999755225],[-97.68200600013031,29.66604499997374],[-97.68200399958218,29.666053999929257],[-97.68201299980299,29.66610799964523],[-97.68201700000097,29.666152000259686],[-97.68221399964447,29.66641700032457],[-97.68303999964989,29.66694099974393],[-97.68308200038099,29.66698900037055],[-97.68333900029896,29.66728200000761],[-97.68345200027686,29.66731900005825],[-97.68355900040697,29.667272000265807],[-97.68359399966877,29.667169999876815],[-97.68345899994955,29.66682800011342],[-97.68343100036047,29.666757000121752],[-97.68341100026896,29.666704999777245],[-97.68339700002527,29.66666900018345],[-97.68338299978157,29.666633999698774],[-97.68338500032971,29.666526999925544],[-97.68341899976657,29.666423999657052],[-97.68354799963801,29.666286000238344],[-97.68357500030051,29.666257999744996],[-97.68361999960803,29.666227000304726],[-97.68374900037777,29.666137000087865],[-97.6838640000055,29.66605699965405],[-97.68441800002437,29.66593000029822],[-97.68486900011108,29.665912000364305],[-97.68491400031692,29.665925999879555],[-97.68514000027272,29.66599900027548],[-97.68517700008265,29.665909999764317],[-97.68521399989258,29.665820999955002],[-97.68552900043515,29.66569999977219],[-97.68569299956837,29.66566700033578],[-97.68581300011729,29.66566700033578],[-97.6859260000952,29.66569999977219],[-97.68604599974579,29.665755000370044],[-97.68649299963454,29.665898000066523],[-97.68664400014558,29.66597500011904],[-97.68680800017712,29.666024000334712],[-97.6870469996534,29.666178000187944],[-97.68709699988212,29.666238999963284],[-97.68718599957059,29.666310000320575],[-97.6872359997993,29.66636499980431],[-97.68725500006586,29.666430999769545],[-97.68722999995151,29.666529999636225],[-97.68722999995151,29.66667299979204],[-97.68695299994208,29.667036000295226],[-97.6868640002536,29.667091000162575],[-97.6868140000249,29.667140999732],[-97.68673799985692,29.667178999731615],[-97.68658700024417,29.66729500021683],[-97.68653700001546,29.667317000266824],[-97.68647400026627,29.667327999899715],[-97.68641099961876,29.667317000266824],[-97.68633500034912,29.66728399979975],[-97.68604599974579,29.667046999958856],[-97.68600100043827,29.666964999669815],[-97.68596399973002,29.66681100024089],[-97.68593199994298,29.666739000335756],[-97.68588799956206,29.66668400027595],[-97.68578299998006,29.666574000066106],[-97.68576200006366,29.666551999853596],[-97.68546599978765,29.666327000277768],[-97.68532600004556,29.66626100024424],[-97.68522700031137,29.666402000192267],[-97.68509000004403,29.666597000176676],[-97.68506599975456,29.666845999883474],[-97.6851879999533,29.667446000002013],[-97.68554399960546,29.668300999782474],[-97.68554799980342,29.668311000202486],[-97.6855539996512,29.668326000050122],[-97.68555799984917,29.668334999801488],[-97.6855820001386,29.668392000289685],[-97.68565099973559,29.66855799980213],[-97.68568000004791,29.668628000200865],[-97.68576600026162,29.66879699974739],[-97.68577299993431,29.66881099964167],[-97.68602200035467,29.669296000016704],[-97.68606400018746,29.669377999966432],[-97.68612799976155,29.66950299990403],[-97.68660599961244,29.670097999662495],[-97.68664999999338,29.67015200032951],[-97.68704199963055,29.670640999932903],[-97.6877289997188,29.671770999981494],[-97.68780999990966,29.671886000003322],[-97.68819499987411,29.672438000150766],[-97.68830100017934,29.672589000019585],[-97.6885170000894,29.672739999661736],[-97.68904000014611,29.67268099961144],[-97.68930799993474,29.67252499988061],[-97.68938099972966,29.672418999975417],[-97.68949799990553,29.672248999643866],[-97.68963900037085,29.672043999642355],[-97.68964600004352,29.672034000374072],[-97.68979099980848,29.671823000048338],[-97.68992899990076,29.671798999720657],[-97.68996200041103,29.671792999832935],[-97.69047200004897,29.671704999617734],[-97.69078599986833,29.671712999995258],[-97.69091399991484,29.67171600033181],[-97.6909330001814,29.671723000076007],[-97.69095699957255,29.671732000303923],[-97.69113800022082,29.671802999905744],[-97.69122299971133,29.671875999938766],[-97.69127399976495,29.671918999740953],[-97.69134300026025,29.67197700038891],[-97.69157000004095,29.672230000213403],[-97.69161699989662,29.672366000371223],[-97.6915580003454,29.67253599972445],[-97.69146399973575,29.672604999852876],[-97.6912629998943,29.67265800011164],[-97.69124600017587,29.67266200026259],[-97.69117000000787,29.672682000234374],[-97.69113900004574,29.672689999753633],[-97.69104500033441,29.672714999710795],[-97.69083899957177,29.672768999753107],[-97.69075499990619,29.672820000243494],[-97.69073700036283,29.672832999736872],[-97.69067399971533,29.672871999767914],[-97.69066500039281,29.672924000045988],[-97.69065500034708,29.672976000297215],[-97.69070100037783,29.673095999693537],[-97.6907199997461,29.673143999724207],[-97.69086500040933,29.673265000317645],[-97.69106600025081,29.673239999716753],[-97.69123199993214,29.672995000367273],[-97.69147200013167,29.672859000279576],[-97.69169399988952,29.6727660002285],[-97.6920160001048,29.67270700019352],[-97.69184399967735,29.67286599994427],[-97.69178099992816,29.672944999805427],[-97.6918040003927,29.673046999801215],[-97.69192800024125,29.67303000019939],[-97.6919459997846,29.67305400023334],[-97.69203299982324,29.673167999730893],[-97.69214900017418,29.673319000064673],[-97.69251099967411,29.673368999659974],[-97.69267399988074,29.67336500031767],[-97.69285499963071,29.673284000333137],[-97.6930379999288,29.67320300028333],[-97.69362999958251,29.673068000315492],[-97.69375699980411,29.672976000297215],[-97.69383100032228,29.672859000279576],[-97.69402799996578,29.672742000125876],[-97.69423600037824,29.67254400003587],[-97.69447599967943,29.672154999961627],[-97.69449599977092,29.672137000361147],[-97.69461899979456,29.671770999981494],[-97.69533099999718,29.671171999763967],[-97.69702599966575,29.66993599982905],[-97.69715299988735,29.669818000306446],[-97.69726500004035,29.669712999761582],[-97.69734899970594,29.66963500035629],[-97.69748299960024,29.669509999802255],[-97.69752100013339,29.66950100015602],[-97.69796299999926,29.669402000091434],[-97.69828400038963,29.669249000367575],[-97.69835600035965,29.66908500019088],[-97.69819399997793,29.668746000339087],[-97.69821700044248,29.668706000387107],[-97.69813500042672,29.668629999966235],[-97.69811600016013,29.668616000046764],[-97.69808699984783,29.668629999966235],[-97.69770600008133,29.66812199974524],[-97.69761400001981,29.667885000317835],[-97.69732500031479,29.667923000036353],[-97.69719300007033,29.667418999726227],[-97.69720800013893,29.667354000304577],[-97.69715299988735,29.666974000323545],[-97.69720999978877,29.66677599980563],[-97.69740700033057,29.666639999894198],[-97.69758800008054,29.666550000046914],[-97.6977970003179,29.666500000183646],[-97.69830500030602,29.666708000263167],[-97.69851100017034,29.66698799969099],[-97.69947699991788,29.66742399998017],[-97.69978099969148,29.66756100028593],[-97.7000350001347,29.667845000023448],[-97.70024500019699,29.66807999976884],[-97.70027100013625,29.6681170003065],[-97.70036900004554,29.668253999668334],[-97.70040400020564,29.668303000334856],[-97.70043900036573,29.668352000196936],[-97.7005359995518,29.66841300021496],[-97.70062599996348,29.668468999994186],[-97.70073800011649,29.668538999674308],[-97.70076200040593,29.668554000268482],[-97.70082500015512,29.668594000280905],[-97.70087600020874,29.66862599965496],[-97.70093800013302,29.668655000152093],[-97.70098199961564,29.66866700030155],[-97.70109299994373,29.668669000066146],[-97.70120699974655,29.668671999712952],[-97.70130700020397,29.668675000140237],[-97.7014290004027,29.66863500016004],[-97.70164299976463,29.668563999882785],[-97.70177800038216,29.66852000032351],[-97.70181199981903,29.668509000040334],[-97.70184100013135,29.66849899964002],[-97.70199099991916,29.668529000057514],[-97.70222899957055,29.66859199973426],[-97.7024429998308,29.668861999797578],[-97.70251700034896,29.669181000155408],[-97.7023659998379,29.669483000080536],[-97.7022810003474,29.66962300032234],[-97.70225200003509,29.66986299994891],[-97.70217000001932,29.669910999961594],[-97.7021680003695,29.669974000333713],[-97.7021969997835,29.67009900031108],[-97.70227999962418,29.670121999615635],[-97.70245200005164,29.670117000276292],[-97.70244899967858,29.670196999822476],[-97.70257500007527,29.670241000209266],[-97.7026040003876,29.670219999885173],[-97.70264600022038,29.670195999955382],[-97.70268600040336,29.67020199993837],[-97.70293400010047,29.67021499977017],[-97.70310900000267,29.670254999902536],[-97.70326999966113,29.670323000169056],[-97.70342100017218,29.67048199978639],[-97.70351099968556,29.670860000061793],[-97.70345100030943,29.671409000031613],[-97.70344200008859,29.671507999681648],[-97.70344000043877,29.671531000225013],[-97.70340600010358,29.671895000216658],[-97.70345999963193,29.672231999907147],[-97.70336000007283,29.672438000150766],[-97.70329099957753,29.672776000204596],[-97.70329899997346,29.673071999669624],[-97.70343100021793,29.67340800026368],[-97.70357900035594,29.673634000222247],[-97.70360100009724,29.67371599975695],[-97.7037020003796,29.673913999880835],[-97.70384899979436,29.674249000176207],[-97.70418199988029,29.674338000332625],[-97.70473400024933,29.674269999658954],[-97.7049989996649,29.674150999930358],[-97.70528200042042,29.674055999855735],[-97.7055190002469,29.674003000333794],[-97.70574100000474,29.67412399989365],[-97.70595000024213,29.674314999650814],[-97.70607499991559,29.674549999888132],[-97.70605099962613,29.67470899984674],[-97.70588699959461,29.67486699973331],[-97.70568300027843,29.67497300018005],[-97.70534000014675,29.675184000140224],[-97.70521499957496,29.675456999901453],[-97.7051810001381,29.675581000274335],[-97.7052099995521,29.675657999937997],[-97.70526300015386,29.675790000116223],[-97.70529999996377,29.67584400006823],[-97.70531699968221,29.67588900013614],[-97.7053789996065,29.675930999973247],[-97.70545499977447,29.67599399969601],[-97.70559600023978,29.676146000276937],[-97.70559200004182,29.67631300006487],[-97.70580499957885,29.676400000344632],[-97.70604899997632,29.676641999793777],[-97.70631500011511,29.676905999734732],[-97.70640600035169,29.677064999870268],[-97.70655799978935,29.677348000289566],[-97.7063360000315,29.677311000026286],[-97.70586200037857,29.677149999903374],[-97.70582499967033,29.677173999734457],[-97.70575100005047,29.67722399975436],[-97.70564200027053,29.67730300009409],[-97.70554699983599,29.677291999991276],[-97.70545700032262,29.67732799968485],[-97.70544700027686,29.67733300022662],[-97.70542600036046,29.677353999845774],[-97.70541799996455,29.677365999737685],[-97.7054000004212,29.677391999888787],[-97.70533199975083,29.677490000097755],[-97.70531400020748,29.677550000242274],[-97.70529699959073,29.677623000005546],[-97.70530800035971,29.677667000264975],[-97.70533400029896,29.6777289998883],[-97.70537600013176,29.677829000131652],[-97.70537299975872,29.678292999741043],[-97.70522799999377,29.678494000351918],[-97.70508999990147,29.67868699995851],[-97.70497899957341,29.67884099993281],[-97.70478399957973,29.679112000353765],[-97.70482600031085,29.679264000123254],[-97.7051619998715,29.679320000103615],[-97.70533400029896,29.679328999651567],[-97.70548900010965,29.679432999746048],[-97.7056609996388,29.67960199986516],[-97.70576299974606,29.679861999974047],[-97.70564100044562,29.68021799976485],[-97.70518600016096,29.680549000291865],[-97.70485200025013,29.680783000244958],[-97.70430999992682,29.68101400037486],[-97.70416699981168,29.681074999736065],[-97.70411699958296,29.68109600013453],[-97.70385499964215,29.68126700009395],[-97.7037249999458,29.681525000289962],[-97.70379899956565,29.681836999678787],[-97.70398000021395,29.68211799965532],[-97.70412599980381,29.682276000385816],[-97.70426200024623,29.68242200002012],[-97.70432900019338,29.68246599974005],[-97.70439500031564,29.682508999696047],[-97.7045269996618,29.682595000333325],[-97.70455799962393,29.682614999890138],[-97.70480100019648,29.68259600007713],[-97.70519299983364,29.68255399990257],[-97.70526900000164,29.682571000235438],[-97.7054070000939,29.68259600007713],[-97.70545499977447,29.682608000123754],[-97.7055059998281,29.682635999966898],[-97.70555100003395,29.682635999966898],[-97.70556500027764,29.682684999868712],[-97.70597199998343,29.68268300038286],[-97.7063779998643,29.68271199994776],[-97.70645099965922,29.6827440002922],[-97.70646800027598,29.68275100004912],[-97.70656199998731,29.68279099987726],[-97.70674100008746,29.682917999791822],[-97.7067510001332,29.682925000317073],[-97.70713000024988,29.683195000136458],[-97.70759700023011,29.683453000066805],[-97.70764300026086,29.68346899973212],[-97.70775600023876,29.683506000070285],[-97.70845099982462,29.683732999695557],[-97.70869299967397,29.68373199996305],[-97.7088500000328,29.683620999937613],[-97.70888299964477,29.683597999818595],[-97.70897999972914,29.68331000035965],[-97.70899800017081,29.683255999735096],[-97.70908600003436,29.683236000305747],[-97.70923400017234,29.68320199986203],[-97.70936100039397,29.68312099999796],[-97.70940800024962,29.683091000031773],[-97.70949500028827,29.683036000330592],[-97.70999400005554,29.682878999755207],[-97.71071700012881,29.682471999771305],[-97.7110250001004,29.68219900032756],[-97.71109000039773,29.682141999861308],[-97.71125000023129,29.681810000145166],[-97.7112939997139,29.681719000073855],[-97.71142099993553,29.681621999838477],[-97.71150899979907,29.681554999943106],[-97.71164299969337,29.68151699991269],[-97.71170499961767,29.68150000018198],[-97.71235800026902,29.6815209997112],[-97.71268899980684,29.681618000043976],[-97.71289499967114,29.6816780000662],[-97.71290800008994,29.68168199985832],[-97.71306799992351,29.681728000187498],[-97.71309100038805,29.681735000015166],[-97.71413800032641,29.682041000256444],[-97.71441000031298,29.68206900025752],[-97.71462700004797,29.682091999945996],[-97.71466999970566,29.68209299969481],[-97.71497600002742,29.682097000250813],[-97.71557400042722,29.68210499980147],[-97.71568499985699,29.682106000330617],[-97.7163760001432,29.68192799964333],[-97.71642100034906,29.681917000046496],[-97.71673699981822,29.681835999927426],[-97.71689900019993,29.681794000215774],[-97.7169820000406,29.681791000179935],[-97.71702600042154,29.681778000283852],[-97.71721499966911,29.681797000251535],[-97.71733199984499,29.68195599967582],[-97.7173610001573,29.681995999820327],[-97.71757000039467,29.68206900025752],[-97.71769199969508,29.682128000262107],[-97.71777100023611,29.682289000217555],[-97.71778700012966,29.682480999817525],[-97.71773699990094,29.68261400014651],[-97.71753400040966,29.682799999894875],[-97.71735000028664,29.682786000387374],[-97.71717200001142,29.682865000258708],[-97.7169469998805,29.683073999786803],[-97.71687599973541,29.683305000115137],[-97.71675899955954,29.68374199962888],[-97.71691699974328,29.68399600001618],[-97.71720499962336,29.684148999933555],[-97.71763999981656,29.68411499979859],[-97.7181150001927,29.683972999982974],[-97.71813799975892,29.683874999850286],[-97.71818799998765,29.683866999660033],[-97.71847900024078,29.68375100034179],[-97.71889799964212,29.683582999907806],[-97.7192409997738,29.683403000023148],[-97.71938999973672,29.68332500031119],[-97.71944900018626,29.683231000057607],[-97.71945099983608,29.68318000016553],[-97.71945599985895,29.683052000062332],[-97.71966699974615,29.682889000286334],[-97.7198480003944,29.682856999988065],[-97.71994799995353,29.68283899996214],[-97.72006000010651,29.682788999613063],[-97.72060200042984,29.68254799987616],[-97.7207489998446,29.68248200034293],[-97.72093700016558,29.6824150002403],[-97.72117800019002,29.68232900022949],[-97.72121400017502,29.682315999622528],[-97.7215000004053,29.682213999664427],[-97.7216209998808,29.682171000362693],[-97.72165299966785,29.68215900026391],[-97.7216979998737,29.682143000390024],[-97.72171100029249,29.682138999835853],[-97.72172999966074,29.682132000036315],[-97.72181500004956,29.682101000026194],[-97.72185199985948,29.682088000170197],[-97.72221699973245,29.68204800006237],[-97.72238699961177,29.682070999755588],[-97.72246299977976,29.682082000116026],[-97.72250799998561,29.682088000170197],[-97.72253599957469,29.682091999945996],[-97.72273899996426,29.68215099993708],[-97.72284400044458,29.682305999814837],[-97.7228519999422,29.682556999915583],[-97.72271399984993,29.68274599977684],[-97.72253899994774,29.682938000064834],[-97.72221699973245,29.683308000105786],[-97.72193499970017,29.68357300022617],[-97.72169100020099,29.68392300019797],[-97.72145000017657,29.68416300003166],[-97.72138099968129,29.684446999706026],[-97.72138099968129,29.684510000335695],[-97.72156300015449,29.68488800016272],[-97.72178499991233,29.685084999637102],[-97.72210399975457,29.68551999978682],[-97.7222629997632,29.685592000292022],[-97.72253399992488,29.685570000338195],[-97.72305399960854,29.685728000325117],[-97.72320099992164,29.68574500012121],[-97.72331200024972,29.685761999914437],[-97.72335300025762,29.685769000241617],[-97.72361000017555,29.685737000079794],[-97.72376199961322,29.685718000076484],[-97.72417000004221,29.685666999885424],[-97.7246060000603,29.685612000032975],[-97.72550900005862,29.685642000027155],[-97.72562500040958,29.685672000012463],[-97.72670099976195,29.68638100020493],[-97.7267459999678,29.686646000027537],[-97.72693199974064,29.68715900036369],[-97.72715199984866,29.68754899983017],[-97.72757600017118,29.687891999824963],[-97.72838799993292,29.688192000362392],[-97.72983099970641,29.68890399976983],[-97.7300190000274,29.689017000344165],[-97.73003300027109,29.689025000124495],[-97.73048799965744,29.689299000215044],[-97.73116800007301,29.689707000321143],[-97.73198499985762,29.690127000260784],[-97.73244500016514,29.690289000336993],[-97.73264799965644,29.690341999857193],[-97.73341500011063,29.69054099967623],[-97.73374499982351,29.690626999683925],[-97.73427000042838,29.69090500029419],[-97.73459199974535,29.691075000294035],[-97.73516199965772,29.691135000133464],[-97.73547800002524,29.691215000123844],[-97.73550899998737,29.6912130000273],[-97.7356100002697,29.691206000079305],[-97.73563500038406,29.691203999982584],[-97.73571999987456,29.691197999692225],[-97.73600500027992,29.69133600003696],[-97.73601500032566,29.6913959997206],[-97.73602500037141,29.691456000148765],[-97.73595599987611,29.69173400002627],[-97.73555199964507,29.692443000372254],[-97.73553499992664,29.69247299988806],[-97.7354269999716,29.69266399989874],[-97.7354200002989,29.692703000040137],[-97.73540299968215,29.692799000083607],[-97.7354060000552,29.692820000373526],[-97.73539199981151,29.692858999673998],[-97.73538199976576,29.69291600030522],[-97.73533999993298,29.693153999675268],[-97.73533300026028,29.693194999683595],[-97.73534800032888,29.69327899970548],[-97.73536599987223,29.693379000085926],[-97.73539000016169,29.69351299967493],[-97.73540900042826,29.69361800033447],[-97.73587100038561,29.69441499979386],[-97.73623299988556,29.694804999972995],[-97.73637099997781,29.694920000176964],[-97.73674800044468,29.695232999739783],[-97.73742899978684,29.695798000089372],[-97.7376589999406,29.69598900002204],[-97.73767499983413,29.69600199964065],[-97.73775400037516,29.69606500004951],[-97.73777000026868,29.69607399965881],[-97.73777600011648,29.696081999657647],[-97.73778799981204,29.69609199965527],[-97.73780399970556,29.69610399965112],[-97.73799200002655,29.69625400025879],[-97.73850500003752,29.696548999655903],[-97.73854900041846,29.696558000002202],[-97.7387000000312,29.696589999839535],[-97.7389960003072,29.696554999626716],[-97.73902899991917,29.696550999646245],[-97.73904999983556,29.696548999655903],[-97.73947300033319,29.69649899988519],[-97.73975500036548,29.6965480000509],[-97.73993199991749,29.69663400037956],[-97.7401019997968,29.696733999761747],[-97.74033899962328,29.696784000195848],[-97.74065900018871,29.69672799980162],[-97.7407550004482,29.696735999748398],[-97.74164400020281,29.696808999623233],[-97.74223000000875,29.696731000171873],[-97.74269799981388,29.696670000168606],[-97.74304299959537,29.69677499986982],[-97.74328600016794,29.69696699988694],[-97.7436290002996,29.697496000368595],[-97.74364099999518,29.697579000321177],[-97.743642999645,29.697591000139422],[-97.7436490003911,29.697637999803856],[-97.74350600027596,29.698516000152598],[-97.74334700026729,29.698840999885697],[-97.74284299957883,29.699082000346152],[-97.74231899969719,29.699533999793122],[-97.74199300018228,29.699751999828308],[-97.74113399966656,29.700097999793254],[-97.74047300041588,29.700193999793367],[-97.74016100024636,29.700240000232323],[-97.73982200031263,29.700370000205485],[-97.73929800043099,29.700652999769417],[-97.73854100002254,29.70120599990257],[-97.73816100008095,29.7014199996436],[-97.73761499955967,29.701670000047145],[-97.7373209998318,29.701804999834685],[-97.73699600014179,29.701954000181356],[-97.73690300025538,29.702025999834987],[-97.73679699995016,29.70221900028842],[-97.73672099978216,29.702825000340876],[-97.7367080002617,29.70293100017261],[-97.7364689998871,29.70391600017891],[-97.73610700038716,29.704748999881325],[-97.73594199963242,29.705629000304114],[-97.73612099973255,29.707264000225177],[-97.73619900044866,29.70759000001675],[-97.73621299979405,29.707650000135878],[-97.73658699988788,29.70920400001835],[-97.73659399956058,29.70949099990324],[-97.73651499991786,29.709910999835618],[-97.7365679996213,29.710554000027212],[-97.73658299968992,29.710728999985346],[-97.73673400020097,29.71098499973134],[-97.73677000018598,29.71104599962328],[-97.73689499985944,29.71117800013232],[-97.73691300030112,29.711197000002212],[-97.73709499987599,29.711388999758157],[-97.7371860001126,29.711484999888583],[-97.73782499962196,29.711835000155556],[-97.73794599999577,29.71190099991315],[-97.73796400043744,29.71193799992373],[-97.73804899992794,29.712114000040568],[-97.73823300005097,29.712491999780596],[-97.73823800007384,29.712508000283137],[-97.73831000004385,29.712726000243972],[-97.73830800039403,29.712744000377107],[-97.73832000008959,29.712754999719994],[-97.73833599998312,29.712804999980527],[-97.73835199987664,29.71285200032765],[-97.7383689995951,29.712904999646813],[-97.73839299988452,29.712925999634315],[-97.73842600039481,29.712956000054596],[-97.73853799964948,29.712996999782337],[-97.73862399986321,29.7129920002351],[-97.73870099985612,29.712988000128995],[-97.73901300002564,29.712866999769776],[-97.73939299996725,29.71271999967879],[-97.73942899995225,29.712705999658915],[-97.73963900001453,29.71259299998418],[-97.73977899975661,29.712518000205797],[-97.74018499963748,29.71246099977503],[-97.74021999979759,29.71246600012894],[-97.74047099986774,29.712501000258616],[-97.74054000036303,29.712509999955675],[-97.7405579999064,29.712511999628124],[-97.7408059996035,29.712546999741832],[-97.74111899959794,29.712590000087715],[-97.74136399982032,29.712587999636604],[-97.74146400027776,29.712546000296047],[-97.74149199986685,29.712533999923963],[-97.74183900019649,29.712385999898036],[-97.74243000002527,29.712267000051057],[-97.74254399982809,29.71224400024797],[-97.74264000008756,29.71222499979604],[-97.74307799975546,29.711970000322598],[-97.74337800022943,29.711949000135142],[-97.74380800039977,29.711919999646163],[-97.74387199997386,29.711889999696474],[-97.74393800009611,29.71185999973782],[-97.74401799956371,29.71187299964296],[-97.74410799997541,29.711886999779054],[-97.74428000040287,29.712312000193357],[-97.74456800028294,29.71256600013281],[-97.74493300015592,29.712689999968152],[-97.74501299962355,29.71266199991807],[-97.74509800001238,29.712605000349217],[-97.74516499995953,29.712515000307143],[-97.74525000034834,29.712395999832847],[-97.74529600037908,29.712346000148784],[-97.7454100001819,29.71226299991607],[-97.74541299965664,29.712060000072988],[-97.74545000036488,29.71200000024838],[-97.74548700017479,29.711889999696474],[-97.74557099984038,29.711743999969475],[-97.74564799983327,29.71168399995597],[-97.74570399990978,29.71164500016198],[-97.74575800033645,29.711610999969178],[-97.74580799966684,29.7115599996584],[-97.74586200009354,29.711514999959284],[-97.74589899990345,29.711450000184882],[-97.74591599962189,29.711433000056882],[-97.7459299998656,29.711412999994412],[-97.74598000009429,29.711374000095223],[-97.74600900040662,29.711368000229392],[-97.74604000036875,29.71133399994279],[-97.74609100042238,29.711297999948005],[-97.74610200029304,29.711303000359845],[-97.74615499999649,29.71127799985864],[-97.74625999957847,29.71125499982901],[-97.74635800038607,29.711246000019514],[-97.74650700034898,29.711189999886297],[-97.74663899969515,29.711140999841675],[-97.74692099972746,29.71109599995475],[-97.74728099957757,29.71113200002195],[-97.74773800041037,29.711091999773114],[-97.74810499993318,29.71107199964272],[-97.74851699966183,29.71107199964272],[-97.74898799984003,29.711103000077216],[-97.74922499966648,29.711168000076242],[-97.74943700027691,29.71128900014238],[-97.74965400001189,29.711421999788985],[-97.74982399989119,29.711563000365807],[-97.74985499985334,29.711811000020173],[-97.74974500024848,29.71193799992373],[-97.74955600010259,29.712028999934027],[-97.74930699968226,29.71204499973013],[-97.74889800032666,29.712074000183012],[-97.74849699957035,29.71210500030808],[-97.74822399975888,29.71214699983311],[-97.74797000021398,29.712203999661927],[-97.74781700005309,29.712245999925777],[-97.74769900005231,29.712274000091874],[-97.74758299970135,29.712274000091874],[-97.74750700043171,29.712265999822307],[-97.7472399995697,29.712118000181533],[-97.7472399995697,29.7121339999634],[-97.74723899974478,29.712214999844207],[-97.7471059996754,29.712336000208985],[-97.7468810004428,29.71243200021416],[-97.74664999956582,29.71255600021493],[-97.74640699989158,29.713013999645476],[-97.74652599971725,29.71343700031631],[-97.74696400028348,29.71370899971028],[-97.74697199978107,29.713832000261284],[-97.74709399997982,29.714016999740583],[-97.74731800028582,29.71420999977455],[-97.74738500023295,29.714268000201393],[-97.74740699997426,29.714276999739997],[-97.74742500041593,29.714283999640674],[-97.74746300005076,29.714298999648992],[-97.74754099986856,29.71432899965906],[-97.74771999996871,29.714397999960237],[-97.74836299967603,29.714464000373525],[-97.74902499964995,29.714532999801655],[-97.74937500035261,29.714512000150286],[-97.7495150000947,29.714504000059076],[-97.74998399972476,29.71463099967688],[-97.75001700023505,29.71464999967346],[-97.7501829999164,29.714744000178506],[-97.750450999705,29.714895999879346],[-97.7510850000898,29.71525699980682],[-97.75138399984057,29.71547699965333],[-97.75139700025935,29.71548700006047],[-97.75151400043522,29.715573999971593],[-97.7519000002246,29.715860000179205],[-97.75195200010313,29.715898999896176],[-97.7519789998673,29.715918999845176],[-97.75209400039334,29.716003000367614],[-97.75218899992959,29.71607299970903],[-97.75250399957386,29.716305000030573],[-97.75293999959196,29.716625999967953],[-97.75327500022603,29.71677199961684],[-97.75474099956574,29.717409000051912],[-97.75477499990092,29.717420999841305],[-97.75486600013751,29.71745300005277],[-97.75565500033302,29.71772800001101],[-97.75634499989602,29.717802999797982],[-97.7565480002856,29.717824999714434],[-97.75682100009708,29.717765000214573],[-97.75683399961757,29.717752999686184],[-97.75697900028084,29.7176149997477],[-97.75704299985493,29.717553999946205],[-97.75715699965775,29.717319999814],[-97.75716300040385,29.71730800001253],[-97.75721799975712,29.717197999815387],[-97.75727300000871,29.717083000154208],[-97.75727999968139,29.71706899996258],[-97.7573149998415,29.716998000353914],[-97.75760600009464,29.716852000253493],[-97.7578089995859,29.716733000239042],[-97.75798900040928,29.71659199990165],[-97.75812499995341,29.716434000085016],[-97.75850099969703,29.716023000295852],[-97.75862700009372,29.715735000164145],[-97.75864200016234,29.715481999857023],[-97.75862899974355,29.715270000052296],[-97.75866399990366,29.715045000307136],[-97.7586739999494,29.714984999925843],[-97.75868900001802,29.714889000021337],[-97.758869999768,29.714736000105717],[-97.75904200019544,29.71459200024752],[-97.7599829998286,29.714156000154123],[-97.76025200034043,29.714076999920266],[-97.76026700040904,29.714064000300457],[-97.7602930003483,29.714064000300457],[-97.76038600023472,29.714037000064543],[-97.76050400023551,29.71400199969007],[-97.7605319998246,29.71399400033841],[-97.76057899968026,29.71397999971597],[-97.76059200009905,29.71396599987179],[-97.76146599978505,29.713719000293484],[-97.76221499979759,29.713279999653768],[-97.76223800026212,29.713272999683078],[-97.76225499998057,29.713259999959224],[-97.76251299972343,29.713063000336447],[-97.7625389996627,29.71304299981846],[-97.76263900012012,29.71296700015447],[-97.76265400018875,29.712954999832654],[-97.76279399993082,29.71284800021592],[-97.76285900022815,29.712869999657908],[-97.76308199981091,29.712946000175545],[-97.76336399984324,29.71304200037761],[-97.76348299966891,29.713158999646467],[-97.76370500032507,29.713379000189583],[-97.7637429999599,29.7134159996555],[-97.76388299970198,29.713674000001674],[-97.76413799997012,29.714467000213936],[-97.76449699999533,29.714943000027695],[-97.76457900001108,29.715052000154266],[-97.76459200042986,29.715064000225357],[-97.76461099979812,29.71515099972288],[-97.76462800041487,29.715181999678016],[-97.76463099988962,29.715224999675513],[-97.76470500040779,29.715477999850137],[-97.76480900016485,29.71566799961143],[-97.76512999965689,29.716216999783416],[-97.76517700041089,29.716298000270818],[-97.76519099975627,29.716322000113745],[-97.76524900038089,29.716422000177687],[-97.76551200014664,29.716872000012625],[-97.76558800031462,29.717002999701652],[-97.76566100010956,29.717127999698153],[-97.76578099976015,29.71723400003501],[-97.76612100041709,29.717534000323006],[-97.7668689997064,29.717821999974372],[-97.76741400040275,29.718251000125175],[-97.76764500038144,29.71834199987417],[-97.76786100029149,29.718427000096735],[-97.76832200042396,29.71888299972228],[-97.76837099992943,29.718962000074743],[-97.76845899979298,29.719103000203656],[-97.76851099967152,29.71930400031063],[-97.7685159996944,29.719322000044386],[-97.76853999998384,29.719416000075267],[-97.76855199967942,29.71973700020596],[-97.76847499968652,29.720051999963243],[-97.7683330002946,29.72026700025771],[-97.7676360001606,29.720704999842866],[-97.76702299969219,29.721163999681377],[-97.76673300016228,29.72159300037075],[-97.76665600016939,29.721640999859172],[-97.76663400042807,29.7216550001932],[-97.76652599957474,29.721721999870258],[-97.76646600019859,29.721759000161754],[-97.76636800028929,29.72172699976286],[-97.76634900002273,29.721729000031857],[-97.7661420003335,29.721654000057995],[-97.76519800032729,29.72158999996309],[-97.76513100038012,29.72159300037075],[-97.76510299989272,29.721593999726462],[-97.76491499957174,29.721600999896992],[-97.76472499960094,29.721606999931364],[-97.76470799988252,29.72160800006704],[-97.76421699961283,29.7216270003033],[-97.76353600027068,29.721766000320834],[-97.76269199982357,29.722204999734995],[-97.76204200044356,29.722644000349394],[-97.76157799993805,29.72304800026299],[-97.76115600016367,29.723225999863228],[-97.76114199991996,29.72323999997619],[-97.76091400031432,29.723328000307063],[-97.76056799980961,29.723579000108824],[-97.76050099986246,29.723609999801425],[-97.76048800034197,29.723608999685716],[-97.76019100024105,29.72371999999244],[-97.75949499993197,29.723805000341148],[-97.75947900003844,29.723806999788657],[-97.75940100022063,29.723816000032222],[-97.75935900038785,29.723820999820504],[-97.759342999596,29.723823000047833],[-97.75921899974745,29.723838000190955],[-97.75905700026404,29.723945999907283],[-97.75903200014969,29.723990000162853],[-97.75893099986735,29.724170999983066],[-97.75885300004956,29.72437900005858],[-97.7588070000188,29.724500999909807],[-97.758765000186,29.724612000010076],[-97.75860100015447,29.725046999830912],[-97.75860000032955,29.725207999650536],[-97.7586959996907,29.725518999791774],[-97.75903299997461,29.725875000052067],[-97.75922499959522,29.72593600025697],[-97.75926399995329,29.725848999966228],[-97.7593209998547,29.725820999686256],[-97.75934000012128,29.72571100023803],[-97.75930400013627,29.725630000326166],[-97.75929599974035,29.725612000163554],[-97.75926399995329,29.7255019997061],[-97.75927099962597,29.725365000379096],[-97.75934000012128,29.72523299980287],[-97.75947300019065,29.7251060003375],[-97.75961100028292,29.72504599972946],[-97.75982499964483,29.72504599972946],[-97.7599829998286,29.725128000213434],[-97.76007099969213,29.72523299980287],[-97.7601660001267,29.725452999626647],[-97.7602079999595,29.72549100019983],[-97.7602659996858,29.725453999724053],[-97.76048099977096,29.72538800029629],[-97.76070099987899,29.725382999805955],[-97.76080800000912,29.72540499962115],[-97.76097899971333,29.72549299961374],[-97.76104200036083,29.72555299995446],[-97.76107900017077,29.725619000053804],[-97.76109000004142,29.725649999896348],[-97.7610959998892,29.725666999956946],[-97.76110000008717,29.725679000319197],[-97.76111099995782,29.725706999858723],[-97.7611229996534,29.725805999839547],[-97.76111699980561,29.725911000279783],[-97.76105400005642,29.726102999976],[-97.76088300035218,29.72647200007936],[-97.76081999970468,29.726639999772008],[-97.76079799996339,29.72669800003709],[-97.7607850004429,29.726731999800236],[-97.76077899969681,29.726748000373142],[-97.76075500030566,29.726812000298906],[-97.76066300024416,29.72705400001495],[-97.76058500042636,29.727083000032046],[-97.76069099983326,29.727762999858914],[-97.76090400026858,29.728020999991497],[-97.76103800016287,29.72812000002948],[-97.7611229996534,29.728182999790107],[-97.76128000001222,29.728299000062975],[-97.76158700015888,29.72838899999407],[-97.76179499967303,29.72838899999407],[-97.76187300038914,29.72838899999407],[-97.76188699973454,29.728380000160595],[-97.76192899956733,29.728352999875305],[-97.76202800019985,29.728290000221484],[-97.76204900011624,29.72827700010225],[-97.76205499996404,29.72826500005069],[-97.7620740002306,29.728260999773166],[-97.7622650000263,29.72813999988346],[-97.76238600040014,29.72810300038448],[-97.76257800002075,29.72804400007993],[-97.76276600034174,29.72798599981285],[-97.76286300042611,29.727955999984317],[-97.76290899955853,29.72794199974927],[-97.76295299993949,29.7279280002923],[-97.76299999979516,29.727912999980457],[-97.7633630000183,29.72790600025022],[-97.76373899976194,29.72789899973934],[-97.76413100029741,29.728001000113778],[-97.76501400020426,29.72837199961455],[-97.76515899996922,29.728432999861642],[-97.76527500032017,29.728482000046064],[-97.76530000043454,29.728543000226225],[-97.7653480001151,29.728658000017486],[-97.76541300041244,29.728813999964608],[-97.76562599994946,29.72902900020929],[-97.76636999993912,29.729473000119942],[-97.76688600032315,29.72969300000827],[-97.76770300010776,29.73018300008232],[-97.76879400042706,29.730945999634244],[-97.76890700040497,29.73101700029626],[-97.77096000027382,29.732305000011806],[-97.77128699961365,29.732626000256122],[-97.77141200018545,29.73280900014714],[-97.7715080004449,29.73295100034411],[-97.77158200006475,29.733031999806038],[-97.77167599977608,29.733185999931795],[-97.77174299972323,29.733247000372046],[-97.77216600022085,29.733634000229635],[-97.77218600031233,29.733652999748813],[-97.77228699969636,29.73379700033954],[-97.77232500022951,29.733878999911912],[-97.77232500022951,29.733973000347476],[-97.77230599996294,29.734039000368394],[-97.77225599973421,29.73410500034582],[-97.77219899983282,29.734149000046692],[-97.77211099996927,29.734181999614623],[-97.77202200028081,29.73419799977945],[-97.77192799967116,29.734186999666424],[-97.77145499984313,29.73370799981465],[-97.77142399988101,29.733642000356078],[-97.77138600024617,29.733520999935752],[-97.77136100013182,29.73314199980852],[-97.77140299996461,29.73307800002032],[-97.7714449997974,29.73301500021332],[-97.77131500010105,29.732873000106963],[-97.77127400009319,29.732839000084642],[-97.77095100005297,29.733013000169244],[-97.77085399996862,29.733110999940582],[-97.77084599957269,29.733119000108722],[-97.77055600004277,29.733412000366947],[-97.77049900014137,29.73346999983732],[-97.77044499971471,29.733715999935185],[-97.77049900014137,29.733806999701205],[-97.77049999996628,29.73389800016474],[-97.7705009997912,29.733929999802335],[-97.7705009997912,29.73395000005822],[-97.77042899982116,29.73410100030115],[-97.77037100009484,29.73422100001185],[-97.77020399969027,29.734570999778242],[-97.77017600010119,29.734819000304256],[-97.7702120000862,29.73517700032814],[-97.77029900012482,29.735488999986813],[-97.77047700040005,29.735812000171062],[-97.77066900002069,29.736321999781207],[-97.77073799961767,29.7367829999122],[-97.77069900015792,29.737819000292316],[-97.77069400013504,29.73783599985091],[-97.77043700021709,29.738675000227293],[-97.7703669998969,29.738922000003033],[-97.77035600002624,29.738937000228773],[-97.7703400001327,29.738990999774778],[-97.77019600019267,29.739248999891405],[-97.76997600008464,29.739508000081557],[-97.76869499979453,29.740664000195526],[-97.7686200003498,29.74073200038369],[-97.76854599983163,29.740797999856973],[-97.76823399966209,29.741080000166193],[-97.7682489997307,29.74125200011485],[-97.76856400027329,29.741630000080942],[-97.76866499965732,29.741680999930118],[-97.76876400028983,29.741729999883162],[-97.76886999969672,29.74178400026526],[-97.76888099956739,29.7417889999381],[-97.76953500004366,29.741897999763168],[-97.76960399964065,29.741909999743854],[-97.77013799956804,29.741939000146143],[-97.7703810001406,29.741905000077054],[-97.77054199979906,29.741791999741643],[-97.7705719999363,29.741771000334836],[-97.77062700018789,29.741765999881167],[-97.77064499973123,29.741764000011575],[-97.77066700037086,29.74176200014202],[-97.7708179999836,29.741747000338798],[-97.77094199983216,29.74175499981815],[-97.77098600021309,29.741807000318108],[-97.77113000015312,29.741976000001817],[-97.77148499998037,29.74205600004348],[-97.77162200024773,29.74205899983912],[-97.7716490000119,29.74205999977091],[-97.77200300001422,29.741979999732425],[-97.77202099955757,29.741979999732425],[-97.77206999996137,29.741980999665014],[-97.77230000011515,29.74198400024282],[-97.77235399964351,29.74198400024282],[-97.77244999990297,29.74198500017542],[-97.77252900044401,29.74198600010802],[-97.77259800004097,29.74205899983912],[-97.77271199984379,29.742179000168427],[-97.7728590001569,29.742238999889206],[-97.77314399966393,29.74204599994427],[-97.77327000006062,29.741920999789876],[-97.77328900032721,29.741902000276884],[-97.77334000038083,29.74185199969403],[-97.77336399977195,29.741827999717398],[-97.77355000044312,29.741643000029658],[-97.773944999555,29.741552000353156],[-97.77406199973088,29.741584999825402],[-97.77427400034131,29.741750000143615],[-97.77436999970246,29.74194399981125],[-97.77436399985466,29.742157000131776],[-97.774168999861,29.742510000065884],[-97.77414399974664,29.742555999833236],[-97.77402499992094,29.742772000188022],[-97.7740080002025,29.742802000265492],[-97.77388299963073,29.74311999991095],[-97.77384900019385,29.74320700004293],[-97.77387299958498,29.74351200025924],[-97.77387799960785,29.743579000159432],[-97.7738809999809,29.743618000022558],[-97.77388699982868,29.743636999990343],[-97.77392199998877,29.74373500030077],[-97.77400200035473,29.74393800002629],[-97.7742750001662,29.744150000100092],[-97.77432000037206,29.744159999989485],[-97.77436999970246,29.744171999699493],[-97.77455999967324,29.74421000020148],[-97.77457300009203,29.744219000174635],[-97.77488500026156,29.744290999930474],[-97.77490899965271,29.74429700016777],[-97.77494999966058,29.744306000133058],[-97.77512299991294,29.744400000155707],[-97.7751339997836,29.74441600025036],[-97.77514899985222,29.74443699988324],[-97.7752259998451,29.744548999670908],[-97.77525000013455,29.74458400031008],[-97.77548199993815,29.744920000365045],[-97.77552399977094,29.744980999908396],[-97.77557399999965,29.74504599980292],[-97.77558200039557,29.745065000280075],[-97.77562900025124,29.745132999823756],[-97.77598900010135,29.74530000034248],[-97.77629600024801,29.745530000368095],[-97.77658800032606,29.745943999864622],[-97.77659699964858,29.745957000034018],[-97.77677900012178,29.74621500016731],[-97.77691100036625,29.746401999776424],[-97.77711200020771,29.746687000361614],[-97.77771999975492,29.747112000016816],[-97.77802100005381,29.74721400035235],[-97.77846899976747,29.74716200031656],[-97.77855199960815,29.74718699967719],[-97.77867999965467,29.747224999816446],[-97.77879500018071,29.747258999641534],[-97.77903500038022,29.74720900017006],[-97.78005100035645,29.747303999690477],[-97.78066300010165,29.747296999753498],[-97.78155900042727,29.747532999921336],[-97.7816039997348,29.7475450000076],[-97.78166400000924,29.747553999681337],[-97.78167800025297,29.74756499988808],[-97.78172599993354,29.74757799984729],[-97.78177199996429,29.747589999928163],[-97.78190199966063,29.747623999629415],[-97.7820399997529,29.74769899968672],[-97.78219000043903,29.7478649999572],[-97.78222899989878,29.74807300003969],[-97.782110999898,29.74833800005216],[-97.78190900023165,29.748514000279567],[-97.78148900010707,29.74865099996802],[-97.78112699970882,29.748619000347894],[-97.7810189997538,29.748512999632194],[-97.78098100011896,29.748445000041134],[-97.78095099998173,29.748391999995253],[-97.78090800032402,29.74831499993757],[-97.78083999965365,29.748194000061655],[-97.78072699967575,29.748097000081472],[-97.78060700002513,29.747994999864346],[-97.78048800019945,29.747839000111533],[-97.78044800001649,29.747786999620022],[-97.78027399993921,29.747696000059875],[-97.78024700017504,29.747696999935535],[-97.78023499958114,29.747696999935535],[-97.77999100008199,29.747704999720128],[-97.77980199993611,29.7477679996587],[-97.7794639998273,29.74820899968038],[-97.77943899971295,29.7484219999511],[-97.77948300009388,29.74868099984635],[-97.77948899994166,29.748713000226626],[-97.77951099968297,29.74884199994988],[-97.77951900007889,29.748854999743504],[-97.77953499997241,29.74888199996944],[-97.77957000013251,29.748938999989182],[-97.77957500015539,29.748948000317718],[-97.77958699985093,29.74896799991837],[-97.77965200014827,29.74901200011765],[-97.77978000019479,29.74909899981673],[-97.77996799961747,29.74937699996276],[-97.77997099999051,29.749425000196084],[-97.77998299968608,29.74944600033965],[-97.78002600024209,29.750198000057008],[-97.78012400015137,29.750348000163793],[-97.78012999999918,29.750357000365835],[-97.7801459998927,29.750379000163065],[-97.78016000013639,29.750386999733646],[-97.78033500003859,29.75043600011155],[-97.78037600004646,29.75044700000213],[-97.78049599969705,29.750544000048237],[-97.7805550001466,29.750610999928824],[-97.78071300033037,29.75079000037959],[-97.7807230003761,29.75080100023127],[-97.78084600039975,29.750940000380414],[-97.78105899993677,29.751595000093918],[-97.78111699966308,29.75220099993567],[-97.78109499992178,29.752451000192885],[-97.78114400032557,29.75254100028881],[-97.78123700021199,29.75270899999176],[-97.78116600006689,29.75295099961665],[-97.78098799979166,29.75323499970099],[-97.78066300010165,29.753599999767367],[-97.78053199968207,29.753747000016972],[-97.78043700014582,29.753853999691657],[-97.78043200012296,29.75387300005929],[-97.78041899970417,29.753957999812634],[-97.78040700000861,29.75404400008616],[-97.7803369996884,29.754323000365726],[-97.78031300029727,29.75441899997206],[-97.7802880001829,29.75451500026635],[-97.78024700017504,29.754677999970475],[-97.78024299997708,29.754696000376082],[-97.78023899977912,29.75471200038725],[-97.78023200010642,29.754742000011493],[-97.78022799990846,29.75475899982051],[-97.78026800009144,29.754778999821582],[-97.78030999992423,29.754798999818608],[-97.7804129998564,29.754909000121003],[-97.78045800006223,29.755064999789823],[-97.78049400004724,29.75519200031574],[-97.78052099981142,29.755288999669492],[-97.7807719998816,29.75561599999117],[-97.78078899960002,29.75572200021466],[-97.78071499998018,29.75587999976581],[-97.78031499994708,29.75594499961247],[-97.78020199996918,29.756022999840773],[-97.7801890004487,29.756043000369434],[-97.78015599993843,29.756055000216854],[-97.78015400028862,29.756074999959257],[-97.78015099991558,29.756107000318686],[-97.78014400024287,29.756265999832944],[-97.78021600021289,29.75653100002251],[-97.78021899968762,29.756541000236627],[-97.7802310002815,29.756560000094872],[-97.78024299997708,29.756578999949507],[-97.78035199975702,29.756750999824124],[-97.78037600004646,29.756787999672394],[-97.78038299971915,29.756794999726477],[-97.78126700034923,29.757301000334742],[-97.7815760001457,29.757577999792115],[-97.78172400028372,29.757830999998603],[-97.78174699984994,29.758009000260472],[-97.78170900021509,29.758144999677963],[-97.781525999917,29.758272000200176],[-97.78120799989968,29.758211999936652],[-97.78116299969383,29.758192999611794],[-97.78113400027983,29.758181000020368],[-97.78112300040917,29.7581760003852],[-97.78108900007398,29.75816199968963],[-97.78087999983661,29.758074000286044],[-97.78067999982007,29.758089999757985],[-97.7805409999029,29.75820599975236],[-97.78050300026807,29.758245000164028],[-97.78049400004724,29.758295000369625],[-97.78046200026017,29.758484000375564],[-97.78058500028384,29.758876999679977],[-97.78076699985871,29.759115999943955],[-97.78091699964654,29.75925800032032],[-97.78115600002114,29.75948500024034],[-97.78140899974113,29.75961400013753],[-97.78152000006921,29.75966999975708],[-97.78161600032868,29.759719000275897],[-97.78341499975433,29.760103999841707],[-97.78459800013513,29.760524000020563],[-97.78591799988497,29.760807999700884],[-97.78637999984234,29.7609590000489],[-97.7866650002477,29.76099200015142],[-97.78704099999133,29.76094700000889],[-97.78705500023504,29.760940999988357],[-97.787095000418,29.760923999668275],[-97.78733999974207,29.760821000282036],[-97.7874250001309,29.76080199967202],[-97.78841500016786,29.760580999658487],[-97.78895800031607,29.760415999919896],[-97.78938099991537,29.76024600037766],[-97.7897070003286,29.760115000230897],[-97.78988700025366,29.760015000051208],[-97.78994499997997,29.759983000159817],[-97.79012400008011,29.75988400038232],[-97.79021399959349,29.75985099991489],[-97.79092099977323,29.75958999973402],[-97.79148900003582,29.759509999647012],[-97.79226599963744,29.75953300031218],[-97.79253900034722,29.759463999860536],[-97.79265700034802,29.75940599982835],[-97.79268300028728,29.759392999843477],[-97.79281399980852,29.759256999780142],[-97.79289800037242,29.75911299987892],[-97.79307400009952,29.75881299994001],[-97.79307599974935,29.758803999717397],[-97.79327099974302,29.757861000248905],[-97.79320100032115,29.757368000377816],[-97.79315600011529,29.757209000272397],[-97.79314600006954,29.757173000360623],[-97.79292799961135,29.756397000332047],[-97.79290599987003,29.75590000032302],[-97.79296500031957,29.75479599962434],[-97.79291599991576,29.75419200027529],[-97.79300299995441,29.75404000005692],[-97.79307300027462,29.75391699966538],[-97.79308800034322,29.753890999829572],[-97.79314100004667,29.753798999756512],[-97.7931429996965,29.75378000015477],[-97.7931710001839,29.753746000201684],[-97.79340800001037,29.753499000288006],[-97.79356399964598,29.75333600022632],[-97.793643000187,29.75325300036573],[-97.79389400025717,29.753070000345822],[-97.79397100025008,29.752943000250667],[-97.79406999998426,29.752874999765123],[-97.79421800012229,29.752772999730215],[-97.79441899996372,29.752788000223553],[-97.79533399965761,29.75247800023019],[-97.79592500038473,29.752333000118007],[-97.7974729997402,29.75218000036925],[-97.7975289998167,29.752182000031013],[-97.79761599985534,29.75216599961599],[-97.79781900024493,29.752145999873434],[-97.79804900039869,29.75222099966726],[-97.79846199995225,29.75222800004033],[-97.79886500035839,29.75229799984434],[-97.79929899982834,29.752266999658612],[-97.79939599991272,29.75226000006824],[-97.79967799994502,29.752301000113377],[-97.79993400003805,29.752464000298403],[-97.79994800028176,29.752473000310463],[-97.79997000002307,29.75248700024099],[-97.80006799993237,29.752548999686866],[-97.80026999959873,29.75267899975904],[-97.80029300006325,29.75269400026645],[-97.80046799996545,29.75280500036405],[-97.80050499977536,29.752816999819192],[-97.8006470000656,29.752864000141034],[-97.80077699976195,29.7529070003664],[-97.80080799972407,29.75291700016226],[-97.80084799990705,29.75293000020727],[-97.80096300043309,29.75307199998989],[-97.80102899965702,29.753116999769134],[-97.80112200044174,29.753179000385135],[-97.80123500041964,29.753344000340775],[-97.80124200009234,29.75345700013474],[-97.80118400036602,29.753582999761765],[-97.80107300003796,29.753722999768083],[-97.8010350004031,29.75387700009513],[-97.80110700037312,29.75396800028355],[-97.80111499987075,29.75397799997355],[-97.80112499991648,29.75399099988097],[-97.80124999958994,29.754098999886853],[-97.80136099991803,29.754193999896923],[-97.8015919998967,29.754258000247027],[-97.80172400014118,29.754231999719764],[-97.80202999956461,29.754172999968137],[-97.8024010001837,29.75401800028334],[-97.80263899983508,29.75387300005929],[-97.80271800037613,29.75382499961615],[-97.8027669998816,29.753794999717503],[-97.80290300032404,29.753712000237055],[-97.80317399958737,29.75362899990797],[-97.80341600033503,29.753650999766997],[-97.803597000085,29.75373099985171],[-97.80369499999429,29.753890999829572],[-97.80364499976558,29.754060000201473],[-97.8036680002301,29.75408699980531],[-97.80371900028372,29.754147000198778],[-97.8037440003981,29.754504999850028],[-97.80381999966775,29.754637000117675],[-97.8038289998886,29.754653000138322],[-97.8039789996764,29.75491399991916],[-97.8039639996078,29.755266000369925],[-97.80374900042095,29.755612999821356],[-97.8035629997498,29.75576599978888],[-97.80341299996196,29.755887999677217],[-97.80329199958815,29.755988000075806],[-97.80324300008266,29.756028000363244],[-97.80321999961812,29.756062000322096],[-97.80319399967887,29.75610199980016],[-97.80304499971595,29.756327000271174],[-97.80302700017259,29.756354999833473],[-97.80301999960159,29.75636599985438],[-97.80303100037055,29.756640000197223],[-97.8030339998453,29.756721999806988],[-97.80310300034057,29.7568889997368],[-97.80312300043208,29.756897000347532],[-97.80317699996044,29.756917999705564],[-97.80322100034137,29.75693499992537],[-97.80328900011342,29.75696099975143],[-97.80369400016937,29.756981999875926],[-97.80378299985783,29.757055000385854],[-97.80385900002581,29.75725699987466],[-97.80381999966775,29.757432000260824],[-97.80323300003693,29.758329000339188],[-97.8032170001434,29.758348999627852],[-97.80319200002904,29.758381000041044],[-97.80308700044706,29.758512999882793],[-97.80299799986028,29.758625000321135],[-97.80299100018757,29.75864099970511],[-97.8029779997688,29.758650999708728],[-97.80284499969942,29.758733000012565],[-97.80252500003228,29.758789000124438],[-97.8023519997799,29.75888400036801],[-97.80219100012143,29.758908999924575],[-97.80203200011277,29.758875000151775],[-97.80191400011199,29.758849000042503],[-97.80165299999608,29.75879299996414],[-97.80163700010256,29.758789999889437],[-97.80162899970664,29.75879600003878],[-97.80158799969875,29.758825000235554],[-97.80153699964512,29.758863999626467],[-97.80152400012466,29.758871000315352],[-97.80147600044407,29.758905000089552],[-97.80143799991093,29.758931999947883],[-97.80142100019249,29.75894499999258],[-97.80114500000796,29.758993000323073],[-97.80087200019648,29.75916700025608],[-97.80067999967756,29.75957099967037],[-97.80066399978404,29.759604000230073],[-97.80049399990473,29.759964000170736],[-97.80024500038269,29.760870999982167],[-97.80005799988662,29.762231000037083],[-97.80001500022891,29.7625459996933],[-97.79987999961138,29.762880999862638],[-97.79979799959563,29.763085000308557],[-97.79978199970209,29.76312400038096],[-97.79974499989218,29.763215999691663],[-97.79992300016741,29.763991999942217],[-97.7999290000152,29.76401899998942],[-97.79998000006881,29.764097000171645],[-97.8001199998109,29.764313000119447],[-97.8001419995522,29.76434700038652],[-97.80018799958296,29.764418000012448],[-97.80021400042055,29.764503000179484],[-97.80026200010111,29.764655999830534],[-97.80025999955299,29.76484600001992],[-97.80025899972807,29.764903000318416],[-97.80024200000965,29.764957999617994],[-97.80022899959086,29.764998999926977],[-97.80018500010823,29.76514399964868],[-97.80017900026046,29.765163000215107],[-97.80012999985665,29.765319999996972],[-97.80006999958219,29.765519999804752],[-97.80016400019183,29.76583400034287],[-97.80019400032907,29.765932000006337],[-97.80027899981955,29.766206999616266],[-97.80040699986607,29.766364999790806],[-97.80065600028641,29.76667199987642],[-97.80071400001275,29.76674300019413],[-97.80072900008136,29.76676099999206],[-97.80091900005215,29.766897999691352],[-97.80121399960494,29.76702500003633],[-97.80149099961436,29.766980999947307],[-97.8017180002934,29.766741999728684],[-97.801801999959,29.7666540000625],[-97.8019009996932,29.766604999816103],[-97.80195099992191,29.766581000307315],[-97.80211499995343,29.766584000148743],[-97.80291900021757,29.76669499967733],[-97.80293900030905,29.76668900000101],[-97.8030000004084,29.766706000122703],[-97.80316600008977,29.766753000168904],[-97.80364800013861,29.76688799973098],[-97.80489799956825,29.767238000087808],[-97.8052230001566,29.767369999958284],[-97.80531699986793,29.767408000243197],[-97.80541700032535,29.76744799987091],[-97.80561899999172,29.76767000000953],[-97.80561999981661,29.767705000372864],[-97.80562099964153,29.7677700003468],[-97.80562300018967,29.76785700013799],[-97.8056259996644,29.767991000098725],[-97.80572699994674,29.76818399999481],[-97.80578600039628,29.768219999849446],[-97.80581900000826,29.76824000028291],[-97.80583499990178,29.76825000010831],[-97.805933999636,29.768311000269016],[-97.80594700005479,29.76831899996781],[-97.80595999957525,29.76832699966592],[-97.80622099969116,29.768422999892195],[-97.80641200038518,29.768493000080483],[-97.80647199976131,29.768538999620578],[-97.8067019999151,29.768715999908494],[-97.8067320000523,29.768739000019828],[-97.80705599991742,29.768987000241093],[-97.80707799965872,29.769020999701652],[-97.80728299969815,29.76933199964403],[-97.80762099980696,29.76984599967863],[-97.80769899962473,29.76994100035504],[-97.80805000015235,29.77036500000173],[-97.80815100043468,29.77045899975758],[-97.80828100013102,29.77058099969077],[-97.80835599957577,29.770650999930496],[-97.8083709996444,29.77066499966066],[-97.8084119996523,29.770703000255093],[-97.8084340002919,29.770754999772986],[-97.80845699985812,29.7708059996188],[-97.808497999866,29.770901999808554],[-97.80844799963728,29.771217000272213],[-97.8086090001941,29.771583999612428],[-97.80871499960098,29.771722000148895],[-97.8087999999898,29.77183199980751],[-97.80884000017276,29.77188400029873],[-97.80902000009782,29.772118000225852],[-97.80945199991795,29.77250299970925],[-97.80954700035252,29.77253599990805],[-97.8095819996143,29.772548000119375],[-97.80964000023891,29.772567999688718],[-97.8097220002547,29.772565999654006],[-97.80975900006463,29.772565000026482],[-97.809820000164,29.772562999991706],[-97.80983400040769,29.772562999991706],[-97.80988499956301,29.772562000364157],[-97.81004100009692,29.772602999900048],[-97.8104469999778,29.772900000221185],[-97.81064699999432,29.773194999639394],[-97.81067600030666,29.77323799971723],[-97.81074800027666,29.77342599998597],[-97.81076599982003,29.773472999998063],[-97.81088100034606,29.773772999704526],[-97.81092300017886,29.773883999843765],[-97.81100600001952,29.77397299978931],[-97.81102299973797,29.773990999847573],[-97.81125600026479,29.774243000322915],[-97.81125500043989,29.774335000338407],[-97.81125500043989,29.774383000313],[-97.81117099987598,29.77450100015267],[-97.81096500001165,29.774509999744833],[-97.8108980000645,29.774449000240466],[-97.81087899979794,29.774431000264567],[-97.8107159995913,29.774369000322768],[-97.81069200020016,29.774359999938202],[-97.8106029996134,29.77435399994123],[-97.81057500002431,29.77435199994219],[-97.8098779998903,29.7743099999527],[-97.8096870000946,29.77435900032858],[-97.80963699986589,29.774373999929683],[-97.80958499998735,29.774389000308215],[-97.80944199987222,29.77442999987591],[-97.80902299957255,29.774553000037866],[-97.8087780002485,29.774545000057277],[-97.80796899996149,29.77464200016856],[-97.80771100021863,29.774535999688474],[-97.80740200042214,29.77430399995275],[-97.80726099995682,29.7741139997689],[-97.80723199964451,29.774091000112055],[-97.8071959996595,29.774024999948672],[-97.80713600028336,29.77394400007856],[-97.80687599999237,29.773593000144437],[-97.80684699968006,29.77355299985168],[-97.80640099961622,29.773253999886567],[-97.80626800044514,29.773204999749797],[-97.80620800017068,29.773183000285265],[-97.80594100020699,29.773084000295956],[-97.80590500022198,29.773070999746622],[-97.80589199980318,29.77306600007472],[-97.8056950001597,29.77311799992526],[-97.80561499979376,29.773138999782283],[-97.80557299996096,29.77315000029973],[-97.80554199999884,29.773157999611996],[-97.80523400002724,29.77344400014255],[-97.80522999982928,29.773470000362924],[-97.80520100041528,29.77365499978683],[-97.80520999973781,29.773684999977352],[-97.80523200037742,29.773758000013466],[-97.8053579998758,29.773895999893632],[-97.80549699979298,29.77397400018252],[-97.80580999978743,29.774047999620706],[-97.80611100008629,29.774285000340498],[-97.80631600012572,29.77470900031121],[-97.80646199971558,29.77533800009266],[-97.8062309997369,29.775935000347648],[-97.8062220004144,29.775958000360703],[-97.80615999959178,29.776117999932545],[-97.80605900020777,29.776272999736943],[-97.80590799969671,29.7764079997232],[-97.80588199975743,29.77643099962762],[-97.80584499994752,29.77646400009149],[-97.80581200033556,29.776494000220204],[-97.80571600007609,29.776579000276225],[-97.8056259996644,29.776798000134033],[-97.80560599957292,29.77684799965698],[-97.8056180001668,29.776954000029004],[-97.80563499988523,29.777010999675067],[-97.80564999995386,29.777058000343768],[-97.80574399966518,29.777086999932482],[-97.80605900020777,29.777263999928653],[-97.806229999912,29.777378999974374],[-97.80631199992776,29.77756799984398],[-97.8062719997448,29.77768000003149],[-97.80625300037653,29.777746000125134],[-97.80627799959257,29.77781699961029],[-97.80632899964618,29.77789300003563],[-97.80648299963198,29.77808899984038],[-97.80662900012015,29.778185000066248],[-97.80685099987802,29.778252999748208],[-97.80691199997737,29.7782749996584],[-97.80695200016035,29.77828899988221],[-97.80708000020688,29.778439000041285],[-97.80720599970525,29.77858799962857],[-97.80742900018632,29.778849999777997],[-97.80763300040083,29.7790900002953],[-97.80774700020365,29.779197999755635],[-97.80777599961765,29.779215000093284],[-97.80778999986136,29.779238000132622],[-97.80781499997569,29.779261999727428],[-97.8078280003945,29.779273999912494],[-97.80785500015867,29.779298999838623],[-97.8078989996413,29.77933999973518],[-97.80821400018387,29.779639000241495],[-97.80845299966016,29.779774999923468],[-97.80877700042358,29.779811000289946],[-97.80926199994717,29.77973699965254],[-97.80975200039192,29.779780000040112],[-97.80986899966948,29.77981199984508],[-97.81013200033352,29.780028000210528],[-97.81014700040214,29.780044000074643],[-97.8105740001994,29.780223000183515],[-97.81085899970643,29.78027099967475],[-97.81102699993592,29.78029900034199],[-97.81112999986809,29.78031599971297],[-97.8113709998925,29.780294999801637],[-97.81166999964326,29.780136999770402],[-97.81189999979702,29.779941999629926],[-97.81186999965979,29.77987400031531],[-97.81186999965979,29.779839999861004],[-97.81184200007071,29.77974600033358],[-97.81161600011491,29.779549999873826],[-97.81155199964248,29.77949500001003],[-97.8114329998168,29.779475000264714],[-97.81127700018118,29.779519000322864],[-97.81098699975296,29.779510999959356],[-97.8109199998058,29.779420999918774],[-97.81090399991227,29.779247000078843],[-97.81104500037759,29.77899099990798],[-97.8111730004241,29.77885100012244],[-97.81135400017408,29.77877400007902],[-97.81140900042566,29.778722000046592],[-97.81142199994615,29.778709999795318],[-97.8115109996346,29.778624999988818],[-97.81151999985542,29.77861599998676],[-97.81153800029709,29.778610000244804],[-97.81155599984044,29.77860399972279],[-97.81162299978759,29.778581999884924],[-97.81164200005416,29.778576000140934],[-97.81170499980335,29.77854900011907],[-97.8118839999035,29.77839099967177],[-97.8120529999579,29.778234000105474],[-97.81212800030099,29.778163999707996],[-97.81230400002808,29.778148000323117],[-97.81242299985375,29.778137999926575],[-97.81248899997598,29.778132000155985],[-97.81286499971962,29.778290999802618],[-97.81293099984187,29.778319000243883],[-97.81314500010212,29.778592999804484],[-97.81318500028509,29.77864499990391],[-97.81338799977637,29.778808999680802],[-97.81351599982287,29.778912999628364],[-97.8136659996107,29.77909299976209],[-97.81367499983153,29.77910399962551],[-97.81369499992303,29.779128000032063],[-97.81375299964934,29.779197999755635],[-97.81381499957362,29.779272000011705],[-97.81391000000818,29.7793859997512],[-97.81393000009966,29.779410000090227],[-97.8140160003134,29.779512999855374],[-97.8140249996359,29.779523999672598],[-97.81463100043163,29.780105000069298],[-97.81480499961059,29.78019000017879],[-97.81501600039608,29.780491000362368],[-97.8151019997115,29.780725999995788],[-97.81498000041107,29.780943999816238],[-97.81475899957982,29.781025999804665],[-97.81469900020369,29.781006000365103],[-97.81459700009644,29.78097200029521],[-97.81449199961614,29.780936999890127],[-97.814468000225,29.780962000180722],[-97.81438100018637,29.781049999750515],[-97.81437399961536,29.78105699966866],[-97.81434600002626,29.781085000116096],[-97.81433500015562,29.781097000082674],[-97.8143209999119,29.781110999911895],[-97.81430300036857,29.78112900024642],[-97.81429800034569,29.781146000256143],[-97.81427999990403,29.78115199984614],[-97.81417799979678,29.781265000243497],[-97.81416399955307,29.781284999631268],[-97.81415299968242,29.78133100031308],[-97.81405800014619,29.781755999612763],[-97.81387300019826,29.78214999993136],[-97.81342799995933,29.782567999840712],[-97.81325800008001,29.78266800011615],[-97.81298899956819,29.782748999946385],[-97.81298100007058,29.782758999882383],[-97.81295799960606,29.782789999989458],[-97.81289999987973,29.78286700006307],[-97.8125450000525,29.783112000257542],[-97.8122780000888,29.7831970001531],[-97.81223000040822,29.783236999712088],[-97.81210999985932,29.783337999618954],[-97.81209099959273,29.783353999733773],[-97.81198799966056,29.783439999722496],[-97.81195300039879,29.783468999801755],[-97.81187300003285,29.78362800032897],[-97.81185399976627,29.783665000386037],[-97.81183899969764,29.783694999916538],[-97.81188300007858,29.78390599979085],[-97.81200299972919,29.78399899979749],[-97.8121580004382,29.784040000108305],[-97.81224799995157,29.784006000289118],[-97.81233599981512,29.783974000265278],[-97.81235400025679,29.783966999771412],[-97.81243000042477,29.78393799983642],[-97.81249800019683,29.78391300028898],[-97.81282600025989,29.78391500009706],[-97.81315299959972,29.78406700020875],[-97.81347399999008,29.78412600028734],[-97.8137080003418,29.784249000233757],[-97.8137290002582,29.784247999943204],[-97.81391599985595,29.784357000366306],[-97.81403700022979,29.784421000158893],[-97.81426200036069,29.78465599992334],[-97.8143259999348,29.78472300038223],[-97.81434100000341,29.784747000221476],[-97.81444399993558,29.784912999926725],[-97.8145810002029,29.78513099998569],[-97.81463599955617,29.785287999651853],[-97.81472400031804,29.785542000318447],[-97.81479600028807,29.786110999951536],[-97.81481999967919,29.786241000133124],[-97.81492500015949,29.786807999940756],[-97.81512099997808,29.787498999765592],[-97.81539299996464,29.78820800011878],[-97.81623999988648,29.789166999975272],[-97.81636999958282,29.789313000027885],[-97.81652500029183,29.78943100020318],[-97.81660999978233,29.789721999869013],[-97.81667599990456,29.789946999665634],[-97.81679599955517,29.790131999829743],[-97.81713799986193,29.790382999990324],[-97.81728699982484,29.79044200024415],[-97.81760900004012,29.790489000064735],[-97.8179310002554,29.79046099990889],[-97.81907199990509,29.789982000038915],[-97.81929200001312,29.789824999939174],[-97.81947699996105,29.789558000038127],[-97.8195659996495,29.789429999964394],[-97.81991100032933,29.788740999928642],[-97.82056099970934,29.787626999969934],[-97.82065799979372,29.787423999874378],[-97.82076599974874,29.78719800038204],[-97.82080099990887,29.787075000161042],[-97.82102000019196,29.78630800031074],[-97.82120699978971,29.786072999746608],[-97.82137900021718,29.785671999679746],[-97.82148999964693,29.785107000238487],[-97.82149800004287,29.784892000199978],[-97.8215089999135,29.784573999789497],[-97.82148499962408,29.784445000070555],[-97.82145700003498,29.78429200024273],[-97.82130800007207,29.784011000194457],[-97.82147799995137,29.783643999617823],[-97.82162400043956,29.783306000161264],[-97.82165799987642,29.783257999786063],[-97.82166799992218,29.783236000191103],[-97.82170999975496,29.78314600038036],[-97.82173599969424,29.783089000328456],[-97.82173200039459,29.78303599989537],[-97.82172800019663,29.782991999823533],[-97.82172499982357,29.782947999732293],[-97.82183699997657,29.782720999964326],[-97.82204700003886,29.78262300035539],[-97.82211800018396,29.78258900005496],[-97.82219900037481,29.7826270000231],[-97.82227600036772,29.782663000143735],[-97.82240799971387,29.782724000102018],[-97.82247800003407,29.78280100022639],[-97.82254599980614,29.782875999683014],[-97.82256099987475,29.782891999871662],[-97.82276900028722,29.783004000341148],[-97.82307899990862,29.78307699982098],[-97.82331499991017,29.783076000298365],[-97.82337000016174,29.783076000298365],[-97.8234439997816,29.783076000298365],[-97.82357199982812,29.783159999923125],[-97.82380199998187,29.783309999801638],[-97.82394500009701,29.783476000330456],[-97.82397199986119,29.783507999733796],[-97.82399699997555,29.783536999793363],[-97.82400100017352,29.783602999924497],[-97.82394000007415,29.78365100013427],[-97.82387899997478,29.783699000321032],[-97.8238460003628,29.783712999786474],[-97.82382899974607,29.7837200002981],[-97.82374400025557,29.783754999730192],[-97.82362299988174,29.78380599997236],[-97.82339000025324,29.78390399998258],[-97.8233669997887,29.78391399980321],[-97.82335599991805,29.783918000198963],[-97.82326700022958,29.783955999662656],[-97.82322700004661,29.783972999972026],[-97.82320199993225,29.78398299978571],[-97.82317000014521,29.783995999698018],[-97.82314000000798,29.7840090003883],[-97.82296099990783,29.7840839997196],[-97.82265399976119,29.78462899998182],[-97.82268800009636,29.784766000187595],[-97.82311200041889,29.785351000129022],[-97.82312499993937,29.78536999998049],[-97.82327399990228,29.78549199967953],[-97.82328399994802,29.785494999734183],[-97.82329900001663,29.78549400023573],[-97.82338900042832,29.785527000051463],[-97.82355400028477,29.785523999997775],[-97.82374199970742,29.785458999852306],[-97.8241209998241,29.78514800009551],[-97.82417400042587,29.785104000172268],[-97.82439700000864,29.784920999858617],[-97.824422000123,29.784900000133497],[-97.82512900030274,29.78454399974279],[-97.82520799994545,29.784503999926354],[-97.82527700044074,29.784494999673107],[-97.82536799977903,29.784481999825594],[-97.82557700001638,29.784589999706828],[-97.82585599967564,29.784643000096807],[-97.82605900006524,29.78462200031336],[-97.82623300014252,29.784527000310057],[-97.82641300006757,29.784287999861927],[-97.82648199966454,29.784046000304492],[-97.82647099979388,29.78368999999541],[-97.82631699980811,29.78335899967168],[-97.82616100017249,29.783184000137094],[-97.82604800019459,29.783058000313904],[-97.82603099957784,29.783039000023624],[-97.82578600025377,29.782765000155333],[-97.82573600002506,29.782727999765648],[-97.82564099959049,29.782656000337873],[-97.82544200029719,29.78251100023934],[-97.82539299989338,29.78248800017214],[-97.82530800040288,29.78245599966314],[-97.82528900013631,29.782448999842746],[-97.82514500019626,29.782394000012154],[-97.82489199957797,29.78237200022738],[-97.82481700013321,29.782364999621493],[-97.82477399957718,29.78234400013989],[-97.82464100040612,29.782277999958417],[-97.82446800015376,29.78208199977734],[-97.82442100029807,29.78187499965477],[-97.8242329999771,29.78182700015277],[-97.8241409999156,29.781758000243613],[-97.824085999664,29.78166200032481],[-97.82409599970975,29.78155600025878],[-97.82417000022791,29.781428999627384],[-97.82428599968055,29.781340999611018],[-97.82434699977992,29.781294999713495],[-97.82437500026732,29.781253999837794],[-97.82440899970419,29.781216000128257],[-97.82444200021448,29.781173999899],[-97.82454299959849,29.781148999661355],[-97.82463800003306,29.78112600006093],[-97.8249519998524,29.78106100017857],[-97.82496799974595,29.781054999803494],[-97.82504599956374,29.781027000127356],[-97.8250690000283,29.781018999884292],[-97.82510199964024,29.781006999908367],[-97.8251269997546,29.781011999963486],[-97.82530900022779,29.781047999885196],[-97.82555799974982,29.781097000082674],[-97.82573900039809,29.781131999652125],[-97.82604700036967,29.78109300035383],[-97.82620499965512,29.78107300014802],[-97.82634799977025,29.781054999803494],[-97.82683900003993,29.781090999709683],[-97.82697499958404,29.781170000173226],[-97.82761099961868,29.781536999683446],[-97.82762099966442,29.781543000029643],[-97.82768199976378,29.781544000347232],[-97.82819499977478,29.781549999913377],[-97.82853500043173,29.78142600023057],[-97.82896499970373,29.780950000197965],[-97.82898899999316,29.780775000350893],[-97.82890199995454,29.78053800017724],[-97.82872799987726,29.780417000227576],[-97.8287100003339,29.780403999850538],[-97.82863699964066,29.780374999663152],[-97.82857399989146,29.780348999676153],[-97.82837499969983,29.780270000124197],[-97.82789400037422,29.7801880002963],[-97.82772000029694,29.779991999922075],[-97.82769099998463,29.779667999862426],[-97.8276900001597,29.77965899995405],[-97.8276769997409,29.77951999988097],[-97.82767599991601,29.779507999725396],[-97.82765300034978,29.779247000078843],[-97.82783699957449,29.779113999925563],[-97.82791899959025,29.779110999679695],[-97.82793799985683,29.779110000117512],[-97.82801400002481,29.77910800021344],[-97.82810899956105,29.77910499996741],[-97.82818599955394,29.779119999637263],[-97.82826400027007,29.779135000084583],[-97.8285050002945,29.779181999756332],[-97.82887400036543,29.779335000376257],[-97.82919099965953,29.779551000211264],[-97.82921800032202,29.779569000046543],[-97.82923800041351,29.779583000089485],[-97.82925900032988,29.779597000130416],[-97.82959900008852,29.77995599962072],[-97.82985699983138,29.780431000151893],[-97.82990200003722,29.780514999656774],[-97.8299489998929,29.78060200007214],[-97.83014600043471,29.78087399975395],[-97.83018999991732,29.78093399969895],[-97.83021099983372,29.78095300038872],[-97.83036099962153,29.781086999980666],[-97.83051700015547,29.781338000211573],[-97.8305270002012,29.781384000089407],[-97.83055800016334,29.78152299991379],[-97.83057099968383,29.78158199993233],[-97.83052499965308,29.781763999796937],[-97.83050100026195,29.781859000083205],[-97.83053499969881,29.781993000021906],[-97.83056300018622,29.78210300009352],[-97.83064799967671,29.782179999915854],[-97.83082500012705,29.782251999685993],[-97.8309849999606,29.78231700035442],[-97.83103900038728,29.782357000265026],[-97.83109999958835,29.782400999836337],[-97.83120400024372,29.78247899973764],[-97.83126899964273,29.782569999675662],[-97.8313430001609,29.7828980001367],[-97.83139300038961,29.78298899969387],[-97.83139800041248,29.78301299994884],[-97.83141500013093,29.783029000115604],[-97.83158199963718,29.78332900004048],[-97.83175499988954,29.783638999694148],[-97.83194599968526,29.78384100015412],[-97.83196499995184,29.783860999806944],[-97.83207399973178,29.78397700036541],[-97.83212800015845,29.78403399991171],[-97.83223399956533,29.78414700017482],[-97.83230300006063,29.784220000380444],[-97.83237400020575,29.784495999961194],[-97.83232999982481,29.784584999830404],[-97.8321959999305,29.784859000174897],[-97.83205899966316,29.784938000004047],[-97.83197499999757,29.78506000022965],[-97.83196999997469,29.785394999943744],[-97.83194999988322,29.786701000379683],[-97.83184100010328,29.787085999927058],[-97.83174400001889,29.78743200038518],[-97.83160699975153,29.78765299962599],[-97.83134900000867,29.78791599969531],[-97.83101799957257,29.788252999707787],[-97.83075300015702,29.788615000083507],[-97.83069999955526,29.788717000267415],[-97.83038699956082,29.789340000265288],[-97.83037300021543,29.789346000143773],[-97.83004299960422,29.78998300027218],[-97.82997499983215,29.790480999798298],[-97.83004299960422,29.790796999702835],[-97.82972200011217,29.791868999820327],[-97.82975499972413,29.79251199995042],[-97.82971100024152,29.792801999807846],[-97.8296030002865,29.792975000051154],[-97.82949600015637,29.79314799999534],[-97.82948399956248,29.79348999975297],[-97.82948399956248,29.793501999791644],[-97.8294910001335,29.79352300005074],[-97.82950000035433,29.79355200032703],[-97.82951700007277,29.79360700026343],[-97.82954899985981,29.79371099964945],[-97.82988899961843,29.794791999842737],[-97.82992899980141,29.794921000258487],[-97.83026500026038,29.79553300021862],[-97.83051899980528,29.79576399969671],[-97.83061400023986,29.795759000378474],[-97.8307239998447,29.795754000280407],[-97.83096300021928,29.79564200004553],[-97.83121599993929,29.79552400017754],[-97.83177499998104,29.795262000012695],[-97.83179599989742,29.795258000070334],[-97.83194700040848,29.795224000163923],[-97.83196699960165,29.7952250003448],[-97.83241500021362,29.795136999983956],[-97.8331390001118,29.795075999794726],[-97.8332930000976,29.795062999762397],[-97.8334200003192,29.795053000276045],[-97.83347700022061,29.79504800014276],[-97.83352400007628,29.795009000029708],[-97.83385499961406,29.794748999667192],[-97.83414699969212,29.79465399992093],[-97.8343929997394,29.79464800036066],[-97.83466899992395,29.79468400005571],[-97.83500500038292,29.794728999851202],[-97.83515699982055,29.794775999997132],[-97.8359340003205,29.795018000117107],[-97.83651400027865,29.795118999829754],[-97.83685999988506,29.795178999811455],[-97.83698000043397,29.795224000163923],[-97.83701399987083,29.7952370001754],[-97.83712400037402,29.795278999960917],[-97.83768800043862,29.79557499987989],[-97.83782900000563,29.79571199991469],[-97.83790900037157,29.795789000181923],[-97.83799700023512,29.795960000371167],[-97.83796500044807,29.796069999905356],[-97.83796000042518,29.796086000323626],[-97.83795600022722,29.796100999787658],[-97.83793000028797,29.796190000251432],[-97.83791299967122,29.796245999688058],[-97.83791100002139,29.7962549996642],[-97.83784499989915,29.79647800002712],[-97.83787900023434,29.796619000272795],[-97.83790400034869,29.7967229996466],[-97.83806599983208,29.79708999981882],[-97.83850400039832,29.797606000326635],[-97.83877899985961,29.797760000225477],[-97.83916399982407,29.79787500011175],[-97.8392850001979,29.797891999615956],[-97.83950799978068,29.797856000295525],[-97.83956100038243,29.797847999838485],[-97.83980800025465,29.79780799988223],[-97.84011200002826,29.797920000031205],[-97.84127299976944,29.79860199976363],[-97.84156599967241,29.798841999695206],[-97.8415799999161,29.798853999871532],[-97.84178300030568,29.79902000034445],[-97.84195099963686,29.79908000032554],[-97.84199300036798,29.79909500012029],[-97.84200300041371,29.79909899990932],[-97.84207700003356,29.799124999703107],[-97.84212100041448,29.799140999632776],[-97.84235099966993,29.799223999665625],[-97.84253999981583,29.799429999627876],[-97.8427349998095,29.799643000123],[-97.84275999992387,29.799700000101726],[-97.84280699977953,29.799809000066332],[-97.84281400035054,29.79982499988667],[-97.84282900041916,29.79985899978865],[-97.84291399990965,29.800054000104016],[-97.84294099967383,29.800115999728842],[-97.84295300026771,29.80014300016957],[-97.84296199959022,29.80016499994585],[-97.84296599978818,29.80017400034895],[-97.84301699984181,29.80029100005951],[-97.84309300000979,29.800462999698652],[-97.84310399988046,29.800488999917498],[-97.84314499988832,29.800583000232542],[-97.84322500025428,29.8008250003388],[-97.84318099987334,29.80121600006258],[-97.84262900040261,29.801689000026453],[-97.84257199960288,29.801738000252477],[-97.84245199995229,29.80184099964717],[-97.8423409996242,29.802104999957425],[-97.84225399958558,29.802311000223458],[-97.84228700009585,29.803045999641743],[-97.84230399981429,29.8034160003014],[-97.84234300017235,29.803528999726524],[-97.84237300030956,29.803616999721605],[-97.84238699965495,29.803658999886817],[-97.84235200039318,29.804266999820673],[-97.84231700023308,29.804414999845278],[-97.84218400016368,29.80496699988064],[-97.84200699971336,29.806241999929547],[-97.84194999981196,29.80637399982052],[-97.84201099991134,29.80655699987717],[-97.8420440004216,29.80665600027943],[-97.84209799994996,29.806816999952712],[-97.84209999959978,29.807242000149703],[-97.84191300000202,29.80745999989299],[-97.8419659997055,29.807556000008187],[-97.8421149996684,29.807621999887857],[-97.84218300033878,29.807652000031304],[-97.84224699991287,29.8077289996828],[-97.84227899969993,29.807767000238098],[-97.84228899974566,29.80777900012328],[-97.84232599955558,29.807824000264443],[-97.84234900002012,29.807964000054596],[-97.84228700009585,29.808128000116263],[-97.84241400031746,29.808302999681104],[-97.84281099997749,29.808385999906562],[-97.8431359996675,29.80835800008239],[-97.84322400042936,29.808196999771916],[-97.84325299984337,29.80817600025455],[-97.84330800009494,29.808135999751165],[-97.84341199985202,29.80805999968607],[-97.84351899998215,29.80807999995493],[-97.84358500010438,29.808091999802542],[-97.84366899976996,29.808088999645932],[-97.8437199998236,29.80808700032094],[-97.84395800037329,29.808235000149327],[-97.84405299990952,29.808294000009365],[-97.84408200022185,29.808302999681104],[-97.84435800040637,29.808393000251147],[-97.84484200010503,29.808455000163697],[-97.84499299971777,29.808400999864844],[-97.84501100015945,29.80838299975877],[-97.84507999975641,29.808314000231434],[-97.84512699961208,29.808268000260284],[-97.84514599987864,29.8081630003655],[-97.84514000003087,29.808131000271686],[-97.84512499996224,29.80808400016411],[-97.84512699961208,29.808066000000995],[-97.84512099976429,29.808035999981676],[-97.8450649996878,29.80774499979533],[-97.84529599966648,29.807455000379736],[-97.84541299984234,29.80735499992934],[-97.8455290001933,29.807329999995996],[-97.84568200035417,29.807370000042262],[-97.84583100031709,29.807490000085025],[-97.8459380004472,29.807787999841363],[-97.84598899960251,29.80792699962804],[-97.84603100033364,29.808045999729334],[-97.84612400022004,29.808302999681104],[-97.84614400031154,29.80833200034992],[-97.84621499955834,29.80843499996982],[-97.84628700042667,29.80854000035849],[-97.84636199987142,29.808647999997444],[-97.84638500033597,29.808821000121483],[-97.84639899968136,29.808931000324034],[-97.84635000017585,29.808964000205314],[-97.84614900033439,29.809096999663748],[-97.84608700041014,29.809206000301177],[-97.8459879997776,29.80937900023941],[-97.84582700011914,29.809767999971708],[-97.84580600020274,29.80984200022838],[-97.84579000030921,29.809854999899102],[-97.84578199991329,29.809874999809058],[-97.84577900043855,29.809884000117925],[-97.8457750002406,29.80989299964659],[-97.84576699984467,29.809911000260342],[-97.84569400004973,29.810087999887504],[-97.84567499978317,29.81021199991083],[-97.84564700019409,29.810397000018188],[-97.84563799997325,29.810457000190137],[-97.84562999957733,29.810512000186232],[-97.84559799979027,29.810574000344015],[-97.84544800000243,29.8108609999951],[-97.84522100022173,29.811114999661967],[-97.8450649996878,29.811248000156866],[-97.84504200012158,29.811267999788218],[-97.84451700041502,29.811717000162208],[-97.8443039999797,29.811821000207793],[-97.84382000028101,29.811894999724707],[-97.84326399971401,29.812197999661123],[-97.84290800006187,29.812493000173124],[-97.84228299989789,29.813160000291443],[-97.84223900041528,29.81323200037469],[-97.84222400034665,29.813255999611467],[-97.84199199964475,29.813632999889933],[-97.84177099971181,29.814154999967222],[-97.84165100006122,29.81444000027479],[-97.84101900022453,29.81544200031399],[-97.84094300005655,29.81552999995912],[-97.8408619998657,29.815623000190705],[-97.84082500005579,29.815664999990393],[-97.84074999971271,29.815758000096405],[-97.84071000042806,29.815865999733806],[-97.840707000055,29.815876000257248],[-97.84060400012284,29.81620099996708],[-97.84061199962044,29.816308999905345],[-97.8406219996662,29.816408999975117],[-97.84062699968906,29.816460999909534],[-97.84064099993277,29.816601000078123],[-97.84067299971981,29.81694399989646],[-97.84065299962833,29.817026999964252],[-97.84064000010785,29.817051999811518],[-97.84062300038941,29.817109000001103],[-97.84061199962044,29.817146000147783],[-97.84060400012284,29.817170999965345],[-97.84056300011497,29.817308000039038],[-97.84029100012839,29.8182150002001],[-97.84019999989181,29.818515999793554],[-97.84017099957947,29.81861200020601],[-97.83992500043051,29.81974300009752],[-97.83978099959214,29.82015300016092],[-97.83974700015527,29.82040199995845],[-97.83983599984373,29.82063999994266],[-97.8400800002412,29.820838000041277],[-97.84017399995253,29.820873999662783],[-97.8402130003106,29.820889000085778],[-97.8403050003721,29.8209239997651],[-97.84051000041151,29.820932999858847],[-97.84095200027738,29.820851999765747],[-97.8409749998436,29.820857000167877],[-97.84111100028606,29.820880999912458],[-97.84160300038063,29.821148000384134],[-97.84166000028205,29.821179000287618],[-97.84167500035066,29.821186999657773],[-97.84188200003989,29.821300000045117],[-97.84201699975911,29.82140999976837],[-97.84212100041448,29.821493999943215],[-97.84220199970702,29.821655999802612],[-97.8422069997299,29.82168199996725],[-97.84228700009585,29.822062000163378],[-97.84234200034743,29.822326000089042],[-97.84235700041606,29.822358000316047],[-97.84241799961711,29.822492999699655],[-97.84247399969361,29.822563000260804],[-97.84254300018888,29.82264900005923],[-97.84255400005955,29.82266199962362],[-97.84261799963365,29.82274199990301],[-97.84264699994594,29.82277799961816],[-97.84265299979374,29.822785999639645],[-97.84275400007607,29.823058999893398],[-97.84270399984736,29.824015000311224],[-97.84254999986159,29.82422400031762],[-97.84204600007143,29.8246959998987],[-97.84154899995397,29.824940999755146],[-97.8405730001607,29.824867999647623],[-97.83979700038398,29.824941999638778],[-97.83918499974047,29.82515100004473],[-97.83877300001183,29.825383000356325],[-97.83854200003314,29.82545299967277],[-97.83834200001661,29.825417000141773],[-97.83788099988416,29.825183000146612],[-97.83784499989915,29.825171000012165],[-97.83783300020359,29.8251669997073],[-97.83753699992758,29.825070000252495],[-97.83736600022334,29.825032999921483],[-97.83717700007746,29.824992000044194],[-97.83714100009246,29.82498400019922],[-97.83711299960504,29.824992000044194],[-97.83705700042687,29.82500899961519],[-97.83693400040322,29.825047999720315],[-97.83683099957273,29.825139999788156],[-97.83680999965634,29.825181000384077],[-97.83678000041743,29.825251999722536],[-97.83677200002151,29.825270999789414],[-97.83674000023446,29.825347999900416],[-97.83675500030309,29.825624999677586],[-97.83678000041743,29.826093000167536],[-97.8368359995956,29.826325999720915],[-97.83684700036459,29.826337999716614],[-97.83687199958062,29.826474999695705],[-97.83675500030309,29.82675700035274],[-97.8367569999529,29.826775000268157],[-97.83669099983065,29.82690999992024],[-97.83671000009723,29.82715800016816],[-97.83688199962637,29.827503000105406],[-97.83691500013663,29.827569999923487],[-97.83698799993158,29.827716000034506],[-97.83704400000808,29.827803999784823],[-97.83731099997176,29.828215000143167],[-97.83732199984242,29.828226000061267],[-97.8373639996752,29.82825600025685],[-97.8374609997596,29.82835799976339],[-97.83748099985108,29.828377000019017],[-97.83761399992046,29.828496999786623],[-97.83770699980688,29.828510000148952],[-97.83787199966332,29.828521999882458],[-97.83814399964989,29.8285410001069],[-97.83873200000394,29.828672000325884],[-97.83933399970338,29.828806999753194],[-97.83960599968997,29.82893500009239],[-97.83991700003459,29.82908300023143],[-97.83994100032402,29.829085999758114],[-97.83997999978378,29.829113000169734],[-97.8403270001134,29.829363999923864],[-97.84047100005345,29.82957900023655],[-97.84074399986493,29.829982999917114],[-97.84097700039173,29.83048099978705],[-97.84112700017957,29.831072999999563],[-97.84111799995874,29.831677999771824],[-97.84121099984516,29.831807999959594],[-97.84121699969295,29.831816000037588],[-97.841292000036,29.831921000027407],[-97.84130999957937,29.83192000021354],[-97.84137800024973,29.83191600017878],[-97.84145400041771,29.831911000329978],[-97.84154899995397,29.83190499988765],[-97.84167700000047,29.83189600000274],[-97.84198800034511,29.83194900026579],[-97.84201299956115,29.83194699985936],[-97.84207899968338,29.83196499961926],[-97.84227000037741,29.832082000317],[-97.84228299989789,29.832090000373],[-97.8423189998829,29.832112000134124],[-97.84234900002012,29.832130999676007],[-97.84243600005875,29.832183999814443],[-97.84245000030246,29.832190000240015],[-97.84264799977086,29.832314000123155],[-97.8431070002535,29.83243200022091],[-97.84318400024638,29.832452000289724],[-97.84319599994195,29.832454999715264],[-97.84325200001845,29.83246900015027],[-97.84341900042304,29.832513000280017],[-97.84359599997504,29.832558000197945],[-97.84372599967138,29.832639999961522],[-97.8438260001288,29.832756000063377],[-97.84384100019741,29.832773999677457],[-97.84385899974077,29.832795000262163],[-97.84389800009883,29.83284099985769],[-97.84390099957356,29.832924999775877],[-97.84391300016745,29.833234000231037],[-97.84411800020686,29.834031000294658],[-97.84406399978018,29.83422600020644],[-97.84401600009961,29.83440100006296],[-97.8440150002747,29.834418000371098],[-97.84401299972654,29.834500999954685],[-97.84400799970369,29.834688999667154],[-97.84405100025971,29.834819999618297],[-97.84405499955935,29.834832999937156],[-97.84406799997814,29.83494199978707],[-97.84412400005463,29.83539200036056],[-97.84425299992607,29.83644400010656],[-97.84443899969891,29.837072999834973],[-97.8444520001177,29.83712299962483],[-97.84445499959244,29.837134000120738],[-97.84461199995127,29.83772599987352],[-97.8446410002636,29.838130000117896],[-97.84465100030933,29.838267000292706],[-97.84475900026436,29.83875099983794],[-97.8448399995569,29.83911100029074],[-97.84489999983136,29.839211999883823],[-97.84520399960498,29.839448000008506],[-97.84529200036684,29.839516999863708],[-97.8453740003826,29.839546999785824],[-97.84542899973586,29.839566999988698],[-97.84572500001187,29.83967499961224],[-97.84575199977606,29.839673999875966],[-97.84576699984467,29.839679999851718],[-97.84578100008838,29.839696000304716],[-97.84596400038647,29.839762000003283],[-97.84598100010491,29.83977999991347],[-97.84599699999845,29.839796000350443],[-97.84610400012856,29.839903999726385],[-97.84611099980125,29.839935999778813],[-97.84611599982414,29.83996199986254],[-97.8462339998249,29.840519999908345],[-97.84630800034307,29.840713999894977],[-97.84658299980435,29.841495999836063],[-97.84664499972864,29.84167100020308],[-97.84733600001486,29.84244900005093],[-97.8486349998483,29.843347999623557],[-97.84899499969842,29.843473999857444],[-97.84929699982222,29.843481000082235],[-97.85009000021569,29.843320000242585],[-97.85013200004848,29.843310999827718],[-97.85046699978423,29.84319000023107],[-97.85051299981498,29.843172999857412],[-97.85079200037255,29.8431460001289],[-97.85096599955152,29.843128999747776],[-97.85100099971162,29.84313599999674],[-97.85125000013196,29.843183999687017],[-97.85187699994576,29.84330500007009],[-97.85216599965075,29.843312000306714],[-97.85274099958602,29.84321900012841],[-97.85290600034078,29.843185000167296],[-97.85327700006155,29.843109000258227],[-97.85331600041961,29.843094999756012],[-97.85350700021532,29.84310999996005],[-97.85370100038408,29.8431189996139],[-97.85439400032013,29.843382000308363],[-97.85505899976876,29.843646000006707],[-97.85553300032001,29.843912999647074],[-97.8557869998649,29.84422000023645],[-97.85579699991064,29.844276999734415],[-97.8558499996141,29.844578000302903],[-97.85581399962908,29.84506500025905],[-97.85581199997927,29.845092000247938],[-97.85580500030656,29.84517899981611],[-97.85580000028368,29.845249000067483],[-97.85577599999425,29.845571999957237],[-97.8557600001007,29.8457710001942],[-97.85575400025293,29.845841000030603],[-97.85572199956758,29.846231000112905],[-97.8558010001086,29.846752999781316],[-97.85580299975842,29.846768000215075],[-97.85580600013148,29.84677700031844],[-97.8558360002687,29.846863000312712],[-97.85587499972844,29.84697700015467],[-97.8558789999264,29.846989000007444],[-97.85595000007152,29.847196000162533],[-97.85592800033021,29.847409999837932],[-97.85591599973633,29.8475199996455],[-97.855934000178,29.847946999832867],[-97.85606300004942,29.848404000130735],[-97.8561259997986,29.8486270002703],[-97.85614300041536,29.84868700008656],[-97.8562029997915,29.84888400028157],[-97.85637299967081,29.849111000253753],[-97.85645899988454,29.849224999866586],[-97.85672199965028,29.849460000065726],[-97.85682700013056,29.84955400030222],[-97.85683800000123,29.849563999791695],[-97.85688200038217,29.849597000281424],[-97.85721600029301,29.849960999906997],[-97.8574060002638,29.850271000271277],[-97.85769900016675,29.85050499993896],[-97.85772000008315,29.85052100021583],[-97.85776799976374,29.85055000032158],[-97.85777899963439,29.85055700005032],[-97.85780499957366,29.850571999912596],[-97.85785999982525,29.850605999695944],[-97.85798700004685,29.85068400016354],[-97.85825099963749,29.850844999817163],[-97.85833299965326,29.850894999724527],[-97.85841800004208,29.850983999715833],[-97.85902999978725,29.851628000291416],[-97.85920200021471,29.851809000069505],[-97.86007699972564,29.852777999946532],[-97.8601310001523,29.85282700006035],[-97.86021300016807,29.852901999981274],[-97.86031000025245,29.852990000138675],[-97.86050699989595,29.85325600012515],[-97.86051399956864,29.853266000022966],[-97.86057600039122,29.853349000304696],[-97.8608700001191,29.85364800004348],[-97.86089699988328,29.853675999644853],[-97.86093899971607,29.85371900018601],[-97.86095999963248,29.85375999996001],[-97.86099399996766,29.8538340003646],[-97.86098499974682,29.85389400016813],[-97.86098499974682,29.85397199962498],[-97.86097899989905,29.853986999753243],[-97.86097700024924,29.85400700018052],[-97.8609760004243,29.854022000303566],[-97.86097300005127,29.85409799969764],[-97.86098800011989,29.854129999876246],[-97.86108000018139,29.85427499975368],[-97.86113100023502,29.854357000386337],[-97.86119700035725,29.854460999685667],[-97.86123300034227,29.854669999882695],[-97.86124199966478,29.85471499994614],[-97.86126000010644,29.854799999750924],[-97.86128299967265,29.85490600009358],[-97.86129000024367,29.854913999879663],[-97.86129899956617,29.85492199966511],[-97.86131799983275,29.85493999995913],[-97.86135700019082,29.854977000120478],[-97.86144199968132,29.855003000183544],[-97.86156300005516,29.85503399971049],[-97.86168100005591,29.85503800037757],[-97.8617570002239,29.855040999903892],[-97.86182300034615,29.85503599965447],[-97.86185099993523,29.85503399971049],[-97.86197399995888,29.855025000351436],[-97.86200099972307,29.85502299962807],[-97.86227699990758,29.85505999975864],[-97.86236599959604,29.855115999719654],[-97.86240199958105,29.85513799986265],[-97.86254800006924,29.855228000326413],[-97.8627980003145,29.85549700009481],[-97.86284099997218,29.8555439997193],[-97.86285000019302,29.85556599976802],[-97.86291899978998,29.855729000048516],[-97.86318800030182,29.855948999909533],[-97.86326899959435,29.85606500020756],[-97.86335999983096,29.85619400024642],[-97.86371800003124,29.856279000349996],[-97.86392300007067,29.856276999651765],[-97.86405500031515,29.85623499978298],[-97.86412499973703,29.85621299988171],[-97.86438500002804,29.856129999644047],[-97.8646310000753,29.85611200034371],[-97.86649200032355,29.85505599987156],[-97.86700699998437,29.854697999976477],[-97.86716699981794,29.854535000349703],[-97.86753900026191,29.85377500012019],[-97.86768900004977,29.853605999847623],[-97.86771599981394,29.853497000110146],[-97.86783600036284,29.853009999986572],[-97.86776600004265,29.852724999828187],[-97.86775000014913,29.852659000126515],[-97.867643000019,29.852486000311945],[-97.86757400042204,29.85237500013342],[-97.86755400033054,29.852357000156008],[-97.8673479995679,29.85217199981053],[-97.86733099984946,29.8519269997309],[-97.86749300023118,29.851722999660538],[-97.86759899963808,29.851689000257586],[-97.86762499957733,29.851681000213066],[-97.86768800022483,29.851661000098918],[-97.8677979998297,29.851626000279104],[-97.8678399996625,29.851612999808648],[-97.8681150000221,29.85145399985102],[-97.86848900011593,29.851343999702742],[-97.86854299964428,29.851328000336895],[-97.86863800007883,29.851335999630564],[-97.86888499995105,29.85135700020822],[-97.86908599979249,29.851431999675267],[-97.86939299993917,29.851545999754467],[-97.86996899969934,29.85175899984074],[-97.87038799999898,29.851914999692443],[-97.87045300029631,29.85193899976784],[-97.87075500042013,29.852051000043517],[-97.8709300003223,29.852115999756275],[-97.87126099986008,29.852149000181633],[-97.87132600015742,29.852155000186936],[-97.87156700018183,29.85217900020469],[-97.87190199991761,29.85232300018984],[-97.87201800026855,29.85240100009505],[-97.87219599964547,29.852518999835844],[-97.87234200013366,29.85271000028937],[-97.87234999963125,29.85272899980866],[-97.87268199989228,29.853180000090067],[-97.8726629996257,29.853464999728622],[-97.87255300002084,29.853694000163557],[-97.87254700017306,29.853705999988115],[-97.8724729996549,29.853859000352053],[-97.87249600011944,29.854051999763715],[-97.87251000036314,29.854165999967567],[-97.87254600034815,29.85446400000844],[-97.87259499985363,29.85463000006893],[-97.87260099970143,29.854650000367368],[-97.87288600010677,29.855611000206657],[-97.87304400029052,29.855939000280497],[-97.87344199977547,29.85637000013316],[-97.87365600003572,29.856602999961847],[-97.87372399980777,29.856647000366692],[-97.87381800041743,29.856707000037485],[-97.87395300013662,29.85679399961301],[-97.87461400028562,29.857351000310253],[-97.87490299999061,29.857593000093598],[-97.87497699961047,29.857688000018758],[-97.87500500009789,29.85772400038506],[-97.87510999967986,29.857856999612952],[-97.87522799968062,29.85813600027612],[-97.87525899964278,29.858207999893427],[-97.87533200033603,29.858155000320835],[-97.87570899990456,29.857880999817937],[-97.8832169995733,29.85223100022328],[-97.88593399996421,29.85018799976798],[-97.88807100039696,29.848581000152972],[-97.88817000013117,29.848508000177404],[-97.89061200016246,29.846677999916256],[-97.89871400003305,29.840548999801822],[-97.9013019996542,29.838591999659965],[-97.90147599973146,29.838460000231525],[-97.90165099963366,29.838327999849337],[-97.90394000040237,29.836596999646797],[-97.90404599980927,29.83651700032894],[-97.90415100028956,29.836437000167827],[-97.90517300011358,29.835663999907922],[-97.90529699996215,29.835572999955588],[-97.90807100025445,29.83357299988819],[-97.9166929998087,29.827069999848995],[-97.9192550003889,29.825138000024772],[-97.92359299993024,29.82184899987452],[-97.9237390004184,29.821736000107805],[-97.92391299959736,29.82160400023234],[-97.92423800018568,29.82135700015064],[-97.92473699995296,29.820978000315144],[-97.92628400038184,29.819804000051885],[-97.92783099991242,29.81862900008276],[-97.92796099960876,29.818526000051857],[-97.92811600031777,29.81840300015596],[-97.9292660001883,29.81752599966116],[-97.93050899994525,29.81660399997941],[-97.93291599981643,29.814819999940845],[-97.93569299958347,29.812759999664287],[-97.93709600007232,29.81172100022591],[-97.93718399993587,29.81165499993371],[-97.93751899967161,29.811407000194084],[-97.9375310002655,29.811382999734054],[-97.93778200033567,29.81119999993419],[-97.93970499960986,29.809760999723366],[-97.94164600022404,29.808312000131465],[-97.94191499983756,29.80812099975313],[-97.94204000040934,29.808037000034467],[-97.9435640003737,29.806913999969684],[-97.9437130003366,29.806760000131895],[-97.9441989996851,29.80625600013882],[-97.94426499980734,29.806187999994766],[-97.944571999954,29.805869000146323],[-97.95070600034454,29.799911999888007],[-97.95152999980183,29.79911200019683],[-97.9517459997119,29.798901999783],[-97.95412199962095,29.79656800032299],[-97.95570800040788,29.79502499983805],[-97.95762499983431,29.793160000074966],[-97.95891299979709,29.79190700016352],[-97.95896399985072,29.79185600015091],[-97.96066799974012,29.790151999784836],[-97.96073399986236,29.7900870003059],[-97.96174599964064,29.78909300001675],[-97.96181400031102,29.78902700038687],[-97.96254900007985,29.788305000247185],[-97.96257800039217,29.788276000009663],[-97.96264100014135,29.788205999616817],[-97.96333200042757,29.787504000276105],[-97.9642839999314,29.786586999613938],[-97.96448800014589,29.786391000072918],[-97.96469099963716,29.786195000148187],[-97.96493199966159,29.785963000138985],[-97.9650019999818,29.78589299968782],[-97.96598600017097,29.784912999926725],[-97.96618000033975,29.784711000070615],[-97.96652000009836,29.784311000295208],[-97.96714000023945,29.783707999866248],[-97.96747199960218,29.7833859999558],[-97.9679379997575,29.782927000372965],[-97.96854100018017,29.782342999830345],[-97.96886900024323,29.78202499989929],[-97.96894700006104,29.78194999980509],[-97.96902499987884,29.78187499965477],[-97.96982199957195,29.781102999675536],[-97.97155800014671,29.779417000123026],[-97.97211100034067,29.778878999627377],[-97.97365899969616,29.777377000035738],[-97.974986000017,29.776091000027627],[-97.9776470003314,29.7734899997481],[-97.97774000021784,29.773401000153104],[-97.9814769998846,29.76979700021384],[-97.98251600032536,29.768734000131687],[-97.98303600000905,29.76822699988464],[-97.98316800025353,29.768096999707886],[-97.98330100032291,29.767967000142153],[-97.98587300005053,29.76546200015895],[-97.99155399980624,29.759939999850996],[-97.9918190001201,29.75968199995001],[-97.99473999982717,29.756840999958268],[-97.99492200030038,29.756663999747612],[-97.99698500021498,29.754657000143034],[-97.99716400031514,29.75448200037049],[-97.99734300041528,29.7543080001021],[-97.9980139997117,29.75365599962791],[-97.99921600035907,29.752484999805386],[-97.99927099971235,29.752443999835453],[-98.00028300038893,29.75171400009323],[-98.00100300008916,29.751115999939294],[-98.00106400018852,29.751076999873124],[-98.00108799957965,29.751061999903662],[-98.00110600002131,29.751051000080572],[-98.00244400021282,29.75022300022036],[-98.00690999980065,29.746804000178507],[-98.00917100008196,29.745073000274637],[-98.01068300035075,29.74407100008086],[-98.01195500042002,29.74328899972171],[-98.01423500006959,29.741662000371655],[-98.01424799959008,29.741653000169055],[-98.01426600003175,29.74164000022165],[-98.01481500002774,29.74124800035521],[-98.01634900003783,29.740135000196577],[-98.01788399987282,29.739022000165548],[-98.01817099992799,29.738807000277852],[-98.01818500017171,29.73879599989026],[-98.01843899971662,29.73860600023806],[-98.01852599975524,29.738541000069212],[-98.0185850002048,29.73849699995493],[-98.01861299979389,29.73847599985816],[-98.01866800004548,29.738433999651395],[-98.01872300029704,29.738393000175442],[-98.0211970001154,29.73653600032883],[-98.02161200021708,29.7362120001458],[-98.02170900030146,29.736136000086162],[-98.02174600011138,29.736108000337012],[-98.02229799958211,29.735684000060676],[-98.02615499979781,29.73272699970019],[-98.02635399998944,29.732573999676315],[-98.02938500019971,29.730239999809754],[-98.02947399988815,29.730171000258743],[-98.0295750001705,29.730094000251466],[-98.02967599955451,29.730016000133233],[-98.02970700041497,29.72999199966467],[-98.02981399964678,29.729908999982435],[-98.02985399982975,29.72987799989556],[-98.03638499988031,29.7248259997935],[-98.03692300000566,29.72441500004292],[-98.04398100031092,29.71902600028509],[-98.04460899994962,29.71850499986134],[-98.04464599975955,29.718474000152213],[-98.04465900017834,29.718462999875587],[-98.04466900022409,29.71845500009924],[-98.04750100024272,29.716276000019697],[-98.04782699975765,29.71602499989839],[-98.05196500018072,29.71283999999209],[-98.05226099955841,29.712612999811608],[-98.0533150000678,29.71180200026051],[-98.05540700029471,29.710192000104364],[-98.05718399997905,29.70882399985746],[-98.05734200016279,29.70869999992907],[-98.05737499977477,29.708674000075668],[-98.05770500038595,29.708417999899304],[-98.05808399960432,29.708123999738962],[-98.05828399962088,29.70792599991021],[-98.05851700014769,29.70774499966604],[-98.05852600036852,29.707738000089737],[-98.05854300008696,29.7077270001973],[-98.05874099955535,29.707594999832985],[-98.05888299984558,29.707498000388576],[-98.05908399968703,29.70734200008017],[-98.0591809997714,29.707266000002164],[-98.05988299992828,29.70671899982811],[-98.06056499999366,29.706190000323367],[-98.06125000043211,29.705658000269295],[-98.06129100043998,29.70562699971433],[-98.06192999994936,29.705128999857177],[-98.06750600012306,29.700795999766907],[-98.06911299992808,29.699546000158147],[-98.06943400031844,29.699297000288365],[-98.06978499994773,29.699023999731274],[-98.0699160003673,29.698920999982867],[-98.07028600026315,29.698634000323732],[-98.07105600019209,29.69803500020989],[-98.07184600021252,29.697419999862994],[-98.07230899999479,29.697058999797587],[-98.07262799983702,29.69681100038866],[-98.07305800000732,29.696478000364227],[-98.07328300013822,29.696302000156194],[-98.07351800031488,29.696119999643393],[-98.07353800040634,29.69610399965112],[-98.07392599984554,29.695802999712267],[-98.07529300034938,29.69474000030832],[-98.07530500004493,29.694730999799233],[-98.07531300044086,29.694724000096333],[-98.07532599996134,29.694713999962556],[-98.07538799988562,29.694666000086766],[-98.07560600034383,29.694497000325388],[-98.07590900029253,29.69426199989842],[-98.07594899957718,29.69423099972801],[-98.07640600040997,29.693876999671446],[-98.07707699970639,29.693355999858998],[-98.07717999963856,29.69327300031939],[-98.07788500016848,29.692724999993178],[-98.07888699990103,29.69202500004822],[-98.07894800000038,29.691976000017707],[-98.0790069995516,29.691929000045626],[-98.07978499987648,29.691324999909007],[-98.0892769998171,29.68393100038376],[-98.08994100033914,29.6834790002045],[-98.09039999992345,29.68339799978325],[-98.09052899979487,29.683364999910875],[-98.0906579996663,29.68333200002765],[-98.09068500032879,29.68332500031119],[-98.09092700017813,29.683245000283584],[-98.09103099993521,29.683210999842903],[-98.09105199985162,29.683204000117957],[-98.09130299992178,29.68312199973654],[-98.0925499998767,29.682541000105104],[-98.09331599960765,29.682184999955904],[-98.09342399956269,29.682132999784724],[-98.09555900034563,29.681137000379493],[-98.0955850002849,29.681125000157277],[-98.09768900020738,29.680223000162872],[-98.10037899993578,29.679028000197725],[-98.10300000006723,29.677945000039646],[-98.10379099991255,29.6776180002587],[-98.10392300015704,29.677558000154765],[-98.10494699963087,29.677090000300645],[-98.10505499958589,29.677044999989764],[-98.10581100016945,29.67673100017358],[-98.10594400023884,29.67667500031208],[-98.10609300020177,29.676606999657878],[-98.10727200038461,29.6760679996173],[-98.10864999986077,29.67543100003043],[-98.10991699990717,29.67484499977392],[-98.11012699996945,29.674747999930773],[-98.1101510002589,29.674737000328882],[-98.11044499998677,29.67460600015257],[-98.11127799966489,29.674235000258427],[-98.11136399987862,29.67419699980281],[-98.1118479995773,29.673986000113008],[-98.11249600020581,29.67370300037772],[-98.11333200025697,29.673341000357993],[-98.11341900029561,29.673303000344994],[-98.1139740001394,29.673060999884395],[-98.11453599965586,29.67281500025775],[-98.11475300028917,29.672722000165972],[-98.11506000043583,29.672589000019585],[-98.11539299962344,29.672443999999956],[-98.11576400024252,29.672282999889283],[-98.11665600037018,29.671895000216658],[-98.11683499957203,29.671816000311114],[-98.11723399978021,29.67163899999115],[-98.11730300027548,29.67160899972085],[-98.11776799970757,29.671407000321505],[-98.11809099974776,29.671267000221555],[-98.11860200010894,29.67104399998325],[-98.1193739996877,29.67070600035237],[-98.11939100030446,29.670698999756855],[-98.12013699994392,29.67038399977215],[-98.12036799992262,29.6702859996624],[-98.1211060000645,29.669974000333713],[-98.12128599998955,29.66989800009052],[-98.12158599956521,29.669771000120704],[-98.12260200043976,29.669339000141502],[-98.12336700034581,29.669018999625447],[-98.12360300034737,29.668918999987163],[-98.12413999974949,29.668690999815592],[-98.12422599996322,29.66865400026967],[-98.12425100007758,29.66864300000121],[-98.1251749999923,29.66825100000905],[-98.12532200030539,29.66818900000579],[-98.12541299964367,29.668151000387763],[-98.12671499985017,29.66760999972899],[-98.1276460003359,29.667271000369627],[-98.12791300029959,29.667156999651453],[-98.12938600021032,29.66652500011843],[-98.12955899956435,29.666451000199917],[-98.13054600012659,29.666028999877483],[-98.13206400024315,29.665380000167833],[-98.13210400042612,29.665363000050604],[-98.1321300003654,29.665352000202823],[-98.1321599996043,29.66533899974248],[-98.13388799978316,29.664600000233666],[-98.13554900001485,29.663904000085918],[-98.13588899977347,29.663761999827692],[-98.13640599998241,29.663544999722053],[-98.14204999992819,29.66118699997972],[-98.14212500027125,29.6611559997574],[-98.1422270003785,29.661113000037517],[-98.1422409997239,29.66110700029297],[-98.1422769997089,29.661092000149477],[-98.14307199975221,29.66075999962738],[-98.143381000447,29.660630999904903],[-98.1483879996349,29.658538000303153],[-98.151568999633,29.65721000008591],[-98.1546590002928,29.655923999901404],[-98.159630000394,29.653856999963104],[-98.15968599957218,29.653834000062613],[-98.16668199995316,29.65092400028754],[-98.1676140002638,29.650537000268464],[-98.16879599992139,29.650045000329033],[-98.1691209996114,29.649909999729985],[-98.17025899978637,29.649436999683918],[-98.17148700037302,29.648925999904357],[-98.1715080002894,29.648918000056764],[-98.17318100021667,29.648265999801318],[-98.17318799988938,29.648227000380164],[-98.17354699991456,29.648081000291192],[-98.17375000030417,29.648000000246714],[-98.17382300009909,29.64797100004149],[-98.17388300037355,29.6479470002691],[-98.17658700034566,29.64682599974429],[-98.17670000032356,29.64677999984754],[-98.18000000014733,29.64542499990914],[-98.18012300017098,29.645374999697932],[-98.18089499974973,29.64505899994334],[-98.18150099964714,29.644810000191544],[-98.18297399955786,29.644205999658386],[-98.1837719999742,29.64387800015669],[-98.1843979999631,29.643621000338403],[-98.18442499972728,29.64360999967534],[-98.18461100039843,29.643532999684833],[-98.18495799982976,29.64338799994831],[-98.18826500022452,29.642000000249872],[-98.18976999992229,29.64136700027042],[-98.191283000016,29.64073099973565],[-98.19177500011058,29.64052299983314],[-98.19303100028633,29.639995000373162],[-98.19323600032574,29.639910000177743],[-98.19330499992272,29.6399069996735],[-98.19513600003373,29.63915200032311],[-98.19571699981678,29.63891300023548],[-98.19597899975759,29.63880599987517],[-98.19629299957694,29.638675999941142],[-98.19762999994354,29.63812800035666],[-98.19808100003026,29.637868000131895],[-98.1995909997509,29.637252000127425],[-98.19960400016969,29.637246999935797],[-98.20058599981073,29.63684000036906],[-98.20129600036353,29.636546000125],[-98.20194800029168,29.636258999672382],[-98.20209399988155,29.636201999721823],[-98.202118000171,29.636192000014855],[-98.20221299970723,29.636156999861335],[-98.2022319999738,29.63614999998535],[-98.20248499969381,29.636054999946985],[-98.20335300043034,29.635730000288845],[-98.20430599975907,29.635374000007396],[-98.20475600002085,29.635298999612175],[-98.20489199956499,29.635248999838204],[-98.21025500020167,29.633260999923916],[-98.21074599957304,29.633079000099183],[-98.21088500038852,29.63302700031196],[-98.21288700020376,29.63229100008407],[-98.21328800006177,29.63214299982165],[-98.21359100001045,29.632031999872556],[-98.21373300030068,29.63198000032567],[-98.21488099962308,29.631563999860592],[-98.21498899957811,29.63152500021689],[-98.2154749998249,29.63134900033578],[-98.21556699988643,29.63131599978699],[-98.2158189997815,29.63121600016394],[-98.21597600014034,29.63115800022774],[-98.21647300025779,29.630975000250555],[-98.21649900019706,29.630965000024606],[-98.21752199984599,29.630588000074347],[-98.21754199993747,29.63058099981131],[-98.21759100034127,29.63056299980198],[-98.21760399986177,29.630558000059114],[-98.21958800013364,29.629826000042392],[-98.21963199961625,29.62982300001859],[-98.21964300038522,29.629821999750348],[-98.2200850002511,29.629658999622013],[-98.22010299979445,29.629652000075225],[-98.22015300002317,29.629633999899944],[-98.22024599990958,29.629600000080554],[-98.22121900022812,29.629239999681598],[-98.22128399962712,29.629216000129837],[-98.22134800009954,29.629191999791534],[-98.22141000002382,29.629168999722197],[-98.22147100012319,29.629145999647616],[-98.22241000010652,29.62879899968464],[-98.22260000007734,29.628728999693458],[-98.22546399988299,29.62767100026268],[-98.22572699964873,29.627572999945038],[-98.22581899971023,29.627539000211],[-98.22582899975599,29.627534999828136],[-98.2267240002567,29.627203999806152],[-98.2267660000895,29.627189000076633],[-98.22703600042624,29.62708900026114],[-98.22712500011471,29.627055999878607],[-98.22716899959731,29.62703999983118],[-98.22723499971954,29.627015999755308],[-98.22767499993562,29.62685400006976],[-98.22785599968556,29.626786999622347],[-98.22833100006173,29.62661200035312],[-98.23004900019482,29.625988000118635],[-98.23324299971338,29.624830000300083],[-98.2345380002472,29.62436100008606],[-98.23518799962721,29.62412599977888],[-98.23580100009563,29.623921000143262],[-98.23668400000247,29.623626999675054],[-98.23698799977608,29.623525999897954],[-98.23753400029736,29.62329799997467],[-98.23813000014901,29.623049999856022],[-98.2381929998982,29.623023999720086],[-98.23952199986887,29.622541000389628],[-98.2425289997897,29.621444999942625],[-98.24317300022024,29.621196000376003],[-98.24344100000884,29.621092999795195],[-98.24392999973038,29.62090399969902],[-98.24594199959137,29.620126000247502],[-98.2475919999524,29.61948900031994],[-98.24840600026228,29.619172999781178],[-98.25062300016266,29.61831399974944],[-98.25065699959954,29.618301000242752],[-98.25304400027754,29.61737700013269],[-98.25471499965667,29.61671500020698],[-98.25481000009123,29.616676999900022],[-98.25484400042642,29.6166629997833],[-98.2550829999027,29.61656800011135],[-98.25971000004733,29.61476199984722],[-98.2600730002705,29.61461999978012],[-98.26008900016402,29.614627000371073],[-98.26037000037141,29.61452200004611],[-98.26062700028936,29.61442600027804],[-98.26085300024516,29.614341000374548],[-98.26088500003222,29.614328999996548],[-98.26094000028381,29.61430799972201],[-98.26140200024118,29.614134999934407],[-98.26159499968671,29.614062000196796],[-98.2619479998641,29.613928000209178],[-98.26199800009285,29.613908999922625],[-98.26238999973,29.613756000197213],[-98.26758900033515,29.61172699987181],[-98.26808899992734,29.61152699991303],[-98.27380499984314,29.60905200029211],[-98.27846499959972,29.60703399976859],[-98.27869999977636,29.606935999689412],[-98.27872599971562,29.606924999706404],[-98.27874300033238,29.606918000142684],[-98.27876199970063,29.606910000082756],[-98.2788639998079,29.606868000343496],[-98.27895500004449,29.606830000229685],[-98.27899000020459,29.606814999810812],[-98.27901000029607,29.606806999742716],[-98.27903200003739,29.606797999958232],[-98.27905100030397,29.60678999988884],[-98.2790610003497,29.606786000244373],[-98.28003200012009,29.60638299991181],[-98.28032500002304,29.606262000150714],[-98.28035400033538,29.606250000373],[-98.2805540003519,29.606167000049297],[-98.28110099979978,29.605943000368466],[-98.28223499977678,29.60549000008938],[-98.28233400040929,29.60544900026888],[-98.28236899967108,29.605435000154937],[-98.28246099973258,29.605398000011714],[-98.28544199971411,29.60420700022419],[-98.28555499969202,29.604162000133492],[-98.28633999968957,29.603848000243516],[-98.28641000000978,29.603820000350122],[-98.28657900006418,29.60375199968402],[-98.28663900033864,29.603728000310905],[-98.2867840001036,29.603670000175093],[-98.28820299958764,29.60310200026053],[-98.28829399982423,29.6030659997951],[-98.2898899997586,29.602427000330188],[-98.29001799980512,29.602399000042247],[-98.29438600038198,29.60075299997177],[-98.2957959996452,29.600171999748593],[-98.29585099989677,29.60014900008629],[-98.29586099994253,29.600145000178472],[-98.29594600033133,29.60011000000167],[-98.29595499965386,29.600103999747027],[-98.29602800034709,29.60006300008001],[-98.29611100018776,29.60004100017558],[-98.29614299997483,29.60002899965766],[-98.29615399984549,29.600024999745035],[-98.29618099960966,29.6000139997893],[-98.29619900005132,29.60000599996275],[-98.29621099974689,29.599999999701858],[-98.29626500017356,29.599974999652485],[-98.29637800015146,29.599925000316247],[-98.29690500040616,29.599817000165686],[-98.29745500022707,29.59959800015622],[-98.29769899972624,29.599502000237557],[-98.29801000007085,29.599378999671313],[-98.29843000019542,29.599213000142445],[-98.3016260002621,29.59795099987268],[-98.30187200030942,29.597858999947327],[-98.30190599974628,29.59784600014638],[-98.30194000008146,29.597833000343737],[-98.30201500042453,29.59780500034261],[-98.30223499963427,29.59772299990389],[-98.302252000251,29.597717000288295],[-98.30498899983507,29.59669400007731],[-98.30532799976878,29.596566999942574],[-98.30541099960946,29.596536000137586],[-98.31092800023194,29.59447300016907],[-98.3109249998589,29.594463000226995],[-98.31101400044565,29.59422000023681],[-98.3110749996467,29.59394999999518],[-98.31104500040782,29.59383000000297],[-98.31104500040782,29.593737000379537],[-98.31105799992827,29.59369800015919],[-98.31108300004263,29.592938999658404],[-98.31120799971612,29.592532999883854],[-98.31149200029654,29.592103000241885],[-98.31154300035017,29.592082000025336],[-98.31159900042667,29.592031000039178],[-98.311693000138,29.59198199975248],[-98.31177500015377,29.591921000302882],[-98.31181299978859,29.591865999999175],[-98.31190099965214,29.59177800023204],[-98.31201299980515,29.591497000381928],[-98.31205800001099,29.590853999996078],[-98.3120520001632,29.590793999738864],[-98.31194400020817,29.590557000327067],[-98.31180699994081,29.590369999768686],[-98.31166899984855,29.59012299976986],[-98.3112780000363,29.589765000320668],[-98.31096400021696,29.589451000137842],[-98.31063600015389,29.589182000303694],[-98.31041600004586,29.58907199980485],[-98.31009999967837,29.588865000188473],[-98.30998099985268,29.588786999871903],[-98.30969799999548,29.58868700023918],[-98.30941400031334,29.588548999755126],[-98.30926399962718,29.588433999858662],[-98.30916999991585,29.588384000270324],[-98.30862900031578,29.58803699982001],[-98.30821199966596,29.587790000359664],[-98.30762699968494,29.587394000038984],[-98.30728100007853,29.587141000322504],[-98.30702300033568,29.586860999970888],[-98.30658300011962,29.58651800020006],[-98.30622400009442,29.586264999849668],[-98.30596600035156,29.586117999892075],[-98.30561399999905,29.58605199963415],[-98.30515399969151,29.586057000022148],[-98.30504099971361,29.586017999957935],[-98.30490199979643,29.58591400023379],[-98.3046809998635,29.585616000160233],[-98.30458499960402,29.585468000111266],[-98.30446800032648,29.58528699985136],[-98.30443099961825,29.585219999901575],[-98.30439600035648,29.5851569996284],[-98.30435799982331,29.5850910003044],[-98.30432400038644,29.5850309997452],[-98.3042790001806,29.584949999793047],[-98.30412099999685,29.58473599999237],[-98.30408599983674,29.584688999938905],[-98.30397100020902,29.58453299982053],[-98.30396000033836,29.58443800034641],[-98.30394600009465,29.584307999811003],[-98.30392600000319,29.58424699962825],[-98.30390099988881,29.584004000032564],[-98.30383800013963,29.58370200000898],[-98.30381999969796,29.583459999829415],[-98.30383200029183,29.583090999939685],[-98.30381300002527,29.582914999866407],[-98.30382499972083,29.582749999763138],[-98.30392699982808,29.582426000053808],[-98.30418499957094,29.58208400001345],[-98.3043989998312,29.581678000311413],[-98.30461300009144,29.58162799971944],[-98.30473299974203,29.581524000158826],[-98.30478899981853,29.581419999709816],[-98.3051319999502,29.580950999906797],[-98.30534000036268,29.58042600000254],[-98.3053920002412,29.580349000172344],[-98.3055470000519,29.58012100026994],[-98.3057710003579,29.579626000291988],[-98.3059479999099,29.579449999645398],[-98.30597899987204,29.57934600018446],[-98.30607299958335,29.57911399961859],[-98.30612000033734,29.57889999994389],[-98.30612299981208,29.57888600005155],[-98.30613000038308,29.578855000283138],[-98.30613600023086,29.57863500009038],[-98.30609900042096,29.578508999877673],[-98.3060540002151,29.578310999672052],[-98.30599999978843,29.57806899984829],[-98.30597499967408,29.577957999735006],[-98.30583900012996,29.577438999929765],[-98.30560099958025,29.577007000012493],[-98.30543800027195,29.576677999766787],[-98.30520499974513,29.57645100018324],[-98.30516799993522,29.57641100029663],[-98.30506599982796,29.576302999976825],[-98.30480200023732,29.576110000231637],[-98.30456899971051,29.57596699963192],[-98.30446699960326,29.575923000247986],[-98.30445499990769,29.575918000139215],[-98.3038080000024,29.575472000378983],[-98.30341100034236,29.57522999999978],[-98.3033490004181,29.575174999974795],[-98.3031689995947,29.575038999826894],[-98.30291300039998,29.574677999895744],[-98.30290300035425,29.574653999856707],[-98.30283899988184,29.574501999998],[-98.30273900032272,29.574262999752136],[-98.30272900027698,29.574239999652903],[-98.30259799985741,29.573288000017282],[-98.30262399979667,29.573040000352],[-98.30262600034482,29.572968999882015],[-98.30279500039923,29.572534000204215],[-98.30286999984398,29.57225399995907],[-98.30293400031638,29.571967000073965],[-98.30291500004981,29.571583000174044],[-98.30273900032272,29.570866999740552],[-98.3026880002691,29.5705159997098],[-98.3026179999489,29.570299999625327],[-98.3025750002912,29.570173999948697],[-98.30253699975805,29.569887999702384],[-98.30251199964368,29.569832999892732],[-98.30241000043475,29.56965399989275],[-98.3023080003275,29.569475999661112],[-98.30226399994658,29.569397999987483],[-98.30193800043165,29.568827999942574],[-98.30188200035515,29.568758999821668],[-98.30153900022347,29.56834200015959],[-98.30118400039625,29.568028999844124],[-98.30086899985366,29.567742999773582],[-98.30041699994203,29.567372000040656],[-98.3000839998561,29.567099000310268],[-98.29989999973307,29.566917999930517],[-98.29985000040269,29.56686799984186],[-98.29946000041535,29.566410000127725],[-98.29909999966692,29.565767000100262],[-98.29902199984912,29.56542499988337],[-98.29894800022927,29.56509799966229],[-98.2986390004328,29.564201999708235],[-98.29865000030344,29.564061999851987],[-98.29856699956446,29.56397400006629],[-98.29856099971667,29.563825000183357],[-98.29839699968514,29.56357699993797],[-98.29832800008818,29.563220000251583],[-98.29847299985313,29.562994000255387],[-98.29846100015754,29.56284599985938],[-98.29839699968514,29.562619999807726],[-98.29857999998325,29.562186999623997],[-98.29863000021196,29.56191699964364],[-98.2985919996788,29.561729999943275],[-98.29858900020406,29.5616849996628],[-98.29858699965592,29.561657999953777],[-98.2985919996788,29.561503999738925],[-98.29856099971667,29.561371999814355],[-98.29853599960232,29.561168000159963],[-98.29852399990673,29.561141000312738],[-98.2982469998973,29.561113000289932],[-98.298077000018,29.56111800035038],[-98.2980209999415,29.561101999999746],[-98.29795099962129,29.561052000157442],[-98.29788200002433,29.560985999921453],[-98.29785000023729,29.56093200012244],[-98.29778699958977,29.560877000123927],[-98.29769899972624,29.56086000034557],[-98.29757900007563,29.560855000272348],[-98.29739699960243,29.56081000038355],[-98.29733999970104,29.560820999924083],[-98.29732100033277,29.560842999783066],[-98.29714200023263,29.560924999712313],[-98.29700699961509,29.560924000323407],[-98.29681900019243,29.560888999827775],[-98.29680499994873,29.560822000095417],[-98.29672299993297,29.560727000188688],[-98.29666100000868,29.560723000281136],[-98.29656700029734,29.560733999831207],[-98.29649100012936,29.560793999984124],[-98.29642199963409,29.56088200019607],[-98.29630899965618,29.560970000331285],[-98.29612600025638,29.560988000260696],[-98.29587400036131,29.561012999810085],[-98.29571700000247,29.561052000157442],[-98.29560999987235,29.56116300010198],[-98.29530199990079,29.561234000277114],[-98.29516600035666,29.561281999695872],[-98.29505500002858,29.56132099993938],[-98.29500499979986,29.561393000169083],[-98.29494200005068,29.561447999886713],[-98.29476600032358,29.561531000270517],[-98.29470400039929,29.561546999771817],[-98.29463400007909,29.56155800001348],[-98.29456399975889,29.56155299997481],[-98.29450199983461,29.561531000270517],[-98.29415000038043,29.56149700014976],[-98.29399600039464,29.561483000188677],[-98.29377799993642,29.561464000182493],[-98.29352100001849,29.561441999677424],[-98.29324300018413,29.561398000215664],[-98.2928189998616,29.5613090002868],[-98.2923250001172,29.56108500025931],[-98.29212199972761,29.56109800010704],[-98.29179200001472,29.561003999848],[-98.29150199958649,29.560921999982877],[-98.29135299962358,29.56091999964232],[-98.2912630001102,29.560918000083035],[-98.2911340002388,29.56083200024488],[-98.2904870003335,29.56063799966871],[-98.29045600037136,29.56062700010818],[-98.29041199999043,29.560556000287832],[-98.2903740003556,29.560346999668614],[-98.29004700011745,29.560182000190377],[-98.28989099958352,29.560139000357847],[-98.28929200025713,29.559932000017497],[-98.28888399982812,29.55979100031291],[-98.28871999979658,29.559740999821724],[-98.28845600020594,29.55973599969312],[-98.2881659997777,29.559593000129475],[-98.28778199963816,29.559373000165127],[-98.28773200030776,29.55932899980217],[-98.28728600024394,29.55894900027471],[-98.28715700037249,29.558838999651204],[-98.2867709996848,29.558510000381812],[-98.28600099975587,29.557633999967535],[-98.2859890000603,29.557490999772813],[-98.28571200005086,29.55731999986441],[-98.28562500001222,29.557144999617417],[-98.28554200017156,29.556837000040513],[-98.2855179998821,29.556705000269346],[-98.28554200017156,29.556561000109127],[-98.28568699993652,29.55643499970293],[-98.28577599962497,29.556373999871536],[-98.28579499989154,29.55626899987056],[-98.28578200037107,29.556077000345716],[-98.28579499989154,29.555977999788777],[-98.28573200014235,29.555742000130138],[-98.28570600020308,29.555532999710582],[-98.28554999966916,29.55507599962387],[-98.28552999957768,29.554762999616653],[-98.28537300011715,29.55460800038011],[-98.28526599998702,29.554487000271415],[-98.28520800026071,29.554374000336107],[-98.28507099999335,29.55410699972418],[-98.28483900018976,29.553863000026006],[-98.28473700008253,29.553756000059003],[-98.28468699985379,29.5536790002098],[-98.28453000039327,29.55361299984581],[-98.28432899965352,29.55336500031881],[-98.28417800004077,29.55325499986741],[-98.28401499983417,29.553231999672633],[-98.2839329998184,29.553187999761118],[-98.28359899990754,29.553145000077706],[-98.28310199979009,29.552889999998126],[-98.28278200012295,29.55281900021075],[-98.28236000034856,29.55263300033328],[-98.2821800004235,29.55252700009866],[-98.28190099986593,29.552362000352705],[-98.28151699972636,29.552158999954564],[-98.28078100013263,29.551840000291303],[-98.28071699966021,29.551801000295185],[-98.28037699990159,29.551691999965882],[-98.27958000020848,29.551366000100302],[-98.27906899984731,29.551140999642076],[-98.27878099996721,29.551117999747554],[-98.27877400029452,29.55114600019602],[-98.2787299999136,29.551178999626067],[-98.27863600020225,29.55120100002161],[-98.27842199994201,29.55120100002161],[-98.2777869997323,29.551245000016873],[-98.2774779999358,29.551245000016873],[-98.27703799971975,29.551178999626067],[-98.27679800041857,29.551196000251853],[-98.27649000044697,29.551182999911468],[-98.27630100030109,29.551167999817288],[-98.27595300014654,29.551205000306133],[-98.27528299977673,29.551373999874667],[-98.27496800013247,29.55145299966393],[-98.27455899987855,29.551423000334857],[-98.27375899981239,29.551266000132145],[-98.27371000030689,29.55121300009325],[-98.273633000314,29.55112800007608],[-98.27347000010738,29.55105099978735],[-98.2733660003503,29.55101800031546],[-98.27333000036529,29.551006000220667],[-98.27303599973911,29.55091300021917],[-98.27297299998993,29.55091300021917],[-98.27292399958613,29.550878000162772],[-98.27285900018711,29.55082999970858],[-98.27274000036142,29.550780999742326],[-98.27241599959801,29.550561999618857],[-98.27202399996085,29.550296999644843],[-98.27199100034889,29.550265000202522],[-98.27172100001212,29.55000600033849],[-98.27158700011783,29.549816999913215],[-98.27152900039152,29.54973500034654],[-98.27122499971959,29.549306000003877],[-98.27083999975511,29.548821999875823],[-98.27070599986082,29.548518999839803],[-98.27068400011952,29.548470000316083],[-98.27067200042393,29.548398999767883],[-98.27071000005878,29.548310999624626],[-98.27079700009742,29.548233000019607],[-98.2708039997701,29.548150999949222],[-98.27077799983084,29.548041000074306],[-98.27076600013527,29.547601000159066],[-98.27066499985294,29.547320000047513],[-98.270628000043,29.54692399965148],[-98.27067900009665,29.54656699973485],[-98.2706909997922,29.54635200033468],[-98.27038899966841,29.54572999973485],[-98.27026399999494,29.545581999839985],[-98.27013099992556,29.545472000295337],[-98.2698170001062,29.545245000131835],[-98.26965300007465,29.54514200016149],[-98.26906800009365,29.544795000376766],[-98.26898600007789,29.544761000095026],[-98.26885499965832,29.544683999644633],[-98.26872800033503,29.54463999991916],[-98.26859699991546,29.544612000012823],[-98.26842100018835,29.544519000379925],[-98.26765299990925,29.544233000182743],[-98.26743199997632,29.544177999691396],[-98.26659400027532,29.543918999859706],[-98.26600300044653,29.54378900030658],[-98.26593300012632,29.543791999763112],[-98.26572100041422,29.5438030003747],[-98.26561599993391,29.543876000140266],[-98.26539400017607,29.54392999967594],[-98.26523599999233,29.54398500030223],[-98.26517999991582,29.543994999773457],[-98.26481800041589,29.543948999853033],[-98.26438700042067,29.543828999826157],[-98.26409899964227,29.543695000357214],[-98.26399300023537,29.543660999705548],[-98.26302300028989,29.543345000043296],[-98.26244400015668,29.54309000024611],[-98.26243699958566,29.543042000000927],[-98.26218499969058,29.54299800034223],[-98.26208500013146,29.542959999626976],[-98.261664000182,29.54277800019863],[-98.26107300035319,29.542540999842107],[-98.2606580002515,29.542349000026366],[-98.2602359995788,29.541968999950964],[-98.26014100004257,29.5418529997915],[-98.26009199963875,29.541748999912663],[-98.25998500040694,29.541600000080134],[-98.25995400044481,29.541495999941027],[-98.25987200042904,29.541385000275717],[-98.25974600003235,29.54126500033145],[-98.25943700023585,29.541100000175508],[-98.25926099961045,29.541062000309857],[-98.25855699980376,29.541028000335675],[-98.2581159997628,29.540949999800105],[-98.25774500004204,29.540845999773843],[-98.25756400029205,29.540746000339116],[-98.25744999959092,29.54074699992753],[-98.25719199984806,29.540769000249135],[-98.25683299982286,29.540767000291133],[-98.25657500007999,29.5406689999567],[-98.25621799970462,29.540625999636376],[-98.25543100005724,29.540531000281625],[-98.25537699963058,29.540491000238696],[-98.25530499966057,29.540438000020593],[-98.25519099985773,29.540409999731967],[-98.25500900028287,29.54046499992872],[-98.25480199969532,29.540508999908283],[-98.25443599999743,29.540651999904966],[-98.25388199997855,29.540981999846757],[-98.25377499984843,29.54110900034728],[-98.25359900012133,29.54146000016851],[-98.25335300007404,29.54191700008458],[-98.25306400036904,29.542577000011175],[-98.25298400000311,29.542879000316876],[-98.252956000414,29.542984000162626],[-98.25298700037614,29.543164999655612],[-98.25302099981302,29.543210000368756],[-98.25325799963947,29.54352300020705],[-98.25360999999198,29.543863999978974],[-98.25388100015363,29.544210999833496],[-98.25405600005583,29.54431000019521],[-98.25432700021747,29.544380999708117],[-98.2547930003728,29.54454099988064],[-98.255152000398,29.544679000333943],[-98.25558500004304,29.545015000038358],[-98.2561390000619,29.54535100018897],[-98.25642199991913,29.545450000215723],[-98.25675199963202,29.54553200013283],[-98.25682299977711,29.54554999968644],[-98.25686299996009,29.54555999978434],[-98.25719500022112,29.54574199967454],[-98.25727700023688,29.545770000049398],[-98.2573140000468,29.545770000049398],[-98.25757299961458,29.54568099964051],[-98.25767399989691,29.54566499997138],[-98.2578060001414,29.54571400007345],[-98.25799399956405,29.545885000084024],[-98.2581240001587,29.546010000041314],[-98.25840399964287,29.546280999861693],[-98.25857900044336,29.546407999957164],[-98.25896900043071,29.546865000168115],[-98.25908999990624,29.547050000194417],[-98.25910499997482,29.547071999925784],[-98.25926499980841,29.547316000390666],[-98.25931199966408,29.547434999881673],[-98.2593700002887,29.547487000035552],[-98.25951199968061,29.547987999907143],[-98.25958500037387,29.548244999662227],[-98.2598129999795,29.548582999819956],[-98.25980499958358,29.548999000265745],[-98.25984899996452,29.54913099994418],[-98.25987400007887,29.549395999849608],[-98.25992900033046,29.549461000339644],[-98.25999399972947,29.549538000276833],[-98.26007499992032,29.54962100028556],[-98.26011900030124,29.549813000355236],[-98.26011500010328,29.54986200000932],[-98.26010000003467,29.550045000245838],[-98.26007499992032,29.55016100038212],[-98.26003399991244,29.550200999724577],[-98.25999999957725,29.55022399982773],[-98.25993000015536,29.55027100029411],[-98.25984200029181,29.550378000043853],[-98.25979100023818,29.550441000135677],[-98.25968999995585,29.5509199997601],[-98.25968599975788,29.550998999904213],[-98.25967800026028,29.551184000178207],[-98.25972799959068,29.55148100001954],[-98.2597359999866,29.551633000140086],[-98.25974000018456,29.551700999975996],[-98.2596459995749,29.55223999964263],[-98.25962100035886,29.55244899984028],[-98.25947400004578,29.552711999919726],[-98.25944999975634,29.55275400031773],[-98.25943800006077,29.552770999897035],[-98.25942399981706,29.55278999997511],[-98.259356000045,29.55288800027994],[-98.25929699959546,29.553057000159697],[-98.25929300029581,29.55307000025902],[-98.25924899991489,29.553289999881937],[-98.2592360003944,29.553641999845315],[-98.25909099973113,29.554153999947463],[-98.25892199967674,29.55433499975517],[-98.25882600031557,29.554555999983023],[-98.2587009997438,29.554759000254414],[-98.25853000003956,29.55493500017501],[-98.25825999970283,29.55509999962684],[-98.25802700007432,29.55518200031027],[-98.25788899998207,29.55521499998527],[-98.2575180002613,29.555247999649435],[-98.25682000030238,29.555127000307074],[-98.25641600007134,29.555116000146604],[-98.25607700013764,29.55506599968604],[-98.25602699990891,29.55503299996244],[-98.2559690001826,29.554960999888685],[-98.25589399983953,29.5549450001258],[-98.25576199959505,29.554939000311727],[-98.25560500013454,29.5549169999486],[-98.2553149997063,29.554790999836527],[-98.255152000398,29.55464800030668],[-98.25491399984831,29.554354999774475],[-98.25484400042642,29.554301000338413],[-98.25478199960382,29.554195999746046],[-98.25471800002971,29.554140999987613],[-98.25463600001395,29.554008999820127],[-98.25451100034049,29.553498000008506],[-98.25448000037835,29.55327200014388],[-98.25451100034049,29.552979999777918],[-98.25457400008968,29.552825999619678],[-98.25480599989326,29.552654999630786],[-98.25521000012432,29.552457999783027],[-98.25529899981277,29.552402999860046],[-98.25536099973705,29.55233199973056],[-98.25537400015585,29.552266000049716],[-98.25533499979778,29.552166000190677],[-98.25519099985773,29.551996000125058],[-98.2551659997434,29.551759000282587],[-98.25519800042875,29.551583999781723],[-98.25512200026077,29.551375000139522],[-98.25501599995556,29.551258999833706],[-98.25471999967955,29.55120899980904],[-98.2545969996559,29.551111000220335],[-98.25443099997455,29.550977999733462],[-98.25433800008813,29.55087399986531],[-98.25414700029242,29.550659000249485],[-98.25388299980345,29.550396999790376],[-98.25379599976483,29.550311000374467],[-98.25337399999043,29.55011300036885],[-98.2528710000252,29.550025000155],[-98.25201499988253,29.550031000260795],[-98.25185800042202,29.549964999858688],[-98.25144300032031,29.549832000207974],[-98.25127900028878,29.54982100025252],[-98.25106400020364,29.549897999915498],[-98.25101499979982,29.54990299974949],[-98.25075500040714,29.550017000273805],[-98.25074000033852,29.550023999876796],[-98.25047300037484,29.5501419998098],[-98.25016500040326,29.5502770003853],[-98.24999499962563,29.55042499965708],[-98.24990299956411,29.55045300029755],[-98.24954500026216,29.55069000007692],[-98.24939999959888,29.550804999983928],[-98.24931900030634,29.55088199967867],[-98.24920499960521,29.551058000100205],[-98.24892900031901,29.551393999698593],[-98.24891000005243,29.551432999851734],[-98.24888499993807,29.551520999621008],[-98.24889800035686,29.551746000014685],[-98.24892900031901,29.55190600025036],[-98.24900499958866,29.552115000357325],[-98.24906200038839,29.552581999954096],[-98.24896699995382,29.554037000248936],[-98.24893099996883,29.55459599993018],[-98.2487669999373,29.55497600020133],[-98.24856600009585,29.555261999693112],[-98.2484210003309,29.555376999867164],[-98.24815000016923,29.55551500037207],[-98.2478809996574,29.55565299990712],[-98.24738400043826,29.555800999901155],[-98.24725100036886,29.555873000157714],[-98.24707499974346,29.555938999826957],[-98.2466050002885,29.55630499983854],[-98.24644200008187,29.556372999656237],[-98.24619400038475,29.556446999934433],[-98.24578400030593,29.55653200016601],[-98.24534099971683,29.556657999669806],[-98.2449449998817,29.556805999754584],[-98.2444510001373,29.556846999803067],[-98.24411300002849,29.55687599965578],[-98.24402199979188,29.556883000346474],[-98.24397400011131,29.55690299986143],[-98.24389200009554,29.556920000305578],[-98.24370899979743,29.556931000269707],[-98.2433949999781,29.55699100033704],[-98.24316200034959,29.557051999795924],[-98.24308100015874,29.55705499964027],[-98.24299199957196,29.557058000265894],[-98.24294200024156,29.557024999630023],[-98.24287299974627,29.556997000029224],[-98.24280999999708,29.556920000305578],[-98.2427339998291,29.55687599965578],[-98.24266500023212,29.556860000196146],[-98.24243799955309,29.556942000232652],[-98.2423820003749,29.556931000269707],[-98.24218099963514,29.55682499985532],[-98.24211299986307,29.556795999987987],[-98.2416419996849,29.556697000135593],[-98.24151899966124,29.556682000078435],[-98.24132700004063,29.55666100030729],[-98.24079499976305,29.55654499981817],[-98.24072299979304,29.55654899989115],[-98.24048599996658,29.556565000181454],[-98.24018999969057,29.556584999759373],[-98.23978200015988,29.556624999684725],[-98.23974000032707,29.556624999684725],[-98.23909199969856,29.55661200004284],[-98.23902800012446,29.55660999961693],[-98.23870799955901,29.556511000363678],[-98.23846099968681,29.556456000302482],[-98.23809599981382,29.556297999889225],[-98.23805499980594,29.556281000121796],[-98.23782100035253,29.556192999809273],[-98.23768499991009,29.556171999936435],[-98.23725300008995,29.55610200032892],[-98.23718899961753,29.556091000274538],[-98.23699000032423,29.5560559996674],[-98.23661799988022,29.55597600013176],[-98.23648700035898,29.555948000240246],[-98.23617600001435,29.555831000274758],[-98.23583899973046,29.555756000105372],[-98.23558199981252,29.555698999970698],[-98.23525100027472,29.55555200005075],[-98.23508399987014,29.55547699967427],[-98.23503700001447,29.555459000325794],[-98.23468300001214,29.55532499986584],[-98.2339330001747,29.555038999770932],[-98.23347100021734,29.55482799978034],[-98.23308500042795,29.554554000297863],[-98.23274499977101,29.554261999729246],[-98.23263599999106,29.554175000239674],[-98.23206199988073,29.55364400032999],[-98.2319260003366,29.553522000386273],[-98.23152700012842,29.55307000025902],[-98.23086900035248,29.552139000282107],[-98.23071000034382,29.551700999975996],[-98.23067000016084,29.55152999964636],[-98.23065799956697,29.551479000273517],[-98.23058599959694,29.551293999758084],[-98.23055899983277,29.55113799962214],[-98.23062499995501,29.55087899965105],[-98.23064400022159,29.550804999983928],[-98.23060800023657,29.55027900015516],[-98.23075899984931,29.549687999630898],[-98.23074899980358,29.54939200027497],[-98.23069299972707,29.54873400010081],[-98.23058899997,29.5481079996856],[-98.23055299998498,29.547994000133926],[-98.23040499984697,29.547526000133438],[-98.23027699980045,29.547152000258418],[-98.22991699995035,29.546845999757608],[-98.22956499959784,29.546689999789354],[-98.22910099999066,29.546704000237195],[-98.22794400044745,29.546837000096644],[-98.22788699964772,29.54689600037781],[-98.22780499963196,29.546946000191703],[-98.22768499998135,29.546979000211653],[-98.22743800010915,29.547000999958545],[-98.22742300004053,29.547002000266602],[-98.22740899979682,29.54700299979315],[-98.22737700000978,29.547014000055295],[-98.2271950004349,29.547066999951756],[-98.2271050000232,29.547141000011298],[-98.22709499997747,29.54715400009006],[-98.22701899980947,29.547254000219496],[-98.22698399964938,29.547315000085696],[-98.22694199981659,29.547387999659435],[-98.22693199977085,29.547405999663997],[-98.22691199967936,29.54744100014127],[-98.22688599974009,29.547506999847176],[-98.22684899993017,29.54774400028302],[-98.22684899993017,29.547986000092013],[-98.2268930003111,29.548189000276018],[-98.22687400004452,29.548316000318604],[-98.22681100029536,29.54852500003505],[-98.22682399981582,29.548651999655387],[-98.22678600018097,29.5491249997849],[-98.22670099979217,29.549328000025668],[-98.22666599963208,29.549409999922624],[-98.2266609996092,29.549422000206924],[-98.2263519998127,29.54964199995686],[-98.22623899983479,29.549657999777885],[-98.22569200038694,29.549735999846067],[-98.22543200009595,29.549718000256465],[-98.22491200041226,29.54968100000462],[-98.2245690002806,29.549599000327543],[-98.22394800031456,29.54945000034381],[-98.22385500042814,29.54942800034856],[-98.2231120002634,29.54923600032897],[-98.22265299978076,29.54903199961539],[-98.22190399976823,29.548371999634394],[-98.22158900012396,29.54793200037861],[-98.22127399958138,29.547183999904867],[-98.22113600038743,29.546601000190567],[-98.22093999967055,29.546193999753413],[-98.22092100030228,29.545831000029665],[-98.22093999967055,29.545649000299765],[-98.22094600041663,29.545428999673458],[-98.2209649997849,29.545248000326627],[-98.22097800020369,29.545233999677176],[-98.22097800020369,29.545149000102093],[-98.2210280004324,29.545021999987764],[-98.22106600006724,29.544984000033352],[-98.22115399993078,29.544830000195116],[-98.22118499989291,29.544631000061738],[-98.22124799964212,29.544443999630452],[-98.22126400043395,29.54441599966982],[-98.22133200020602,29.544361999612228],[-98.22138499990947,29.544364999833228],[-98.22144500018392,29.544368000054185],[-98.22149600023755,29.544390000369273],[-98.22154599956794,29.54439499969425],[-98.22161300041341,29.544385999815027],[-98.22167000031482,29.544383999928616],[-98.22168000036056,29.544380999708117],[-98.22172600039131,29.544366999720044],[-98.22178300029272,29.544317999746543],[-98.22183900036922,29.544196999821875],[-98.22184000019413,29.544179000027395],[-98.22184600004191,29.543959999666008],[-98.22185799973748,29.543860999743043],[-98.22190799996618,29.54381699965936],[-98.2219780002864,29.543789999864895],[-98.22224199987703,29.543724000076587],[-98.2224870000994,29.543722999736023],[-98.22258199963566,29.543718000377876],[-98.22260000007734,29.54370699975704],[-98.22284600012462,29.54370699975704],[-98.22293200033833,29.543702999957272],[-98.22330399988402,29.543685999634185],[-98.22368300000069,29.543667999748717],[-98.2240980001024,29.543530000259757],[-98.22421299973014,29.543505999853686],[-98.22430599961653,29.543486000031944],[-98.22436699971591,29.543473000262903],[-98.22441299974666,29.543462999958574],[-98.2245130002041,29.543441999785024],[-98.22467300003767,29.543446000376647],[-98.22477099994695,29.543448000281607],[-98.22504499958335,29.543528999917285],[-98.22506700022298,29.54353599996959],[-98.22536199977574,29.543690000216156],[-98.2253529995549,29.543729999774904],[-98.22532900016378,29.543830000165617],[-98.22598000026704,29.54391800030259],[-98.22692099990019,29.543892000092505],[-98.22765200036939,29.54382300013372],[-98.22793100002865,29.543828000268213],[-98.22818499957354,29.54383299962099],[-98.22857200008615,29.543711000338167],[-98.229054000135,29.54343600006957],[-98.22930000018228,29.543448000281607],[-98.22945499999298,29.543400999768565],[-98.2295830000395,29.543226999990363],[-98.2296469996136,29.543203999857987],[-98.22972199995668,29.54307799999158],[-98.22974100022326,29.54293500030028],[-98.22969099999455,29.542758999801382],[-98.22950799969644,29.542231000373878],[-98.22947599990938,29.542055000212375],[-98.22943900009946,29.54195000018327],[-98.2293439996649,29.54183999981248],[-98.22908000007426,29.5416639997519],[-98.22821200023604,29.541201999991085],[-98.22768699963116,29.54102199969547],[-98.22700799993883,29.540974999617603],[-98.22699700006818,29.540974000031376],[-98.22654500015656,29.540941999982206],[-98.22599699998547,29.540788999826834],[-98.22554699972368,29.540619000164128],[-98.22551900013457,29.54056999993706],[-98.22536099995084,29.540487999902666],[-98.22526100039171,29.540470999820503],[-98.22517900037596,29.540487999902666],[-98.22510900005577,29.540480000048213],[-98.22502700004,29.5404689998566],[-98.22468800010628,29.540428000197533],[-98.22451800022696,29.54037800028578],[-98.22439900040128,29.54031199983299],[-98.22428499970015,29.540196999710847],[-98.22405899974433,29.539898999940856],[-98.22386999959845,29.539739999835373],[-98.22352999983983,29.539581000261407],[-98.22349600040296,29.53956299964506],[-98.22326600024918,29.539442999882912],[-98.22311499973813,29.53933299991064],[-98.22305799983673,29.539305999700225],[-98.22274999986514,29.53900900003597],[-98.22257999998584,29.538766999838177],[-98.22249200012229,29.538606999906094],[-98.222422999627,29.53855800026702],[-98.22234700035733,29.53846400014328],[-98.22224600007499,29.538232999858725],[-98.22220900026507,29.538090000348536],[-98.22214599961757,29.53798599972512],[-98.22219400019645,29.537756000311237],[-98.22224199987703,29.537526999994505],[-98.22219500002137,29.53752000030766],[-98.22228200005999,29.537198999746572],[-98.22231499967197,29.537177000211305],[-98.22241000010652,29.53712700025505],[-98.22244699991644,29.537061000024796],[-98.22246199998504,29.53702199979745],[-98.22253099958203,29.536841999875907],[-98.22253999980286,29.53681800022691],[-98.22256699956705,29.53674399964493],[-98.22256999994009,29.536734999866237],[-98.22258599983361,29.536675999907413],[-98.22258599983361,29.536637999942172],[-98.22256999994009,29.53654900009118],[-98.22255700041961,29.536481000222484],[-98.22255099967352,29.536449000314466],[-98.222542000351,29.5364130003081],[-98.22253899997796,29.53640100004258],[-98.2225280001073,29.536362999974063],[-98.22250499964277,29.536341000256918],[-98.22248399972636,29.536299999705488],[-98.22246000033523,29.53624600000239],[-98.22244199989358,29.536186000124758],[-98.22242799964987,29.536124000161674],[-98.22240599990856,29.536047999802108],[-98.22241000010652,29.536002000173774],[-98.2224150001294,29.5359769999082],[-98.22239000001504,29.535950000364807],[-98.22238300034235,29.53593300030118],[-98.22231499967197,29.535757000118593],[-98.22222699980841,29.535603000293666],[-98.22222699980841,29.53554000033325],[-98.22222699980841,29.53549900023869],[-98.22228899973271,29.5353829996904],[-98.22228899973271,29.535360999760044],[-98.22228899973271,29.535329999921164],[-98.22228899973271,29.535305999913255],[-98.22222000013574,29.535202000334383],[-98.22216300023432,29.53508099966016],[-98.22218199960258,29.534810999946156],[-98.22213800011995,29.53470099962441],[-98.22208799989126,29.53464600020027],[-98.22205899957893,29.534628999917462],[-98.22202000011919,29.534329000065632],[-98.22202500014205,29.533658999736545],[-98.22182000010264,29.533020999879525],[-98.22158900012396,29.53254300030668],[-98.22138300025964,29.532045000297817],[-98.22136499981796,29.53180000003548],[-98.22135700032037,29.53165999984238],[-98.2212040001595,29.531339999901657],[-98.22110100022734,29.531276999630375],[-98.2210779997628,29.53124600010282],[-98.22106100004436,29.53116999998536],[-98.22104699980066,29.53113200029605],[-98.22094200021867,29.530850000057516],[-98.22082599986771,29.53086299988622],[-98.22080099975337,29.530757000272075],[-98.22086299967764,29.530625999740085],[-98.22074300002706,29.530415000376127],[-98.22057399997263,29.530116999917126],[-98.22029699996321,29.529904999795708],[-98.21996200022745,29.529778000074266],[-98.219753999815,29.52942500016479],[-98.21983400018094,29.529195000039188],[-98.21987799966355,29.529150999826438],[-98.219865999968,29.528987999635344],[-98.21986500014307,29.528968999773408],[-98.21970100011154,29.52887099972947],[-98.21958899995856,29.528803999876057],[-98.21949500024722,29.528721999680144],[-98.21946900030795,29.528699999864056],[-98.21938700029219,29.528589999930464],[-98.21936800002561,29.528533000109636],[-98.2192679995682,29.52823800027686],[-98.21905400020626,29.527935000300243],[-98.21899099955876,29.527792000297833],[-98.21891500028907,29.527677000007095],[-98.21882099967944,29.52741800011743],[-98.21868900033327,29.52695600014649],[-98.21864400012743,29.526890000313387],[-98.21865099980013,29.526856999989857],[-98.21863200043188,29.526691999774112],[-98.21865699964792,29.52626300014216],[-98.21869500018106,29.526175000273398],[-98.21877800002173,29.52577399967121],[-98.21885800038767,29.52538799983759],[-98.21893299983242,29.525294999720305],[-98.21900900000041,29.52522300035247],[-98.21917899987973,29.525106999743212],[-98.21923499995623,29.525069000121167],[-98.21927299959106,29.524959000147437],[-98.21924099980401,29.52484300001716],[-98.2191970003214,29.52457400007916],[-98.21920999984187,29.524442000388436],[-98.21920999984187,29.524084000289328],[-98.21914700009268,29.523929999887574],[-98.21899999977957,29.52370400036584],[-98.21891699993891,29.523617000373854],[-98.2188530003648,29.523560000095976],[-98.2188390001211,29.52354700011035],[-98.21882200040267,29.52353899969751],[-98.21855500043897,29.52336899995922],[-98.2184669996771,29.52336899995922],[-98.2180649999942,29.5235400002377],[-98.21793899959751,29.52357799965236],[-98.21751099997533,29.52355600028093],[-98.2173539996165,29.52357300007987],[-98.21709599987365,29.523666999974065],[-98.21698299989573,29.52376600012577],[-98.21692500016941,29.5238349997005],[-98.21681300001643,29.523968999691704],[-98.21669400019074,29.524085000042444],[-98.21643600044789,29.524293999819843],[-98.21635400043212,29.524349000183204],[-98.21612799957798,29.524353999717334],[-98.21603300004175,29.524321000129838],[-98.21597699996525,29.524261000212828],[-98.21588200042902,29.524211000124506],[-98.21580000041325,29.52417799970874],[-98.21567499984145,29.52413999973775],[-98.21561799994004,29.524133999658744],[-98.21554199977207,29.524111999626598],[-98.21542299994638,29.52406800032958],[-98.21535500017431,29.524005000219105],[-98.21531599981626,29.523968999691704],[-98.21523399980049,29.523859000085316],[-98.21516500020351,29.523798999894243],[-98.21505800007338,29.523738999667653],[-98.2148689999275,29.523666999974065],[-98.21480000033053,29.523612000021668],[-98.21473099983525,29.523528999766757],[-98.21465499966726,29.523387000331265],[-98.21437199981004,29.523040000150903],[-98.21427200025094,29.522963000357297],[-98.21413900018153,29.522924000165343],[-98.21377500013348,29.522864000201515],[-98.21361100010195,29.52285899981207],[-98.2130510002353,29.52285899981207],[-98.21269300003499,29.52288599972335],[-98.21237199964463,29.522947000220217],[-98.21215200043491,29.5230019997525],[-98.21172399991444,29.52317299986962],[-98.21144100005722,29.523266000374207],[-98.21089399971105,29.52335999977199],[-98.21054200025686,29.523392999672875],[-98.21021400019379,29.523387000331265],[-98.21006299968273,29.523375999843694],[-98.2099749998192,29.52336500013663],[-98.20981800035868,29.523316000147936],[-98.20929199992888,29.523082000368927],[-98.20912600024755,29.523007999898635],[-98.20898099958427,29.522908999786875],[-98.20883099979643,29.52282599973699],[-98.2087859995906,29.52278199988072],[-98.20864800039665,29.52267799993111],[-98.20840300017426,29.52252900014027],[-98.2081949997618,29.522458000136453],[-98.20808799963169,29.522430000341515],[-98.20804400014906,29.522424999930593],[-98.20790600005681,29.522441000150177],[-98.20773000032972,29.5224189997499],[-98.20764800031394,29.52237499971661],[-98.20750299965067,29.522353000083598],[-98.20735799988572,29.52235900026823],[-98.20730199980922,29.522376000268288],[-98.20724499990781,29.52237000008467],[-98.2070880004473,29.52232600003008],[-98.20702499979978,29.522320999614045],[-98.20682399995835,29.522320999614045],[-98.20658499958374,29.52235900026823],[-98.20652799968234,29.52235900026823],[-98.20638999959007,29.52231500020885],[-98.20618899974862,29.522304000386434],[-98.20609400021237,29.522309999792267],[-98.20601200019661,29.52227700031983],[-98.2059560001201,29.522271000130345],[-98.2058359995712,29.522271000130345],[-98.20560999961539,29.522304000386434],[-98.20553400034572,29.522298999969355],[-98.20543399988829,29.522271000130345],[-98.20528300027554,29.52221099977923],[-98.20486800017386,29.52218299991592],[-98.20477899958708,29.522149999620304],[-98.2044840000343,29.521903000074566],[-98.20435199978982,29.52180900010483],[-98.20426399992627,29.521732000156074],[-98.20410599974252,29.52151800010237],[-98.20403700014555,29.521440999932107],[-98.20387999978672,29.521302999815397],[-98.20364100031043,29.521105000066882],[-98.20347100043112,29.521022999883904],[-98.20343899974576,29.52098999999166],[-98.20341500035464,29.52094200020028],[-98.20338900041536,29.52089100025047],[-98.2033009996535,29.52077500014616],[-98.20316299956123,29.520637999689985],[-98.20287999970401,29.520400999820886],[-98.20281699995482,29.52037899975869],[-98.20266600034209,29.52040700012128],[-98.2025900001741,29.52040700012128],[-98.20251499983104,29.52037899975869],[-98.20245200008183,29.520345999656413],[-98.20232599968514,29.52024200032977],[-98.20228800005032,29.520198000131437],[-98.20218799959288,29.520126000263144],[-98.20209300005664,29.520070999949247],[-98.20181000019943,29.519961000013417],[-98.20174699955191,29.519923000022033],[-98.20159000009139,29.51985099995807],[-98.2014710002657,29.519751999884146],[-98.20143899958033,29.519708000254454],[-98.20132599960243,29.519394000387585],[-98.2013010003864,29.51915200015898],[-98.20133200034851,29.519048000386817],[-98.20139500009772,29.51899300026869],[-98.2014639996947,29.518965000296554],[-98.20161500020576,29.51897099990037],[-98.20178500008505,29.518954000109954],[-98.20186000042814,29.51891599974041],[-98.20192999985001,29.518861000332212],[-98.20201799971356,29.51874500024589],[-98.202118000171,29.518575000269962],[-98.202118000171,29.518508999659787],[-98.20207999963785,29.51847000009622],[-98.2020400003532,29.518417000063913],[-98.20216699967648,29.51800200025252],[-98.20237099989097,29.517989000334577],[-98.20244500040914,29.51791400023394],[-98.2025330002727,29.51777699981284],[-98.2025330002727,29.51770499978534],[-98.20233200043124,29.51744100028863],[-98.20228800005032,29.517298000306198],[-98.2022379998216,29.517209999675437],[-98.20207399979007,29.51701199973524],[-98.20188499964418,29.51686899992834],[-98.20177800041238,29.51681400018935],[-98.20165299984059,29.51677000006399],[-98.20150200022783,29.516743000084148],[-98.20120000010405,29.516715000271184],[-98.20096699957723,29.51673700034824],[-98.20068999956779,29.51678099970626],[-98.20050799999292,29.51678099970626],[-98.20033200026583,29.51677000006399],[-98.20020000002134,29.516792000129023],[-98.20012999970115,29.516831000339273],[-98.19998599976111,29.51697400019987],[-98.19982199972956,29.517101000360366],[-98.19947000027538,29.51725500021187],[-98.19942599989446,29.517260000096524],[-98.19935099955138,29.517238000133165],[-98.19927500028172,29.517243999839383],[-98.19923699974856,29.517287999758693],[-98.19916200030382,29.517325999957922],[-98.19912999961845,29.51732100007651],[-98.1990989996563,29.517325999957922],[-98.19904900032591,29.517292999641732],[-98.19899200042451,29.51727700017154],[-98.19896099956404,29.51727700017154],[-98.19877200031648,29.517331999658897],[-98.19872799993556,29.517337000321426],[-98.19862099980543,29.517331999658897],[-98.1985709995767,29.517325999957922],[-98.19847600004047,29.517287999758693],[-98.19844500007831,29.51726599980143],[-98.19840099969738,29.517189000304175],[-98.1983940000247,29.516991000322907],[-98.19836300006257,29.51688600006903],[-98.19826900035122,29.516753999729357],[-98.19818099958935,29.51669899992786],[-98.1979859995957,29.516617000083016],[-98.19781599971638,29.51655599967869],[-98.19772100018015,29.516534000344013],[-98.19765800043096,29.516507000301274],[-98.19748199980553,29.51639099986175],[-98.19731299975113,29.5161870001141],[-98.1972680004436,29.516121000291644],[-98.19709900038922,29.51597300005948],[-98.19702900006901,29.51589600036018],[-98.1969229997638,29.515731000248884],[-98.19687199971017,29.515626000251203],[-98.19675899973227,29.515334999665964],[-98.1967529998845,29.51529599966096],[-98.1967529998845,29.515207999634534],[-98.19678399984663,29.51507600023319],[-98.1968659998624,29.514943999877907],[-98.19700999980243,29.51475700005705],[-98.19707299955162,29.514707999808568],[-98.19716799998618,29.514652999676905],[-98.19736299997984,29.514575999755085],[-98.19755100030083,29.514482000014727],[-98.19776499966275,29.514394000062293],[-98.19797899992301,29.514327999852316],[-98.1986839995546,29.514091999910097],[-98.19929399964998,29.513888000218888],[-98.19933800003092,29.513877000262188],[-98.19940099978011,29.513844000384825],[-98.19954499972015,29.513738999992988],[-98.19969000038341,29.51359600025194],[-98.19970899975168,29.513558000215724],[-98.1997530001326,29.513437000231608],[-98.19977800024697,29.513321000182103],[-98.19979699961523,29.51305700019387],[-98.19983400032345,29.51285299998012],[-98.1999289998597,29.512688000380127],[-98.19993499970747,29.51256200002122],[-98.199922000187,29.51248500007216],[-98.199922000187,29.512390999953382],[-98.19995999982183,29.51223200038536],[-98.20002900031713,29.512071999914017],[-98.20018599977764,29.511796999612432],[-98.20019900019642,29.51173100005427],[-98.20023699983128,29.51144500016868],[-98.20022400031081,29.511263000318273],[-98.20018599977764,29.511130999680763],[-98.20013600044723,29.51088900001944],[-98.20004799968538,29.51068600001234],[-98.19985900043783,29.510367000072208],[-98.19978999994251,29.510179999612934],[-98.19978699956948,29.510107999653385],[-98.19963400030693,29.50999300037179],[-98.1993930002825,29.509661000387155],[-98.19909199998361,29.509471999610543],[-98.19891200005856,29.509435000269253],[-98.19857300012484,29.509365000358745],[-98.1980009996643,29.50936399967837],[-98.19789400043251,29.50939600033622],[-98.1979220000216,29.50952000015144],[-98.19791600017382,29.509568999784356],[-98.19787799964067,29.509607999650683],[-98.19769600006578,29.509695999855275],[-98.19765199968485,29.509707000266346],[-98.19753200003426,29.5097119997421],[-98.19745699969117,29.50968999970163],[-98.19697600036557,29.50979100002577],[-98.19641300012586,29.50990999989135],[-98.19636799992001,29.509938000023364],[-98.19633100011009,29.510015000346407],[-98.19628699972917,29.51002599994103],[-98.19624900009434,29.510015000346407],[-98.19607800039012,29.51005699971615],[-98.19589099989405,29.51010300019719],[-98.19589699974182,29.510169000035052],[-98.19588400022134,29.51020799967027],[-98.19591099998551,29.51026999988127],[-98.19567499998398,29.510409999965905],[-98.19562599958017,29.51054600030942],[-98.19551500015041,29.510649000333046],[-98.19550099990671,29.510780000150977],[-98.19550099990671,29.510971999697095],[-98.19548199964014,29.51105500008854],[-98.19546900011966,29.511070999760562],[-98.19535600014176,29.511109999829987],[-98.19529300039257,29.511109999829987],[-98.19519200011023,29.511082000022213],[-98.1951419998815,29.51104399982395],[-98.19505400001796,29.51100499972903],[-98.19495299973562,29.51093899965446],[-98.195057000391,29.510714999814915],[-98.19445700034137,29.510473999828417],[-98.19441899980822,29.510458999949815],[-98.19409099974517,29.510241999841085],[-98.19373300044319,29.510163999800078],[-98.19254099984155,29.510140000076056],[-98.19222399964914,29.510010000103836],[-98.19181500029354,29.50979500038482],[-98.1909950001359,29.509565000198105],[-98.19094699955701,29.5095510000815],[-98.19089399985356,29.509460999955664],[-98.1908899996556,29.5094200002367],[-98.19091300012013,29.50920099966397],[-98.19074300024081,29.5090429996777],[-98.19061000017143,29.508653999630308],[-98.1906140003694,29.508468999730425],[-98.19061199982127,29.508393999611304],[-98.19069999968481,29.508156999995432],[-98.19073200037018,29.50800400028521],[-98.19074599971556,29.507990999864905],[-98.19076499998214,29.507881000089935],[-98.19074599971556,29.50777599976686],[-98.19073300019508,29.507758999659607],[-98.19072300014933,29.50768399979629],[-98.19070499970766,29.507541000101007],[-98.19058300040726,29.5073790001967],[-98.19048499959965,29.507258999781914],[-98.19043600009418,29.507203000373657],[-98.19037699964461,29.5071360002451],[-98.19031200024561,29.507063999684135],[-98.19027500043568,29.5069480001494],[-98.19025399962096,29.50688800009523],[-98.1902129996131,29.50677099965289],[-98.19023199987966,29.5064519998848],[-98.18994099962653,29.505809999944105],[-98.18989999961863,29.50571899968518],[-98.18981500012815,29.505606999915784],[-98.18885199985536,29.504346999641168],[-98.18871100028836,29.504218999947113],[-98.18852100031756,29.504159999789366],[-98.18845600002022,29.504028000053964],[-98.18840599979153,29.504018999710325],[-98.18808500029947,29.50377700024818],[-98.18792799994064,29.503672000359746],[-98.18779599969615,29.503611999927855],[-98.1876579996039,29.50350200008617],[-98.18739999986104,29.503264999964333],[-98.18692200001016,29.50267599984539],[-98.18668900038165,29.502307999688725],[-98.18643199956539,29.50185799968504],[-98.18641900004489,29.501835000310486],[-98.18632500033357,29.50143500018813],[-98.1863129997397,29.501416999821014],[-98.18631199991478,29.501377999926746],[-98.1863139995646,29.50136200028657],[-98.18631799976257,29.501319999655305],[-98.18632799980831,29.501220000241567],[-98.18632399961037,29.501199999877862],[-98.1863339996561,29.501162999859154],[-98.18634100022709,29.501096999623254],[-98.18634200005201,29.501087999800948],[-98.18634500042508,29.501059000368155],[-98.18635200009774,29.50098800015811],[-98.18634600024997,29.50096299984105],[-98.18635899977046,29.500925999735752],[-98.18637499966397,29.50076700014375],[-98.18671399959769,29.50042099979999],[-98.18751899968673,29.49999699978242],[-98.18778800019857,29.499736000212877],[-98.18809000032235,29.499515999807606],[-98.18828500031601,29.499412000188862],[-98.18837900002734,29.499201999851323],[-98.18841699966218,29.49893299978431],[-98.18850500042403,29.49868499987139],[-98.1886929998467,29.49848699966259],[-98.18912100036718,29.49817899969764],[-98.18918999996417,29.498030999817967],[-98.18932700023151,29.497717999962298],[-98.18935700036874,29.497649999798295],[-98.18936599969126,29.4976280002644],[-98.18936999988922,29.49761900013382],[-98.18937599973701,29.497604999929102],[-98.18941599991999,29.4975140001152],[-98.18954200031668,29.497226999925957],[-98.18974999983082,29.496650000162838],[-98.18990100034188,29.49589100012331],[-98.18993200030401,29.49561599965711],[-98.18991300003744,29.49524100016387],[-98.18995800024328,29.49514799971189],[-98.1900519999546,29.49501599995787],[-98.19013399997037,29.494851000218915],[-98.19020299956735,29.49465300033378],[-98.19020900031344,29.49420700013037],[-98.19015200041204,29.493590999817904],[-98.19008999958945,29.493316000144528],[-98.18996400009107,29.492843000210925],[-98.18986299980872,29.49260099984544],[-98.18966199996727,29.492271000050273],[-98.18953599957058,29.491924000324108],[-98.18942299959265,29.491808999938527],[-98.18934800014792,29.491775999905776],[-98.18912100036718,29.491704000152417],[-98.18898300027492,29.49162199961075],[-98.18869399967161,29.491362999723982],[-98.18865600003679,29.491241999800565],[-98.18868699999892,29.49093399969866],[-98.18868100015113,29.49086799983425],[-98.18868699999892,29.490713999722793],[-98.18865600003679,29.490201999862773],[-98.18834700024028,29.489710000051787],[-98.18830399968428,29.48964099989198],[-98.18829299981363,29.489623999868083],[-98.18827299972213,29.489590999905534],[-98.18825199980574,29.489556999838086],[-98.18819900010229,29.489472999714486],[-98.18816999978998,29.48942700002689],[-98.18813299998004,29.489367999853023],[-98.18787000021433,29.488948000100937],[-98.18771299985549,29.488826999638945],[-98.18760599972536,29.488447000292204],[-98.18764500008342,29.488383999906766],[-98.18759200037996,29.488212000343083],[-98.18735300000537,29.488074000281976],[-98.18719700036976,29.488051000123203],[-98.1871780001032,29.48803999970544],[-98.18708400039185,29.48788000010488],[-98.18688299965208,29.487445999613232],[-98.18606500004257,29.486895999782387],[-98.18574000035257,29.486574999719796],[-98.18508500005134,29.48608900026946],[-98.18494600013418,29.486108999707216],[-98.18481999973747,29.486036999836266],[-98.18459399978168,29.485878000331105],[-98.18429199965789,29.485695999883035],[-98.1842289999087,29.4856800001116],[-98.1840969996642,29.48575100010448],[-98.18404099958772,29.48574000021897],[-98.18391500008934,29.485669000218387],[-98.18385800018793,29.485613999952427],[-98.1838270002258,29.485519999912235],[-98.18377000032439,29.4852840000758],[-98.18363200023212,29.48515199998065],[-98.18339299985753,29.484997999782593],[-98.1831100000003,29.48489900003443],[-98.1828709996257,29.48484400013252],[-98.18258799976849,29.48482700008571],[-98.18150700039325,29.484800000189505],[-98.18057000005973,29.484541000066628],[-98.1803499999517,29.484508000012465],[-98.18005399967569,29.484496999992043],[-98.17990999973566,29.484563000096767],[-98.17980900035163,29.48461800015118],[-98.17967100025936,29.48461800015118],[-98.17956999997702,29.484607000142688],[-98.17909899979882,29.484508000012465],[-98.17826199992274,29.484435999785916],[-98.17801699970036,29.48444199987193],[-98.17749500036686,29.484563000096767],[-98.17724400029668,29.48466200017317],[-98.1771399996413,29.484768999720558],[-98.17707400041738,29.484838000070308],[-98.17698599965551,29.485019000356573],[-98.17692299990632,29.48521700030372],[-98.17692299990632,29.485399000048176],[-98.17708600011295,29.48586600032878],[-98.17712399974776,29.48611900020653],[-98.17712999959556,29.4863400001206],[-98.17716200028092,29.48643300005711],[-98.17753899984947,29.48707700030222],[-98.17760800034476,29.487176000268338],[-98.17773999969091,29.48726900021951],[-98.17819900017355,29.487566000046822],[-98.17843799964984,29.4876650003171],[-98.178696000291,29.487841999800963],[-98.17878400015455,29.487967999642763],[-98.17913800015688,29.488620999663755],[-98.17965100016788,29.489569000185146],[-98.17967600028223,29.489679000303095],[-98.17965799984057,29.48978900030162],[-98.17952499977117,29.48996000022571],[-98.17940599994549,29.490234999626296],[-98.17929899981537,29.49051500026785],[-98.17909200012613,29.490911000189165],[-98.1791039998217,29.49105399991063],[-98.17914200035484,29.49120800028718],[-98.17921099995183,29.491340000311876],[-98.17942500021206,29.4915829998543],[-98.17972700033586,29.491891000328774],[-98.17997199965993,29.49217100030292],[-98.1801599999809,29.49244099962886],[-98.180335999708,29.492655000164497],[-98.18045600025691,29.492782000338085],[-98.1807580003807,29.492990999852314],[-98.18088999972687,29.493095999868274],[-98.18102199997135,29.493140000118135],[-98.18116599991139,29.4931339997653],[-98.18132400009515,29.493106999737012],[-98.18158100001308,29.492935999651543],[-98.18168800014321,29.492836999840545],[-98.18182000038767,29.49275999974686],[-98.18264999969277,29.492815000043123],[-98.18314099996245,29.49275999974686],[-98.1836249996611,29.49264500031032],[-98.18392699978492,29.492622999689335],[-98.18409099981643,29.492628000008594],[-98.18432299962002,29.492716000113862],[-98.18456799984241,29.492886999788773],[-98.18488900023279,29.4931339997653],[-98.18493899956319,29.493195000208082],[-98.18493899956319,29.493282999820785],[-98.18491400034713,29.49339299981557],[-98.18473199987393,29.493810999801028],[-98.18451799961369,29.49420700013037],[-98.18443599959792,29.494311999667783],[-98.1842289999087,29.49465300033378],[-98.18410900025809,29.49488400003184],[-98.18400200012796,29.495137000064734],[-98.1838070001343,29.49574700015994],[-98.18380100028652,29.49580799981106],[-98.18382600040087,29.495918000191356],[-98.183813999807,29.49603900000258],[-98.18373799963902,29.49611599994932],[-98.1836310004072,29.496199000009167],[-98.18347400004838,29.496363999897863],[-98.18328499990248,29.49651800002063],[-98.18308400006103,29.49665500028331],[-98.18288300021959,29.49677099988148],[-98.1826379999972,29.496869999756953],[-98.18221000037502,29.497079000218832],[-98.18188899998465,29.49719400009452],[-98.18176400031119,29.497249000328853],[-98.1816310002418,29.497326000137598],[-98.18154300037826,29.497391999703716],[-98.1814620001874,29.497408999987766],[-98.18134800038457,29.497391999703716],[-98.1812160001401,29.497337000328923],[-98.18111599968267,29.497259999746653],[-98.18098400033651,29.497123000302324],[-98.1808770002064,29.497040000217776],[-98.18072599969534,29.497046000339182],[-98.18054999996824,29.497084000318125],[-98.18015300030821,29.497228999962793],[-98.1798710002759,29.497332000242125],[-98.17948700013633,29.497441999749153],[-98.17924799976174,29.497530000363373],[-98.1786250001459,29.49766199996854],[-98.17829799990776,29.497649999798295],[-98.1781099995868,29.49761700010468],[-98.17762599988811,29.497419000153528],[-98.17705299960267,29.49710599997026],[-98.17679599968471,29.497007000325404],[-98.17670699999626,29.4969570000652],[-98.17659400001835,29.496841999920438],[-98.17645599992609,29.49674800013347],[-98.17633600027548,29.496688000290376],[-98.17606599993876,29.496677000028562],[-98.17595899980863,29.4966379998727],[-98.17583999998295,29.4966220002655],[-98.17562599972268,29.49660499984934],[-98.17540599961465,29.496598999701813],[-98.17521700036708,29.496627000387345],[-98.17499100041128,29.496627000387345],[-98.17460700027173,29.49664900013874],[-98.17426800033802,29.49665400025925],[-98.1738649999319,29.496642999993757],[-98.17376399964955,29.496627000387345],[-98.17361399986171,29.496510999842414],[-98.1733310000045,29.49616799990057],[-98.17329199964645,29.495633000239273],[-98.1732180000266,29.495509999872347],[-98.1732110003539,29.495427000029725],[-98.17317399964567,29.49527900003811],[-98.17318000039175,29.495052999876673],[-98.17319299991223,29.494843999925504],[-98.17326200040753,29.494685000167703],[-98.17324899998873,29.494580000235032],[-98.17319899976002,29.494509000174208],[-98.17302300003293,29.494469999965485],[-98.17292799959836,29.494338000109817],[-98.17283999973482,29.494327000374703],[-98.17277100013784,29.49436000035832],[-98.17275900044228,29.494426000293327],[-98.17278399965832,29.49451399961846],[-98.17274000017571,29.49452500011519],[-98.17258299981687,29.49450299990251],[-98.17246300016627,29.494509000174208],[-98.17231800040132,29.494552999810324],[-98.17219899967732,29.494630000104817],[-98.17200399968364,29.49496500023784],[-98.17189699955354,29.49512999979109],[-98.17181500043608,29.49530100008224],[-98.17177799972785,29.49541599963103],[-98.17178399957562,29.495487999873546],[-98.17189099970574,29.49562499996569],[-98.17187800018527,29.495712999812962],[-98.17170199955986,29.49589999962554],[-98.17160100017583,29.496306999909887],[-98.1715569997949,29.4965439998964],[-98.17150699956619,29.496747000110336],[-98.17140600018217,29.496929000252795],[-98.17126800008991,29.497122000282832],[-98.17090900006471,29.497518000177493],[-98.17075799955364,29.497649999798295],[-98.17065799999453,29.497688000332523],[-98.17048200026743,29.4978040003113],[-98.17029300012155,29.497859000214373],[-98.17023000037236,29.497864000275154],[-98.16999000017286,29.49782299976941],[-98.16984000038501,29.49779800023474],[-98.16970800014055,29.49774300029853],[-98.1695509997817,29.497654999869393],[-98.16946299991815,29.497544999811808],[-98.16938099990239,29.497528000332476],[-98.16924899965792,29.497439999716526],[-98.16919900032752,29.497340999616316],[-98.16918599990873,29.49724800031067],[-98.16919900032752,29.497127000379997],[-98.16916099979437,29.497049999638065],[-98.16904799981647,29.496995000077565],[-98.16891599957198,29.496911999888173],[-98.16879599992139,29.496824000300723],[-98.16867700009571,29.496697999745408],[-98.16858300038436,29.49657599991473],[-98.16834400000977,29.49615300024821],[-98.1683189998954,29.49603199979126],[-98.16830600037493,29.495801000365685],[-98.1683819996446,29.49568000027013],[-98.16840099991117,29.495591999612287],[-98.16847000040646,29.495437999645393],[-98.16851399988907,29.495284000226263],[-98.16853300015566,29.495074999969887],[-98.16851399988907,29.494837999673656],[-98.1684450002921,29.49470600029755],[-98.16833800016198,29.494430999741674],[-98.16829399978104,29.49422700031124],[-98.16819300039703,29.493908000121642],[-98.16815599968879,29.493639000068253],[-98.16811200020618,29.493430000327212],[-98.16808700009182,29.492995000093174],[-98.16809899978739,29.492708999672896],[-98.16813099957444,29.492493999968016],[-98.16824399955235,29.491927999825172],[-98.16827600023771,29.491702000006484],[-98.16827600023771,29.491339000235296],[-98.16828799993327,29.49116900037135],[-98.16825100012336,29.491091999791703],[-98.16806500035051,29.490865999671804],[-98.16802599999245,29.490861000047524],[-98.16770999962495,29.490816000289907],[-98.16744000018652,29.490690000080406],[-98.16732600038372,29.490607000198025],[-98.16718800029145,29.490459000201476],[-98.16694899991684,29.490013000299033],[-98.16688600016765,29.48977100021051],[-98.16694300006907,29.489621999681084],[-98.1670939996818,29.48945200006368],[-98.16725699988842,29.48931400012765],[-98.16730200009427,29.489226000194947],[-98.16739599980559,29.488880000304984],[-98.16750899978351,29.48863799985594],[-98.16771100034818,29.488279999805403],[-98.16788700007528,29.488022000085532],[-98.16805600012968,29.487729999810085],[-98.16815700041201,29.487515999818275],[-98.16825799979604,29.487450000073043],[-98.16837699962174,29.48742799988777],[-98.16854700039937,29.487378000373077],[-98.16866600022504,29.487306999956374],[-98.16873599964693,29.48721299992282],[-98.16876699960908,29.487091999734627],[-98.16860400030076,29.486536000366442],[-98.16850300001843,29.48633300002103],[-98.16844699994192,29.486168000214914],[-98.16839000004052,29.485942000058607],[-98.16838400019273,29.48583199979327],[-98.16834599965959,29.485629000383387],[-98.16828299991039,29.48544200037835],[-98.16825799979604,29.485255000028154],[-98.16825799979604,29.48508399998299],[-98.16814499981814,29.484742999950548],[-98.16786899963363,29.484336000124987],[-98.16771600037106,29.48417999995636],[-98.16763600000512,29.484098999728964],[-98.16752300002722,29.484044000174837],[-98.16746000027803,29.483961999689388],[-98.16742900031586,29.483873999800284],[-98.16742900031586,29.483742000214356],[-98.16733999972911,29.48354899971642],[-98.1672340003222,29.483416999707146],[-98.16715800015423,29.483279000153402],[-98.16703900032853,29.483003999858955],[-98.16700699964316,29.482889000296527],[-98.16699499994759,29.482795000074532],[-98.16697599968103,29.482421000207566],[-98.16693800004619,29.482272999983604],[-98.1668469998096,29.482069000313945],[-98.16683599993894,29.48204500018781],[-98.16683199974099,29.482036000236793],[-98.1668689995509,29.481661999914817],[-98.16690100023628,29.481474999627242],[-98.16690700008405,29.48114999966972],[-98.16690100023628,29.48095200037824],[-98.16685100000755,29.48076000022189],[-98.16685100000755,29.4806499998055],[-98.16679400010615,29.480440999858462],[-98.16679400010615,29.48038000033892],[-98.16680699962663,29.47999999981321],[-98.16682000004542,29.479911999611776],[-98.16678800025836,29.47976899980578],[-98.16667500028046,29.47957699975434],[-98.16658099967083,29.479438999663834],[-98.16631000040748,29.479119999834666],[-98.16608399955335,29.478917000273785],[-98.16592700009284,29.478862000253415],[-98.16577599958178,29.47875099992234],[-98.16554299995327,29.478618999919934],[-98.16537399989889,29.47847599985367],[-98.16519099960077,29.478349999939823],[-98.16515499961577,29.478333999790568],[-98.16484599981926,29.478196000353705],[-98.16479200029092,29.478169000254887],[-98.16463800030513,29.478090999755306],[-98.16434299985403,29.47799699977523],[-98.16396499956225,29.477925999824055],[-98.16367599985726,29.4779200001343],[-98.16297799989835,29.477820999727957],[-98.16270199971382,29.477820999727957],[-98.16246900008531,29.477853999613483],[-98.16227400009164,29.477871000047966],[-98.16210400021234,29.477871000047966],[-98.16195299970128,29.47786000008918],[-98.16161399976757,29.4777380002528],[-98.16142499962167,29.477716000305154],[-98.16129999994823,29.477716000305154],[-98.16124300004681,29.477716000305154],[-98.16109800028185,29.47776000019565],[-98.16094099992303,29.477820999727957],[-98.16079699998296,29.477842999652854],[-98.16062100025587,29.477858999879565],[-98.16015500010054,29.477831999691027],[-98.15994199966522,29.47784799991947],[-98.15975900026542,29.477909000180833],[-98.1596019999066,29.47798499962179],[-98.15948300008091,29.478063000202944],[-98.15945100029386,29.478139000310467],[-98.15943799987505,29.47837100032731],[-98.1593630004303,29.47849199998045],[-98.15924999955409,29.478590999731434],[-98.15912400005571,29.47865100012588],[-98.1589039999477,29.478661999998817],[-98.15869600043354,29.478656000352636],[-98.15781000015363,29.478463999756883],[-98.15740099989972,29.47838699968868],[-98.15681000007095,29.478260000240564],[-98.1566529997121,29.478210000112483],[-98.1562379996104,29.478011999769564],[-98.15575399991174,29.47780900033565],[-98.15562900023826,29.477786999621387],[-98.15550299984157,29.477786000193145],[-98.15533299996225,29.477808000125574],[-98.15510000033376,29.47779700015996],[-98.15485500011135,29.477813999821958],[-98.15454100029201,29.477786000193145],[-98.1543079997652,29.47783000005325],[-98.15416300000024,29.47786299993585],[-98.15391799977786,29.47797300024892],[-98.15352199994273,29.47812099971394],[-98.1528929995808,29.47837999982179],[-98.15262899999014,29.47855599968048],[-98.15240899988213,29.478616000095627],[-98.15217000040583,29.478847000384867],[-98.15193699987901,29.479051000283807],[-98.15184900001546,29.479210000334295],[-98.15172299961877,29.47949599975796],[-98.15172299961877,29.47964500031922],[-98.1516670004406,29.479825999714333],[-98.15157200000604,29.47996900022198],[-98.15139600027894,29.480287999725025],[-98.15128300030105,29.480452999721123],[-98.15117600017092,29.480558000218647],[-98.1508930003137,29.48060199965744],[-98.15078600018357,29.48058000033144],[-98.1506670003579,29.480536000101083],[-98.15056000022778,29.480474999856703],[-98.15043399983108,29.480326999918965],[-98.15034599996753,29.480101000030206],[-98.15015599999673,29.479751999689626],[-98.15025700027905,29.4796030000677],[-98.15027700037054,29.479402000298922],[-98.15025200025619,29.479346999759752],[-98.1502460004084,29.479270000362302],[-98.1502959997388,29.479110999623924],[-98.15039700002114,29.47864300007533],[-98.15047900003691,29.478433999899774],[-98.15050400015126,29.478395999963734],[-98.15059200001481,29.478307999933705],[-98.15067400003058,29.47817600013642],[-98.15069300029715,29.47800499987677],[-98.15069300029715,29.477992999724286],[-98.15069099974902,29.477943999673176],[-98.15067999987835,29.47758700037379],[-98.15063600039575,29.477421999622106],[-98.15056699990045,29.477318000000867],[-98.15058600016704,29.477168999929034],[-98.15068699955107,29.477026000163196],[-98.1507879998334,29.476849999993956],[-98.15080700009997,29.476728999944775],[-98.1509569998878,29.47645900019964],[-98.15098899967485,29.476278000266213],[-98.15095100004002,29.476195000309676],[-98.15083200021432,29.476051999951768],[-98.15058100014417,29.4758270001452],[-98.1504299996331,29.475749999637863],[-98.15022200011896,29.475682999819167],[-98.15001500042973,29.47566700003099],[-98.14971300030592,29.47576000037739],[-98.14952400016004,29.475766000195005],[-98.14939199991557,29.47582599991557],[-98.14926600041719,29.475898000002545],[-98.14915300043928,29.475930999732086],[-98.14881399960726,29.476089999984563],[-98.14825999958839,29.476243999642104],[-98.14799599999775,29.47636500027027],[-98.14754300026122,29.476710999879835],[-98.14721000017528,29.476941999818397],[-98.146851999975,29.47715699967752],[-98.14641099993403,29.477377000152497],[-98.14612200022903,29.477542000195385],[-98.14592700023536,29.477619000123518],[-98.14564400037814,29.477712000243056],[-98.14534899992704,29.47783800016797],[-98.14514100041289,29.47791499987125],[-98.1450159998411,29.477935000140032],[-98.14496200031276,29.477943999673176],[-98.14491499955878,29.477954000196252],[-98.14474499967946,29.477992000298002],[-98.14447500024103,29.478057999946927],[-98.14422900019373,29.4781300000126],[-98.14396499970479,29.47827800003043],[-98.14387099999347,29.47834400027517],[-98.14375100034285,29.478464999960547],[-98.14349299970168,29.478784000287128],[-98.14305300038394,29.479515999714863],[-98.1429589997743,29.479740999934982],[-98.14282599970491,29.48047300027112],[-98.14271299972701,29.480610000335375],[-98.14254899969548,29.48118199985858],[-98.1424669996797,29.48161099972839],[-98.14249199979406,29.481782000160116],[-98.142536000175,29.481902999651073],[-98.14263099971124,29.482046000356128],[-98.14271799974986,29.48226600038509],[-98.14283800029878,29.482420000043014],[-98.14294500042891,29.48251899986706],[-98.14317100038471,29.482651000264035],[-98.14327199976873,29.482695000358213],[-98.14344099982314,29.482706999953987],[-98.14388199986409,29.482513999830886],[-98.14398200032154,29.48249200013794],[-98.1440509999185,29.482525000066584],[-98.14413299993427,29.482629999981366],[-98.14442199963926,29.48309199972161],[-98.14464799959507,29.48349399986378],[-98.14468000028045,29.483598000185566],[-98.14466699986166,29.483736000086893],[-98.14460400011247,29.484055000244446],[-98.14453499961716,29.48417600014938],[-98.1444660000202,29.48423099963187],[-98.1441639998964,29.4841920001583],[-98.14347799963306,29.484049000135585],[-98.14325199967726,29.484031999955384],[-98.14311399958498,29.48400999980997],[-98.14294399970568,29.484004999847365],[-98.14279300009295,29.48402699999386],[-98.14274299986423,29.484082000339143],[-98.14272399959765,29.484152999887772],[-98.1426990003816,29.48436199999942],[-98.14261099961973,29.484467000356744],[-98.14255399971833,29.484625999730042],[-98.14255399971833,29.484763999795394],[-98.14260999979484,29.485017000078674],[-98.14266699969626,29.485182000195074],[-98.14276700015367,29.485303000318257],[-98.14289299965206,29.48534200014622],[-98.14300499980504,29.485366999627008],[-98.14318899992807,29.485407999700513],[-98.14337700024903,29.48550699973341],[-98.1436219995731,29.485742999832393],[-98.14369100006842,29.48588099994044],[-98.14369799974108,29.485951999792483],[-98.14366599995402,29.4860129998679],[-98.14355899982391,29.486078999767184],[-98.14347099996037,29.486072999778102],[-98.1434020003634,29.485991000152588],[-98.14331399960153,29.48598500015835],[-98.14323199958577,29.48606799991729],[-98.14316899983658,29.48621600007245],[-98.14304400016312,29.486336999742864],[-98.1429239996142,29.486414000026542],[-98.14279200026803,29.48645800005071],[-98.14240800012847,29.48649100025171],[-98.14178600033755,29.486485000287082],[-98.14128300037228,29.486397000243123],[-98.14082999973745,29.486210000091535],[-98.14035199988656,29.4859730001687],[-98.14010099981641,29.485873999809158],[-98.13986200034012,29.485796999897044],[-98.1397429996161,29.485709000037595],[-98.13957899958457,29.485621000101673],[-98.13949099972102,29.48554899988403],[-98.13940000038275,29.485355000346146],[-98.13939100016192,29.48533499997766],[-98.13935299962877,29.485086999615888],[-98.13939700000971,29.484933000101027],[-98.1395230004064,29.484614000361486],[-98.13970599980618,29.484338999779975],[-98.13980600026362,29.484278999625023],[-98.14013299960344,29.484218000069678],[-98.14020200009874,29.48423500021867],[-98.14025300015236,29.484316999701225],[-98.14037199997804,29.484333999833602],[-98.14051000007032,29.484273000311347],[-98.14058000039051,29.484224000168602],[-98.14058000039051,29.484151999740252],[-98.14049800037475,29.484064000016154],[-98.14036000028248,29.483872000281774],[-98.14013299960344,29.48378400031453],[-98.14007700042526,29.48375100001385],[-98.14001999962554,29.483690000140665],[-98.13995799970127,29.483584999760172],[-98.13979399966975,29.483255000313825],[-98.13972500007277,29.483090000187616],[-98.13968800026282,29.48279899993598],[-98.13980700008854,29.482656000293506],[-98.13980100024075,29.482584000315104],[-98.13968099969185,29.482512999667197],[-98.13960600024708,29.482479999734636],[-98.13944899988823,29.48248499977254],[-98.13906499974868,29.482694000196293],[-98.13869400002791,29.482996000152006],[-98.13866899991356,29.483072999846595],[-98.13868800018014,29.483101000360783],[-98.13863700012651,29.483182999978997],[-98.13851199955472,29.483255000313825],[-98.1383480004215,29.483331999811565],[-98.1380589998182,29.48353499991318],[-98.13798299965022,29.483573999639614],[-98.1378760004184,29.48360699999785],[-98.13770700036402,29.48368899998863],[-98.13753699958639,29.483820999643605],[-98.13727200017082,29.48414000031558],[-98.1371719997134,29.484234000072018],[-98.13700799968187,29.484277000114503],[-98.13667499959593,29.484277000114503],[-98.13626600024033,29.484283000209928],[-98.1360460001323,29.484239000023322],[-98.13571899989415,29.484226999826895],[-98.13565000029718,29.484215999775962],[-98.13557499995412,29.484156000330174],[-98.13549299993835,29.484013000256606],[-98.13543699986187,29.483886000038453],[-98.13539900022703,29.483764999787248],[-98.13544299970964,29.48370500007443],[-98.13548100024279,29.483528999773462],[-98.13543100001405,29.483286999838015],[-98.13548100024279,29.483089000029654],[-98.13564500027431,29.482895999852076],[-98.13575200040442,29.4827920003738],[-98.13585199996355,29.48270900027748],[-98.1359399998271,29.48267599962675],[-98.136128999973,29.482681999816972],[-98.13627999958572,29.48270900027748],[-98.13680199981754,29.482494999847503],[-98.13698400029072,29.482297000055745],[-98.13704700003993,29.48215899975885],[-98.13707200015428,29.48202200022455],[-98.13708499967476,29.481647999850832],[-98.13710999978912,29.481465999625616],[-98.13707899982698,29.481334000031097],[-98.13707899982698,29.481241000106948],[-98.13709200024577,29.481190999885424],[-98.13704100019214,29.481075999829716],[-98.13693499988695,29.480977000160014],[-98.13686499956673,29.480850000047173],[-98.13680299964244,29.480520000296917],[-98.13675300031205,29.480311000081798],[-98.13659599995322,29.480003000378623],[-98.13655199957229,29.47982100032732],[-98.1363630003247,29.479414000284656],[-98.13626899971507,29.47926500016584],[-98.1361370003689,29.479187999924118],[-98.13603000023879,29.47913899966874],[-98.13601199979712,29.479135999859857],[-98.13586700003216,29.479106000201636],[-98.13569100030507,29.479055999708805],[-98.13543299966389,29.478963000040437],[-98.13533200027987,29.478963000040437],[-98.13516900007325,29.478945999789094],[-98.13501199971441,29.478885000151816],[-98.13464099999365,29.478819000259364],[-98.13426299970186,29.478847000384867],[-98.13412499960963,29.478922999904533],[-98.134081000127,29.47902799964104],[-98.134081000127,29.479066000122167],[-98.13419999995268,29.479254000358335],[-98.13418200040934,29.47936399994377],[-98.13411200008913,29.479441000051768],[-98.13399300026346,29.479467999811757],[-98.13389899965381,29.479457000026272],[-98.13380999996535,29.47942900006929],[-98.13369100013965,29.479423999880662],[-98.13362199964438,29.47946200021327],[-98.13359700042834,29.479516999908064],[-98.13352700010813,29.479550000023394],[-98.1334269996507,29.479550000023394],[-98.13316899990784,29.479703999898298],[-98.13306799962551,29.479736999952802],[-98.13291700001277,29.47977600035877],[-98.13277899992049,29.479787000109624],[-98.13263499998045,29.479787000109624],[-98.13252100017763,29.479769999996506],[-98.1324140000475,29.479785999919066],[-98.13225699968868,29.479862999706477],[-98.13203699958065,29.479990000274086],[-98.13186099985356,29.48012700020916],[-98.13132000025348,29.48083099975188],[-98.13121899997114,29.480985000026333],[-98.13120700027558,29.481105999686836],[-98.13120599955234,29.48124399985361],[-98.13116200006974,29.481331999680517],[-98.13110599999324,29.481380999657606],[-98.1310049997109,29.481398000282525],[-98.13087900021252,29.481442000138646],[-98.13085300027323,29.48146000014541],[-98.13076600023462,29.481519000231938],[-98.1307160000059,29.48159600026668],[-98.1305899996092,29.4817000001903],[-98.13042700030088,29.481777000087593],[-98.12995500029778,29.482046000356128],[-98.1295329996251,29.48222200010471],[-98.12927599970713,29.48235400010653],[-98.12898600017722,29.482452999995104],[-98.1286530000913,29.48251899986706],[-98.12843299998327,29.48254600037102],[-98.12820600020254,29.48259599992402],[-98.12793000001804,29.48258499969603],[-98.12734500003701,29.482469000276062],[-98.12707100040063,29.482383000202415],[-98.12703100021766,29.482369999621163],[-98.12689099957727,29.48230499981787],[-98.1267669997287,29.48224799973952],[-98.12652800025242,29.482100000044902],[-98.12616300037944,29.481896000026996],[-98.12600000017281,29.481792000304516],[-98.12588700019491,29.481687000303438],[-98.12588100034712,29.481647999850832],[-98.12589300004268,29.48139499975846],[-98.12585600023277,29.4812850000313],[-98.12571700031559,29.481175000184713],[-98.12554800026119,29.480955000133388],[-98.12532200030539,29.480486999715392],[-98.12521500017527,29.48031699963003],[-98.12516499994655,29.480256000035908],[-98.12513999983219,29.480195999809585],[-98.12505799981642,29.480129999988783],[-98.12500099991502,29.48010799977832],[-98.12462500017139,29.479888999946468],[-98.12439199964457,29.479735000352665],[-98.12403400034259,29.47954300023682],[-98.12389500042542,29.479433000063633],[-98.12380699966357,29.47934500015192],[-98.1236190002409,29.4791420002596],[-98.12344900036157,29.478921999705452],[-98.12320999998698,29.478647000100676],[-98.1231189997504,29.478548999825193],[-98.1229580000919,29.478376999990374],[-98.12255499968576,29.477969999623458],[-98.12232200005727,29.477646000368793],[-98.12226599998077,29.47749699999706],[-98.12222800034594,29.47729400031378],[-98.12223400019371,29.477210999625065],[-98.12226599998077,29.47710699978733],[-98.1224850002639,29.47686500015803],[-98.12274300000675,29.476655000005092],[-98.1229439998482,29.476452000199615],[-98.1230069995974,29.476401999961677],[-98.1230569998261,29.476379999724063],[-98.1231830002228,29.47635800026368],[-98.12334700025434,29.47635800026368],[-98.12349100019438,29.476390999843467],[-98.12358599973062,29.476428999749118],[-98.12387500033392,29.47651200029617],[-98.12405100006102,29.476522999619203],[-98.12434599961381,29.476494999633758],[-98.12448500042932,29.4764679998639],[-98.12479300040087,29.47629100006481],[-98.12488100026442,29.476225000047396],[-98.12490600037877,29.476115000183498],[-98.12489899980777,29.47581799964205],[-98.1248800004395,29.475641999721567],[-98.12485500032516,29.47559300009809],[-98.12470999966187,29.475483000330446],[-98.12459699968397,29.475432999614597],[-98.12454099960749,29.475389000278014],[-98.12442699980467,29.475262999655058],[-98.12437099972817,29.47514200005763],[-98.12408700004603,29.47400299967071],[-98.12401800044907,29.473920999663974],[-98.1239299996872,29.473866000060994],[-98.12366600009656,29.473733999953694],[-98.12354600044596,29.473651000260354],[-98.1233949999349,29.473508000224143],[-98.1229299996045,29.47317300031747],[-98.12265900034117,29.4730459998114],[-98.12247699986798,29.47301400018219],[-98.1222760000265,29.473018999904994],[-98.12215600037592,29.473041000089932],[-98.12203099980414,29.473079999943984],[-98.12172299983256,29.473244999942565],[-98.12141499986099,29.473481999911467],[-98.12125800040047,29.47353699972276],[-98.12113799985156,29.473542000201782],[-98.12091199989575,29.473481999911467],[-98.12079200024515,29.473415999629356],[-98.12073600016863,29.47336600024012],[-98.12067900026724,29.473289000209714],[-98.12064099973409,29.47319599994264],[-98.1206349998863,29.473063999745037],[-98.12064800030508,29.472969999795758],[-98.12097399982002,29.472364999975216],[-98.12100599960708,29.47227700018402],[-98.12100499978214,29.47221099989948],[-98.12085300034451,29.471803000314967],[-98.12070900040446,29.47141900017217],[-98.12070299965836,29.471192999974537],[-98.12057700015998,29.470841000192785],[-98.12040100043288,29.470615999769898],[-98.11911199974686,29.469620999908095],[-98.11872199975953,29.469262999941424],[-98.1183190002517,29.468631000388605],[-98.11792900026437,29.467685000159197],[-98.11790400015002,29.467564000120717],[-98.11777799975333,29.46724999969005],[-98.11756400039138,29.466506999663043],[-98.11744999969028,29.46579200026985],[-98.11734299956015,29.465362999934808],[-98.117135000046,29.46475800008812],[-98.11702200006809,29.46426899980462],[-98.1169020004175,29.463883999721816],[-98.11698400043326,29.46330000003642],[-98.11700799982438,29.46215600011076],[-98.11703200011384,29.461932000337576],[-98.11706399990089,29.461742999679753],[-98.11715199976443,29.461550999904773],[-98.11727200031333,29.46122099990683],[-98.11741600025339,29.460895999937907],[-98.11764800005697,29.460543999610255],[-98.11777399955537,29.460230000127012],[-98.11797500029513,29.460031999868487],[-98.11832099990153,29.459818000063006],[-98.11872900033053,29.45950399989667],[-98.11930699974053,29.458893000264645],[-98.1194449998328,29.458710999862554],[-98.1195140003281,29.45858499963359],[-98.11965900009305,29.45827699963167],[-98.11970900032176,29.458056000328916],[-98.11982200029966,29.457863999832487],[-98.12011699985244,29.457566999803056],[-98.12024300024913,29.457467999860704],[-98.1204440000906,29.457402000106224],[-98.12065800035084,29.45736299969779],[-98.12087799956056,29.457368000192243],[-98.12241199957064,29.457537999648203],[-98.122556000409,29.457581999691083],[-98.12278300018973,29.457610000206113],[-98.12357499985995,29.45767500019879],[-98.1237880002953,29.457719000182195],[-98.1240209999238,29.457784999730436],[-98.12438599979679,29.457905999703243],[-98.12450499962247,29.457932999722775],[-98.12500199973992,29.45798299968192],[-98.12512200028884,29.457998000290623],[-98.12537400018392,29.458079999876585],[-98.12559400029194,29.45824000036598],[-98.12569399985105,29.45825599977526],[-98.12578900028562,29.458234999914513],[-98.12593900007346,29.45817400033157],[-98.12606799994488,29.458034000021627],[-98.1262749996341,29.45792500038402],[-98.12633400008366,29.457834000137613],[-98.12649800011518,29.457583999728126],[-98.12682000033047,29.457322000014447],[-98.1268639998131,29.457222999832993],[-98.12690200034623,29.45710199982773],[-98.12690800019402,29.456832000226473],[-98.12693999998106,29.456607000009825],[-98.12699000020979,29.456431000379002],[-98.12697099994321,29.45636999971133],[-98.12693400013328,29.45605100004592],[-98.12696599992033,29.455727000366842],[-98.1269559998746,29.455674000357106],[-98.12677099992666,29.454736000104333],[-98.12662699998663,29.454570999714164],[-98.12619299961834,29.45439499968011],[-98.1259420004465,29.454193000340297],[-98.12572200033847,29.454015000325395],[-98.125401999773,29.453795000007283],[-98.12516300029672,29.453657000026467],[-98.1249990002652,29.45359300025514],[-98.12481699979199,29.453499000248826],[-98.12447399966034,29.453216999707386],[-98.1242889997124,29.453064999623074],[-98.12409999956652,29.45277300034542],[-98.12391100031894,29.45258100001953],[-98.12367899961704,29.452306000158476],[-98.12353999969986,29.45215700009882],[-98.12289399961949,29.451323999666517],[-98.12255899988374,29.450892000075573],[-98.12201200043587,29.45041400002909],[-98.12184199965824,29.450304000328074],[-98.12165300041067,29.450226999997092],[-98.12150299972453,29.450188999659815],[-98.12140200034051,29.450188999659815],[-98.12105599983579,29.450310000087253],[-98.12090500022305,29.450326999663847],[-98.12082400003219,29.45032099990561],[-98.12076100028301,29.450276999842753],[-98.12067900026724,29.45017299976058],[-98.12049699979403,29.449666999885583],[-98.12049599996914,29.449528999766276],[-98.12055899971833,29.4493970000547],[-98.12067900026724,29.44928700003353],[-98.12107500010237,29.44904799964056],[-98.12118100040756,29.44898400009108],[-98.12125300037759,29.448840999693008],[-98.12148900037914,29.448368000310406],[-98.12153700005973,29.448129000099836],[-98.1215410002577,29.44810900021053],[-98.1215429999075,29.44809699964923],[-98.12154799993036,29.448073000086943],[-98.12157100039491,29.447958999741658],[-98.1215770002427,29.447927999742298],[-98.1215139995952,29.447708000307376],[-98.12115499957,29.447360999799063],[-98.12070199983346,29.446981999648944],[-98.12065800035084,29.446937999702865],[-98.12063900008427,29.446883000330143],[-98.1206330002365,29.446778000164848],[-98.12065199960473,29.446711999714793],[-98.12071500025223,29.446624000351765],[-98.12078999969701,29.446557999801563],[-98.12092199994149,29.446476000290865],[-98.12111000026246,29.446381999949818],[-98.12133600021825,29.446294000300604],[-98.12180700039646,29.44615100002348],[-98.12254700018816,29.44602799984819],[-98.1226979998009,29.446003000055097],[-98.12290799986319,29.445979999739354],[-98.123097999834,29.445972999982345],[-98.1232469997969,29.445978000255792],[-98.12347500030086,29.446015999823107],[-98.12386299974006,29.44613200026687],[-98.1240560000839,29.446229999796653],[-98.12467000037722,29.446351999989087],[-98.12496199955696,29.446367999708485],[-98.12499400024232,29.44637899995413],[-98.12511999974072,29.44640500017447],[-98.12519400025887,29.44640500017447],[-98.12526100020602,29.446370999704502],[-98.12549700020757,29.446294000300604],[-98.12610899995278,29.44619399978881],[-98.12612300019646,29.446192000309537],[-98.12650200031314,29.446088999692982],[-98.12673099974369,29.446003999796584],[-98.12674300033757,29.44599900030664],[-98.12763799993998,29.44566500002628],[-98.12810300027039,29.445526999940864],[-98.12842999961022,29.445445000379483],[-98.1286809996804,29.445362999969504],[-98.12871300036575,29.44533499998611],[-98.1287440003279,29.445209000356172],[-98.1289710001086,29.44482399990941],[-98.12900100024584,29.444735999691687],[-98.12905899997216,29.444565000152675],[-98.12905899997216,29.444476999710346],[-98.12909099975921,29.444356000150986],[-98.12912799956914,29.444268000309755],[-98.1292730002324,29.44411999994245],[-98.12956899961009,29.443916000181854],[-98.12997500038928,29.44371100024716],[-98.13007099975043,29.443662999824845],[-98.13036100017867,29.443548000236376],[-98.13065599973143,29.443405000001746],[-98.13085099972511,29.443323000290622],[-98.13112100006187,29.44317999973902],[-98.13124099971243,29.44309199966052],[-98.13129099994116,29.44300899992545],[-98.1313350003221,29.442964999821616],[-98.13139200022351,29.44294300015367],[-98.13146699966826,29.44294300015367],[-98.13159300006497,29.442971000014673],[-98.13164999996637,29.44296000018198],[-98.13194500041746,29.44280600005188],[-98.13201999986222,29.44277800014537],[-98.1320960000302,29.44276199986006],[-98.13225300038904,29.442757000210424],[-98.13263800035351,29.442699999806255],[-98.13266799959241,29.442695999927686],[-98.13276200020208,29.442668999765207],[-98.13290000029433,29.442608000211894],[-98.13317700030376,29.442399000092117],[-98.13331000037314,29.44232699969294],[-98.1333279999165,29.442317000350563],[-98.13340999993227,29.44224499989318],[-98.13342900019884,29.442229000306146],[-98.1335170000624,29.442184999864217],[-98.13363599988807,29.442158000348076],[-98.1337430000182,29.442092000023017],[-98.13386900041489,29.442052999988512],[-98.13401300035493,29.441960000026402],[-98.13407000025634,29.441905000303084],[-98.13413300000553,29.441822000379762],[-98.13417099964038,29.441751000136996],[-98.13418900008202,29.4416630003843],[-98.13417099964038,29.441519999841002],[-98.13408899962461,29.441360000367553],[-98.13393800001185,29.441221999905295],[-98.13376899995747,29.441133999693946],[-98.13352999958285,29.440990999970104],[-98.1334479995671,29.440930999982257],[-98.13329100010657,29.440848000044877],[-98.13302699961761,29.440655000050615],[-98.13272500039214,29.440688000294518],[-98.13263099978249,29.440314000031368],[-98.13263800035351,29.440198999778033],[-98.13276399985189,29.440011999700186],[-98.13309000026513,29.43981399988661],[-98.13318499980137,29.439730999818295],[-98.13328500025878,29.439670999868017],[-98.13385099997322,29.43937900038612],[-98.13414100040146,29.439153999805185],[-98.13430999955754,29.43897299979653],[-98.13443000010646,29.438901000096706],[-98.1345740000465,29.438851999934915],[-98.13470600029098,29.438840999655888],[-98.13495800018605,29.438775000303504],[-98.13507700001175,29.43878000014927],[-98.13515300017973,29.438808000376202],[-98.13524699989105,29.438680999871647],[-98.13524100004327,29.438544000276522],[-98.13519699966234,29.43844499976877],[-98.13495800018605,29.438268999931644],[-98.1348200000938,29.438091999970002],[-98.13465000021449,29.437768000062828],[-98.13425400037936,29.4375199999375],[-98.13402800042354,29.43735499972043],[-98.133820999836,29.437194999941354],[-98.13363300041334,29.437002999873638],[-98.13339400003872,29.436616999763363],[-98.13333700013733,29.436540000001585],[-98.13329299975639,29.43644099988672],[-98.133123999702,29.436143999745397],[-98.13298599960973,29.435946000211597],[-98.13291399963971,29.43585700027964],[-98.13279700036217,29.435715000006823],[-98.13277200024781,29.435633000342822],[-98.13276600040004,29.435418000088838],[-98.13271000032351,29.435280000155426],[-98.13265300042214,29.435214000052866],[-98.13250899958375,29.435076999691283],[-98.13220700035828,29.434912000198235],[-98.13198700025025,29.434866999863193],[-98.13188699979284,29.43486199982473],[-98.13179200025658,29.434829000034156],[-98.13171699991352,29.434785000296724],[-98.13166000001212,29.434712999973993],[-98.13164199957043,29.434636000333004],[-98.13168000010359,29.43430100036184],[-98.13167300043091,29.434195999699618],[-98.1316170003544,29.433871999877734],[-98.1316039999356,29.43368400001907],[-98.1316109996083,29.433518999827154],[-98.13171799973841,29.433018999860696],[-98.13176799996714,29.43290300007994],[-98.13188199976996,29.432733000040464],[-98.13204499997657,29.4326450002948],[-98.13214500043401,29.432634000125677],[-98.1322080001832,29.4326450002948],[-98.13224599981802,29.43267299986653],[-98.13235299994814,29.43268900017719],[-98.13280499985976,29.432695000195206],[-98.13290000029433,29.432716999736783],[-98.13302499996779,29.432721999880858],[-98.13315100036448,29.432721999880858],[-98.13339599968856,29.432695000195206],[-98.13347799970433,29.432690000049796],[-98.13358499983444,29.432695000195206],[-98.1337229999267,29.432678999885546],[-98.1339549997303,29.432602000266883],[-98.13423799958753,29.43248600000983],[-98.13435800013643,29.432463999635875],[-98.13456499982567,29.43244200003949],[-98.1350679997909,29.432283000218995],[-98.13521299955586,29.43221699973328],[-98.13535099964813,29.432124000149603],[-98.13538900018126,29.43208000002241],[-98.13552100042577,29.43201400018712],[-98.13567799988628,29.43195299970851],[-98.1357780003437,29.431876000321758],[-98.13588499957551,29.43172799988358],[-98.13592899995643,29.431524000258168],[-98.13592999978135,29.431342999948328],[-98.13596099974349,29.431244000243193],[-98.13599199970564,29.431161000210576],[-98.13609899983575,29.430991000384388],[-98.13640799963224,29.430441000285906],[-98.1365459997245,29.42995099980878],[-98.13657800040988,29.42986900018454],[-98.13658400025766,29.42974799964501],[-98.13652099961016,29.429500000274057],[-98.13642100005104,29.42919699994941],[-98.13641500020324,29.429103999947326],[-98.13638900026399,29.429009999951255],[-98.13609399981289,29.428686000013826],[-98.1358489995905,29.42843200012732],[-98.13552899992337,29.42815200019405],[-98.13541000009766,29.42807500027262],[-98.13517699957085,29.427953000023724],[-98.13470600029098,29.427766000082283],[-98.13459800033593,29.427761999615374],[-98.13456099962771,29.427760999694186],[-98.13452999966557,29.427774000233278],[-98.13439199957331,29.427832000331048],[-98.13424099996058,29.4278489997599],[-98.13416499979259,29.427832000331048],[-98.13409000034783,29.427794000216807],[-98.13398300021771,29.427683000336895],[-98.13393899983677,29.427623000309026],[-98.13388299976027,29.427517999783806],[-98.13383300042987,29.42738599961772],[-98.13376999978237,29.427308999898077],[-98.13361300032184,29.42717199982572],[-98.13355600042044,29.42710599993057],[-98.13350600019173,29.426770000225936],[-98.13332399971854,29.426389999947215],[-98.1332860000837,29.426285999647884],[-98.1332989996042,29.42618699970782],[-98.13338700036606,29.4260219998542],[-98.13346900038181,29.425933999770482],[-98.13356300009315,29.42586200021432],[-98.13367000022326,29.425735999890232],[-98.1337079998581,29.425658999702158],[-98.13371999955366,29.425582000238148],[-98.13371399970588,29.425504999933388],[-98.13369500033761,29.425417000184215],[-98.13354499965148,29.42501000015701],[-98.13332500044176,29.42466800006907],[-98.13321199956555,29.424349000138836],[-98.13302400014288,29.424090999749442],[-98.13279099961608,29.423716000207804],[-98.13270399957743,29.423457999775653],[-98.13270399957743,29.423396999635354],[-98.13272899969178,29.42329800000948],[-98.13272899969178,29.42312199974084],[-98.13274799995837,29.423050999724033],[-98.13274200011057,29.42298500028098],[-98.13270399957743,29.422901999758736],[-98.13265400024703,29.42283100037057],[-98.13253399969811,29.42276999985377],[-98.132426999568,29.42276999985377],[-98.13234600027545,29.42281400010194],[-98.1322009996122,29.42282499976978],[-98.13188699979284,29.422796999830506],[-98.13179899992929,29.422759000179976],[-98.13175500044667,29.42273100022245],[-98.13171100006572,29.42268699993834],[-98.1316669996848,29.422576999927],[-98.1316669996848,29.422533000358595],[-98.13168000010359,29.422511000176083],[-98.13175500044667,29.42247299963609],[-98.13178700023371,29.42242300018057],[-98.13178100038593,29.42235700032954],[-98.13174899970056,29.42230800000937],[-98.1315040003765,29.42217000025799],[-98.13142900003342,29.422147999996852],[-98.13128400026847,29.422152999878787],[-98.13122800019198,29.422147999996852],[-98.13116500044279,29.422104000242637],[-98.131152000024,29.422059999686912],[-98.131152000024,29.421856000204663],[-98.13107699968093,29.42167499988],[-98.13105800031266,29.421542999945647],[-98.13105199956657,29.42122400037436],[-98.1310900000997,29.42096499988507],[-98.13107699968093,29.42087700011536],[-98.13100800008395,29.42077199965916],[-98.13096500042624,29.42067899976805],[-98.1309210000453,29.420448000048808],[-98.13088300041048,29.42031000011835],[-98.13084499987733,29.420238999701212],[-98.13074500031821,29.420112000230944],[-98.1306950000895,29.419957999877855],[-98.13065699955635,29.419777000084103],[-98.1305820001116,29.419566999919347],[-98.13054399957845,29.419258999675023],[-98.13053799973068,29.4188910003539],[-98.13052600003509,29.418807999616867],[-98.13053199988288,29.41873699971512],[-98.13052000018732,29.418604999876028],[-98.13047599980638,29.41852199968787],[-98.13036899967626,29.41837900020394],[-98.13032500019365,29.418240999810738],[-98.13031199977486,29.41813099968064],[-98.13031900034586,29.418076000353388],[-98.13034399956192,29.418010000025962],[-98.13044499984424,29.41785100030587],[-98.13050699976851,29.41777899971595],[-98.13060800005087,29.417701999756737],[-98.13068300039393,29.417615000311883],[-98.13071500018098,29.417553999793263],[-98.13078399977796,29.417063999750486],[-98.13081599956502,29.41697599973205],[-98.13092500024327,29.41674800029007],[-98.1312590001541,29.416281000278836],[-98.13153000031578,29.415901999928597],[-98.13194399969423,29.415609000142556],[-98.13208599998445,29.41559599961166],[-98.13210500025104,29.41558499994369],[-98.13216100032753,29.415579999738537],[-98.1322929996737,29.41560199985689],[-98.13262599975961,29.415607000060948],[-98.1328779996547,29.415579999738537],[-98.13317899995359,29.415491999999986],[-98.13333600031241,29.415409999659204],[-98.13341800032819,29.41535499964175],[-98.13348699992515,29.41523900003362],[-98.13348699992515,29.41512899978371],[-98.13357499978869,29.41474899978281],[-98.13361999999455,29.414634000315797],[-98.13370100018541,29.41447399995637],[-98.13371999955366,29.414386000042523],[-98.13366400037548,29.41423199961876],[-98.13359499988017,29.414132999670212],[-98.13350000034396,29.414084000078947],[-98.13318599962626,29.414073000247257],[-98.13314200014365,29.414039999962682],[-98.13306699980058,29.413912999787097],[-98.13302900016575,29.413825000169993],[-98.13304199968623,29.413451000360393],[-98.13303599983846,29.413374000251707],[-98.13299800020361,29.413286000167886],[-98.13285400026358,29.413098999834627],[-98.13256499966025,29.41278499991959],[-98.13222599972654,29.412525999830226],[-98.13216899982514,29.41245500023436],[-98.13214399971078,29.41240499976172],[-98.13211299974864,29.412284000331656],[-98.13206900026603,29.41220199974999],[-98.13199999977074,29.412140999894692],[-98.13190100003654,29.412033999649505],[-98.1312719996746,29.411943999816792],[-98.13113600013047,29.411924999920213],[-98.13081399991519,29.41191900024043],[-98.13053000023305,29.4120139996936],[-98.13051099996648,29.412019000074192],[-98.13043499979851,29.41210699969001],[-98.13005800022995,29.41243200014516],[-98.12997600021419,29.412469999745323],[-98.1298509996424,29.412487000179603],[-98.12978200004544,29.412465000169387],[-98.12967499991531,29.412403999689403],[-98.12959899974733,29.412355000047036],[-98.12954900041693,29.412299999941173],[-98.12938600021032,29.41220600004707],[-98.129316999715,29.412189000348327],[-98.12918500036885,29.412189000348327],[-98.12910900020088,29.41220000038388],[-98.12899600022298,29.41219500001218],[-98.12888999991776,29.412183999976083],[-98.12875100000059,29.41215099986061],[-98.12858199994619,29.412067999878552],[-98.12843100033345,29.411947000047267],[-98.12831800035555,29.411809000309624],[-98.1282799998224,29.411704999952534],[-98.12821200005034,29.411221000382042],[-98.12818000026328,29.4111329999991],[-98.1281679996694,29.41101199983715],[-98.12817400041548,29.410924000055804],[-98.1283369997238,29.410704000269035],[-98.12842600031057,29.410357000082072],[-98.12848200038708,29.410225000313325],[-98.12853900028847,29.40996700005697],[-98.12856400040283,29.40992299972337],[-98.12863299999982,29.409857000361182],[-98.12872800043436,29.40979599988102],[-98.12887200037441,29.409736000245374],[-98.12892199970481,29.40969700030662],[-98.12909599978208,29.409414000082606],[-98.1291180004217,29.409311999828024],[-98.12913400031523,29.409238000024214],[-98.12898600017722,29.408907999778133],[-98.1290050004438,29.40878399977394],[-98.1291180004217,29.40849799980599],[-98.12921200013304,29.408162000386145],[-98.12924999976785,29.40807999960918],[-98.12933199978363,29.40771100038094],[-98.12946400002811,29.4072930000782],[-98.12951500008174,29.407079000223952],[-98.12962800005964,29.406743000026612],[-98.12968400013615,29.406605999613465],[-98.1301179996061,29.405945999742656],[-98.13028199963763,29.405532999925256],[-98.13029400023152,29.40547800004091],[-98.13028199963763,29.40542900018996],[-98.13024200035298,29.40525700006319],[-98.13013799969758,29.405204000315823],[-98.1298149996574,29.40516199977289],[-98.1293229995628,29.40517500007326],[-98.12919299986648,29.405135999949803],[-98.12905200029948,29.405094000161323],[-98.12877500029003,29.40494099989084],[-98.12834699976955,29.404555000031664],[-98.12826800012682,29.404566000110826],[-98.12821600024829,29.404509000185918],[-98.1282029998295,29.404487000014143],[-98.12814500010319,29.40443700031751],[-98.12815000012606,29.404329999788402],[-98.12803600032323,29.404100999996448],[-98.12787700031458,29.403782999829623],[-98.12785399985005,29.403537000007613],[-98.1278079998193,29.40349099970121],[-98.12779500029882,29.403402999669602],[-98.1278079998193,29.40336399964899],[-98.12785800004801,29.403315000344435],[-98.12795199975933,29.403166999777888],[-98.12800299981296,29.403051000346647],[-98.12802200007954,29.402875000228132],[-98.12802200007954,29.40281999968839],[-98.1279840004447,29.402600000362398],[-98.1279840004447,29.402434999772897],[-98.12791499994941,29.402028000043426],[-98.12790300025384,29.401868000188248],[-98.12787800013948,29.401797000191415],[-98.12783999960634,29.401746999954483],[-98.12761399965052,29.401636999972723],[-98.12747599955827,29.401521000361093],[-98.12726899986905,29.401317999743977],[-98.1271180002563,29.401191000107914],[-98.12704299991323,29.401108999968983],[-98.12703000039276,29.40106999985107],[-98.12703000039276,29.401014999900177],[-98.12735099988481,29.400597000240218],[-98.127533000358,29.400295000004604],[-98.12767800012296,29.399821999919112],[-98.1277030002373,29.39941399970444],[-98.12768499979563,29.399133999637964],[-98.12763799993998,29.3990750001741],[-98.12790400007876,29.398136999894305],[-98.12804999966862,29.39792200011898],[-98.12831499998249,29.397756999764756],[-98.12855699983183,29.397767000362993],[-98.12866399996196,29.397817999642278],[-98.12884999973478,29.39808899984917],[-98.12887999987201,29.398132999826174],[-98.12897699995641,29.39827500019124],[-98.12945800018034,29.398544999754257],[-98.12974100003754,29.398574000322675],[-98.13021399986557,29.398367000024347],[-98.13042700030088,29.398150999740157],[-98.13049500007295,29.39798199968337],[-98.1304830003774,29.397839999691815],[-98.13040999968415,29.397753999898086],[-98.13014100007064,29.397686000027964],[-98.12972099994606,29.397263999886096],[-98.12968999998392,29.39721499998987],[-98.12957100015822,29.39709399969767],[-98.12940100027892,29.397016999721384],[-98.1291180004217,29.396922999783097],[-98.1286100004336,29.39667500012838],[-98.12856600005264,29.39663700010258],[-98.1285400001134,29.39658200010197],[-98.12852199967172,29.396521000265665],[-98.12851499999904,29.396439000274093],[-98.12848999988468,29.396367000169704],[-98.12839600017334,29.396262000219618],[-98.12835900036342,29.396235000237283],[-98.12815799962365,29.39600900013306],[-98.12798799974435,29.395750999801912],[-98.12774300042028,29.395513999912954],[-98.1276620002294,29.395447999805903],[-98.1275989995819,29.395414999736296],[-98.12751099971837,29.39534900034772],[-98.12733499999128,29.3952830001336],[-98.12726200019634,29.395274000314497],[-98.12718500020345,29.39526499971199],[-98.12710300018769,29.395254999650337],[-98.12701500032414,29.395222000300834],[-98.12694599982885,29.39517799984702],[-98.12680100006389,29.395067999803192],[-98.12675300038332,29.39502100011815],[-98.12673900013961,29.39500699984141],[-98.12664399970505,29.394913999854985],[-98.12656900026029,29.394826000227194],[-98.12645600028239,29.39465499962982],[-98.12643700001581,29.394566999777865],[-98.12643700001581,29.394468000244785],[-98.1265130001838,29.39439699977712],[-98.12652499987936,29.394006000105918],[-98.12660100004734,29.393368000079324],[-98.12666399979653,29.393152999614138],[-98.12664500042827,29.39289499986479],[-98.12658900035179,29.392713000139427],[-98.12655800038965,29.392646999780133],[-98.12650099958994,29.39257600038936],[-98.12634400012941,29.392438000186026],[-98.12629999974845,29.392349999981295],[-98.12626899978632,29.392189999769816],[-98.12623799982418,29.392129999919117],[-98.12621899955761,29.392057999894988],[-98.1260620000971,29.391859999761614],[-98.12603699998274,29.391816000201413],[-98.12602399956396,29.391756000130098],[-98.12603699998274,29.39169499974736],[-98.12606799994488,29.391640000204966],[-98.12607499961757,29.391595999766896],[-98.1260560002493,29.391541000170978],[-98.12602399956396,29.39132700003703],[-98.12603699998274,29.391266000179712],[-98.12613800026507,29.391096000140543],[-98.12623199997641,29.390991000227693],[-98.12626999961124,29.390903000336465],[-98.12628200020511,29.390809999728305],[-98.12626999961124,29.3907549997074],[-98.12620699986205,29.39067700012475],[-98.12604399965542,29.390588999961928],[-98.1257609997982,29.390462999738535],[-98.12550399988027,29.390313999745032],[-98.12491700024944,29.390068000213216],[-98.12479800042374,29.38994099983396],[-98.12471600040797,29.38979300015329],[-98.12444000022346,29.389556999984475],[-98.12420099984885,29.38928700004175],[-98.12409999956652,29.38921599987112],[-98.12401199970297,29.389121999767468],[-98.12377999989938,29.38891900022982],[-98.12325799966756,29.388225999781916],[-98.12313200016918,29.388132000328866],[-98.12299999992469,29.38805499982957],[-98.12272999958796,29.387929000381128],[-98.12249699995945,29.38786800005167],[-98.12218999981279,29.38785800004545],[-98.12205799956831,29.387896000220252],[-98.12185500007705,29.38791199975407],[-98.12176700021348,29.387836999716193],[-98.12170899958886,29.387724000180896],[-98.12154200008258,29.387400999653465],[-98.12154899975528,29.387319000136635],[-98.12161800025058,29.387180999846024],[-98.12164900021271,29.387087999748804],[-98.12163599979392,29.386784999776523],[-98.12156100034916,29.386532000381877],[-98.12138399989885,29.38576700033118],[-98.12130299970799,29.385613000390748],[-98.1210009995842,29.385189999914154],[-98.12068000009214,29.384959000171566],[-98.12014600016477,29.384408999866437],[-98.1199510001711,29.38418899985127],[-98.11954199991717,29.383369999662044],[-98.11956700003155,29.382973000052928],[-98.11961100041248,29.382730999882284],[-98.1197119997965,29.382593999996317],[-98.11974899960641,29.3823519997071],[-98.11984300021606,29.382065999761796],[-98.1205649995661,29.38065699996974],[-98.12080300011579,29.380376000328415],[-98.12135600030976,29.379820000292156],[-98.12146300043987,29.379698999660732],[-98.12196499968191,29.379197999875576],[-98.12241099974572,29.37891799973846],[-98.12251100020316,29.378841000094095],[-98.12255499968576,29.378763999608665],[-98.12257399995234,29.378670000024808],[-98.12257399995234,29.37854900037447],[-98.12252299989872,29.37840000015451],[-98.12234700017163,29.378124999869197],[-98.12165000003763,29.37727299971623],[-98.12155499960308,29.37717999995683],[-98.12141700040912,29.37709699961164],[-98.12110900043756,29.377026000328375],[-98.12048099990052,29.376975999656747],[-98.12024900009693,29.376921999623992],[-98.11963300015377,29.376629999878286],[-98.11949500006152,29.37649800016867],[-98.11939999962695,29.376377000284474],[-98.11935600014434,29.376234000235883],[-98.11935600014434,29.376057999900272],[-98.11938100025868,29.37595399977241],[-98.1194380001601,29.375855000131537],[-98.11962599958277,29.37564599970365],[-98.11963900000156,29.375519000110526],[-98.1196130000623,29.375392000358907],[-98.11955699998578,29.37528200005767],[-98.11949699971134,29.37523000000197],[-98.11943700033521,29.375177999919693],[-98.11931799961118,29.375002000106534],[-98.11927800032653,29.374967000352036],[-98.11903300010415,29.37491200037804],[-98.11888900016412,29.374835000051387],[-98.11868099975165,29.374658999645206],[-98.118493000329,29.374423000384187],[-98.11838600019887,29.37417499989452],[-98.11831699970357,29.373949999770275],[-98.11821600031956,29.37380099986308],[-98.1180020000593,29.373613999723464],[-98.11794599998281,29.37352599967709],[-98.11786399996704,29.373470999707276],[-98.11777000025572,29.373432999625397],[-98.11767599964608,29.373355999745613],[-98.11751199961454,29.37314699966638],[-98.1173679996745,29.37300899972723],[-98.11718500027472,29.372799999718463],[-98.11701000037252,29.372674000168765],[-98.11679000026449,29.372453999835642],[-98.11665800002002,29.372310999755538],[-98.11646899987413,29.372079999743875],[-98.11625499961389,29.371904000054084],[-98.11597299958159,29.371596000256257],[-98.11580299970227,29.37145299975376],[-98.11569599957215,29.3713379998609],[-98.11558299959422,29.371238999644813],[-98.11548300003513,29.371101000250544],[-98.11540699986713,29.371019000124754],[-98.11534400011794,29.371029999916356],[-98.11528800004146,29.371024000172497],[-98.11523100014004,29.371040999706715],[-98.11516199964477,29.371008000332008],[-98.11507999962899,29.370920000381314],[-98.11503600014638,29.370843000166374],[-98.11500500018424,29.370744000251793],[-98.11499900033647,29.370617000022698],[-98.1150169998798,29.370293000292516],[-98.11511099959112,29.369983999828396],[-98.11523100014004,29.369791999614804],[-98.11529999973702,29.369747999906313],[-98.11533700044527,29.3697159998217],[-98.11538799960057,29.369671000370627],[-98.11545000042317,29.36965999964937],[-98.11551300017236,29.369626999826984],[-98.11554499995941,29.36959399999388],[-98.11557000007377,29.369544000368762],[-98.11562000030248,29.369374000050467],[-98.11563799984583,29.369020999905832],[-98.11563199999804,29.36893899967045],[-98.11556900024884,29.368844999624866],[-98.11541899956272,29.368796000133052],[-98.11529300006434,29.368735999796513],[-98.11518000008644,29.36866399965911],[-98.11487799996263,29.36828500033648],[-98.1146579998546,29.36805899999453],[-98.11451999976235,29.367889000328212],[-98.11437599982231,29.3677460000989],[-98.11380400026007,29.367327999963347],[-98.1132569999139,29.366997999962717],[-98.11308100018681,29.36685500004782],[-98.11296800020891,29.3667339996619],[-98.11291200013241,29.3666459999314],[-98.11289899971362,29.366585000153684],[-98.11293700024677,29.366458999958027],[-98.11314999978379,29.36615100012829],[-98.1132069996852,29.366029999688617],[-98.11321900027907,29.36590899988803],[-98.11317499989815,29.365666999855534],[-98.11307000031616,29.365330000120352],[-98.1124259998856,29.36577200006318],[-98.11135100035814,29.366200999853866],[-98.10855799979927,29.36763199966279],[-98.10021099970629,29.371909999746066],[-98.09981400004627,29.372004000093078],[-98.09972500035781,29.37205300038947],[-98.09971299976391,29.372059999758847],[-98.09733600002997,29.37338699979567],[-98.09727699958043,29.373419999964955],[-98.0972189998541,29.37345199966813],[-98.09472099974633,29.37484699987233],[-98.09402399961232,29.37523600028076],[-98.0887780000498,29.377715999886536],[-98.08603499971966,29.379011999876],[-98.08586400001542,29.37908599975664],[-98.08585399996969,29.379091000190883],[-98.08530900017163,29.379325000357603],[-98.08528700043033,29.37933499963683],[-98.08525499974498,29.37932599997248],[-98.08516400040668,29.37936899984044],[-98.08479100013778,29.37954699993809],[-98.08468400000766,29.37959399972725],[-98.08438000023405,29.379589000100463],[-98.0786400000288,29.37949899973133],[-98.07861499991444,29.37950800016323],[-98.07855700018814,29.37949800011817],[-98.0785270000509,29.379496999722196],[-98.07757800002183,29.37948200004406],[-98.07748900033336,29.379480999647924],[-98.07710500019381,29.379474999619454],[-98.06841599979408,29.379338000046683],[-98.0683759996111,29.379336999649137],[-98.06828400044792,29.37933600003439],[-98.06128399986899,29.379236000153544],[-98.05458299993911,29.379136000174405],[-98.05438000044782,29.379130000125592],[-98.05433100004403,29.379128000109212],[-98.04699499990441,29.37890799963542],[-98.04698099966073,29.37890799963542],[-98.04690700004086,29.378904999995736],[-98.04596200020976,29.378876999701234],[-98.04582099974445,29.378872999658537],[-98.04578499975943,29.37887200003922],[-98.04495299990622,29.378847999779502],[-98.04458300001036,29.37883700004997],[-98.0445789998124,29.378818999849486],[-98.04453899962942,29.3788359996475],[-98.04297799985517,29.37883999969166],[-98.04230599983552,29.378841999713654],[-98.03906899976094,29.37884999980133],[-98.03526799962175,29.378861999931665],[-98.03322700034677,29.378868999615683],[-98.02761199981501,29.378884999786163],[-98.02438999980903,29.37889400027238],[-98.02226300032034,29.378900000335097],[-98.0205009998063,29.378905999614723],[-98.01805200010232,29.37891300007845],[-98.01341999993483,29.378925999820165],[-98.01057100019777,29.37893399990124],[-98.01022200021829,29.37893100026227],[-98.00940100023574,29.37892500020137],[-98.00445799972361,29.378888000209237],[-98.00413700023157,29.37888600018815],[-98.0037370001985,29.378884999786163],[-98.00262999998566,29.37888000012454],[-98.00195799996602,29.378876999701234],[-97.99936199994895,29.37886500035548],[-97.9945859998414,29.378849000181845],[-97.99009000011634,29.378783000221812],[-97.98605799999847,29.378785000244935],[-97.98439099991899,29.378754000273286],[-97.98334599963044,29.378736000058122],[-97.98261199968653,29.37872199988862],[-97.98218400006435,29.37871399979088],[-97.980920000391,29.37871900024339],[-97.98045500006059,29.378721000267827],[-97.98043199959606,29.37872199988862],[-97.98041599970252,29.37872199988862],[-97.98039499978613,29.37872199988862],[-97.98037499969465,29.37872199988862],[-97.98035899980111,29.37872199988862],[-97.98011199992891,29.378723000292133],[-97.9758520002054,29.378723000292133],[-97.97563100027247,29.37872199988862],[-97.97557900039394,29.37872199988862],[-97.97552900016522,29.37872199988862],[-97.97535500008794,29.378721000267827],[-97.97458699980884,29.37871700021898],[-97.97013399974148,29.378701000022094],[-97.96990100011297,29.378699999618288],[-97.96979200033303,29.378699999618288],[-97.96809799959105,29.37869600035144],[-97.96808199969755,29.37869600035144],[-97.9678189999318,29.37869499994758],[-97.96450800023739,29.378616999729875],[-97.9589119999722,29.378496000016526],[-97.95757100030595,29.37853300015117],[-97.95748099989427,29.378535999801816],[-97.95747300039666,29.378493999987676],[-97.956469000116,29.37845200015627],[-97.95642100043541,29.378450000126556],[-97.95613699985498,29.378437999947632],[-97.95608099977848,29.378435999917716]]]},"properties":{"GEOID":"48187","BASENAME":"Guadalupe","STATE":"48","COUNTY":"187","AREALAND":"1842098925","NAME":"Guadalupe"}},{"type":"Feature","geometry":{"type":"Polygon","coordinates":[[[-98.30814700026694,28.63249799989674],[-98.30781699965573,28.63274100029439],[-98.30682699961878,28.633469999688234],[-98.30649799973081,28.6337139999582],[-98.30477700012297,28.634983000049868],[-98.29977000003674,28.63868000009362],[-98.29961699987587,28.63879199990988],[-98.29789799991786,28.64006399996486],[-98.29649799980207,28.64110600003844],[-98.2955630000167,28.64180299963668],[-98.29229800035303,28.64423500020314],[-98.29089900006214,28.645278000277614],[-98.29052900016629,28.645546000042984],[-98.28941899958042,28.64635200002332],[-98.28935099980835,28.64640200000194],[-98.28904899968455,28.646620999832546],[-98.28825399964127,28.647198000267256],[-98.28795499989052,28.64741600038544],[-98.28587500025748,28.648934000296727],[-98.28508299968892,28.649512999833867],[-98.28501800028991,28.6495589998792],[-98.28482599977097,28.64969899989311],[-98.28476300002178,28.64974600025003],[-98.28154699986361,28.652093999957465],[-98.27996000015006,28.65325400028713],[-98.27921299978735,28.653797999832605],[-98.27760599998231,28.654997000215793],[-98.27753599966213,28.655050999807802],[-98.27748299995868,28.65508900020477],[-98.27743100008014,28.655128999694945],[-98.27366299955291,28.6579310000267],[-98.27195100016591,28.659205999840324],[-98.27160100036154,28.659468000045234],[-98.26874000003059,28.661559999847952],[-98.26849499980821,28.661739000233062],[-98.26776000003936,28.66227600034251],[-98.2675159996419,28.66245599977674],[-98.2669459997295,28.662872000124125],[-98.26523699981723,28.66412299991003],[-98.26466799972975,28.664540999662673],[-98.26356300006508,28.665350000186425],[-98.26216200012435,28.666377000088428],[-98.26161099958023,28.666780000004326],[-98.26023499975388,28.667759999938127],[-98.25930199961833,28.66842600015275],[-98.2591230004165,28.66855900027556],[-98.2591080003479,28.668569000046883],[-98.25906499979186,28.668600999781496],[-98.25905100044648,28.668612999975046],[-98.25863399979664,28.66892199995319],[-98.257384000367,28.66985199975349],[-98.2569680004404,28.67016200021727],[-98.25604899965022,28.67084599965389],[-98.25359800029642,28.672670999615608],[-98.25028699970369,28.675068000049464],[-98.2498289999443,28.67540500012147],[-98.24850499999648,28.676382000147797],[-98.24837799977486,28.676474999630955],[-98.24826399997205,28.676559000161017],[-98.24815199981907,28.676641999699058],[-98.24627700022545,28.67802499961588],[-98.23696199983682,28.684892999993455],[-98.23091299983508,28.68934199977636],[-98.22843300016898,28.691164999783528],[-98.22786999992928,28.691579999616398],[-98.22381299969705,28.694569999895883],[-98.22319500010407,28.69501899988061],[-98.22130100024387,28.696416999803137],[-98.21741200024113,28.69928600008021],[-98.21347899985746,28.70218800011204],[-98.210060000208,28.704704000317413],[-98.20573600001208,28.707880999747033],[-98.20184199998647,28.710742999830547],[-98.20116800031701,28.7112369997028],[-98.20084100007885,28.71147799994211],[-98.19914899988503,28.712724999829835],[-98.19847699986536,28.713221999945066],[-98.19509099982788,28.71571699975762],[-98.19476799978769,28.715955999606816],[-98.19005699997747,28.71943200014699],[-98.1849109999741,28.72317200029605],[-98.18396799979278,28.723858000176108],[-98.18151599971576,28.72565499987633],[-98.18139400041532,28.725744000239224],[-98.18103000036726,28.726011999750366],[-98.18090899999342,28.726102000261022],[-98.17918900021051,28.727360999622128],[-98.17533299981973,28.7301859996112],[-98.1740349998112,28.731149000174952],[-98.1723240002491,28.73242000015747],[-98.17124700017351,28.733219000077604],[-98.17030999983999,28.733915000022304],[-98.16800300042624,28.735598000017117],[-98.16691999960454,28.7363890003835],[-98.16657300017322,28.73664100007213],[-98.16553399973245,28.737399000116906],[-98.16518800012604,28.737652000073886],[-98.16475899978064,28.737965000029018],[-98.16347300036598,28.73890699998206],[-98.1630449998455,28.739220999654467],[-98.1617419998141,28.740169999954777],[-98.15993699964234,28.741487000321992],[-98.15783899956764,28.743025999788188],[-98.15653999973419,28.743981000288983],[-98.15504000005929,28.74508099979859],[-98.15100700011652,28.748042000266057],[-98.15054500015916,28.748390999728525],[-98.14906200020269,28.74951500000068],[-98.14903799991325,28.749531999928756],[-98.14896599994321,28.7495869998161],[-98.14894300037699,28.749606000185718],[-98.14888899995033,28.749648000244367],[-98.14772999985895,28.750259999857665],[-98.1471060004182,28.750710999817773],[-98.1455289998521,28.751854999701294],[-98.14188599989666,28.754494000370943],[-98.14014600002224,28.75575499976361],[-98.139354000352,28.75633799984002],[-98.13698000009278,28.75808899972804],[-98.1362789997608,28.758606999715905],[-98.13619000007236,28.758673000298984],[-98.13612300012521,28.758720999909364],[-98.13605600017806,28.758769000285177],[-98.13400800033207,28.760241999906167],[-98.13090400032688,28.762477999726414],[-98.13083099963363,28.76253000036104],[-98.13075799983869,28.76258300028461],[-98.13050299957057,28.762767000048054],[-98.1274649996876,28.764953000084866],[-98.12528399977224,28.766522999857646],[-98.12519500008378,28.766568000390784],[-98.12493099959482,28.766703000298712],[-98.12484299973127,28.766749000029144],[-98.12460099988193,28.766909999713366],[-98.12387699998375,28.76739499975063],[-98.12375399996012,28.767477999657828],[-98.12364500018016,28.76756899993552],[-98.12134100024113,28.769430999825076],[-98.11654699969193,28.773306999973183],[-98.11443100007389,28.77501700014228],[-98.11212799995977,28.77687900019122],[-98.11211700008911,28.776886999913383],[-98.11208600012698,28.776910999863556],[-98.11207600008123,28.776920000335547],[-98.11186799966877,28.777069999689104],[-98.11124400022803,28.77752400022907],[-98.11103699964046,28.777676000204266],[-98.10864300018807,28.779419999983066],[-98.10835000028513,28.779632999785505],[-98.10595099991153,28.781382000311194],[-98.10478500014747,28.78223199995308],[-98.09831500019628,28.786949000130964],[-98.09950600007468,28.78814199971465],[-98.10308000043317,28.791724000274762],[-98.10427200013649,28.792918000143267],[-98.10844399999644,28.79715099968638],[-98.12096100029954,28.809850000351407],[-98.12513399998441,28.81408399968691],[-98.12528399977224,28.814237000276172],[-98.12570200024699,28.81469300031352],[-98.12739199989268,28.816534999790274],[-98.1279559999573,28.817150000088628],[-98.12812800038473,28.81733699990857],[-98.12864399987046,28.817899999645718],[-98.12881700012282,28.818088000050174],[-98.13074299977008,28.820186999633144],[-98.13652099961016,28.826487000342027],[-98.13844799998061,28.82858800032867],[-98.13925100041983,28.829463999954218],[-98.13975000018712,28.830008000341383],[-98.14165099972001,28.83210099988415],[-98.14245099978618,28.832980999918444],[-98.14296399979716,28.833545999684794],[-98.14450500037827,28.83524199965915],[-98.14501900021416,28.83580799992867],[-98.14524900036793,28.83606099967642],[-98.14593899993093,28.836819999950798],[-98.14616900008468,28.837073999773654],[-98.14632600044354,28.837246999945616],[-98.14679800044664,28.8377660003095],[-98.14695599973206,28.83794000028421],[-98.14717400019028,28.83817999979903],[-98.1478310001413,28.838903000215083],[-98.14805000042442,28.839144000024298],[-98.14831499983998,28.83943599995627],[-98.14910999988327,28.84031200034373],[-98.14937600002204,28.84060400014545],[-98.14947099955829,28.840707999779895],[-98.14975699978855,28.841023000043457],[-98.14985300004803,28.841128000181694],[-98.15039299982318,28.841722999750385],[-98.15201600042006,28.843508000072138],[-98.15255700002014,28.84410400030025],[-98.15258299995939,28.844242000037866],[-98.1526819996936,28.844350000389007],[-98.15320800012337,28.84492899961678],[-98.15324800030635,28.844999000240062],[-98.15338999969826,28.845250000266642],[-98.153547999882,28.84539800021795],[-98.15370600006574,28.845544999865453],[-98.15373299982991,28.845569999833046],[-98.15379999977706,28.845633000165282],[-98.15386800044746,28.845695999672493],[-98.15427500015323,28.846076000025196],[-98.15450899960665,28.84626800024695],[-98.15503000001355,28.84669500002301],[-98.15523599987789,28.84681599966849],[-98.1554979998187,28.84697000022974],[-98.15584699979816,28.847440000359114],[-98.15614300007417,28.847771000273948],[-98.15671399981146,28.848411000221965],[-98.15728600027201,28.84905100016609],[-98.15792700032951,28.849768000254084],[-98.15985100032692,28.851922000068626],[-98.16049300020934,28.85264000005915],[-98.16820900029056,28.86127699990491],[-98.16842699985045,28.86150499979625],[-98.16881900038592,28.861896999834567],[-98.16887600028734,28.86195999971688],[-98.16895699957988,28.86204099995905],[-98.16920699982512,28.862288999968122],[-98.16988600041577,28.862963000093554],[-98.17254400035712,28.865352999689254],[-98.17629699991743,28.868728999672935],[-98.17746199985658,28.869636999848808],[-98.17765900039839,28.869782999984064],[-98.17777499985101,28.86986799986055],[-98.17808799984547,28.870099000145448],[-98.17813300005132,28.87013300000098],[-98.17819300032576,28.87017799983899],[-98.17821800044013,28.87019700025419],[-98.17826299974766,28.870230000221916],[-98.17827600016643,28.870238999710622],[-98.17841300043379,28.87031899993939],[-98.17852300003867,28.870400999815],[-98.1785330000844,28.870384999786783],[-98.18437299984873,28.875258999953783],[-98.18439299994023,28.87526699998623],[-98.18546699964277,28.876421999980174],[-98.18645000000706,28.87747500034743],[-98.19026299984179,28.881555999908976],[-98.19040799960675,28.881710999882326],[-98.19084500034809,28.882176999728614],[-98.19099099993794,28.882333000087794],[-98.19149800010116,28.88287600029744],[-98.1930220000655,28.88450600012982],[-98.19353000005361,28.885049999703867],[-98.19555699998321,28.88721600011065],[-98.20159000009139,28.893673000252793],[-98.20213599971434,28.89425699971255],[-98.20377400037982,28.89601099961724],[-98.20432099982769,28.896595999683136],[-98.20499200002241,28.897314000101584],[-98.20564300012566,28.898009999891837],[-98.20700499970829,28.89946799987053],[-98.20767699972795,28.90018699965142],[-98.20807799958595,28.900616000379213],[-98.20928400043128,28.901906000013078],[-98.20968600011419,28.902336000260014],[-98.21026600007234,28.902957000056457],[-98.21200699977165,28.904819999955354],[-98.2125879995547,28.905440999829047],[-98.21309700026605,28.905994999639297],[-98.21462500042836,28.907657000196565],[-98.2151350000663,28.90821099997109],[-98.2154530000836,28.90855200013737],[-98.21640899978537,28.90957500020271],[-98.21672799962761,28.909917000077908],[-98.21849000014164,28.9118049998057],[-98.22377900026017,28.91747200018779],[-98.2255419997008,28.919361000181443],[-98.22698600019753,28.92090800011288],[-98.2313210002641,28.925552000147057],[-98.23276700041065,28.927099999801243],[-98.23331899988138,28.927691999745544],[-98.23497799956493,28.92946799973716],[-98.23553099975888,28.930061000376888],[-98.23645899987157,28.931054999727163],[-98.23924400003453,28.934039000392847],[-98.24017299997213,28.935034000136447],[-98.24111199995546,28.93604099986017],[-98.24538000007489,28.94061399986128],[-98.24583000033668,28.94109600026058],[-98.24718000022376,28.94254199979723],[-98.24763100031046,28.943024999815652],[-98.2476620002726,28.94305900015369],[-98.24769499988457,28.943093999634478],[-98.24788800022841,28.94330100038751],[-98.24795299962743,28.943370000022544],[-98.24796199984826,28.94338000018231],[-98.24841899978276,28.943869999753],[-98.24981999972346,28.94537000018818],[-98.25028699970369,28.94587099961275],[-98.25071500022416,28.946245000304078],[-98.25200200036205,28.947366999779106],[-98.25243099980914,28.947741999681035],[-98.25238700032652,28.947753999995093],[-98.25289299976649,28.948296999780137],[-98.25441199970797,28.949927999884228],[-98.25480099987041,28.950345999872127],[-98.25490999965035,28.95047999966914],[-98.25793400018792,28.95412700007944],[-98.26317200025281,28.960444000378747],[-98.26452700016274,28.962078000227475],[-98.27016100006277,28.968872999999732],[-98.270331999767,28.96905500021977],[-98.2729579999213,28.9718280001271],[-98.27619900019386,28.975250999765077],[-98.2790040004483,28.97821299964524],[-98.28742099996313,28.987099999949784],[-98.2902270000425,28.990063000273015],[-98.29973300022681,29.000101000295047],[-98.29979400032619,29.000165999869186],[-98.29985600025046,29.000231000188073],[-98.2998729999689,29.00024900017247],[-98.29994900013688,29.000336999701855],[-98.3020970004403,29.00282099993776],[-98.30327800027297,29.00418700004872],[-98.3037939997587,29.004737000063287],[-98.30534500038553,29.006386999828266],[-98.30586199969618,29.00693699991863],[-98.3059060000771,29.00698400031336],[-98.30602200042806,29.007107000225602],[-98.3060390001465,29.007125999905217],[-98.3060829996291,29.00717400032061],[-98.30666400031048,29.007790999845266],[-98.30914999982438,29.01043599967736],[-98.31034999992363,29.0117090001759],[-98.31187200023814,29.01332199999755],[-98.31643900010832,29.018161999964033],[-98.31796200024775,29.019776000343875],[-98.31811899970828,29.01994599994844],[-98.31817200031004,29.020001999766162],[-98.3188099999945,29.020677999827154],[-98.31902300042982,29.020903999632264],[-98.32014599963787,29.022090000136377],[-98.32047899972379,29.022444000298027],[-98.3248370002549,29.02707799997169],[-98.32629000007414,29.02862299995672],[-98.32719300007246,29.029605999640033],[-98.3294350000872,29.03204600030654],[-98.32990899974013,29.032553000146223],[-98.3308219997842,29.033529000363394],[-98.33120500009886,29.033938999905438],[-98.33235699961921,29.035172000048046],[-98.33274099975876,29.035582999964074],[-98.33286799998037,29.03571399980554],[-98.33325200011993,29.036110000167717],[-98.33338000016644,29.036241999950843],[-98.33367399989432,29.03654300029454],[-98.33455699980115,29.03744799961248],[-98.33468200037295,29.03757600000623],[-98.33484800005428,29.037754000204014],[-98.33727199964392,29.04033799973591],[-98.33732699989551,29.04039599984376],[-98.34458600004221,29.048053999828646],[-98.34693900038505,29.050537000067603],[-98.34702399987555,29.050627000098046],[-98.34987099996277,29.05367599981136],[-98.35408700020368,29.058181999858846],[-98.35597799969081,29.060134000120843],[-98.35627700033989,29.060442999725932],[-98.36158300017684,29.066055000313217],[-98.36312600040776,29.067686999989416],[-98.36345000027286,29.068031999620448],[-98.36354399998419,29.068130999656333],[-98.3638260000165,29.068431000088662],[-98.36391999972783,29.06853100003878],[-98.36421400035401,29.06884299969912],[-98.36509800008578,29.069782000150695],[-98.36539299963854,29.07009500023221],[-98.36600199990902,29.070751000326926],[-98.36782999964696,29.07271899989742],[-98.36843999974234,29.073374999777652],[-98.3685369998267,29.07348000010326],[-98.36915899961764,29.07414400022327],[-98.37131899961662,29.076451000102537],[-98.37204000004007,29.077220000360825],[-98.37303400027498,29.078235999825953],[-98.37528999963513,29.080544000121407],[-98.37600799968554,29.08129599985594],[-98.3769900002249,29.082325999883512],[-98.37824800005045,29.083645999954225],[-98.3820249999002,29.08760700005524],[-98.38328400044898,29.08892800005989],[-98.3833699997644,29.089018999642047],[-98.38362800040558,29.089292000260915],[-98.3837150004442,29.089383999616327],[-98.38878199990657,29.09480899966742],[-98.3968949996478,29.10340100022584],[-98.39703000026533,29.103541999812812],[-98.39910300022568,29.105714999724892],[-98.3997030002753,29.106343000193036],[-98.39978899959071,29.106433000151114],[-98.39987399997952,29.10652300003056],[-98.40023200017981,29.106897000064187],[-98.40032199969319,29.106992999866165],[-98.40085700034379,29.107554000376673],[-98.40246400014883,29.109239999746617],[-98.40299999972602,29.109801999676755],[-98.40325499999415,29.110068999975727],[-98.40397399986945,29.110822999698325],[-98.4041179998095,29.11097700018212],[-98.40454999962964,29.11144100001189],[-98.40469399956967,29.111596000234748],[-98.40475899986701,29.111666000385387],[-98.40513999963352,29.112075999975254],[-98.40648000037316,29.11351699974825],[-98.4069270002619,29.113997999800404],[-98.40700799955444,29.114084999776882],[-98.40725399960175,29.11434699990215],[-98.40733599961752,29.114435000219878],[-98.41069599971574,29.11550499986286],[-98.41266499991902,29.116210999889468],[-98.41273600006411,29.116237000287],[-98.41286300028574,29.11628199987298],[-98.41291500016426,29.116300000015784],[-98.4129889997841,29.11632700022404],[-98.41397200014836,29.11667799993238],[-98.41406000001193,29.11670999997368],[-98.41414899970039,29.116738999732757],[-98.41827600025282,29.118081000314596],[-98.42623900020621,29.120812000286847],[-98.42740800034332,29.12120100010165],[-98.43084899973408,29.12234199971803],[-98.43092599972698,29.122371000243497],[-98.430997999697,29.12239699986879],[-98.43129800017097,29.122507000082017],[-98.43374799969986,29.123406999904095],[-98.43559899990237,29.124085000349407],[-98.43821099981297,29.124981999670457],[-98.43886000026639,29.125202999689357],[-98.43938300032313,29.125380999998395],[-98.44080699983003,29.125869000041316],[-98.44145600028345,29.126091999984645],[-98.44154800034497,29.126127000234444],[-98.44851200004057,29.12852400011829],[-98.44864299956183,29.12856899982139],[-98.45606499991514,29.131122000367153],[-98.4658189997966,29.134475999950403],[-98.47192300004991,29.13657599993712],[-98.47365000040385,29.137170999953465],[-98.47573199968672,29.13788699969539],[-98.48198099970496,29.140035000378337],[-98.483771999633,29.140651000148722],[-98.48404100014483,29.140744000259428],[-98.48426600027574,29.14082099970526],[-98.49391499967689,29.144142000092398],[-98.49396499990559,29.144158999718623],[-98.49411800006646,29.144212000058122],[-98.4941690001201,29.144230000019125],[-98.49555900019014,29.144728000306415],[-98.49584700007023,29.14482700034062],[-98.49611499985883,29.14491900025516],[-98.49753900026407,29.14541000035061],[-98.49811500002424,29.145600999816192],[-98.499844000028,29.146175999875894],[-98.50029599993962,29.14632699979064],[-98.50042099961308,29.14636999967897],[-98.50047900023773,29.14638999991287],[-98.5006540001399,29.1464510001314],[-98.50071299969115,29.146471999889595],[-98.50148000014534,29.14673899991517],[-98.50378400008437,29.14754299990972],[-98.50455200036347,29.147810999817334],[-98.50474599963393,29.147876999962552],[-98.50476999992335,29.14788500009613],[-98.50588999965667,29.14827499977267],[-98.5060600004343,29.148333000306177],[-98.5061590001685,29.14836800004416],[-98.50645799991925,29.148472999971183],[-98.50655800037667,29.148507999661522],[-98.50680000022601,29.14859200012488],[-98.50752800032215,29.14884699965379],[-98.5077709999964,29.148932000140636],[-98.50860600022266,29.149207000080214],[-98.51111100000314,29.15003599978009],[-98.5119460002294,29.15031200018982],[-98.51225199965283,29.15041699969898],[-98.51317200026791,29.150731999936248],[-98.51347900041459,29.150836999800664],[-98.5135299995699,29.15085399988817],[-98.51368399955568,29.150906999912156],[-98.51373600033253,29.150925000269353],[-98.51418099967313,29.151076999760214],[-98.51551700021483,29.15153499978766],[-98.51596300027866,29.151688000218837],[-98.51611100041666,29.15173799977705],[-98.51655800030541,29.151890999905845],[-98.51670700026834,29.151942999907945],[-98.51688299999543,29.152002999696677],[-98.51703199995833,29.15205400015643],[-98.51867599957328,29.152617000148872],[-98.51873500002283,29.15263800021575],[-98.51879199992423,29.15265699974945],[-98.5211970001456,29.15348299986573],[-98.52123800015347,29.153496000059487],[-98.52288900033945,29.154057999742626],[-98.52292699997426,29.154070999863627],[-98.52304099977708,29.154111999932717],[-98.52308000013514,29.154126000297023],[-98.52323699959568,29.15417900020183],[-98.52370799977386,29.154340999711597],[-98.5238650001327,29.154394999752913],[-98.52389199989688,29.154403000163416],[-98.52397599956245,29.154426999822146],[-98.52399999985191,29.154428000069295],[-98.52400700042291,29.154441000143464],[-98.52402599979118,29.15444800030342],[-98.52406299960111,29.15446100037506],[-98.52417700030223,29.154501000042064],[-98.52421499993706,29.154515000353292],[-98.52429600012793,29.154547000385147],[-98.52444599991574,29.154607000221766],[-98.5245399996271,29.15464999978242],[-98.52461999999302,29.154687999671086],[-98.52479200042048,29.154739999826262],[-98.52530899973111,29.154899000077073],[-98.52548199998347,29.154952000367512],[-98.52550999957255,29.154961000192046],[-98.52559400013645,29.15499000014445],[-98.52562300044876,29.155000000207288],[-98.52563799961906,29.155004000389017],[-98.52568500037306,29.1550190000886],[-98.52570100026657,29.15502399972647],[-98.52572200018297,29.155032000087967],[-98.52577599971133,29.155052000204492],[-98.52578800030523,29.155055000143157],[-98.52581099987144,29.15506299971773],[-98.52584900040459,29.155075000255216],[-98.52596400003232,29.1551140002271],[-98.52600300039036,29.155127000214446],[-98.52606600013955,29.155149000008254],[-98.52625799976019,29.15521600038535],[-98.52632200023258,29.15523899961483],[-98.52643799968524,29.155278000308968],[-98.52678500001488,29.15539499994901],[-98.52690200019073,29.155435000036725],[-98.5276749995944,29.155699999832322],[-98.52999600015018,29.156494999823558],[-98.53077000027707,29.156760000022054],[-98.53359899992266,29.15772800012579],[-98.54099100013876,29.160260000282552],[-98.54449000015416,29.161462000051674],[-98.54453899965965,29.16147500001991],[-98.54488500016437,29.161592999837314],[-98.54592299988191,29.161949999782074],[-98.54626900038663,29.162069000010796],[-98.54647299970281,29.16213800013956],[-98.54708699999614,29.162346999803365],[-98.54729200003555,29.162416999914694],[-98.54733200021852,29.162430999931225],[-98.54745500024218,29.16247299996934],[-98.54749600025005,29.162488000146926],[-98.54760800040305,29.162526000273164],[-98.55289199960038,29.164335000085146],[-98.55606500010086,29.16542199964442],[-98.55614700011662,29.165449999640497],[-98.55723599988781,29.165823000120533],[-98.55734800004079,29.165860999796863],[-98.55932300009184,29.166538000074176],[-98.56525800029074,29.16857000011338],[-98.56684199963122,29.16909900014785],[-98.56684199963122,29.169124999717443],[-98.57392699970066,29.17153899960899],[-98.57414500015888,29.171614000126574],[-98.57444899993249,29.17171799973921],[-98.57475199988119,29.171822000030833],[-98.574941999852,29.17188700035567],[-98.57513199982279,29.17195199985494],[-98.57541700022814,29.172050000241054],[-98.58058099977488,29.173816999991853],[-98.58079199966207,29.173890000298456],[-98.58100099989946,29.173960999655005],[-98.5834119999686,29.1747870001702],[-98.58388800016967,29.174949000108654],[-98.58504200023816,29.175345000014588],[-98.58505399993372,29.175349000188056],[-98.58508999991874,29.175360999923203],[-98.58510300033753,29.17536600013927],[-98.5851359999495,29.175376999829364],[-98.58523499968369,29.17541099971964],[-98.58526800019396,29.175423000231884],[-98.58534799966161,29.1754489997682],[-98.58538600019475,29.175463000360526],[-98.58544300009616,29.17548299963466],[-98.58553500015766,29.1755150001907],[-98.5856370002649,29.17555000007668],[-98.58573000015133,29.175581999827514],[-98.58594299968834,29.175654999662925],[-98.58633799969856,29.175791000356757],[-98.58634799974429,29.17579399968949],[-98.58640600036894,29.175813999683474],[-98.5883320000162,29.17647499968315],[-98.58834899973462,29.17648099987724],[-98.5905869995514,29.177250999911884],[-98.59140500005923,29.17753300024735],[-98.59386100033423,29.178378999741135],[-98.59467999976864,29.178661000113916],[-98.5969999996012,29.179455000343484],[-98.59948299964037,29.180305999652052],[-98.59960300018929,29.18034700022484],[-98.59996399986431,29.180470000276255],[-98.60008500023812,29.18051199999226],[-98.6001680000788,29.180539999793304],[-98.60041699960084,29.18062599991896],[-98.60050000033982,29.180654999680556],[-98.60075600043285,29.180741999700594],[-98.6015260003618,29.181006000066983],[-98.60178300027975,29.181093999776717],[-98.60196800022769,29.18115799973211],[-98.60252499972128,29.181350000143098],[-98.60271100039242,29.18141499992307],[-98.60359299957605,29.181716000225293],[-98.6037780004223,29.181778999812018],[-98.60568499980296,29.182431000047746],[-98.60595199976666,29.182522999997563],[-98.60611499997327,29.182579000063086],[-98.60628200037785,29.182635000098003],[-98.60632400021065,29.18264999968202],[-98.60654699979341,29.18272599989352],[-98.60721600033831,29.18295600012856],[-98.60743999974599,29.183033000081817],[-98.60846999996592,29.183386000105564],[-98.61156200027555,29.184444999947328],[-98.61259300032039,29.184797999818105],[-98.6127420002833,29.184848999672305],[-98.61318900017206,29.18500199986718],[-98.6133389999599,29.18505400035304],[-98.61435599976102,29.185401999969926],[-98.61740700006277,29.186448000234385],[-98.61842499968883,29.186796999759444],[-98.62141900008916,29.187822999913344],[-98.62149799973187,29.187850000150288],[-98.62157600044799,29.18787599967464],[-98.62531800013764,29.189273000139796],[-98.62663600023765,29.189723999839412],[-98.63109799962751,29.19124700035902],[-98.63116999959755,29.191271999918357],[-98.6312430002908,29.19129600036785],[-98.6369459997878,29.193242999696704],[-98.63725799995733,29.193348999863872],[-98.63819699994066,29.193666999707883],[-98.63850999993512,29.193774000084733],[-98.63870699957862,29.19384100034449],[-98.64021399982452,29.19435799962417],[-98.64172500026838,29.194872999727984],[-98.64625799980337,29.19642099971773],[-98.64776900024725,29.196937000271557],[-98.64918600008146,29.197419999982536],[-98.65343800030737,29.198871999804823],[-98.6548559999665,29.199355999619442],[-98.6552290002354,29.199482999633073],[-98.65758599987788,29.200288000376244],[-98.65830399992826,29.200532999756863],[-98.6586930000907,29.20066499964773],[-98.65877500010647,29.20069300022061],[-98.65881600011434,29.200706999719944],[-98.65892400006938,29.200744999807803],[-98.65895000000864,29.200752999741958],[-98.65897799959774,29.20076300005088],[-98.65975099989973,29.201027999647554],[-98.65983700011346,29.201056999913945],[-98.65990300023569,29.201079999848986],[-98.66162100036878,29.20166599969267],[-98.66238399972671,29.201926000386397],[-98.66677499986979,29.20342400029633],[-98.66849300000288,29.204010000070603],[-98.66850399987355,29.204013999910355],[-98.67600300021978,29.206574999943676],[-98.67601599974024,29.206574999943676],[-98.67634600035144,29.206691999909264],[-98.67736999982529,29.2070429997889],[-98.67771200013205,29.207160000004357],[-98.67857199957434,29.20745400033828],[-98.68115400024605,29.20833600020035],[-98.68201500041155,29.208630000297095],[-98.68330400019927,29.20907000032233],[-98.6871709995624,29.210390000040462],[-98.68846000024841,29.210830000349876],[-98.68856499983039,29.210865999642905],[-98.68946299980585,29.21117300026603],[-98.69070499973789,29.211596999823715],[-98.69443399990706,29.21287000019273],[-98.69540600040068,29.213202000000308],[-98.695676999664,29.2132950002424],[-98.69588599990139,29.213365999763383],[-98.69651299971518,29.213580000053888],[-98.69672299977748,29.213651999831306],[-98.69707799960472,29.213772999800653],[-98.69814299998474,29.214135999635467],[-98.69849799981199,29.214258000265314],[-98.69879300026307,29.214358999989134],[-98.69968000036789,29.214662000131433],[-98.6998860002322,29.214731999829915],[-98.70077400016191,29.215036000093587],[-98.70219400036919,29.21552100006786],[-98.70418399959054,29.216199999624543],[-98.70638600032062,29.21695199961813],[-98.70947299970908,29.218005999610476],[-98.71110499962845,29.218562999883396],[-98.71120599991079,29.218597999973923],[-98.7112560001395,29.21861499981201],[-98.71136499991945,29.21865199991101],[-98.71271999982939,29.219114000212446],[-98.71910100009214,29.221293999638654],[-98.7255479995788,29.223495999741747],[-98.72741600039804,29.224114999828366],[-98.72763700033099,29.22420899992213],[-98.73189200003164,29.22566199997216],[-98.73496599989957,29.226710000105232],[-98.73514800037277,29.22677399980776],[-98.74210799987041,29.22914999994929],[-98.74669599965699,29.230717000332596],[-98.74681700003082,29.23075399997933],[-98.7468299995513,29.23075800034291],[-98.75030000015268,29.231838999776503],[-98.76049900027306,29.23533899997685],[-98.76116700009474,29.235568000288165],[-98.76218300007098,29.235917000311414],[-98.76723500036303,29.23765099976263],[-98.76891999998585,29.238229999798364],[-98.76962999964034,29.238473999950788],[-98.77176299987514,29.23920600005354],[-98.7724700000549,29.239449000028976],[-98.7724859999484,29.23945499967269],[-98.77492999962953,29.24029499962338],[-98.77561300041813,29.240531000377164],[-98.77594099958289,29.240645000181004],[-98.77611100036052,29.24070200003528],[-98.77662199982335,29.24087599997175],[-98.7767930004259,29.24093500007227],[-98.7769359996427,29.240983999837585],[-98.77716699962139,29.241063999867965],[-98.77726999955355,29.241099000106516],[-98.77737500003386,29.241134999734726],[-98.77808800006137,29.241379000016494],[-98.77870499982944,29.241590000019162],[-98.77885999964013,29.241644000373448],[-98.7790119999761,29.241697999915395],[-98.77976900038456,29.241959000304544],[-98.78002200010457,29.24204700020156],[-98.78014799960295,29.242083999672552],[-98.78036400041132,29.242147999954565],[-98.78572799997461,29.243986999802758],[-98.78817099983081,29.244824999881168],[-98.78818400024959,29.244829999844168],[-98.79156699991404,29.245990999696026],[-98.79202999969631,29.246150000351506],[-98.79213299962846,29.246184999634455],[-98.79294600011343,29.24646400038785],[-98.79358600034602,29.246683000361962],[-98.79947499961587,29.248702000075653],[-98.80000199987056,29.248881999608862],[-98.8015829997363,29.24942499975707],[-98.802109999991,29.24960599968854],[-98.80244200025203,29.249732000006063],[-98.80343800013675,29.250110000027636],[-98.80377100022268,29.250236999821006],[-98.80390799959173,29.250299000298487],[-98.80431900039378,29.25048800022018],[-98.80445699958773,29.250550999855186],[-98.80476299990947,29.250692999698984],[-98.80476299990947,29.250673000207616],[-98.80476299990947,29.250649000342516],[-98.8047579998866,29.25038100029081],[-98.8047579998866,29.250237999917495],[-98.80475600023678,29.249003000275373],[-98.80475600023678,29.24858599961643],[-98.80475399968866,29.245377000125316],[-98.80471100003093,29.243902999856086],[-98.8047019998101,29.242639999708324],[-98.80469099993945,29.24215999970906],[-98.80467199967289,29.24126100029335],[-98.80460999974859,29.241152999936023],[-98.80464800028174,29.241155999707953],[-98.80464699955853,29.241019000103503],[-98.804638000236,29.241003999655074],[-98.80464699955853,29.240940000225336],[-98.80467199967289,29.240824000373106],[-98.80467400022101,29.2398949997601],[-98.80467400022101,29.23897400020642],[-98.80467699969574,29.236213000106066],[-98.8046790002439,29.235292999804614],[-98.8046790002439,29.23479500009303],[-98.8046800000688,29.233300999749346],[-98.80468099989372,29.232804000021495],[-98.80468099989372,29.23242900038538],[-98.80468199971862,29.231306000070237],[-98.80468300044186,29.230931999936068],[-98.80468300044186,29.230684999758722],[-98.80468300044186,29.229946999671583],[-98.80468400026676,29.229700999767044],[-98.80468400026676,29.22967499987648],[-98.80468400026676,29.229642999760838],[-98.80468400026676,29.229469000328983],[-98.80468400026676,29.229411999707356],[-98.80468400026676,29.229294999817434],[-98.80468400026676,29.228944999650142],[-98.80468400026676,29.22882900031629],[-98.80469199976436,29.227348999714387],[-98.80471699987872,29.222912000018397],[-98.80472600009955,29.22143400011662],[-98.80472699992447,29.221339000233165],[-98.80472799974937,29.21931400016508],[-98.80473299977226,29.21458300030235],[-98.80473299977226,29.21427999992642],[-98.80473299977226,29.213916999817762],[-98.80473399959715,29.213616999619113],[-98.8047369999702,29.208947000072477],[-98.80473799979511,29.2081899999509],[-98.80473899962003,29.207215000213626],[-98.80474100016816,29.20569100032986],[-98.80474600019105,29.202266000177914],[-98.80475200003882,29.19819600017321],[-98.80475299986374,29.19760900027292],[-98.8047570000617,29.19569799984844],[-98.80475500041186,29.19533499979766],[-98.80475500041186,29.195250000090443],[-98.80475200003882,29.193906000051324],[-98.8047510002139,29.19345800030616],[-98.8047510002139,29.19244900031671],[-98.80475299986374,29.189425000103643],[-98.80475500041186,29.18841700034732],[-98.80475500041186,29.18786700038297],[-98.8047570000617,29.18621999986072],[-98.80475899971151,29.185670999822573],[-98.80476000043474,29.183290000281566],[-98.80476499955928,29.17614600026888],[-98.80476700010745,29.173766000144433],[-98.80476700010745,29.173291000148243],[-98.80476899975726,29.17186700038077],[-98.80477100030541,29.17139300030572],[-98.80477100030541,29.17085300015421],[-98.8047720001303,29.169232999910612],[-98.80477299995522,29.168694000269667],[-98.80477399978012,29.167601000128517],[-98.80477600032826,29.16432399999615],[-98.80477799997809,29.163231999771444],[-98.80477799997809,29.16315600002756],[-98.80477799997809,29.16292799967373],[-98.80477799997809,29.162851999704767],[-98.80477799997809,29.162831000157567],[-98.80477799997809,29.162767999921336],[-98.80477899980299,29.162747999738666],[-98.80477999962791,29.161306000304496],[-98.80478300000095,29.156980999963693],[-98.80478499965079,29.15553999980071],[-98.80478499965079,29.154789000008726],[-98.80478700019891,29.15253800038205],[-98.80478800002383,29.151788000095483],[-98.80478800002383,29.151608000247435],[-98.80478899984875,29.15107099965041],[-98.80478999967366,29.15089199961208],[-98.80478999967366,29.15063300010024],[-98.80478999967366,29.149856000000252],[-98.80478999967366,29.149597000230084],[-98.80478999967366,29.14951200029341],[-98.80478999967366,29.14925899987198],[-98.80478999967366,29.149174999953907],[-98.80478999967366,29.148831000320346],[-98.80479100039688,29.14780000031211],[-98.8047920002218,29.14745700031232],[-98.80479499969653,29.144419999764413],[-98.80480399991735,29.13531100025937],[-98.80480800011532,29.132274999819874],[-98.80481099959006,29.128828000013996],[-98.80481499978801,29.125242000012655],[-98.80483800025256,29.118489999640094],[-98.8048499999481,29.115044999693186],[-98.80485499997098,29.113438999612768],[-98.80487199968941,29.108619999740196],[-98.80487800043552,29.107065999778285],[-98.80487800043552,29.10701499975914],[-98.80487300041266,29.105606000330678],[-98.80486099981877,29.101381000073978],[-98.80485699962081,29.099972999645804],[-98.8048709998645,29.09966900003128],[-98.80491100004748,29.0988129999293],[-98.80491000022256,29.098756999725904],[-98.80490900039767,29.098452999660214],[-98.80490500019971,29.097811000320732],[-98.80489599997887,29.095885000259937],[-98.80489400032904,29.09524399985893],[-98.80490000017683,29.094282000385782],[-98.80490299965156,29.09387399987443],[-98.80491400042054,29.092448000005845],[-98.8049060000246,29.09139599984799],[-98.80490000017683,29.09043399974896],[-98.80489900035191,29.090293000263767],[-98.80489500015396,29.089457000240984],[-98.80488799958296,29.087742000197753],[-98.80488400028331,29.086526000272283],[-98.80488199973516,29.08597199989331],[-98.80488099991024,29.08554999993482],[-98.80487900026043,29.085222000023023],[-98.8048709998645,29.083198999940244],[-98.80484499992524,29.07615199968581],[-98.80484099972728,29.07506699966777],[-98.80483900007745,29.073804999760128],[-98.80484300027541,29.073168000347792],[-98.80486300036691,29.071257999956003],[-98.80487000003959,29.07062199999537],[-98.80484699957506,29.06901399964079],[-98.80478100035114,29.063922000136902],[-98.80477399978012,29.061283999874444],[-98.80477100030541,29.06000400025676],[-98.80476200008457,29.056164000295787],[-98.80476000043474,29.055073000117382],[-98.80476000043474,29.05488399994285],[-98.80475399968866,29.053784000321084],[-98.80474500036613,29.050484000169924],[-98.80474500036613,29.049386000135886],[-98.80473600014528,29.04636300002713],[-98.80472399955141,29.040824000362623],[-98.8047229997265,29.03729999962197],[-98.8047229997265,29.035357000086663],[-98.8047229997265,29.03529600000019],[-98.8047229997265,29.035234000042756],[-98.80472399955141,29.034321999684504],[-98.8047229997265,29.03427999995452],[-98.80472000025176,29.033451999991907],[-98.80471400040399,29.0334359999993],[-98.80470600000807,29.032297000093813],[-98.80468400026676,29.028880000376425],[-98.80467800041897,29.027742000380282],[-98.80467800041897,29.027609000030075],[-98.8046800000688,29.027211000220493],[-98.80468099989372,29.027078999885617],[-98.80470299963501,29.026580000004863],[-98.80477100030541,29.02508499989828],[-98.80479499969653,29.02458699974498],[-98.80478200017603,29.023983000048993],[-98.80474500036613,29.022172000148647],[-98.80473299977226,29.021568999648405],[-98.80472799974937,29.020990999665166],[-98.80471299968076,29.019256999944673],[-98.80470900038111,29.01867900037634],[-98.8047079996579,29.018571000046716],[-98.80470500018315,29.018249999949585],[-98.80470400035826,29.018142999957355],[-98.80470699983297,29.01803199984828],[-98.80471600005382,29.017699000376375],[-98.80472000025176,29.017588999795972],[-98.80470400035826,29.016606999635744],[-98.80469500013741,29.016102000093326],[-98.80464200043396,29.01284299988528],[-98.80462999984009,29.011644000005916],[-98.80461700031961,29.01015999980527],[-98.80461700031961,29.0101440001317],[-98.80460800009878,29.009156000165742],[-98.80460100042609,29.00831899979059],[-98.80460700027386,29.006146000297576],[-98.8046089999237,29.005362000205064],[-98.80460999974859,29.00514300027884],[-98.80460999974859,29.005107999781263],[-98.80461200029673,29.004643000350995],[-98.80461200029673,29.0043729999498],[-98.80461499977147,29.00222700022258],[-98.80461399994655,29.00216799973244],[-98.80461399994655,29.00159199994321],[-98.80461200029673,29.00143300020533],[-98.80458499963423,29.001231999623336],[-98.80450599999153,29.00063199997039],[-98.80448400025021,29.00045099969505],[-98.80448199970206,29.00043299974582],[-98.80447699967921,29.00039800001019],[-98.80445800031094,29.00024500026352],[-98.80445699958773,29.00016499969471],[-98.80445900013585,28.999611999952414],[-98.80446599980856,28.998154000146986],[-98.80445999996077,28.99725699988313],[-98.80445499993789,28.996471999723326],[-98.80445499993789,28.99643700021794],[-98.80442800017371,28.995473999638683],[-98.80434799980777,28.992486999895462],[-98.80432199986852,28.991491000362082],[-98.80431600002073,28.991294000348162],[-98.80432799971629,28.990155999614704],[-98.80433000026444,28.98997199982239],[-98.80434699998287,28.98615400018789],[-98.80435399965556,28.98482000001522],[-98.8043489996327,28.984467999696026],[-98.80434399960983,28.98408400019607],[-98.80431799967056,28.981875999962384],[-98.80431000017293,28.981140999984973],[-98.80430900034804,28.9811009997829],[-98.80430500015008,28.980784999843088],[-98.80429199973128,28.979771000366565],[-98.80429000008147,28.979720000255924],[-98.80428699970841,28.97936599990442],[-98.8042859998835,28.979285000093217],[-98.80425800029441,28.976519999708085],[-98.80418899979912,28.969010999729537],[-98.80417600027864,28.967985999770253],[-98.80414299976837,28.96514199962498],[-98.80410199976048,28.962313999939614],[-98.804053000255,28.95854300025113],[-98.80399600035359,28.953836000152204],[-98.80396600021636,28.951012000027237],[-98.80396299984332,28.950769999727346],[-98.80396000036858,28.950049000302403],[-98.80396000036858,28.949810999611778],[-98.80396000036858,28.949712000124524],[-98.80395699999553,28.948949999689415],[-98.80395500034571,28.948156000278924],[-98.80393199988119,28.94637199975881],[-98.80392199983542,28.94551500000405],[-98.80392000018561,28.944945000317716],[-98.8039190003607,28.94421199971657],[-98.80391599998765,28.94323800033883],[-98.80391599998765,28.942909000335682],[-98.80391599998765,28.94266999980492],[-98.80391000013987,28.942332000043855],[-98.8038980004443,28.941640000307792],[-98.80384800021558,28.93855100011388],[-98.80384599966744,28.938410999912147],[-98.80383700034493,28.93752199976005],[-98.80382099955308,28.93551499974719],[-98.80378899976604,28.930879999957064],[-98.80377399969743,28.929499000378318],[-98.80375500032916,28.927494000079292],[-98.8037439995602,28.926963000143935],[-98.80371400032128,28.92537300007826],[-98.80370799957518,28.92500699966965],[-98.80370500010046,28.92484399973357],[-98.80369900025266,28.92456299973405],[-98.80368199963591,28.923726999986375],[-98.803680999811,28.92362199997143],[-98.80367699961305,28.92344899970737],[-98.8036590000697,28.9225420000489],[-98.80362800010755,28.91977799985435],[-98.80357100020616,28.914664000131587],[-98.80351199975661,28.90876499993314],[-98.80351099993169,28.908631999949474],[-98.80348199961938,28.905094999701934],[-98.80347400012177,28.90417100011763],[-98.80345099965724,28.90140200021375],[-98.80344399998455,28.90047900034319],[-98.80343399993879,28.900025999958256],[-98.80340700017462,28.89866799989248],[-98.80339799995379,28.898215999840975],[-98.80342100041833,28.897560000092852],[-98.80341899987019,28.897426000310556],[-98.803392000106,28.895056000250335],[-98.80338299988517,28.8942660002657],[-98.8033569999459,28.891972000329528],[-98.80332400033393,28.888990999674746],[-98.80331299956498,28.88801999977183],[-98.80330199969433,28.885092000234945],[-98.80329400019671,28.883006000262547],[-98.8032930003718,28.882797999768332],[-98.8032919996486,28.882648000098836],[-98.80328900017383,28.88220099979914],[-98.80328900017383,28.882136999860972],[-98.80328900017383,28.882076999637356],[-98.80328999999875,28.88205199979612],[-98.80328900017383,28.881521000111363],[-98.80328499997589,28.88130999975553],[-98.80324399996799,28.879084000081804],[-98.80323100044752,28.878342999856173],[-98.8032289998994,28.878189999921876],[-98.80322499970143,28.87799200018148],[-98.80322300005159,28.877895000127218],[-98.80320499960993,28.876944999868876],[-98.8032020001352,28.876785000113273],[-98.80319899976216,28.87659700036088],[-98.8031879998915,28.875992000175135],[-98.80317500037103,28.875251999728217],[-98.80315299973141,28.874176999718838],[-98.80314100003585,28.873639000351538],[-98.80314100003585,28.873573000211053],[-98.80313799966278,28.873468999618446],[-98.80313500018805,28.873364999708464],[-98.8031240003174,28.872341999954667],[-98.8030890001573,28.869101000309207],[-98.80308400013443,28.868651000322274],[-98.80306999989071,28.86742099985637],[-98.80306900006582,28.867275000336285],[-98.803067000416,28.867191999682504],[-98.80305900002008,28.86650500006703],[-98.80305800019516,28.86629800025796],[-98.80305800019516,28.866276000235036],[-98.80303700027876,28.864531000066997],[-98.80298000037736,28.859301999792017],[-98.80296199993569,28.85755999971312],[-98.80296000028588,28.85738099961501],[-98.802955000263,28.856988999857638],[-98.80293699982134,28.85527900035843],[-98.80293099997355,28.85471099979385],[-98.80292599995067,28.85434399963107],[-98.80291400025513,28.853247000102808],[-98.80291199970698,28.85305800023834],[-98.80291000005717,28.85288100030353],[-98.8028919996155,28.851407999695997],[-98.80286499985132,28.848961000276606],[-98.80284399993492,28.846990000245036],[-98.80283899991204,28.84652199982377],[-98.8028289998663,28.845517999704896],[-98.80282300001852,28.845031000239516],[-98.802807000125,28.8435769999657],[-98.80280399975194,28.843230999924828],[-98.80280200010212,28.8430910001862],[-98.80279999955398,28.842969000024297],[-98.80279600025435,28.842599999889316],[-98.80279500042944,28.842477999938517],[-98.80278799985842,28.84189700018995],[-98.80276899959185,28.840160999804116],[-98.80276299974408,28.83958200000841],[-98.80276000026933,28.839279999738867],[-98.80274600002562,28.838074999833488],[-98.8027019996447,28.8340290001537],[-98.80269599979692,28.83356499971136],[-98.80267999990339,28.832060999634308],[-98.80267900007847,28.831965999667798],[-98.80267200040578,28.831358000347215],[-98.80264800011633,28.829253000180284],[-98.80263999972041,28.828551999755124],[-98.80263999972041,28.828520999666644],[-98.80263999972041,28.82849300034034],[-98.80263200022281,28.827930999903437],[-98.8026110003064,28.826074000266033],[-98.80260600028355,28.825455999870574],[-98.80258399964391,28.823550000196956],[-98.80252099989472,28.81783600026786],[-98.8025119996739,28.81701300021369],[-98.80250199962816,28.815971000167576],[-98.80250199962816,28.81593299998547],[-98.80249499995546,28.81546100004784],[-98.80247999988686,28.814044999994596],[-98.80247700041211,28.813677999652242],[-98.80247599968888,28.813573999772665],[-98.80245599959741,28.81179199976469],[-98.80243800005407,28.810148999690117],[-98.80232500007614,28.799874999787058],[-98.80228900009115,28.79645100024274],[-98.80227599967236,28.795271999887607],[-98.80223700021259,28.791734999901486],[-98.80222399979381,28.790557000365105],[-98.80222399979381,28.790507999819372],[-98.80220000040268,28.788621000342452],[-98.80213099990739,28.782816999961625],[-98.80210900016608,28.78089600001356],[-98.80210800034118,28.78088300017699],[-98.80209400009747,28.779554999797437],[-98.80205200026468,28.775570000384864],[-98.80204200021893,28.774662999993062],[-98.80203899984589,28.77429099960962],[-98.80203899984589,28.774242000082562],[-98.8020260003254,28.77316499994116],[-98.80199199999022,28.769937999872752],[-98.80198199994447,28.76886200023159],[-98.80196100002809,28.766926999958986],[-98.80189999992871,28.761123999888014],[-98.80188499986009,28.759743000255952],[-98.80188099966213,28.7593300002849],[-98.80187999983724,28.759189999616915],[-98.80186499976861,28.757775000074513],[-98.80181899973786,28.753533000355223],[-98.80180500039246,28.752121000359587],[-98.80180600021738,28.752073000077704],[-98.80179100014877,28.7507160001103],[-98.8017869999508,28.750256999984163],[-98.80185100042321,28.746504000133516],[-98.80187599963926,28.745100000200278],[-98.80185899992084,28.743573000046347],[-98.80182799995868,28.740715000365583],[-98.80180899969211,28.73899499975969],[-98.80179299979858,28.737471999961894],[-98.80176699985931,28.734988999886784],[-98.80169400006437,28.727553000345804],[-98.80167700034595,28.725650999628115],[-98.80166999977494,28.725075000098823],[-98.80166099955412,28.72421799971789],[-98.80163399978993,28.721648000248116],[-98.8016239997442,28.720793000354124],[-98.8016239997442,28.72070300000004],[-98.80160600020083,28.71914599965304],[-98.80155299959907,28.714210999717903],[-98.80153599988064,28.71256700030834],[-98.80153699970555,28.712553000049986],[-98.80152500000999,28.71145300011968],[-98.80151699961408,28.710721000053113],[-98.80145700023792,28.705187000264033],[-98.80143799997134,28.703343000341423],[-98.80143600032152,28.70315899993334],[-98.80143200012357,28.7026079998081],[-98.80143100029866,28.70244000028953],[-98.80142999957542,28.7024229997933],[-98.80140500035938,28.7001680000488],[-98.80133099984123,28.693400000124328],[-98.80130699955178,28.691144999825966],[-98.80130699955178,28.69113299984962],[-98.80128900000842,28.68946900005292],[-98.80123499958177,28.684448000172402],[-98.80121799986331,28.682775999904525],[-98.80121799986331,28.682765999913126],[-98.80120000031998,28.680296999687048],[-98.80114699971821,28.672869000065297],[-98.8011309998247,28.670427999828146],[-98.80112999999977,28.670393000063115],[-98.80111599975608,28.669309000178686],[-98.80107399992328,28.666060000164833],[-98.80106100040281,28.66497699984588],[-98.80105700020485,28.664710999797972],[-98.80105700020485,28.664665000094573],[-98.80105300000689,28.66435399966827],[-98.80104799998401,28.664001999608317],[-98.8010470001591,28.663915000060666],[-98.80104399978606,28.66364999994259],[-98.8010410003113,28.663440999680283],[-98.80103200009049,28.662816000082607],[-98.80103000044068,28.6626359996901],[-98.80103000044068,28.662608000004113],[-98.80099199990751,28.659582999844105],[-98.8008770002798,28.65051100022981],[-98.80084100029478,28.647486999895765],[-98.80084200011969,28.64745000031237],[-98.80084600031763,28.64734200036716],[-98.80084799996746,28.647306000360697],[-98.79924299981226,28.64734200036716],[-98.79524500002958,28.647433000350244],[-98.79443099971972,28.647436999646008],[-98.79282700028773,28.647444999813693],[-98.79278999957951,28.647444999813693],[-98.78989800018473,28.647478999731288],[-98.78111099987574,28.64758500028456],[-98.77832599971276,28.647619000156773],[-98.77818299959762,28.647619999781856],[-98.7778219999226,28.647621999820323],[-98.77674300019717,28.647629000348946],[-98.77638300034707,28.647632000012212],[-98.77614099959942,28.647634000050502],[-98.76978299980122,28.647732000301936],[-98.75828700039554,28.64790699979122],[-98.75803399977724,28.647910000234894],[-98.75353399985421,28.647969000008697],[-98.75200400004209,28.647989000325342],[-98.73988000009938,28.64814399989088],[-98.73776199993318,28.648170999878204],[-98.73332300010955,28.64818300004556],[-98.73319599988794,28.64818300004556],[-98.72826800034275,28.648193999803578],[-98.71625999985268,28.648222999805064],[-98.71407499973934,28.6482180001316],[-98.71310399996895,28.648216000104455],[-98.70866299959717,28.6482120000501],[-98.70805000002706,28.648210999642288],[-98.70754200003894,28.648210000022832],[-98.70601700024969,28.648207000376104],[-98.70551000008648,28.648207000376104],[-98.70546300023082,28.648207000376104],[-98.70536199994847,28.6482120000501],[-98.7049190002577,28.648239000019956],[-98.70477199994461,28.648247999745575],[-98.69989000043017,28.64829099991305],[-98.68681599973516,28.648363000025764],[-98.68668100001594,28.64836399964377],[-98.68647599997652,28.64836399964377],[-98.67599599964876,28.64838599990899],[-98.6571730003243,28.64836399964377],[-98.6568989997896,28.64836399964377],[-98.65671600038982,28.648363000025764],[-98.64598099979393,28.648334000062977],[-98.64083200031581,28.648373000146997],[-98.63233000041214,28.64836399964377],[-98.62543299976535,28.648358000358964],[-98.62085900022251,28.64835200028547],[-98.61847900011549,28.64834899985444],[-98.61513099971285,28.648344999805165],[-98.6143819997003,28.64834400018698],[-98.61265600006958,28.64834200016224],[-98.61213800003573,28.648340999755675],[-98.61177800018562,28.648340999755675],[-98.6113899998481,28.648340999755675],[-98.61127600004528,28.6483400001375],[-98.61093700011158,28.6483400001375],[-98.61082400013368,28.6483400001375],[-98.60988199977727,28.64833899973092],[-98.60705599960642,28.648336000087816],[-98.60611400014835,28.648336000087816],[-98.60567999978008,28.648336000087816],[-98.60543200008296,28.648334999681264],[-98.60338900025985,28.648332000038046],[-98.6029769996329,28.648332000038046],[-98.60270800001938,28.648332000038046],[-98.60207899965745,28.648330999631387],[-98.60019200036825,28.64832799998812],[-98.5997660003959,28.64832799998812],[-98.59956300000631,28.64832799998812],[-98.59952899967112,28.64832799998812],[-98.59947699979259,28.64832799998812],[-98.59942699956387,28.64832799998812],[-98.59939300012701,28.64832799998812],[-98.59885400017674,28.648327000369772],[-98.59802499979827,28.6483250003447],[-98.59392099971038,28.648319000269375],[-98.59255300027995,28.648317999862588],[-98.59246399969317,28.648317999862588],[-98.59105500025487,28.648315999837354],[-98.58935700021325,28.648313999812117],[-98.58656399965436,28.648309999761505],[-98.58506700035251,28.648307999736105],[-98.58435099995194,28.648307000117576],[-98.5841509999354,28.648307000117576],[-98.58220600002159,28.64830399968526],[-98.58149200016913,28.648303000066697],[-98.57525700039457,28.6482940003458],[-98.57216300043513,28.648290000294374],[-98.55655399982241,28.648268000009],[-98.55067800007306,28.648261000311393],[-98.55031999987276,28.648261000311393],[-98.54855700043213,28.64825799987777],[-98.54326900013852,28.64824999977211],[-98.54150699962449,28.648247999745575],[-98.54116900041399,28.64824700012646],[-98.54015500008758,28.648245000099863],[-98.53981799980369,28.648245000099863],[-98.53772300010203,28.64824199966578],[-98.53143800009876,28.648232999939655],[-98.52934400022203,28.64823099991279],[-98.52602400030676,28.648226000239706],[-98.52141600042873,28.648220000158656],[-98.51606399966268,28.6482120000501],[-98.51277899990752,28.648207999995584],[-98.51274499957233,28.648207999995584],[-98.51250199989809,28.648207000376104],[-98.51211000026093,28.648207000376104],[-98.51177299997704,28.648205999968248],[-98.5115310001277,28.648205999968248],[-98.5092499997549,28.648203000321406],[-98.50240800025801,28.648193999803578],[-98.50012799971013,28.648191000156338],[-98.49302099989939,28.648181000017743],[-98.49065699968591,28.648178000370173],[-98.48647300013037,28.648172000286387],[-98.48211200012453,28.648172000286387],[-98.4764780002245,28.648172000286387],[-98.47170200011696,28.648172000286387],[-98.46624499976895,28.648172000286387],[-98.46459600013114,28.648172000286387],[-98.46384999959334,28.648172000286387],[-98.4634529999333,28.648172000286387],[-98.46024799964579,28.648172000286387],[-98.46002699971284,28.648172000286387],[-98.45888500023821,28.648172000286387],[-98.4572290000294,28.648172000286387],[-98.45226100030123,28.648172000286387],[-98.45060500009241,28.648172000286387],[-98.45049700013737,28.648172000286387],[-98.450175999747,28.648172000286387],[-98.45006899961689,28.648172000286387],[-98.448344999636,28.648172000286387],[-98.44317299969335,28.648172000286387],[-98.44144899971245,28.648172000286387],[-98.43858699955659,28.648170000258364],[-98.43831700011819,28.648170000258364],[-98.43641499986205,28.648170000258364],[-98.43000099998734,28.648168000230356],[-98.4295049996948,28.648168000230356],[-98.4271399996564,28.648166999822134],[-98.42283200025231,28.648168000230356],[-98.41360700027539,28.648168999850206],[-98.40990999989327,28.648170000258364],[-98.4056030003141,28.648172000286387],[-98.4033420000328,28.648172000286387],[-98.39997600008678,28.648172000286387],[-98.39655900008712,28.648172000286387],[-98.39429899963073,28.648172000286387],[-98.39387199983346,28.648172000286387],[-98.3925910004417,28.648172000286387],[-98.3921639997461,28.648172000286387],[-98.39058899972814,28.648172000286387],[-98.3876499995794,28.648172000286387],[-98.38586799987218,28.648172000286387],[-98.38429399967912,28.648172000286387],[-98.3824690003142,28.648172000286387],[-98.38233000039703,28.648172999906212],[-98.38192500034107,28.648172000286387],[-98.37482100000507,28.648172000286387],[-98.37245299959363,28.648172000286387],[-98.37081400000154,28.648172000286387],[-98.36627300007065,28.648172000286387],[-98.36589800015193,28.648172000286387],[-98.36426000038477,28.648172000286387],[-98.36377499996287,28.648172000286387],[-98.36232200014364,28.648172000286387],[-98.36183800044496,28.648172000286387],[-98.3608890004159,28.648172000286387],[-98.36019099955865,28.648172000286387],[-98.35804499980338,28.648172000286387],[-98.35709699959921,28.648172000286387],[-98.35546399985492,28.648172000286387],[-98.3552300004015,28.648170999878204],[-98.35161699968498,28.648170999878204],[-98.34962999993836,28.64818399966527],[-98.34784200038337,28.64819599983109],[-98.34776399966724,28.648197000239033],[-98.34594299960197,28.648207999995584],[-98.3433390000873,28.648226000239706],[-98.34048399960415,28.648245000099863],[-98.33871000029285,28.648257000258745],[-98.3386640002621,28.648257000258745],[-98.33801800018172,28.648261000311393],[-98.33607999994058,28.64827400008732],[-98.33551300040124,28.648278999758112],[-98.33543499968513,28.648280000165215],[-98.33504700024594,28.648274999706164],[-98.3350520002688,28.64461399973282],[-98.33504700024594,28.644535999908257],[-98.33505999976639,28.64378899992416],[-98.3350609995913,28.64260999966888],[-98.33506800016232,28.6390750000182],[-98.33506999981215,28.63789700011486],[-98.33510199959919,28.634454999849808],[-98.33510099977428,28.634145000247628],[-98.33509099972855,28.62813000026135],[-98.33510900017019,28.625264000367814],[-98.3350880002538,28.62289199965272],[-98.3350870004289,28.62271999982005],[-98.33506599961419,28.620306999959805],[-98.33505999976639,28.619167999844553],[-98.33505999976639,28.61914100027975],[-98.33505499974353,28.617960999986046],[-98.33505399991861,28.617843999688077],[-98.33505399991861,28.617789999870617],[-98.33505300009371,28.617618000354373],[-98.33503600037527,28.613954000317687],[-98.33503100035239,28.612658000287766],[-98.33419199992817,28.613282999855556],[-98.3337080002295,28.613645000055673],[-98.33315099983759,28.614063999816434],[-98.33167899975177,28.615159999770235],[-98.33084100005078,28.615786000149136],[-98.32884400025841,28.61727500039098],[-98.32636100021925,28.61912800004866],[-98.3228300004168,28.621709999976535],[-98.32191800019763,28.622377999828952],[-98.32081900038074,28.62317900027747],[-98.32062199983893,28.623322000367324],[-98.32003400038317,28.623752000109274],[-98.31983799966629,28.623896000058306],[-98.31795700022488,28.62526299974119],[-98.31749199989447,28.625604999796217],[-98.31449800039246,28.627812999838355],[-98.31048299999301,28.630773999696608],[-98.31046499955134,28.630787999847968],[-98.30951499969736,28.631489999861227],[-98.30814700026694,28.63249799989674]]]},"properties":{"GEOID":"48013","BASENAME":"Atascosa","STATE":"48","COUNTY":"013","AREALAND":"3158599700","NAME":"Atascosa"}},{"type":"Feature","geometry":{"type":"Polygon","coordinates":[[[-98.32719600044551,29.209867999963997],[-98.32715799991237,29.209913000088854],[-98.32713500034616,29.209940999703505],[-98.32451800041268,29.213084999626464],[-98.32440399971154,29.21321300033683],[-98.32435900040402,29.21326600030241],[-98.32373400024004,29.214013999644358],[-98.32325600038914,29.214586000068653],[-98.31976599969626,29.218773000247342],[-98.31347700039335,29.22631200034679],[-98.31343800003529,29.226359000180178],[-98.3133970000274,29.22640799986677],[-98.31034200042602,29.230071000087758],[-98.30950999967449,29.231065000146625],[-98.30946700001678,29.231116999999227],[-98.30662199957936,29.23453000003338],[-98.30470500015294,29.236829999683454],[-98.30455899966476,29.237002999705386],[-98.3031590004473,29.238681999827058],[-98.3030189998069,29.238850000383326],[-98.30173400021714,29.240389999949063],[-98.30157900040643,29.240575000165194],[-98.30147700029919,29.240695999680803],[-98.30118299967302,29.24104800002362],[-98.3006539997685,29.24168099999012],[-98.30054800036162,29.241808000055443],[-98.30046399979771,29.241910000222187],[-98.3002810003979,29.24212999992826],[-98.29797400008583,29.244895000125254],[-98.29649899962698,29.246665999697157],[-98.29595499965386,29.247319000335455],[-98.29592399969172,29.247352999877666],[-98.29330699975824,29.250240000110434],[-98.2929450002583,29.250665000253207],[-98.29275899958715,29.25088299976678],[-98.29258100021023,29.251092000374303],[-98.2925429996771,29.251136999627942],[-98.29253500017948,29.251146999720664],[-98.29251199971495,29.251173999731023],[-98.29245999983641,29.251235000337708],[-98.29229699962978,29.251425000182614],[-98.29168499988461,29.25214399990371],[-98.29100000034447,29.25294899984244],[-98.29087099957474,29.253101000178198],[-98.29075900032005,29.25323199966246],[-98.28722500014456,29.257380000002208],[-98.28708799987722,29.257540000224424],[-98.28702000010514,29.257625999995536],[-98.28321399994307,29.26232999964691],[-98.2814260003881,29.264518999941888],[-98.28128200044804,29.26470099976377],[-98.28105399994409,29.264989999693658],[-98.28056000019969,29.265616000013694],[-98.27998899956407,29.266339000038954],[-98.27974800043795,29.266633999658012],[-98.2795890004293,29.26682799962888],[-98.27957299963747,29.266846999945585],[-98.27955599991903,29.26686800012648],[-98.27835300034504,29.268338999640083],[-98.27400499985967,29.2736530002668],[-98.27302300021864,29.274853000359176],[-98.2727889998669,29.27513900024012],[-98.27247300039772,29.275524999961185],[-98.26858400039498,29.280270000145578],[-98.2684160001655,29.280473999668818],[-98.26773599974993,29.281308999936144],[-98.26713999989826,29.28210399964394],[-98.26694999992746,29.282356999739733],[-98.26688800000319,29.28243899988098],[-98.26549299991028,29.284128000106023],[-98.26542799961294,29.284207000316673],[-98.26073199987135,29.289892999685296],[-98.2598830002997,29.290920000029065],[-98.25788800015715,29.293338000114872],[-98.25785200017215,29.29338199990233],[-98.25761799982041,29.293674999677325],[-98.25561500018027,29.29617600007388],[-98.25548600030884,29.29633700032054],[-98.25448799987596,29.297437999738957],[-98.25358099967966,29.298569999910043],[-98.25345299963315,29.298729999893578],[-98.25332399976172,29.29889100003033],[-98.25024800024394,29.302730000249817],[-98.25021599955858,29.30276600011331],[-98.25008800041037,29.302938000243362],[-98.25003200033387,29.303007999867173],[-98.25000800004443,29.30303900016646],[-98.24999399980072,29.303056000073923],[-98.24992699985357,29.303138999627333],[-98.24975399960121,29.303355000102663],[-98.24940899981972,29.30378499975361],[-98.24931699975822,29.303901999816983],[-98.2492880003442,29.303938000050564],[-98.24896199993097,29.304332000297293],[-98.24866400000515,29.304691999761854],[-98.24352499967442,29.310887999925292],[-98.24345699990238,29.310972999947854],[-98.24268799979833,29.311937999893768],[-98.24032799978282,29.31484800039092],[-98.23802899986667,29.317687000232915],[-98.23798799985879,29.317737000240644],[-98.23776899957568,29.318000999812785],[-98.23508800006809,29.32123700020008],[-98.23368799995231,29.322936999617536],[-98.23021700042432,29.327138999696363],[-98.23015899979968,29.327208999949775],[-98.23010100007336,29.327279000155144],[-98.22988799963804,29.327537000139245],[-98.2284909998953,29.329252999635667],[-98.22812099999943,29.329707999998764],[-98.22650400014868,29.33169599982097],[-98.22645300009505,29.33175700012681],[-98.22642399978274,29.33179099976795],[-98.22640299986634,29.331816000233896],[-98.22635699983559,29.331876000387375],[-98.22412700041473,29.334613000156946],[-98.22198800033213,29.337237000097247],[-98.2217880003156,29.337437000018205],[-98.22142400026752,29.337865000081244],[-98.2115869996471,29.349836000108667],[-98.2102130003689,29.351484999783697],[-98.2059829998843,29.35655999971532],[-98.20549900018561,29.35714099968282],[-98.2053850003828,29.357277000325855],[-98.20492000005238,29.35783600003712],[-98.20468999989862,29.358112999967418],[-98.20458699996647,29.35823600006247],[-98.20438399957688,29.358485999867813],[-98.2043509999649,29.358527000287797],[-98.20433300042156,29.35854900021991],[-98.20431800035296,29.35856700008968],[-98.2018720001237,29.361571999690543],[-98.20180799965128,29.36164999965879],[-98.20174400007718,29.361729000137828],[-98.20100900030835,29.362632000110537],[-98.19758700028582,29.366836000339656],[-98.1974650000871,29.366982000272362],[-98.19059900030078,29.37524899970928],[-98.1886300000975,29.377906999616016],[-98.18838700042326,29.378235000229047],[-98.18814300002579,29.37851400027408],[-98.18813200015514,29.37852700006676],[-98.18768699991621,29.379034999696543],[-98.1873420001347,29.379518000207263],[-98.18699800017812,29.379998999991958],[-98.18668699983351,29.380434999679572],[-98.18443899997098,29.383251000056088],[-98.18336500026844,29.3845910003592],[-98.1830110002661,29.385032000082518],[-98.18289200044042,29.385180999984804],[-98.18228700036792,29.385935000000266],[-98.18029499970011,29.3884129996845],[-98.17920500010403,29.389719000232255],[-98.17809399969325,29.391050999967543],[-98.17780699963807,29.39139500024537],[-98.17563099974556,29.39392099967225],[-98.1753870002464,29.394334999945556],[-98.17194799960714,29.398506000218237],[-98.1717819999258,29.398706999774056],[-98.16965100023913,29.401260000164],[-98.16770999962495,29.403583999669657],[-98.1668950003885,29.40452000026999],[-98.16678900008328,29.40464199970011],[-98.16618599966061,29.405334000060407],[-98.16511799980584,29.406667999789047],[-98.1640950001569,29.407946999897536],[-98.16335000034235,29.408877999702636],[-98.16276600018624,29.40960800006948],[-98.16181399978412,29.410829000366373],[-98.1617920000428,29.410857999778493],[-98.16178600019502,29.410865999695854],[-98.1617710001264,29.410884999790404],[-98.16162600036144,29.411071000199257],[-98.16161700014062,29.411082999658635],[-98.16147900004835,29.41125999973596],[-98.16145899995688,29.41128500025698],[-98.1612990001233,29.41148999991531],[-98.16105700027396,29.41180099968399],[-98.16048599963835,29.412533999616294],[-98.16045600039944,29.412568999748796],[-98.15988599958874,29.413233999975844],[-98.15799000007868,29.415465999689157],[-98.15412100016744,29.420020999730397],[-98.15368599997427,29.420534000205464],[-98.15362999989776,29.420540000159104],[-98.14750999975092,29.427990000159554],[-98.1474860003598,29.4280339997115],[-98.14728200014531,29.428283000230937],[-98.14658599983622,29.42913400031069],[-98.14168599988011,29.434897000088764],[-98.14102300008129,29.435715000006823],[-98.13978500034722,29.437241999682605],[-98.13971800040007,29.437321999957796],[-98.1396499997297,29.43740100034368],[-98.13803299987892,29.439390999631204],[-98.137186999782,29.440428000357926],[-98.13457900006938,29.441555000156768],[-98.13453499968843,29.441574999772914],[-98.13448299980989,29.441599999874384],[-98.1344269997334,29.441625999754287],[-98.13417099964038,29.441751000136996],[-98.13413300000553,29.441822000379762],[-98.13407000025634,29.441905000303084],[-98.13401300035493,29.441960000026402],[-98.13386900041489,29.442052999988512],[-98.1337430000182,29.442092000023017],[-98.13363599988807,29.442158000348076],[-98.1335170000624,29.442184999864217],[-98.13342900019884,29.442229000306146],[-98.13340999993227,29.44224499989318],[-98.1333279999165,29.442317000350563],[-98.13331000037314,29.44232699969294],[-98.13317700030376,29.442399000092117],[-98.13290000029433,29.442608000211894],[-98.13276200020208,29.442668999765207],[-98.13266799959241,29.442695999927686],[-98.13263800035351,29.442699999806255],[-98.13225300038904,29.442757000210424],[-98.1320960000302,29.44276199986006],[-98.13201999986222,29.44277800014537],[-98.13194500041746,29.44280600005188],[-98.13164999996637,29.44296000018198],[-98.13159300006497,29.442971000014673],[-98.13146699966826,29.44294300015367],[-98.13139200022351,29.44294300015367],[-98.1313350003221,29.442964999821616],[-98.13129099994116,29.44300899992545],[-98.13124099971243,29.44309199966052],[-98.13112100006187,29.44317999973902],[-98.13085099972511,29.443323000290622],[-98.13065599973143,29.443405000001746],[-98.13036100017867,29.443548000236376],[-98.13007099975043,29.443662999824845],[-98.12997500038928,29.44371100024716],[-98.12956899961009,29.443916000181854],[-98.1292730002324,29.44411999994245],[-98.12912799956914,29.444268000309755],[-98.12909099975921,29.444356000150986],[-98.12905899997216,29.444476999710346],[-98.12905899997216,29.444565000152675],[-98.12900100024584,29.444735999691687],[-98.1289710001086,29.44482399990941],[-98.1287440003279,29.445209000356172],[-98.12871300036575,29.44533499998611],[-98.1286809996804,29.445362999969504],[-98.12842999961022,29.445445000379483],[-98.12810300027039,29.445526999940864],[-98.12763799993998,29.44566500002628],[-98.12674300033757,29.44599900030664],[-98.12673099974369,29.446003999796584],[-98.12650200031314,29.446088999692982],[-98.12612300019646,29.446192000309537],[-98.12610899995278,29.44619399978881],[-98.12549700020757,29.446294000300604],[-98.12526100020602,29.446370999704502],[-98.12519400025887,29.44640500017447],[-98.12511999974072,29.44640500017447],[-98.12499400024232,29.44637899995413],[-98.12496199955696,29.446367999708485],[-98.12467000037722,29.446351999989087],[-98.1240560000839,29.446229999796653],[-98.12386299974006,29.44613200026687],[-98.12347500030086,29.446015999823107],[-98.1232469997969,29.445978000255792],[-98.123097999834,29.445972999982345],[-98.12290799986319,29.445979999739354],[-98.1226979998009,29.446003000055097],[-98.12254700018816,29.44602799984819],[-98.12180700039646,29.44615100002348],[-98.12133600021825,29.446294000300604],[-98.12111000026246,29.446381999949818],[-98.12092199994149,29.446476000290865],[-98.12078999969701,29.446557999801563],[-98.12071500025223,29.446624000351765],[-98.12065199960473,29.446711999714793],[-98.1206330002365,29.446778000164848],[-98.12063900008427,29.446883000330143],[-98.12065800035084,29.446937999702865],[-98.12070199983346,29.446981999648944],[-98.12115499957,29.447360999799063],[-98.1215139995952,29.447708000307376],[-98.1215770002427,29.447927999742298],[-98.12157100039491,29.447958999741658],[-98.12154799993036,29.448073000086943],[-98.1215429999075,29.44809699964923],[-98.1215410002577,29.44810900021053],[-98.12153700005973,29.448129000099836],[-98.12148900037914,29.448368000310406],[-98.12125300037759,29.448840999693008],[-98.12118100040756,29.44898400009108],[-98.12107500010237,29.44904799964056],[-98.12067900026724,29.44928700003353],[-98.12055899971833,29.4493970000547],[-98.12049599996914,29.449528999766276],[-98.12049699979403,29.449666999885583],[-98.12067900026724,29.45017299976058],[-98.12076100028301,29.450276999842753],[-98.12082400003219,29.45032099990561],[-98.12090500022305,29.450326999663847],[-98.12105599983579,29.450310000087253],[-98.12140200034051,29.450188999659815],[-98.12150299972453,29.450188999659815],[-98.12165300041067,29.450226999997092],[-98.12184199965824,29.450304000328074],[-98.12201200043587,29.45041400002909],[-98.12255899988374,29.450892000075573],[-98.12289399961949,29.451323999666517],[-98.12353999969986,29.45215700009882],[-98.12367899961704,29.452306000158476],[-98.12391100031894,29.45258100001953],[-98.12409999956652,29.45277300034542],[-98.1242889997124,29.453064999623074],[-98.12447399966034,29.453216999707386],[-98.12481699979199,29.453499000248826],[-98.1249990002652,29.45359300025514],[-98.12516300029672,29.453657000026467],[-98.125401999773,29.453795000007283],[-98.12572200033847,29.454015000325395],[-98.1259420004465,29.454193000340297],[-98.12619299961834,29.45439499968011],[-98.12662699998663,29.454570999714164],[-98.12677099992666,29.454736000104333],[-98.1269559998746,29.455674000357106],[-98.12696599992033,29.455727000366842],[-98.12693400013328,29.45605100004592],[-98.12697099994321,29.45636999971133],[-98.12699000020979,29.456431000379002],[-98.12693999998106,29.456607000009825],[-98.12690800019402,29.456832000226473],[-98.12690200034623,29.45710199982773],[-98.1268639998131,29.457222999832993],[-98.12682000033047,29.457322000014447],[-98.12649800011518,29.457583999728126],[-98.12633400008366,29.457834000137613],[-98.1262749996341,29.45792500038402],[-98.12606799994488,29.458034000021627],[-98.12593900007346,29.45817400033157],[-98.12578900028562,29.458234999914513],[-98.12569399985105,29.45825599977526],[-98.12559400029194,29.45824000036598],[-98.12537400018392,29.458079999876585],[-98.12512200028884,29.457998000290623],[-98.12500199973992,29.45798299968192],[-98.12450499962247,29.457932999722775],[-98.12438599979679,29.457905999703243],[-98.1240209999238,29.457784999730436],[-98.1237880002953,29.457719000182195],[-98.12357499985995,29.45767500019879],[-98.12278300018973,29.457610000206113],[-98.122556000409,29.457581999691083],[-98.12241199957064,29.457537999648203],[-98.12087799956056,29.457368000192243],[-98.12065800035084,29.45736299969779],[-98.1204440000906,29.457402000106224],[-98.12024300024913,29.457467999860704],[-98.12011699985244,29.457566999803056],[-98.11982200029966,29.457863999832487],[-98.11970900032176,29.458056000328916],[-98.11965900009305,29.45827699963167],[-98.1195140003281,29.45858499963359],[-98.1194449998328,29.458710999862554],[-98.11930699974053,29.458893000264645],[-98.11872900033053,29.45950399989667],[-98.11832099990153,29.459818000063006],[-98.11797500029513,29.460031999868487],[-98.11777399955537,29.460230000127012],[-98.11764800005697,29.460543999610255],[-98.11741600025339,29.460895999937907],[-98.11727200031333,29.46122099990683],[-98.11715199976443,29.461550999904773],[-98.11706399990089,29.461742999679753],[-98.11703200011384,29.461932000337576],[-98.11700799982438,29.46215600011076],[-98.11698400043326,29.46330000003642],[-98.1169020004175,29.463883999721816],[-98.11702200006809,29.46426899980462],[-98.117135000046,29.46475800008812],[-98.11734299956015,29.465362999934808],[-98.11744999969028,29.46579200026985],[-98.11756400039138,29.466506999663043],[-98.11777799975333,29.46724999969005],[-98.11790400015002,29.467564000120717],[-98.11792900026437,29.467685000159197],[-98.1183190002517,29.468631000388605],[-98.11872199975953,29.469262999941424],[-98.11911199974686,29.469620999908095],[-98.12040100043288,29.470615999769898],[-98.12057700015998,29.470841000192785],[-98.12070299965836,29.471192999974537],[-98.12070900040446,29.47141900017217],[-98.12085300034451,29.471803000314967],[-98.12100499978214,29.47221099989948],[-98.12100599960708,29.47227700018402],[-98.12097399982002,29.472364999975216],[-98.12064800030508,29.472969999795758],[-98.1206349998863,29.473063999745037],[-98.12064099973409,29.47319599994264],[-98.12067900026724,29.473289000209714],[-98.12073600016863,29.47336600024012],[-98.12079200024515,29.473415999629356],[-98.12091199989575,29.473481999911467],[-98.12113799985156,29.473542000201782],[-98.12125800040047,29.47353699972276],[-98.12141499986099,29.473481999911467],[-98.12172299983256,29.473244999942565],[-98.12203099980414,29.473079999943984],[-98.12215600037592,29.473041000089932],[-98.1222760000265,29.473018999904994],[-98.12247699986798,29.47301400018219],[-98.12265900034117,29.4730459998114],[-98.1229299996045,29.47317300031747],[-98.1233949999349,29.473508000224143],[-98.12354600044596,29.473651000260354],[-98.12366600009656,29.473733999953694],[-98.1239299996872,29.473866000060994],[-98.12401800044907,29.473920999663974],[-98.12408700004603,29.47400299967071],[-98.12437099972817,29.47514200005763],[-98.12442699980467,29.475262999655058],[-98.12454099960749,29.475389000278014],[-98.12459699968397,29.475432999614597],[-98.12470999966187,29.475483000330446],[-98.12485500032516,29.47559300009809],[-98.1248800004395,29.475641999721567],[-98.12489899980777,29.47581799964205],[-98.12490600037877,29.476115000183498],[-98.12488100026442,29.476225000047396],[-98.12479300040087,29.47629100006481],[-98.12448500042932,29.4764679998639],[-98.12434599961381,29.476494999633758],[-98.12405100006102,29.476522999619203],[-98.12387500033392,29.47651200029617],[-98.12358599973062,29.476428999749118],[-98.12349100019438,29.476390999843467],[-98.12334700025434,29.47635800026368],[-98.1231830002228,29.47635800026368],[-98.1230569998261,29.476379999724063],[-98.1230069995974,29.476401999961677],[-98.1229439998482,29.476452000199615],[-98.12274300000675,29.476655000005092],[-98.1224850002639,29.47686500015803],[-98.12226599998077,29.47710699978733],[-98.12223400019371,29.477210999625065],[-98.12222800034594,29.47729400031378],[-98.12226599998077,29.47749699999706],[-98.12232200005727,29.477646000368793],[-98.12255499968576,29.477969999623458],[-98.1229580000919,29.478376999990374],[-98.1231189997504,29.478548999825193],[-98.12320999998698,29.478647000100676],[-98.12344900036157,29.478921999705452],[-98.1236190002409,29.4791420002596],[-98.12380699966357,29.47934500015192],[-98.12389500042542,29.479433000063633],[-98.12403400034259,29.47954300023682],[-98.12439199964457,29.479735000352665],[-98.12462500017139,29.479888999946468],[-98.12500099991502,29.48010799977832],[-98.12505799981642,29.480129999988783],[-98.12513999983219,29.480195999809585],[-98.12516499994655,29.480256000035908],[-98.12521500017527,29.48031699963003],[-98.12532200030539,29.480486999715392],[-98.12554800026119,29.480955000133388],[-98.12571700031559,29.481175000184713],[-98.12585600023277,29.4812850000313],[-98.12589300004268,29.48139499975846],[-98.12588100034712,29.481647999850832],[-98.12588700019491,29.481687000303438],[-98.12600000017281,29.481792000304516],[-98.12616300037944,29.481896000026996],[-98.12652800025242,29.482100000044902],[-98.1267669997287,29.48224799973952],[-98.12689099957727,29.48230499981787],[-98.12703100021766,29.482369999621163],[-98.12707100040063,29.482383000202415],[-98.12734500003701,29.482469000276062],[-98.12793000001804,29.48258499969603],[-98.12820600020254,29.48259599992402],[-98.12843299998327,29.48254600037102],[-98.1286530000913,29.48251899986706],[-98.12898600017722,29.482452999995104],[-98.12927599970713,29.48235400010653],[-98.1295329996251,29.48222200010471],[-98.12995500029778,29.482046000356128],[-98.13042700030088,29.481777000087593],[-98.1305899996092,29.4817000001903],[-98.1307160000059,29.48159600026668],[-98.13076600023462,29.481519000231938],[-98.13085300027323,29.48146000014541],[-98.13087900021252,29.481442000138646],[-98.1310049997109,29.481398000282525],[-98.13110599999324,29.481380999657606],[-98.13116200006974,29.481331999680517],[-98.13120599955234,29.48124399985361],[-98.13120700027558,29.481105999686836],[-98.13121899997114,29.480985000026333],[-98.13132000025348,29.48083099975188],[-98.13186099985356,29.48012700020916],[-98.13203699958065,29.479990000274086],[-98.13225699968868,29.479862999706477],[-98.1324140000475,29.479785999919066],[-98.13252100017763,29.479769999996506],[-98.13263499998045,29.479787000109624],[-98.13277899992049,29.479787000109624],[-98.13291700001277,29.47977600035877],[-98.13306799962551,29.479736999952802],[-98.13316899990784,29.479703999898298],[-98.1334269996507,29.479550000023394],[-98.13352700010813,29.479550000023394],[-98.13359700042834,29.479516999908064],[-98.13362199964438,29.47946200021327],[-98.13369100013965,29.479423999880662],[-98.13380999996535,29.47942900006929],[-98.13389899965381,29.479457000026272],[-98.13399300026346,29.479467999811757],[-98.13411200008913,29.479441000051768],[-98.13418200040934,29.47936399994377],[-98.13419999995268,29.479254000358335],[-98.134081000127,29.479066000122167],[-98.134081000127,29.47902799964104],[-98.13412499960963,29.478922999904533],[-98.13426299970186,29.478847000384867],[-98.13464099999365,29.478819000259364],[-98.13501199971441,29.478885000151816],[-98.13516900007325,29.478945999789094],[-98.13533200027987,29.478963000040437],[-98.13543299966389,29.478963000040437],[-98.13569100030507,29.479055999708805],[-98.13586700003216,29.479106000201636],[-98.13601199979712,29.479135999859857],[-98.13603000023879,29.47913899966874],[-98.1361370003689,29.479187999924118],[-98.13626899971507,29.47926500016584],[-98.1363630003247,29.479414000284656],[-98.13655199957229,29.47982100032732],[-98.13659599995322,29.480003000378623],[-98.13675300031205,29.480311000081798],[-98.13680299964244,29.480520000296917],[-98.13686499956673,29.480850000047173],[-98.13693499988695,29.480977000160014],[-98.13704100019214,29.481075999829716],[-98.13709200024577,29.481190999885424],[-98.13707899982698,29.481241000106948],[-98.13707899982698,29.481334000031097],[-98.13710999978912,29.481465999625616],[-98.13708499967476,29.481647999850832],[-98.13707200015428,29.48202200022455],[-98.13704700003993,29.48215899975885],[-98.13698400029072,29.482297000055745],[-98.13680199981754,29.482494999847503],[-98.13627999958572,29.48270900027748],[-98.136128999973,29.482681999816972],[-98.1359399998271,29.48267599962675],[-98.13585199996355,29.48270900027748],[-98.13575200040442,29.4827920003738],[-98.13564500027431,29.482895999852076],[-98.13548100024279,29.483089000029654],[-98.13543100001405,29.483286999838015],[-98.13548100024279,29.483528999773462],[-98.13544299970964,29.48370500007443],[-98.13539900022703,29.483764999787248],[-98.13543699986187,29.483886000038453],[-98.13549299993835,29.484013000256606],[-98.13557499995412,29.484156000330174],[-98.13565000029718,29.484215999775962],[-98.13571899989415,29.484226999826895],[-98.1360460001323,29.484239000023322],[-98.13626600024033,29.484283000209928],[-98.13667499959593,29.484277000114503],[-98.13700799968187,29.484277000114503],[-98.1371719997134,29.484234000072018],[-98.13727200017082,29.48414000031558],[-98.13753699958639,29.483820999643605],[-98.13770700036402,29.48368899998863],[-98.1378760004184,29.48360699999785],[-98.13798299965022,29.483573999639614],[-98.1380589998182,29.48353499991318],[-98.1383480004215,29.483331999811565],[-98.13851199955472,29.483255000313825],[-98.13863700012651,29.483182999978997],[-98.13868800018014,29.483101000360783],[-98.13866899991356,29.483072999846595],[-98.13869400002791,29.482996000152006],[-98.13906499974868,29.482694000196293],[-98.13944899988823,29.48248499977254],[-98.13960600024708,29.482479999734636],[-98.13968099969185,29.482512999667197],[-98.13980100024075,29.482584000315104],[-98.13980700008854,29.482656000293506],[-98.13968800026282,29.48279899993598],[-98.13972500007277,29.483090000187616],[-98.13979399966975,29.483255000313825],[-98.13995799970127,29.483584999760172],[-98.14001999962554,29.483690000140665],[-98.14007700042526,29.48375100001385],[-98.14013299960344,29.48378400031453],[-98.14036000028248,29.483872000281774],[-98.14049800037475,29.484064000016154],[-98.14058000039051,29.484151999740252],[-98.14058000039051,29.484224000168602],[-98.14051000007032,29.484273000311347],[-98.14037199997804,29.484333999833602],[-98.14025300015236,29.484316999701225],[-98.14020200009874,29.48423500021867],[-98.14013299960344,29.484218000069678],[-98.13980600026362,29.484278999625023],[-98.13970599980618,29.484338999779975],[-98.1395230004064,29.484614000361486],[-98.13939700000971,29.484933000101027],[-98.13935299962877,29.485086999615888],[-98.13939100016192,29.48533499997766],[-98.13940000038275,29.485355000346146],[-98.13949099972102,29.48554899988403],[-98.13957899958457,29.485621000101673],[-98.1397429996161,29.485709000037595],[-98.13986200034012,29.485796999897044],[-98.14010099981641,29.485873999809158],[-98.14035199988656,29.4859730001687],[-98.14082999973745,29.486210000091535],[-98.14128300037228,29.486397000243123],[-98.14178600033755,29.486485000287082],[-98.14240800012847,29.48649100025171],[-98.14279200026803,29.48645800005071],[-98.1429239996142,29.486414000026542],[-98.14304400016312,29.486336999742864],[-98.14316899983658,29.48621600007245],[-98.14323199958577,29.48606799991729],[-98.14331399960153,29.48598500015835],[-98.1434020003634,29.485991000152588],[-98.14347099996037,29.486072999778102],[-98.14355899982391,29.486078999767184],[-98.14366599995402,29.4860129998679],[-98.14369799974108,29.485951999792483],[-98.14369100006842,29.48588099994044],[-98.1436219995731,29.485742999832393],[-98.14337700024903,29.48550699973341],[-98.14318899992807,29.485407999700513],[-98.14300499980504,29.485366999627008],[-98.14289299965206,29.48534200014622],[-98.14276700015367,29.485303000318257],[-98.14266699969626,29.485182000195074],[-98.14260999979484,29.485017000078674],[-98.14255399971833,29.484763999795394],[-98.14255399971833,29.484625999730042],[-98.14261099961973,29.484467000356744],[-98.1426990003816,29.48436199999942],[-98.14272399959765,29.484152999887772],[-98.14274299986423,29.484082000339143],[-98.14279300009295,29.48402699999386],[-98.14294399970568,29.484004999847365],[-98.14311399958498,29.48400999980997],[-98.14325199967726,29.484031999955384],[-98.14347799963306,29.484049000135585],[-98.1441639998964,29.4841920001583],[-98.1444660000202,29.48423099963187],[-98.14453499961716,29.48417600014938],[-98.14460400011247,29.484055000244446],[-98.14466699986166,29.483736000086893],[-98.14468000028045,29.483598000185566],[-98.14464799959507,29.48349399986378],[-98.14442199963926,29.48309199972161],[-98.14413299993427,29.482629999981366],[-98.1440509999185,29.482525000066584],[-98.14398200032154,29.48249200013794],[-98.14388199986409,29.482513999830886],[-98.14344099982314,29.482706999953987],[-98.14327199976873,29.482695000358213],[-98.14317100038471,29.482651000264035],[-98.14294500042891,29.48251899986706],[-98.14283800029878,29.482420000043014],[-98.14271799974986,29.48226600038509],[-98.14263099971124,29.482046000356128],[-98.142536000175,29.481902999651073],[-98.14249199979406,29.481782000160116],[-98.1424669996797,29.48161099972839],[-98.14254899969548,29.48118199985858],[-98.14271299972701,29.480610000335375],[-98.14282599970491,29.48047300027112],[-98.1429589997743,29.479740999934982],[-98.14305300038394,29.479515999714863],[-98.14349299970168,29.478784000287128],[-98.14375100034285,29.478464999960547],[-98.14387099999347,29.47834400027517],[-98.14396499970479,29.47827800003043],[-98.14422900019373,29.4781300000126],[-98.14447500024103,29.478057999946927],[-98.14474499967946,29.477992000298002],[-98.14491499955878,29.477954000196252],[-98.14496200031276,29.477943999673176],[-98.1450159998411,29.477935000140032],[-98.14514100041289,29.47791499987125],[-98.14534899992704,29.47783800016797],[-98.14564400037814,29.477712000243056],[-98.14592700023536,29.477619000123518],[-98.14612200022903,29.477542000195385],[-98.14641099993403,29.477377000152497],[-98.146851999975,29.47715699967752],[-98.14721000017528,29.476941999818397],[-98.14754300026122,29.476710999879835],[-98.14799599999775,29.47636500027027],[-98.14825999958839,29.476243999642104],[-98.14881399960726,29.476089999984563],[-98.14915300043928,29.475930999732086],[-98.14926600041719,29.475898000002545],[-98.14939199991557,29.47582599991557],[-98.14952400016004,29.475766000195005],[-98.14971300030592,29.47576000037739],[-98.15001500042973,29.47566700003099],[-98.15022200011896,29.475682999819167],[-98.1504299996331,29.475749999637863],[-98.15058100014417,29.4758270001452],[-98.15083200021432,29.476051999951768],[-98.15095100004002,29.476195000309676],[-98.15098899967485,29.476278000266213],[-98.1509569998878,29.47645900019964],[-98.15080700009997,29.476728999944775],[-98.1507879998334,29.476849999993956],[-98.15068699955107,29.477026000163196],[-98.15058600016704,29.477168999929034],[-98.15056699990045,29.477318000000867],[-98.15063600039575,29.477421999622106],[-98.15067999987835,29.47758700037379],[-98.15069099974902,29.477943999673176],[-98.15069300029715,29.477992999724286],[-98.15069300029715,29.47800499987677],[-98.15067400003058,29.47817600013642],[-98.15059200001481,29.478307999933705],[-98.15050400015126,29.478395999963734],[-98.15047900003691,29.478433999899774],[-98.15039700002114,29.47864300007533],[-98.1502959997388,29.479110999623924],[-98.1502460004084,29.479270000362302],[-98.15025200025619,29.479346999759752],[-98.15027700037054,29.479402000298922],[-98.15025700027905,29.4796030000677],[-98.15015599999673,29.479751999689626],[-98.15034599996753,29.480101000030206],[-98.15043399983108,29.480326999918965],[-98.15056000022778,29.480474999856703],[-98.1506670003579,29.480536000101083],[-98.15078600018357,29.48058000033144],[-98.1508930003137,29.48060199965744],[-98.15117600017092,29.480558000218647],[-98.15128300030105,29.480452999721123],[-98.15139600027894,29.480287999725025],[-98.15157200000604,29.47996900022198],[-98.1516670004406,29.479825999714333],[-98.15172299961877,29.47964500031922],[-98.15172299961877,29.47949599975796],[-98.15184900001546,29.479210000334295],[-98.15193699987901,29.479051000283807],[-98.15217000040583,29.478847000384867],[-98.15240899988213,29.478616000095627],[-98.15262899999014,29.47855599968048],[-98.1528929995808,29.47837999982179],[-98.15352199994273,29.47812099971394],[-98.15391799977786,29.47797300024892],[-98.15416300000024,29.47786299993585],[-98.1543079997652,29.47783000005325],[-98.15454100029201,29.477786000193145],[-98.15485500011135,29.477813999821958],[-98.15510000033376,29.47779700015996],[-98.15533299996225,29.477808000125574],[-98.15550299984157,29.477786000193145],[-98.15562900023826,29.477786999621387],[-98.15575399991174,29.47780900033565],[-98.1562379996104,29.478011999769564],[-98.1566529997121,29.478210000112483],[-98.15681000007095,29.478260000240564],[-98.15740099989972,29.47838699968868],[-98.15781000015363,29.478463999756883],[-98.15869600043354,29.478656000352636],[-98.1589039999477,29.478661999998817],[-98.15912400005571,29.47865100012588],[-98.15924999955409,29.478590999731434],[-98.1593630004303,29.47849199998045],[-98.15943799987505,29.47837100032731],[-98.15945100029386,29.478139000310467],[-98.15948300008091,29.478063000202944],[-98.1596019999066,29.47798499962179],[-98.15975900026542,29.477909000180833],[-98.15994199966522,29.47784799991947],[-98.16015500010054,29.477831999691027],[-98.16062100025587,29.477858999879565],[-98.16079699998296,29.477842999652854],[-98.16094099992303,29.477820999727957],[-98.16109800028185,29.47776000019565],[-98.16124300004681,29.477716000305154],[-98.16129999994823,29.477716000305154],[-98.16142499962167,29.477716000305154],[-98.16161399976757,29.4777380002528],[-98.16195299970128,29.47786000008918],[-98.16210400021234,29.477871000047966],[-98.16227400009164,29.477871000047966],[-98.16246900008531,29.477853999613483],[-98.16270199971382,29.477820999727957],[-98.16297799989835,29.477820999727957],[-98.16367599985726,29.4779200001343],[-98.16396499956225,29.477925999824055],[-98.16434299985403,29.47799699977523],[-98.16463800030513,29.478090999755306],[-98.16479200029092,29.478169000254887],[-98.16484599981926,29.478196000353705],[-98.16515499961577,29.478333999790568],[-98.16519099960077,29.478349999939823],[-98.16537399989889,29.47847599985367],[-98.16554299995327,29.478618999919934],[-98.16577599958178,29.47875099992234],[-98.16592700009284,29.478862000253415],[-98.16608399955335,29.478917000273785],[-98.16631000040748,29.479119999834666],[-98.16658099967083,29.479438999663834],[-98.16667500028046,29.47957699975434],[-98.16678800025836,29.47976899980578],[-98.16682000004542,29.479911999611776],[-98.16680699962663,29.47999999981321],[-98.16679400010615,29.48038000033892],[-98.16679400010615,29.480440999858462],[-98.16685100000755,29.4806499998055],[-98.16685100000755,29.48076000022189],[-98.16690100023628,29.48095200037824],[-98.16690700008405,29.48114999966972],[-98.16690100023628,29.481474999627242],[-98.1668689995509,29.481661999914817],[-98.16683199974099,29.482036000236793],[-98.16683599993894,29.48204500018781],[-98.1668469998096,29.482069000313945],[-98.16693800004619,29.482272999983604],[-98.16697599968103,29.482421000207566],[-98.16699499994759,29.482795000074532],[-98.16700699964316,29.482889000296527],[-98.16703900032853,29.483003999858955],[-98.16715800015423,29.483279000153402],[-98.1672340003222,29.483416999707146],[-98.16733999972911,29.48354899971642],[-98.16742900031586,29.483742000214356],[-98.16742900031586,29.483873999800284],[-98.16746000027803,29.483961999689388],[-98.16752300002722,29.484044000174837],[-98.16763600000512,29.484098999728964],[-98.16771600037106,29.48417999995636],[-98.16786899963363,29.484336000124987],[-98.16814499981814,29.484742999950548],[-98.16825799979604,29.48508399998299],[-98.16825799979604,29.485255000028154],[-98.16828299991039,29.48544200037835],[-98.16834599965959,29.485629000383387],[-98.16838400019273,29.48583199979327],[-98.16839000004052,29.485942000058607],[-98.16844699994192,29.486168000214914],[-98.16850300001843,29.48633300002103],[-98.16860400030076,29.486536000366442],[-98.16876699960908,29.487091999734627],[-98.16873599964693,29.48721299992282],[-98.16866600022504,29.487306999956374],[-98.16854700039937,29.487378000373077],[-98.16837699962174,29.48742799988777],[-98.16825799979604,29.487450000073043],[-98.16815700041201,29.487515999818275],[-98.16805600012968,29.487729999810085],[-98.16788700007528,29.488022000085532],[-98.16771100034818,29.488279999805403],[-98.16750899978351,29.48863799985594],[-98.16739599980559,29.488880000304984],[-98.16730200009427,29.489226000194947],[-98.16725699988842,29.48931400012765],[-98.1670939996818,29.48945200006368],[-98.16694300006907,29.489621999681084],[-98.16688600016765,29.48977100021051],[-98.16694899991684,29.490013000299033],[-98.16718800029145,29.490459000201476],[-98.16732600038372,29.490607000198025],[-98.16744000018652,29.490690000080406],[-98.16770999962495,29.490816000289907],[-98.16802599999245,29.490861000047524],[-98.16806500035051,29.490865999671804],[-98.16825100012336,29.491091999791703],[-98.16828799993327,29.49116900037135],[-98.16827600023771,29.491339000235296],[-98.16827600023771,29.491702000006484],[-98.16824399955235,29.491927999825172],[-98.16813099957444,29.492493999968016],[-98.16809899978739,29.492708999672896],[-98.16808700009182,29.492995000093174],[-98.16811200020618,29.493430000327212],[-98.16815599968879,29.493639000068253],[-98.16819300039703,29.493908000121642],[-98.16829399978104,29.49422700031124],[-98.16833800016198,29.494430999741674],[-98.1684450002921,29.49470600029755],[-98.16851399988907,29.494837999673656],[-98.16853300015566,29.495074999969887],[-98.16851399988907,29.495284000226263],[-98.16847000040646,29.495437999645393],[-98.16840099991117,29.495591999612287],[-98.1683819996446,29.49568000027013],[-98.16830600037493,29.495801000365685],[-98.1683189998954,29.49603199979126],[-98.16834400000977,29.49615300024821],[-98.16858300038436,29.49657599991473],[-98.16867700009571,29.496697999745408],[-98.16879599992139,29.496824000300723],[-98.16891599957198,29.496911999888173],[-98.16904799981647,29.496995000077565],[-98.16916099979437,29.497049999638065],[-98.16919900032752,29.497127000379997],[-98.16918599990873,29.49724800031067],[-98.16919900032752,29.497340999616316],[-98.16924899965792,29.497439999716526],[-98.16938099990239,29.497528000332476],[-98.16946299991815,29.497544999811808],[-98.1695509997817,29.497654999869393],[-98.16970800014055,29.49774300029853],[-98.16984000038501,29.49779800023474],[-98.16999000017286,29.49782299976941],[-98.17023000037236,29.497864000275154],[-98.17029300012155,29.497859000214373],[-98.17048200026743,29.4978040003113],[-98.17065799999453,29.497688000332523],[-98.17075799955364,29.497649999798295],[-98.17090900006471,29.497518000177493],[-98.17126800008991,29.497122000282832],[-98.17140600018217,29.496929000252795],[-98.17150699956619,29.496747000110336],[-98.1715569997949,29.4965439998964],[-98.17160100017583,29.496306999909887],[-98.17170199955986,29.49589999962554],[-98.17187800018527,29.495712999812962],[-98.17189099970574,29.49562499996569],[-98.17178399957562,29.495487999873546],[-98.17177799972785,29.49541599963103],[-98.17181500043608,29.49530100008224],[-98.17189699955354,29.49512999979109],[-98.17200399968364,29.49496500023784],[-98.17219899967732,29.494630000104817],[-98.17231800040132,29.494552999810324],[-98.17246300016627,29.494509000174208],[-98.17258299981687,29.49450299990251],[-98.17274000017571,29.49452500011519],[-98.17278399965832,29.49451399961846],[-98.17275900044228,29.494426000293327],[-98.17277100013784,29.49436000035832],[-98.17283999973482,29.494327000374703],[-98.17292799959836,29.494338000109817],[-98.17302300003293,29.494469999965485],[-98.17319899976002,29.494509000174208],[-98.17324899998873,29.494580000235032],[-98.17326200040753,29.494685000167703],[-98.17319299991223,29.494843999925504],[-98.17318000039175,29.495052999876673],[-98.17317399964567,29.49527900003811],[-98.1732110003539,29.495427000029725],[-98.1732180000266,29.495509999872347],[-98.17329199964645,29.495633000239273],[-98.1733310000045,29.49616799990057],[-98.17361399986171,29.496510999842414],[-98.17376399964955,29.496627000387345],[-98.1738649999319,29.496642999993757],[-98.17426800033802,29.49665400025925],[-98.17460700027173,29.49664900013874],[-98.17499100041128,29.496627000387345],[-98.17521700036708,29.496627000387345],[-98.17540599961465,29.496598999701813],[-98.17562599972268,29.49660499984934],[-98.17583999998295,29.4966220002655],[-98.17595899980863,29.4966379998727],[-98.17606599993876,29.496677000028562],[-98.17633600027548,29.496688000290376],[-98.17645599992609,29.49674800013347],[-98.17659400001835,29.496841999920438],[-98.17670699999626,29.4969570000652],[-98.17679599968471,29.497007000325404],[-98.17705299960267,29.49710599997026],[-98.17762599988811,29.497419000153528],[-98.1781099995868,29.49761700010468],[-98.17829799990776,29.497649999798295],[-98.1786250001459,29.49766199996854],[-98.17924799976174,29.497530000363373],[-98.17948700013633,29.497441999749153],[-98.1798710002759,29.497332000242125],[-98.18015300030821,29.497228999962793],[-98.18054999996824,29.497084000318125],[-98.18072599969534,29.497046000339182],[-98.1808770002064,29.497040000217776],[-98.18098400033651,29.497123000302324],[-98.18111599968267,29.497259999746653],[-98.1812160001401,29.497337000328923],[-98.18134800038457,29.497391999703716],[-98.1814620001874,29.497408999987766],[-98.18154300037826,29.497391999703716],[-98.1816310002418,29.497326000137598],[-98.18176400031119,29.497249000328853],[-98.18188899998465,29.49719400009452],[-98.18221000037502,29.497079000218832],[-98.1826379999972,29.496869999756953],[-98.18288300021959,29.49677099988148],[-98.18308400006103,29.49665500028331],[-98.18328499990248,29.49651800002063],[-98.18347400004838,29.496363999897863],[-98.1836310004072,29.496199000009167],[-98.18373799963902,29.49611599994932],[-98.183813999807,29.49603900000258],[-98.18382600040087,29.495918000191356],[-98.18380100028652,29.49580799981106],[-98.1838070001343,29.49574700015994],[-98.18400200012796,29.495137000064734],[-98.18410900025809,29.49488400003184],[-98.1842289999087,29.49465300033378],[-98.18443599959792,29.494311999667783],[-98.18451799961369,29.49420700013037],[-98.18473199987393,29.493810999801028],[-98.18491400034713,29.49339299981557],[-98.18493899956319,29.493282999820785],[-98.18493899956319,29.493195000208082],[-98.18488900023279,29.4931339997653],[-98.18456799984241,29.492886999788773],[-98.18432299962002,29.492716000113862],[-98.18409099981643,29.492628000008594],[-98.18392699978492,29.492622999689335],[-98.1836249996611,29.49264500031032],[-98.18314099996245,29.49275999974686],[-98.18264999969277,29.492815000043123],[-98.18182000038767,29.49275999974686],[-98.18168800014321,29.492836999840545],[-98.18158100001308,29.492935999651543],[-98.18132400009515,29.493106999737012],[-98.18116599991139,29.4931339997653],[-98.18102199997135,29.493140000118135],[-98.18088999972687,29.493095999868274],[-98.1807580003807,29.492990999852314],[-98.18045600025691,29.492782000338085],[-98.180335999708,29.492655000164497],[-98.1801599999809,29.49244099962886],[-98.17997199965993,29.49217100030292],[-98.17972700033586,29.491891000328774],[-98.17942500021206,29.4915829998543],[-98.17921099995183,29.491340000311876],[-98.17914200035484,29.49120800028718],[-98.1791039998217,29.49105399991063],[-98.17909200012613,29.490911000189165],[-98.17929899981537,29.49051500026785],[-98.17940599994549,29.490234999626296],[-98.17952499977117,29.48996000022571],[-98.17965799984057,29.48978900030162],[-98.17967600028223,29.489679000303095],[-98.17965100016788,29.489569000185146],[-98.17913800015688,29.488620999663755],[-98.17878400015455,29.487967999642763],[-98.178696000291,29.487841999800963],[-98.17843799964984,29.4876650003171],[-98.17819900017355,29.487566000046822],[-98.17773999969091,29.48726900021951],[-98.17760800034476,29.487176000268338],[-98.17753899984947,29.48707700030222],[-98.17716200028092,29.48643300005711],[-98.17712999959556,29.4863400001206],[-98.17712399974776,29.48611900020653],[-98.17708600011295,29.48586600032878],[-98.17692299990632,29.485399000048176],[-98.17692299990632,29.48521700030372],[-98.17698599965551,29.485019000356573],[-98.17707400041738,29.484838000070308],[-98.1771399996413,29.484768999720558],[-98.17724400029668,29.48466200017317],[-98.17749500036686,29.484563000096767],[-98.17801699970036,29.48444199987193],[-98.17826199992274,29.484435999785916],[-98.17909899979882,29.484508000012465],[-98.17956999997702,29.484607000142688],[-98.17967100025936,29.48461800015118],[-98.17980900035163,29.48461800015118],[-98.17990999973566,29.484563000096767],[-98.18005399967569,29.484496999992043],[-98.1803499999517,29.484508000012465],[-98.18057000005973,29.484541000066628],[-98.18150700039325,29.484800000189505],[-98.18258799976849,29.48482700008571],[-98.1828709996257,29.48484400013252],[-98.1831100000003,29.48489900003443],[-98.18339299985753,29.484997999782593],[-98.18363200023212,29.48515199998065],[-98.18377000032439,29.4852840000758],[-98.1838270002258,29.485519999912235],[-98.18385800018793,29.485613999952427],[-98.18391500008934,29.485669000218387],[-98.18404099958772,29.48574000021897],[-98.1840969996642,29.48575100010448],[-98.1842289999087,29.4856800001116],[-98.18429199965789,29.485695999883035],[-98.18459399978168,29.485878000331105],[-98.18481999973747,29.486036999836266],[-98.18494600013418,29.486108999707216],[-98.18508500005134,29.48608900026946],[-98.18574000035257,29.486574999719796],[-98.18606500004257,29.486895999782387],[-98.18688299965208,29.487445999613232],[-98.18708400039185,29.48788000010488],[-98.1871780001032,29.48803999970544],[-98.18719700036976,29.488051000123203],[-98.18735300000537,29.488074000281976],[-98.18759200037996,29.488212000343083],[-98.18764500008342,29.488383999906766],[-98.18760599972536,29.488447000292204],[-98.18771299985549,29.488826999638945],[-98.18787000021433,29.488948000100937],[-98.18813299998004,29.489367999853023],[-98.18816999978998,29.48942700002689],[-98.18819900010229,29.489472999714486],[-98.18825199980574,29.489556999838086],[-98.18827299972213,29.489590999905534],[-98.18829299981363,29.489623999868083],[-98.18830399968428,29.48964099989198],[-98.18834700024028,29.489710000051787],[-98.18865600003679,29.490201999862773],[-98.18868699999892,29.490713999722793],[-98.18868100015113,29.49086799983425],[-98.18868699999892,29.49093399969866],[-98.18865600003679,29.491241999800565],[-98.18869399967161,29.491362999723982],[-98.18898300027492,29.49162199961075],[-98.18912100036718,29.491704000152417],[-98.18934800014792,29.491775999905776],[-98.18942299959265,29.491808999938527],[-98.18953599957058,29.491924000324108],[-98.18966199996727,29.492271000050273],[-98.18986299980872,29.49260099984544],[-98.18996400009107,29.492843000210925],[-98.19008999958945,29.493316000144528],[-98.19015200041204,29.493590999817904],[-98.19020900031344,29.49420700013037],[-98.19020299956735,29.49465300033378],[-98.19013399997037,29.494851000218915],[-98.1900519999546,29.49501599995787],[-98.18995800024328,29.49514799971189],[-98.18991300003744,29.49524100016387],[-98.18993200030401,29.49561599965711],[-98.18990100034188,29.49589100012331],[-98.18974999983082,29.496650000162838],[-98.18954200031668,29.497226999925957],[-98.18941599991999,29.4975140001152],[-98.18937599973701,29.497604999929102],[-98.18936999988922,29.49761900013382],[-98.18936599969126,29.4976280002644],[-98.18935700036874,29.497649999798295],[-98.18932700023151,29.497717999962298],[-98.18918999996417,29.498030999817967],[-98.18912100036718,29.49817899969764],[-98.1886929998467,29.49848699966259],[-98.18850500042403,29.49868499987139],[-98.18841699966218,29.49893299978431],[-98.18837900002734,29.499201999851323],[-98.18828500031601,29.499412000188862],[-98.18809000032235,29.499515999807606],[-98.18778800019857,29.499736000212877],[-98.18751899968673,29.49999699978242],[-98.18671399959769,29.50042099979999],[-98.18637499966397,29.50076700014375],[-98.18635899977046,29.500925999735752],[-98.18634600024997,29.50096299984105],[-98.18635200009774,29.50098800015811],[-98.18634500042508,29.501059000368155],[-98.18634200005201,29.501087999800948],[-98.18634100022709,29.501096999623254],[-98.1863339996561,29.501162999859154],[-98.18632399961037,29.501199999877862],[-98.18632799980831,29.501220000241567],[-98.18631799976257,29.501319999655305],[-98.1863139995646,29.50136200028657],[-98.18631199991478,29.501377999926746],[-98.1863129997397,29.501416999821014],[-98.18632500033357,29.50143500018813],[-98.18641900004489,29.501835000310486],[-98.18643199956539,29.50185799968504],[-98.18668900038165,29.502307999688725],[-98.18692200001016,29.50267599984539],[-98.18739999986104,29.503264999964333],[-98.1876579996039,29.50350200008617],[-98.18779599969615,29.503611999927855],[-98.18792799994064,29.503672000359746],[-98.18808500029947,29.50377700024818],[-98.18840599979153,29.504018999710325],[-98.18845600002022,29.504028000053964],[-98.18852100031756,29.504159999789366],[-98.18871100028836,29.504218999947113],[-98.18885199985536,29.504346999641168],[-98.18981500012815,29.505606999915784],[-98.18989999961863,29.50571899968518],[-98.18994099962653,29.505809999944105],[-98.19023199987966,29.5064519998848],[-98.1902129996131,29.50677099965289],[-98.19025399962096,29.50688800009523],[-98.19027500043568,29.5069480001494],[-98.19031200024561,29.507063999684135],[-98.19037699964461,29.5071360002451],[-98.19043600009418,29.507203000373657],[-98.19048499959965,29.507258999781914],[-98.19058300040726,29.5073790001967],[-98.19070499970766,29.507541000101007],[-98.19072300014933,29.50768399979629],[-98.19073300019508,29.507758999659607],[-98.19074599971556,29.50777599976686],[-98.19076499998214,29.507881000089935],[-98.19074599971556,29.507990999864905],[-98.19073200037018,29.50800400028521],[-98.19069999968481,29.508156999995432],[-98.19061199982127,29.508393999611304],[-98.1906140003694,29.508468999730425],[-98.19061000017143,29.508653999630308],[-98.19074300024081,29.5090429996777],[-98.19091300012013,29.50920099966397],[-98.1908899996556,29.5094200002367],[-98.19089399985356,29.509460999955664],[-98.19094699955701,29.5095510000815],[-98.1909950001359,29.509565000198105],[-98.19181500029354,29.50979500038482],[-98.19222399964914,29.510010000103836],[-98.19254099984155,29.510140000076056],[-98.19373300044319,29.510163999800078],[-98.19409099974517,29.510241999841085],[-98.19441899980822,29.510458999949815],[-98.19445700034137,29.510473999828417],[-98.195057000391,29.510714999814915],[-98.19495299973562,29.51093899965446],[-98.19505400001796,29.51100499972903],[-98.1951419998815,29.51104399982395],[-98.19519200011023,29.511082000022213],[-98.19529300039257,29.511109999829987],[-98.19535600014176,29.511109999829987],[-98.19546900011966,29.511070999760562],[-98.19548199964014,29.51105500008854],[-98.19550099990671,29.510971999697095],[-98.19550099990671,29.510780000150977],[-98.19551500015041,29.510649000333046],[-98.19562599958017,29.51054600030942],[-98.19567499998398,29.510409999965905],[-98.19591099998551,29.51026999988127],[-98.19588400022134,29.51020799967027],[-98.19589699974182,29.510169000035052],[-98.19589099989405,29.51010300019719],[-98.19607800039012,29.51005699971615],[-98.19624900009434,29.510015000346407],[-98.19628699972917,29.51002599994103],[-98.19633100011009,29.510015000346407],[-98.19636799992001,29.509938000023364],[-98.19641300012586,29.50990999989135],[-98.19697600036557,29.50979100002577],[-98.19745699969117,29.50968999970163],[-98.19753200003426,29.5097119997421],[-98.19765199968485,29.509707000266346],[-98.19769600006578,29.509695999855275],[-98.19787799964067,29.509607999650683],[-98.19791600017382,29.509568999784356],[-98.1979220000216,29.50952000015144],[-98.19789400043251,29.50939600033622],[-98.1980009996643,29.50936399967837],[-98.19857300012484,29.509365000358745],[-98.19891200005856,29.509435000269253],[-98.19909199998361,29.509471999610543],[-98.1993930002825,29.509661000387155],[-98.19963400030693,29.50999300037179],[-98.19978699956948,29.510107999653385],[-98.19978999994251,29.510179999612934],[-98.19985900043783,29.510367000072208],[-98.20004799968538,29.51068600001234],[-98.20013600044723,29.51088900001944],[-98.20018599977764,29.511130999680763],[-98.20022400031081,29.511263000318273],[-98.20023699983128,29.51144500016868],[-98.20019900019642,29.51173100005427],[-98.20018599977764,29.511796999612432],[-98.20002900031713,29.512071999914017],[-98.19995999982183,29.51223200038536],[-98.199922000187,29.512390999953382],[-98.199922000187,29.51248500007216],[-98.19993499970747,29.51256200002122],[-98.1999289998597,29.512688000380127],[-98.19983400032345,29.51285299998012],[-98.19979699961523,29.51305700019387],[-98.19977800024697,29.513321000182103],[-98.1997530001326,29.513437000231608],[-98.19970899975168,29.513558000215724],[-98.19969000038341,29.51359600025194],[-98.19954499972015,29.513738999992988],[-98.19940099978011,29.513844000384825],[-98.19933800003092,29.513877000262188],[-98.19929399964998,29.513888000218888],[-98.1986839995546,29.514091999910097],[-98.19797899992301,29.514327999852316],[-98.19776499966275,29.514394000062293],[-98.19755100030083,29.514482000014727],[-98.19736299997984,29.514575999755085],[-98.19716799998618,29.514652999676905],[-98.19707299955162,29.514707999808568],[-98.19700999980243,29.51475700005705],[-98.1968659998624,29.514943999877907],[-98.19678399984663,29.51507600023319],[-98.1967529998845,29.515207999634534],[-98.1967529998845,29.51529599966096],[-98.19675899973227,29.515334999665964],[-98.19687199971017,29.515626000251203],[-98.1969229997638,29.515731000248884],[-98.19702900006901,29.51589600036018],[-98.19709900038922,29.51597300005948],[-98.1972680004436,29.516121000291644],[-98.19731299975113,29.5161870001141],[-98.19748199980553,29.51639099986175],[-98.19765800043096,29.516507000301274],[-98.19772100018015,29.516534000344013],[-98.19781599971638,29.51655599967869],[-98.1979859995957,29.516617000083016],[-98.19818099958935,29.51669899992786],[-98.19826900035122,29.516753999729357],[-98.19836300006257,29.51688600006903],[-98.1983940000247,29.516991000322907],[-98.19840099969738,29.517189000304175],[-98.19844500007831,29.51726599980143],[-98.19847600004047,29.517287999758693],[-98.1985709995767,29.517325999957922],[-98.19862099980543,29.517331999658897],[-98.19872799993556,29.517337000321426],[-98.19877200031648,29.517331999658897],[-98.19896099956404,29.51727700017154],[-98.19899200042451,29.51727700017154],[-98.19904900032591,29.517292999641732],[-98.1990989996563,29.517325999957922],[-98.19912999961845,29.51732100007651],[-98.19916200030382,29.517325999957922],[-98.19923699974856,29.517287999758693],[-98.19927500028172,29.517243999839383],[-98.19935099955138,29.517238000133165],[-98.19942599989446,29.517260000096524],[-98.19947000027538,29.51725500021187],[-98.19982199972956,29.517101000360366],[-98.19998599976111,29.51697400019987],[-98.20012999970115,29.516831000339273],[-98.20020000002134,29.516792000129023],[-98.20033200026583,29.51677000006399],[-98.20050799999292,29.51678099970626],[-98.20068999956779,29.51678099970626],[-98.20096699957723,29.51673700034824],[-98.20120000010405,29.516715000271184],[-98.20150200022783,29.516743000084148],[-98.20165299984059,29.51677000006399],[-98.20177800041238,29.51681400018935],[-98.20188499964418,29.51686899992834],[-98.20207399979007,29.51701199973524],[-98.2022379998216,29.517209999675437],[-98.20228800005032,29.517298000306198],[-98.20233200043124,29.51744100028863],[-98.2025330002727,29.51770499978534],[-98.2025330002727,29.51777699981284],[-98.20244500040914,29.51791400023394],[-98.20237099989097,29.517989000334577],[-98.20216699967648,29.51800200025252],[-98.2020400003532,29.518417000063913],[-98.20207999963785,29.51847000009622],[-98.202118000171,29.518508999659787],[-98.202118000171,29.518575000269962],[-98.20201799971356,29.51874500024589],[-98.20192999985001,29.518861000332212],[-98.20186000042814,29.51891599974041],[-98.20178500008505,29.518954000109954],[-98.20161500020576,29.51897099990037],[-98.2014639996947,29.518965000296554],[-98.20139500009772,29.51899300026869],[-98.20133200034851,29.519048000386817],[-98.2013010003864,29.51915200015898],[-98.20132599960243,29.519394000387585],[-98.20143899958033,29.519708000254454],[-98.2014710002657,29.519751999884146],[-98.20159000009139,29.51985099995807],[-98.20174699955191,29.519923000022033],[-98.20181000019943,29.519961000013417],[-98.20209300005664,29.520070999949247],[-98.20218799959288,29.520126000263144],[-98.20228800005032,29.520198000131437],[-98.20232599968514,29.52024200032977],[-98.20245200008183,29.520345999656413],[-98.20251499983104,29.52037899975869],[-98.2025900001741,29.52040700012128],[-98.20266600034209,29.52040700012128],[-98.20281699995482,29.52037899975869],[-98.20287999970401,29.520400999820886],[-98.20316299956123,29.520637999689985],[-98.2033009996535,29.52077500014616],[-98.20338900041536,29.52089100025047],[-98.20341500035464,29.52094200020028],[-98.20343899974576,29.52098999999166],[-98.20347100043112,29.521022999883904],[-98.20364100031043,29.521105000066882],[-98.20387999978672,29.521302999815397],[-98.20403700014555,29.521440999932107],[-98.20410599974252,29.52151800010237],[-98.20426399992627,29.521732000156074],[-98.20435199978982,29.52180900010483],[-98.2044840000343,29.521903000074566],[-98.20477899958708,29.522149999620304],[-98.20486800017386,29.52218299991592],[-98.20528300027554,29.52221099977923],[-98.20543399988829,29.522271000130345],[-98.20553400034572,29.522298999969355],[-98.20560999961539,29.522304000386434],[-98.2058359995712,29.522271000130345],[-98.2059560001201,29.522271000130345],[-98.20601200019661,29.52227700031983],[-98.20609400021237,29.522309999792267],[-98.20618899974862,29.522304000386434],[-98.20638999959007,29.52231500020885],[-98.20652799968234,29.52235900026823],[-98.20658499958374,29.52235900026823],[-98.20682399995835,29.522320999614045],[-98.20702499979978,29.522320999614045],[-98.2070880004473,29.52232600003008],[-98.20724499990781,29.52237000008467],[-98.20730199980922,29.522376000268288],[-98.20735799988572,29.52235900026823],[-98.20750299965067,29.522353000083598],[-98.20764800031394,29.52237499971661],[-98.20773000032972,29.5224189997499],[-98.20790600005681,29.522441000150177],[-98.20804400014906,29.522424999930593],[-98.20808799963169,29.522430000341515],[-98.2081949997618,29.522458000136453],[-98.20840300017426,29.52252900014027],[-98.20864800039665,29.52267799993111],[-98.2087859995906,29.52278199988072],[-98.20883099979643,29.52282599973699],[-98.20898099958427,29.522908999786875],[-98.20912600024755,29.523007999898635],[-98.20929199992888,29.523082000368927],[-98.20981800035868,29.523316000147936],[-98.2099749998192,29.52336500013663],[-98.21006299968273,29.523375999843694],[-98.21021400019379,29.523387000331265],[-98.21054200025686,29.523392999672875],[-98.21089399971105,29.52335999977199],[-98.21144100005722,29.523266000374207],[-98.21172399991444,29.52317299986962],[-98.21215200043491,29.5230019997525],[-98.21237199964463,29.522947000220217],[-98.21269300003499,29.52288599972335],[-98.2130510002353,29.52285899981207],[-98.21361100010195,29.52285899981207],[-98.21377500013348,29.522864000201515],[-98.21413900018153,29.522924000165343],[-98.21427200025094,29.522963000357297],[-98.21437199981004,29.523040000150903],[-98.21465499966726,29.523387000331265],[-98.21473099983525,29.523528999766757],[-98.21480000033053,29.523612000021668],[-98.2148689999275,29.523666999974065],[-98.21505800007338,29.523738999667653],[-98.21516500020351,29.523798999894243],[-98.21523399980049,29.523859000085316],[-98.21531599981626,29.523968999691704],[-98.21535500017431,29.524005000219105],[-98.21542299994638,29.52406800032958],[-98.21554199977207,29.524111999626598],[-98.21561799994004,29.524133999658744],[-98.21567499984145,29.52413999973775],[-98.21580000041325,29.52417799970874],[-98.21588200042902,29.524211000124506],[-98.21597699996525,29.524261000212828],[-98.21603300004175,29.524321000129838],[-98.21612799957798,29.524353999717334],[-98.21635400043212,29.524349000183204],[-98.21643600044789,29.524293999819843],[-98.21669400019074,29.524085000042444],[-98.21681300001643,29.523968999691704],[-98.21692500016941,29.5238349997005],[-98.21698299989573,29.52376600012577],[-98.21709599987365,29.523666999974065],[-98.2173539996165,29.52357300007987],[-98.21751099997533,29.52355600028093],[-98.21793899959751,29.52357799965236],[-98.2180649999942,29.5235400002377],[-98.2184669996771,29.52336899995922],[-98.21855500043897,29.52336899995922],[-98.21882200040267,29.52353899969751],[-98.2188390001211,29.52354700011035],[-98.2188530003648,29.523560000095976],[-98.21891699993891,29.523617000373854],[-98.21899999977957,29.52370400036584],[-98.21914700009268,29.523929999887574],[-98.21920999984187,29.524084000289328],[-98.21920999984187,29.524442000388436],[-98.2191970003214,29.52457400007916],[-98.21924099980401,29.52484300001716],[-98.21927299959106,29.524959000147437],[-98.21923499995623,29.525069000121167],[-98.21917899987973,29.525106999743212],[-98.21900900000041,29.52522300035247],[-98.21893299983242,29.525294999720305],[-98.21885800038767,29.52538799983759],[-98.21877800002173,29.52577399967121],[-98.21869500018106,29.526175000273398],[-98.21865699964792,29.52626300014216],[-98.21863200043188,29.526691999774112],[-98.21865099980013,29.526856999989857],[-98.21864400012743,29.526890000313387],[-98.21868900033327,29.52695600014649],[-98.21882099967944,29.52741800011743],[-98.21891500028907,29.527677000007095],[-98.21899099955876,29.527792000297833],[-98.21905400020626,29.527935000300243],[-98.2192679995682,29.52823800027686],[-98.21936800002561,29.528533000109636],[-98.21938700029219,29.528589999930464],[-98.21946900030795,29.528699999864056],[-98.21949500024722,29.528721999680144],[-98.21958899995856,29.528803999876057],[-98.21970100011154,29.52887099972947],[-98.21986500014307,29.528968999773408],[-98.219865999968,29.528987999635344],[-98.21987799966355,29.529150999826438],[-98.21983400018094,29.529195000039188],[-98.219753999815,29.52942500016479],[-98.21996200022745,29.529778000074266],[-98.22029699996321,29.529904999795708],[-98.22057399997263,29.530116999917126],[-98.22074300002706,29.530415000376127],[-98.22086299967764,29.530625999740085],[-98.22080099975337,29.530757000272075],[-98.22082599986771,29.53086299988622],[-98.22094200021867,29.530850000057516],[-98.22104699980066,29.53113200029605],[-98.22106100004436,29.53116999998536],[-98.2210779997628,29.53124600010282],[-98.22110100022734,29.531276999630375],[-98.2212040001595,29.531339999901657],[-98.22135700032037,29.53165999984238],[-98.22136499981796,29.53180000003548],[-98.22138300025964,29.532045000297817],[-98.22158900012396,29.53254300030668],[-98.22182000010264,29.533020999879525],[-98.22202500014205,29.533658999736545],[-98.22202000011919,29.534329000065632],[-98.22205899957893,29.534628999917462],[-98.22208799989126,29.53464600020027],[-98.22213800011995,29.53470099962441],[-98.22218199960258,29.534810999946156],[-98.22216300023432,29.53508099966016],[-98.22222000013574,29.535202000334383],[-98.22228899973271,29.535305999913255],[-98.22228899973271,29.535329999921164],[-98.22228899973271,29.535360999760044],[-98.22228899973271,29.5353829996904],[-98.22222699980841,29.53549900023869],[-98.22222699980841,29.53554000033325],[-98.22222699980841,29.535603000293666],[-98.22231499967197,29.535757000118593],[-98.22238300034235,29.53593300030118],[-98.22239000001504,29.535950000364807],[-98.2224150001294,29.5359769999082],[-98.22241000010652,29.536002000173774],[-98.22240599990856,29.536047999802108],[-98.22242799964987,29.536124000161674],[-98.22244199989358,29.536186000124758],[-98.22246000033523,29.53624600000239],[-98.22248399972636,29.536299999705488],[-98.22250499964277,29.536341000256918],[-98.2225280001073,29.536362999974063],[-98.22253899997796,29.53640100004258],[-98.222542000351,29.5364130003081],[-98.22255099967352,29.536449000314466],[-98.22255700041961,29.536481000222484],[-98.22256999994009,29.53654900009118],[-98.22258599983361,29.536637999942172],[-98.22258599983361,29.536675999907413],[-98.22256999994009,29.536734999866237],[-98.22256699956705,29.53674399964493],[-98.22253999980286,29.53681800022691],[-98.22253099958203,29.536841999875907],[-98.22246199998504,29.53702199979745],[-98.22244699991644,29.537061000024796],[-98.22241000010652,29.53712700025505],[-98.22231499967197,29.537177000211305],[-98.22228200005999,29.537198999746572],[-98.22219500002137,29.53752000030766],[-98.22224199987703,29.537526999994505],[-98.22219400019645,29.537756000311237],[-98.22214599961757,29.53798599972512],[-98.22220900026507,29.538090000348536],[-98.22224600007499,29.538232999858725],[-98.22234700035733,29.53846400014328],[-98.222422999627,29.53855800026702],[-98.22249200012229,29.538606999906094],[-98.22257999998584,29.538766999838177],[-98.22274999986514,29.53900900003597],[-98.22305799983673,29.539305999700225],[-98.22311499973813,29.53933299991064],[-98.22326600024918,29.539442999882912],[-98.22349600040296,29.53956299964506],[-98.22352999983983,29.539581000261407],[-98.22386999959845,29.539739999835373],[-98.22405899974433,29.539898999940856],[-98.22428499970015,29.540196999710847],[-98.22439900040128,29.54031199983299],[-98.22451800022696,29.54037800028578],[-98.22468800010628,29.540428000197533],[-98.22502700004,29.5404689998566],[-98.22510900005577,29.540480000048213],[-98.22517900037596,29.540487999902666],[-98.22526100039171,29.540470999820503],[-98.22536099995084,29.540487999902666],[-98.22551900013457,29.54056999993706],[-98.22554699972368,29.540619000164128],[-98.22599699998547,29.540788999826834],[-98.22654500015656,29.540941999982206],[-98.22699700006818,29.540974000031376],[-98.22700799993883,29.540974999617603],[-98.22768699963116,29.54102199969547],[-98.22821200023604,29.541201999991085],[-98.22908000007426,29.5416639997519],[-98.2293439996649,29.54183999981248],[-98.22943900009946,29.54195000018327],[-98.22947599990938,29.542055000212375],[-98.22950799969644,29.542231000373878],[-98.22969099999455,29.542758999801382],[-98.22974100022326,29.54293500030028],[-98.22972199995668,29.54307799999158],[-98.2296469996136,29.543203999857987],[-98.2295830000395,29.543226999990363],[-98.22945499999298,29.543400999768565],[-98.22930000018228,29.543448000281607],[-98.229054000135,29.54343600006957],[-98.22857200008615,29.543711000338167],[-98.22818499957354,29.54383299962099],[-98.22793100002865,29.543828000268213],[-98.22765200036939,29.54382300013372],[-98.22692099990019,29.543892000092505],[-98.22598000026704,29.54391800030259],[-98.22532900016378,29.543830000165617],[-98.2253529995549,29.543729999774904],[-98.22536199977574,29.543690000216156],[-98.22506700022298,29.54353599996959],[-98.22504499958335,29.543528999917285],[-98.22477099994695,29.543448000281607],[-98.22467300003767,29.543446000376647],[-98.2245130002041,29.543441999785024],[-98.22441299974666,29.543462999958574],[-98.22436699971591,29.543473000262903],[-98.22430599961653,29.543486000031944],[-98.22421299973014,29.543505999853686],[-98.2240980001024,29.543530000259757],[-98.22368300000069,29.543667999748717],[-98.22330399988402,29.543685999634185],[-98.22293200033833,29.543702999957272],[-98.22284600012462,29.54370699975704],[-98.22260000007734,29.54370699975704],[-98.22258199963566,29.543718000377876],[-98.2224870000994,29.543722999736023],[-98.22224199987703,29.543724000076587],[-98.2219780002864,29.543789999864895],[-98.22190799996618,29.54381699965936],[-98.22185799973748,29.543860999743043],[-98.22184600004191,29.543959999666008],[-98.22184000019413,29.544179000027395],[-98.22183900036922,29.544196999821875],[-98.22178300029272,29.544317999746543],[-98.22172600039131,29.544366999720044],[-98.22168000036056,29.544380999708117],[-98.22167000031482,29.544383999928616],[-98.22161300041341,29.544385999815027],[-98.22154599956794,29.54439499969425],[-98.22149600023755,29.544390000369273],[-98.22144500018392,29.544368000054185],[-98.22138499990947,29.544364999833228],[-98.22133200020602,29.544361999612228],[-98.22126400043395,29.54441599966982],[-98.22124799964212,29.544443999630452],[-98.22118499989291,29.544631000061738],[-98.22115399993078,29.544830000195116],[-98.22106600006724,29.544984000033352],[-98.2210280004324,29.545021999987764],[-98.22097800020369,29.545149000102093],[-98.22097800020369,29.545233999677176],[-98.2209649997849,29.545248000326627],[-98.22094600041663,29.545428999673458],[-98.22093999967055,29.545649000299765],[-98.22092100030228,29.545831000029665],[-98.22093999967055,29.546193999753413],[-98.22113600038743,29.546601000190567],[-98.22127399958138,29.547183999904867],[-98.22158900012396,29.54793200037861],[-98.22190399976823,29.548371999634394],[-98.22265299978076,29.54903199961539],[-98.2231120002634,29.54923600032897],[-98.22385500042814,29.54942800034856],[-98.22394800031456,29.54945000034381],[-98.2245690002806,29.549599000327543],[-98.22491200041226,29.54968100000462],[-98.22543200009595,29.549718000256465],[-98.22569200038694,29.549735999846067],[-98.22623899983479,29.549657999777885],[-98.2263519998127,29.54964199995686],[-98.2266609996092,29.549422000206924],[-98.22666599963208,29.549409999922624],[-98.22670099979217,29.549328000025668],[-98.22678600018097,29.5491249997849],[-98.22682399981582,29.548651999655387],[-98.22681100029536,29.54852500003505],[-98.22687400004452,29.548316000318604],[-98.2268930003111,29.548189000276018],[-98.22684899993017,29.547986000092013],[-98.22684899993017,29.54774400028302],[-98.22688599974009,29.547506999847176],[-98.22691199967936,29.54744100014127],[-98.22693199977085,29.547405999663997],[-98.22694199981659,29.547387999659435],[-98.22698399964938,29.547315000085696],[-98.22701899980947,29.547254000219496],[-98.22709499997747,29.54715400009006],[-98.2271050000232,29.547141000011298],[-98.2271950004349,29.547066999951756],[-98.22737700000978,29.547014000055295],[-98.22740899979682,29.54700299979315],[-98.22742300004053,29.547002000266602],[-98.22743800010915,29.547000999958545],[-98.22768499998135,29.546979000211653],[-98.22780499963196,29.546946000191703],[-98.22788699964772,29.54689600037781],[-98.22794400044745,29.546837000096644],[-98.22910099999066,29.546704000237195],[-98.22956499959784,29.546689999789354],[-98.22991699995035,29.546845999757608],[-98.23027699980045,29.547152000258418],[-98.23040499984697,29.547526000133438],[-98.23055299998498,29.547994000133926],[-98.23058899997,29.5481079996856],[-98.23069299972707,29.54873400010081],[-98.23074899980358,29.54939200027497],[-98.23075899984931,29.549687999630898],[-98.23060800023657,29.55027900015516],[-98.23064400022159,29.550804999983928],[-98.23062499995501,29.55087899965105],[-98.23055899983277,29.55113799962214],[-98.23058599959694,29.551293999758084],[-98.23065799956697,29.551479000273517],[-98.23067000016084,29.55152999964636],[-98.23071000034382,29.551700999975996],[-98.23086900035248,29.552139000282107],[-98.23152700012842,29.55307000025902],[-98.2319260003366,29.553522000386273],[-98.23206199988073,29.55364400032999],[-98.23263599999106,29.554175000239674],[-98.23274499977101,29.554261999729246],[-98.23308500042795,29.554554000297863],[-98.23347100021734,29.55482799978034],[-98.2339330001747,29.555038999770932],[-98.23468300001214,29.55532499986584],[-98.23503700001447,29.555459000325794],[-98.23508399987014,29.55547699967427],[-98.23525100027472,29.55555200005075],[-98.23558199981252,29.555698999970698],[-98.23583899973046,29.555756000105372],[-98.23617600001435,29.555831000274758],[-98.23648700035898,29.555948000240246],[-98.23661799988022,29.55597600013176],[-98.23699000032423,29.5560559996674],[-98.23718899961753,29.556091000274538],[-98.23725300008995,29.55610200032892],[-98.23768499991009,29.556171999936435],[-98.23782100035253,29.556192999809273],[-98.23805499980594,29.556281000121796],[-98.23809599981382,29.556297999889225],[-98.23846099968681,29.556456000302482],[-98.23870799955901,29.556511000363678],[-98.23902800012446,29.55660999961693],[-98.23909199969856,29.55661200004284],[-98.23974000032707,29.556624999684725],[-98.23978200015988,29.556624999684725],[-98.24018999969057,29.556584999759373],[-98.24048599996658,29.556565000181454],[-98.24072299979304,29.55654899989115],[-98.24079499976305,29.55654499981817],[-98.24132700004063,29.55666100030729],[-98.24151899966124,29.556682000078435],[-98.2416419996849,29.556697000135593],[-98.24211299986307,29.556795999987987],[-98.24218099963514,29.55682499985532],[-98.2423820003749,29.556931000269707],[-98.24243799955309,29.556942000232652],[-98.24266500023212,29.556860000196146],[-98.2427339998291,29.55687599965578],[-98.24280999999708,29.556920000305578],[-98.24287299974627,29.556997000029224],[-98.24294200024156,29.557024999630023],[-98.24299199957196,29.557058000265894],[-98.24308100015874,29.55705499964027],[-98.24316200034959,29.557051999795924],[-98.2433949999781,29.55699100033704],[-98.24370899979743,29.556931000269707],[-98.24389200009554,29.556920000305578],[-98.24397400011131,29.55690299986143],[-98.24402199979188,29.556883000346474],[-98.24411300002849,29.55687599965578],[-98.2444510001373,29.556846999803067],[-98.2449449998817,29.556805999754584],[-98.24534099971683,29.556657999669806],[-98.24578400030593,29.55653200016601],[-98.24619400038475,29.556446999934433],[-98.24644200008187,29.556372999656237],[-98.2466050002885,29.55630499983854],[-98.24707499974346,29.555938999826957],[-98.24725100036886,29.555873000157714],[-98.24738400043826,29.555800999901155],[-98.2478809996574,29.55565299990712],[-98.24815000016923,29.55551500037207],[-98.2484210003309,29.555376999867164],[-98.24856600009585,29.555261999693112],[-98.2487669999373,29.55497600020133],[-98.24893099996883,29.55459599993018],[-98.24896699995382,29.554037000248936],[-98.24906200038839,29.552581999954096],[-98.24900499958866,29.552115000357325],[-98.24892900031901,29.55190600025036],[-98.24889800035686,29.551746000014685],[-98.24888499993807,29.551520999621008],[-98.24891000005243,29.551432999851734],[-98.24892900031901,29.551393999698593],[-98.24920499960521,29.551058000100205],[-98.24931900030634,29.55088199967867],[-98.24939999959888,29.550804999983928],[-98.24954500026216,29.55069000007692],[-98.24990299956411,29.55045300029755],[-98.24999499962563,29.55042499965708],[-98.25016500040326,29.5502770003853],[-98.25047300037484,29.5501419998098],[-98.25074000033852,29.550023999876796],[-98.25075500040714,29.550017000273805],[-98.25101499979982,29.54990299974949],[-98.25106400020364,29.549897999915498],[-98.25127900028878,29.54982100025252],[-98.25144300032031,29.549832000207974],[-98.25185800042202,29.549964999858688],[-98.25201499988253,29.550031000260795],[-98.2528710000252,29.550025000155],[-98.25337399999043,29.55011300036885],[-98.25379599976483,29.550311000374467],[-98.25388299980345,29.550396999790376],[-98.25414700029242,29.550659000249485],[-98.25433800008813,29.55087399986531],[-98.25443099997455,29.550977999733462],[-98.2545969996559,29.551111000220335],[-98.25471999967955,29.55120899980904],[-98.25501599995556,29.551258999833706],[-98.25512200026077,29.551375000139522],[-98.25519800042875,29.551583999781723],[-98.2551659997434,29.551759000282587],[-98.25519099985773,29.551996000125058],[-98.25533499979778,29.552166000190677],[-98.25537400015585,29.552266000049716],[-98.25536099973705,29.55233199973056],[-98.25529899981277,29.552402999860046],[-98.25521000012432,29.552457999783027],[-98.25480599989326,29.552654999630786],[-98.25457400008968,29.552825999619678],[-98.25451100034049,29.552979999777918],[-98.25448000037835,29.55327200014388],[-98.25451100034049,29.553498000008506],[-98.25463600001395,29.554008999820127],[-98.25471800002971,29.554140999987613],[-98.25478199960382,29.554195999746046],[-98.25484400042642,29.554301000338413],[-98.25491399984831,29.554354999774475],[-98.255152000398,29.55464800030668],[-98.2553149997063,29.554790999836527],[-98.25560500013454,29.5549169999486],[-98.25576199959505,29.554939000311727],[-98.25589399983953,29.5549450001258],[-98.2559690001826,29.554960999888685],[-98.25602699990891,29.55503299996244],[-98.25607700013764,29.55506599968604],[-98.25641600007134,29.555116000146604],[-98.25682000030238,29.555127000307074],[-98.2575180002613,29.555247999649435],[-98.25788899998207,29.55521499998527],[-98.25802700007432,29.55518200031027],[-98.25825999970283,29.55509999962684],[-98.25853000003956,29.55493500017501],[-98.2587009997438,29.554759000254414],[-98.25882600031557,29.554555999983023],[-98.25892199967674,29.55433499975517],[-98.25909099973113,29.554153999947463],[-98.2592360003944,29.553641999845315],[-98.25924899991489,29.553289999881937],[-98.25929300029581,29.55307000025902],[-98.25929699959546,29.553057000159697],[-98.259356000045,29.55288800027994],[-98.25942399981706,29.55278999997511],[-98.25943800006077,29.552770999897035],[-98.25944999975634,29.55275400031773],[-98.25947400004578,29.552711999919726],[-98.25962100035886,29.55244899984028],[-98.2596459995749,29.55223999964263],[-98.25974000018456,29.551700999975996],[-98.2597359999866,29.551633000140086],[-98.25972799959068,29.55148100001954],[-98.25967800026028,29.551184000178207],[-98.25968599975788,29.550998999904213],[-98.25968999995585,29.5509199997601],[-98.25979100023818,29.550441000135677],[-98.25984200029181,29.550378000043853],[-98.25993000015536,29.55027100029411],[-98.25999999957725,29.55022399982773],[-98.26003399991244,29.550200999724577],[-98.26007499992032,29.55016100038212],[-98.26010000003467,29.550045000245838],[-98.26011500010328,29.54986200000932],[-98.26011900030124,29.549813000355236],[-98.26007499992032,29.54962100028556],[-98.25999399972947,29.549538000276833],[-98.25992900033046,29.549461000339644],[-98.25987400007887,29.549395999849608],[-98.25984899996452,29.54913099994418],[-98.25980499958358,29.548999000265745],[-98.2598129999795,29.548582999819956],[-98.25958500037387,29.548244999662227],[-98.25951199968061,29.547987999907143],[-98.2593700002887,29.547487000035552],[-98.25931199966408,29.547434999881673],[-98.25926499980841,29.547316000390666],[-98.25910499997482,29.547071999925784],[-98.25908999990624,29.547050000194417],[-98.25896900043071,29.546865000168115],[-98.25857900044336,29.546407999957164],[-98.25840399964287,29.546280999861693],[-98.2581240001587,29.546010000041314],[-98.25799399956405,29.545885000084024],[-98.2578060001414,29.54571400007345],[-98.25767399989691,29.54566499997138],[-98.25757299961458,29.54568099964051],[-98.2573140000468,29.545770000049398],[-98.25727700023688,29.545770000049398],[-98.25719500022112,29.54574199967454],[-98.25686299996009,29.54555999978434],[-98.25682299977711,29.54554999968644],[-98.25675199963202,29.54553200013283],[-98.25642199991913,29.545450000215723],[-98.2561390000619,29.54535100018897],[-98.25558500004304,29.545015000038358],[-98.255152000398,29.544679000333943],[-98.2547930003728,29.54454099988064],[-98.25432700021747,29.544380999708117],[-98.25405600005583,29.54431000019521],[-98.25388100015363,29.544210999833496],[-98.25360999999198,29.543863999978974],[-98.25325799963947,29.54352300020705],[-98.25302099981302,29.543210000368756],[-98.25298700037614,29.543164999655612],[-98.252956000414,29.542984000162626],[-98.25298400000311,29.542879000316876],[-98.25306400036904,29.542577000011175],[-98.25335300007404,29.54191700008458],[-98.25359900012133,29.54146000016851],[-98.25377499984843,29.54110900034728],[-98.25388199997855,29.540981999846757],[-98.25443599999743,29.540651999904966],[-98.25480199969532,29.540508999908283],[-98.25500900028287,29.54046499992872],[-98.25519099985773,29.540409999731967],[-98.25530499966057,29.540438000020593],[-98.25537699963058,29.540491000238696],[-98.25543100005724,29.540531000281625],[-98.25621799970462,29.540625999636376],[-98.25657500007999,29.5406689999567],[-98.25683299982286,29.540767000291133],[-98.25719199984806,29.540769000249135],[-98.25744999959092,29.54074699992753],[-98.25756400029205,29.540746000339116],[-98.25774500004204,29.540845999773843],[-98.2581159997628,29.540949999800105],[-98.25855699980376,29.541028000335675],[-98.25926099961045,29.541062000309857],[-98.25943700023585,29.541100000175508],[-98.25974600003235,29.54126500033145],[-98.25987200042904,29.541385000275717],[-98.25995400044481,29.541495999941027],[-98.25998500040694,29.541600000080134],[-98.26009199963875,29.541748999912663],[-98.26014100004257,29.5418529997915],[-98.2602359995788,29.541968999950964],[-98.2606580002515,29.542349000026366],[-98.26107300035319,29.542540999842107],[-98.261664000182,29.54277800019863],[-98.26208500013146,29.542959999626976],[-98.26218499969058,29.54299800034223],[-98.26243699958566,29.543042000000927],[-98.26244400015668,29.54309000024611],[-98.26302300028989,29.543345000043296],[-98.26399300023537,29.543660999705548],[-98.26409899964227,29.543695000357214],[-98.26438700042067,29.543828999826157],[-98.26481800041589,29.543948999853033],[-98.26517999991582,29.543994999773457],[-98.26523599999233,29.54398500030223],[-98.26539400017607,29.54392999967594],[-98.26561599993391,29.543876000140266],[-98.26572100041422,29.5438030003747],[-98.26593300012632,29.543791999763112],[-98.26600300044653,29.54378900030658],[-98.26659400027532,29.543918999859706],[-98.26743199997632,29.544177999691396],[-98.26765299990925,29.544233000182743],[-98.26842100018835,29.544519000379925],[-98.26859699991546,29.544612000012823],[-98.26872800033503,29.54463999991916],[-98.26885499965832,29.544683999644633],[-98.26898600007789,29.544761000095026],[-98.26906800009365,29.544795000376766],[-98.26965300007465,29.54514200016149],[-98.2698170001062,29.545245000131835],[-98.27013099992556,29.545472000295337],[-98.27026399999494,29.545581999839985],[-98.27038899966841,29.54572999973485],[-98.2706909997922,29.54635200033468],[-98.27067900009665,29.54656699973485],[-98.270628000043,29.54692399965148],[-98.27066499985294,29.547320000047513],[-98.27076600013527,29.547601000159066],[-98.27077799983084,29.548041000074306],[-98.2708039997701,29.548150999949222],[-98.27079700009742,29.548233000019607],[-98.27071000005878,29.548310999624626],[-98.27067200042393,29.548398999767883],[-98.27068400011952,29.548470000316083],[-98.27070599986082,29.548518999839803],[-98.27083999975511,29.548821999875823],[-98.27122499971959,29.549306000003877],[-98.27152900039152,29.54973500034654],[-98.27158700011783,29.549816999913215],[-98.27172100001212,29.55000600033849],[-98.27199100034889,29.550265000202522],[-98.27202399996085,29.550296999644843],[-98.27241599959801,29.550561999618857],[-98.27274000036142,29.550780999742326],[-98.27285900018711,29.55082999970858],[-98.27292399958613,29.550878000162772],[-98.27297299998993,29.55091300021917],[-98.27303599973911,29.55091300021917],[-98.27333000036529,29.551006000220667],[-98.2733660003503,29.55101800031546],[-98.27347000010738,29.55105099978735],[-98.273633000314,29.55112800007608],[-98.27371000030689,29.55121300009325],[-98.27375899981239,29.551266000132145],[-98.27455899987855,29.551423000334857],[-98.27496800013247,29.55145299966393],[-98.27528299977673,29.551373999874667],[-98.27595300014654,29.551205000306133],[-98.27630100030109,29.551167999817288],[-98.27649000044697,29.551182999911468],[-98.27679800041857,29.551196000251853],[-98.27703799971975,29.551178999626067],[-98.2774779999358,29.551245000016873],[-98.2777869997323,29.551245000016873],[-98.27842199994201,29.55120100002161],[-98.27863600020225,29.55120100002161],[-98.2787299999136,29.551178999626067],[-98.27877400029452,29.55114600019602],[-98.27878099996721,29.551117999747554],[-98.27906899984731,29.551140999642076],[-98.27958000020848,29.551366000100302],[-98.28037699990159,29.551691999965882],[-98.28071699966021,29.551801000295185],[-98.28078100013263,29.551840000291303],[-98.28151699972636,29.552158999954564],[-98.28190099986593,29.552362000352705],[-98.2821800004235,29.55252700009866],[-98.28236000034856,29.55263300033328],[-98.28278200012295,29.55281900021075],[-98.28310199979009,29.552889999998126],[-98.28359899990754,29.553145000077706],[-98.2839329998184,29.553187999761118],[-98.28401499983417,29.553231999672633],[-98.28417800004077,29.55325499986741],[-98.28432899965352,29.55336500031881],[-98.28453000039327,29.55361299984581],[-98.28468699985379,29.5536790002098],[-98.28473700008253,29.553756000059003],[-98.28483900018976,29.553863000026006],[-98.28507099999335,29.55410699972418],[-98.28520800026071,29.554374000336107],[-98.28526599998702,29.554487000271415],[-98.28537300011715,29.55460800038011],[-98.28552999957768,29.554762999616653],[-98.28554999966916,29.55507599962387],[-98.28570600020308,29.555532999710582],[-98.28573200014235,29.555742000130138],[-98.28579499989154,29.555977999788777],[-98.28578200037107,29.556077000345716],[-98.28579499989154,29.55626899987056],[-98.28577599962497,29.556373999871536],[-98.28568699993652,29.55643499970293],[-98.28554200017156,29.556561000109127],[-98.2855179998821,29.556705000269346],[-98.28554200017156,29.556837000040513],[-98.28562500001222,29.557144999617417],[-98.28571200005086,29.55731999986441],[-98.2859890000603,29.557490999772813],[-98.28600099975587,29.557633999967535],[-98.2867709996848,29.558510000381812],[-98.28715700037249,29.558838999651204],[-98.28728600024394,29.55894900027471],[-98.28773200030776,29.55932899980217],[-98.28778199963816,29.559373000165127],[-98.2881659997777,29.559593000129475],[-98.28845600020594,29.55973599969312],[-98.28871999979658,29.559740999821724],[-98.28888399982812,29.55979100031291],[-98.28929200025713,29.559932000017497],[-98.28989099958352,29.560139000357847],[-98.29004700011745,29.560182000190377],[-98.2903740003556,29.560346999668614],[-98.29041199999043,29.560556000287832],[-98.29045600037136,29.56062700010818],[-98.2904870003335,29.56063799966871],[-98.2911340002388,29.56083200024488],[-98.2912630001102,29.560918000083035],[-98.29135299962358,29.56091999964232],[-98.29150199958649,29.560921999982877],[-98.29179200001472,29.561003999848],[-98.29212199972761,29.56109800010704],[-98.2923250001172,29.56108500025931],[-98.2928189998616,29.5613090002868],[-98.29324300018413,29.561398000215664],[-98.29352100001849,29.561441999677424],[-98.29377799993642,29.561464000182493],[-98.29399600039464,29.561483000188677],[-98.29415000038043,29.56149700014976],[-98.29450199983461,29.561531000270517],[-98.29456399975889,29.56155299997481],[-98.29463400007909,29.56155800001348],[-98.29470400039929,29.561546999771817],[-98.29476600032358,29.561531000270517],[-98.29494200005068,29.561447999886713],[-98.29500499979986,29.561393000169083],[-98.29505500002858,29.56132099993938],[-98.29516600035666,29.561281999695872],[-98.29530199990079,29.561234000277114],[-98.29560999987235,29.56116300010198],[-98.29571700000247,29.561052000157442],[-98.29587400036131,29.561012999810085],[-98.29612600025638,29.560988000260696],[-98.29630899965618,29.560970000331285],[-98.29642199963409,29.56088200019607],[-98.29649100012936,29.560793999984124],[-98.29656700029734,29.560733999831207],[-98.29666100000868,29.560723000281136],[-98.29672299993297,29.560727000188688],[-98.29680499994873,29.560822000095417],[-98.29681900019243,29.560888999827775],[-98.29700699961509,29.560924000323407],[-98.29714200023263,29.560924999712313],[-98.29732100033277,29.560842999783066],[-98.29733999970104,29.560820999924083],[-98.29739699960243,29.56081000038355],[-98.29757900007563,29.560855000272348],[-98.29769899972624,29.56086000034557],[-98.29778699958977,29.560877000123927],[-98.29785000023729,29.56093200012244],[-98.29788200002433,29.560985999921453],[-98.29795099962129,29.561052000157442],[-98.2980209999415,29.561101999999746],[-98.298077000018,29.56111800035038],[-98.2982469998973,29.561113000289932],[-98.29852399990673,29.561141000312738],[-98.29853599960232,29.561168000159963],[-98.29856099971667,29.561371999814355],[-98.2985919996788,29.561503999738925],[-98.29858699965592,29.561657999953777],[-98.29858900020406,29.5616849996628],[-98.2985919996788,29.561729999943275],[-98.29863000021196,29.56191699964364],[-98.29857999998325,29.562186999623997],[-98.29839699968514,29.562619999807726],[-98.29846100015754,29.56284599985938],[-98.29847299985313,29.562994000255387],[-98.29832800008818,29.563220000251583],[-98.29839699968514,29.56357699993797],[-98.29856099971667,29.563825000183357],[-98.29856699956446,29.56397400006629],[-98.29865000030344,29.564061999851987],[-98.2986390004328,29.564201999708235],[-98.29894800022927,29.56509799966229],[-98.29902199984912,29.56542499988337],[-98.29909999966692,29.565767000100262],[-98.29946000041535,29.566410000127725],[-98.29985000040269,29.56686799984186],[-98.29989999973307,29.566917999930517],[-98.3000839998561,29.567099000310268],[-98.30041699994203,29.567372000040656],[-98.30086899985366,29.567742999773582],[-98.30118400039625,29.568028999844124],[-98.30153900022347,29.56834200015959],[-98.30188200035515,29.568758999821668],[-98.30193800043165,29.568827999942574],[-98.30226399994658,29.569397999987483],[-98.3023080003275,29.569475999661112],[-98.30241000043475,29.56965399989275],[-98.30251199964368,29.569832999892732],[-98.30253699975805,29.569887999702384],[-98.3025750002912,29.570173999948697],[-98.3026179999489,29.570299999625327],[-98.3026880002691,29.5705159997098],[-98.30273900032272,29.570866999740552],[-98.30291500004981,29.571583000174044],[-98.30293400031638,29.571967000073965],[-98.30286999984398,29.57225399995907],[-98.30279500039923,29.572534000204215],[-98.30262600034482,29.572968999882015],[-98.30262399979667,29.573040000352],[-98.30259799985741,29.573288000017282],[-98.30272900027698,29.574239999652903],[-98.30273900032272,29.574262999752136],[-98.30283899988184,29.574501999998],[-98.30290300035425,29.574653999856707],[-98.30291300039998,29.574677999895744],[-98.3031689995947,29.575038999826894],[-98.3033490004181,29.575174999974795],[-98.30341100034236,29.57522999999978],[-98.3038080000024,29.575472000378983],[-98.30445499990769,29.575918000139215],[-98.30446699960326,29.575923000247986],[-98.30456899971051,29.57596699963192],[-98.30480200023732,29.576110000231637],[-98.30506599982796,29.576302999976825],[-98.30516799993522,29.57641100029663],[-98.30520499974513,29.57645100018324],[-98.30543800027195,29.576677999766787],[-98.30560099958025,29.577007000012493],[-98.30583900012996,29.577438999929765],[-98.30597499967408,29.577957999735006],[-98.30599999978843,29.57806899984829],[-98.3060540002151,29.578310999672052],[-98.30609900042096,29.578508999877673],[-98.30613600023086,29.57863500009038],[-98.30613000038308,29.578855000283138],[-98.30612299981208,29.57888600005155],[-98.30612000033734,29.57889999994389],[-98.30607299958335,29.57911399961859],[-98.30597899987204,29.57934600018446],[-98.3059479999099,29.579449999645398],[-98.3057710003579,29.579626000291988],[-98.3055470000519,29.58012100026994],[-98.3053920002412,29.580349000172344],[-98.30534000036268,29.58042600000254],[-98.3051319999502,29.580950999906797],[-98.30478899981853,29.581419999709816],[-98.30473299974203,29.581524000158826],[-98.30461300009144,29.58162799971944],[-98.3043989998312,29.581678000311413],[-98.30418499957094,29.58208400001345],[-98.30392699982808,29.582426000053808],[-98.30382499972083,29.582749999763138],[-98.30381300002527,29.582914999866407],[-98.30383200029183,29.583090999939685],[-98.30381999969796,29.583459999829415],[-98.30383800013963,29.58370200000898],[-98.30390099988881,29.584004000032564],[-98.30392600000319,29.58424699962825],[-98.30394600009465,29.584307999811003],[-98.30396000033836,29.58443800034641],[-98.30397100020902,29.58453299982053],[-98.30408599983674,29.584688999938905],[-98.30412099999685,29.58473599999237],[-98.3042790001806,29.584949999793047],[-98.30432400038644,29.5850309997452],[-98.30435799982331,29.5850910003044],[-98.30439600035648,29.5851569996284],[-98.30443099961825,29.585219999901575],[-98.30446800032648,29.58528699985136],[-98.30458499960402,29.585468000111266],[-98.3046809998635,29.585616000160233],[-98.30490199979643,29.58591400023379],[-98.30504099971361,29.586017999957935],[-98.30515399969151,29.586057000022148],[-98.30561399999905,29.58605199963415],[-98.30596600035156,29.586117999892075],[-98.30622400009442,29.586264999849668],[-98.30658300011962,29.58651800020006],[-98.30702300033568,29.586860999970888],[-98.30728100007853,29.587141000322504],[-98.30762699968494,29.587394000038984],[-98.30821199966596,29.587790000359664],[-98.30862900031578,29.58803699982001],[-98.30916999991585,29.588384000270324],[-98.30926399962718,29.588433999858662],[-98.30941400031334,29.588548999755126],[-98.30969799999548,29.58868700023918],[-98.30998099985268,29.588786999871903],[-98.31009999967837,29.588865000188473],[-98.31041600004586,29.58907199980485],[-98.31063600015389,29.589182000303694],[-98.31096400021696,29.589451000137842],[-98.3112780000363,29.589765000320668],[-98.31166899984855,29.59012299976986],[-98.31180699994081,29.590369999768686],[-98.31194400020817,29.590557000327067],[-98.3120520001632,29.590793999738864],[-98.31205800001099,29.590853999996078],[-98.31201299980515,29.591497000381928],[-98.31190099965214,29.59177800023204],[-98.31181299978859,29.591865999999175],[-98.31177500015377,29.591921000302882],[-98.311693000138,29.59198199975248],[-98.31159900042667,29.592031000039178],[-98.31154300035017,29.592082000025336],[-98.31149200029654,29.592103000241885],[-98.31120799971612,29.592532999883854],[-98.31108300004263,29.592938999658404],[-98.31105799992827,29.59369800015919],[-98.31104500040782,29.593737000379537],[-98.31104500040782,29.59383000000297],[-98.3110749996467,29.59394999999518],[-98.31101400044565,29.59422000023681],[-98.3109249998589,29.594463000226995],[-98.31092800023194,29.59447300016907],[-98.3109409997524,29.594522999864484],[-98.31094499995037,29.594539000386668],[-98.31094999997325,29.594560000091786],[-98.31102000029344,29.594826000144298],[-98.31101400044565,29.595116999973914],[-98.31089999974454,29.59562399999905],[-98.31087499963017,29.595936999893304],[-98.3109120003384,29.596027000364433],[-98.31091300016331,29.596049000363223],[-98.31091399998823,29.596090999921508],[-98.3108760003534,29.59621799987443],[-98.31097000006473,29.59715299967994],[-98.31099500017909,29.597537999745786],[-98.31083100014757,29.598082999619077],[-98.31083299979738,29.59817800030602],[-98.31083699999535,29.598332000037274],[-98.31102000029344,29.598572000103296],[-98.31116400023349,29.59871599971262],[-98.31137199974764,29.599177999642272],[-98.31142799982413,29.599507999746983],[-98.31150499981702,29.599782999660416],[-98.311693000138,29.600327000120668],[-98.31192099974363,29.600784000042896],[-98.31182600020738,29.60106499979931],[-98.31187499971288,29.60124100023756],[-98.31203299989663,29.601543000096317],[-98.31222200004252,29.60180199977987],[-98.31246200024202,29.60198300009274],[-98.3127130003122,29.60211100019991],[-98.31290099973485,29.602181999695002],[-98.31329200044541,29.60223600008061],[-98.31347999986808,29.60226299987202],[-98.31349400011177,29.602278999947515],[-98.31354000014254,29.60233499980124],[-98.313600000417,29.602406999678983],[-98.31377000029632,29.6024449998975],[-98.31387700042644,29.602512000124587],[-98.31402300001629,29.602641999855315],[-98.31410800040511,29.602663999973387],[-98.31412799959827,29.602669000319057],[-98.31416799978125,29.602673999883457],[-98.31438000039168,29.602698000288488],[-98.31460100032461,29.602708000195182],[-98.31502800012187,29.602705000145196],[-98.31506199955875,29.602696999751007],[-98.31521200024488,29.60266099992208],[-98.31595500040964,29.60248399986025],[-98.31602099963357,29.60246900035702],[-98.31644699960593,29.60237399980647],[-98.31650400040564,29.60236200034722],[-98.31656799997974,29.60234799980464],[-98.31672100014062,29.60231299961134],[-98.31681599967686,29.6022919999582],[-98.31711199995287,29.602226999888163],[-98.31742199957426,29.602157999948258],[-98.31761499991812,29.60212299968902],[-98.31782900017836,29.602085999892733],[-98.31805900033213,29.60204600001322],[-98.3182390002572,29.60202200023416],[-98.31833499961834,29.60202200023416],[-98.31839499989277,29.602007999644368],[-98.31865099998582,29.601990999762478],[-98.31872100030603,29.601987999691158],[-98.31888199996452,29.60198300009274],[-98.31906000023974,29.60198300009274],[-98.31921699970026,29.60198699992772],[-98.31932800002835,29.601990999762478],[-98.31945500024995,29.601997999668257],[-98.31996800026094,29.602053999677945],[-98.320725999596,29.60215400012012],[-98.32136199963062,29.602236999841562],[-98.32147200013381,29.602261000350598],[-98.32161500024894,29.602291000197784],[-98.32201000025914,29.602376000106734],[-98.32246600036872,29.602473000172665],[-98.32281600017309,29.602548000006706],[-98.32284200011237,29.602548000006706],[-98.32292900015099,29.60256000022489],[-98.32326800008471,29.602648999715843],[-98.3234220000705,29.602695999994594],[-98.323478000147,29.602708000195182],[-98.32350099971322,29.60271100024509],[-98.32353599987331,29.602715999807415],[-98.32357100003341,29.60272400020008],[-98.3236470002014,29.602740999958414],[-98.32368400001131,29.60275199961671],[-98.323738000438,29.602775000247494],[-98.32377799972267,29.602791000241755],[-98.3238310003244,29.602802999650017],[-98.32398899960985,29.602840999719298],[-98.32408700041745,29.602871999929697],[-98.32416600006017,29.60288799990851],[-98.32421399974075,29.602903999884862],[-98.32429999995448,29.602935000075867],[-98.3243300000917,29.602944999959078],[-98.32441899978015,29.602970999807013],[-98.32446099961295,29.602985000263043],[-98.32451199966658,29.603004000265194],[-98.32457100011612,29.603026000304336],[-98.32468599974385,29.60306100025018],[-98.32472900029987,29.603078999704326],[-98.32481299996545,29.60310900008919],[-98.32491599989761,29.603146000291225],[-98.3249710001492,29.603169000051132],[-98.32510099984555,29.603220999624764],[-98.3252890001665,29.60329299965104],[-98.32538799990071,29.60332900003543],[-98.32547300028953,29.603370999686522],[-98.32555100010734,29.6034179996288],[-98.32556899965068,29.603428999994314],[-98.32565800023747,29.60348299971218],[-98.32572799965934,29.603522999802756],[-98.32574199990306,29.60353799993028],[-98.32575799979658,29.60355399980349],[-98.3257810002611,29.603578999746695],[-98.32581300004816,29.60360699970706],[-98.325858000254,29.60364399972638],[-98.32591299960728,29.60367099992189],[-98.32592600002607,29.60368200025982],[-98.3259710002319,29.603726999783653],[-98.32602499976028,29.603785999632237],[-98.32604800022482,29.603820000350122],[-98.32607900018695,29.603867000083053],[-98.32608800040778,29.603883999648705],[-98.32611400034705,29.603915000319482],[-98.32615399963169,29.60394699994374],[-98.3261899996167,29.60405099982393],[-98.3262239999519,29.604171000153233],[-98.32629199972395,29.604393000386],[-98.3263300002571,29.604523000035112],[-98.3265000001364,29.604693999660725],[-98.32662800018294,29.60482299996747],[-98.32681899997864,29.604984999919118],[-98.32686199963636,29.60501900023273],[-98.32694100017738,29.60508799977714],[-98.32706400020102,29.605188000334884],[-98.32716700013319,29.605273000145186],[-98.32726199966945,29.60536099985491],[-98.32728199976093,29.6053710002786],[-98.32751399956452,29.605565000022708],[-98.32765500002982,29.60568299987782],[-98.32781700041153,29.60581900012194],[-98.32784800037368,29.605904999906002],[-98.32787599996274,29.605963000318354],[-98.32795299995566,29.606152000312818],[-98.32799300013863,29.606251000094222],[-98.32806199973561,29.606418999974114],[-98.32833000042253,29.607444000151073],[-98.32847500018748,29.6080030001428],[-98.32864699971661,29.60821000031893],[-98.32865099991457,29.608232999704782],[-98.3286590003105,29.60828799967509],[-98.32862800034835,29.608347999679513],[-98.32853399973871,29.608451999706702],[-98.32852100021823,29.60852300020437],[-98.32854700015751,29.608771999838485],[-98.32860900008177,29.60909100004258],[-98.328603000234,29.60929999970984],[-98.32854700015751,29.60947000013612],[-98.32834499959282,29.60995499977673],[-98.32834499959282,29.610053000045568],[-98.3284209997608,29.610301000125016],[-98.32856499970084,29.610426999685988],[-98.3287360003034,29.61053700032691],[-98.32896899993189,29.61058800032775],[-98.32918300019213,29.610603000185243],[-98.3293210002844,29.61063099975711],[-98.32950399968416,29.610647000066795],[-98.32974899990657,29.61070700022932],[-98.33034599958314,29.61083500019639],[-98.33071200017935,29.61086200002832],[-98.33152499976599,29.610873000362755],[-98.33185200000413,29.610926999999087],[-98.33219099993785,29.610955999936493],[-98.33263899965151,29.611092999770285],[-98.33278400031477,29.611125999913362],[-98.33291599966094,29.611185999790795],[-98.33317400030212,29.611268999887862],[-98.33338799966404,29.61131300025969],[-98.33358400038094,29.61133999996366],[-98.33430800027912,29.611361999746006],[-98.33457799971755,29.61131300025969],[-98.33484300003143,29.611346000330744],[-98.33532799955502,29.611301000302173],[-98.33614600006284,29.61148800032394],[-98.33654899957065,29.611653999952335],[-98.33676200000598,29.611790999618574],[-98.33714100012267,29.611994000389323],[-98.33732900044363,29.612081999700013],[-98.33739300001773,29.61212799982387],[-98.33744300024647,29.612148000108824],[-98.33751299966833,29.612171000158316],[-98.33760200025512,29.61220100018104],[-98.33769500014154,29.61221599979853],[-98.33775799989071,29.6122369997279],[-98.33780800011945,29.612213999693463],[-98.33800300011312,29.612263999965343],[-98.33822400004604,29.612362000332574],[-98.338292999643,29.612418000053378],[-98.33842599971241,29.612583000054006],[-98.3389670002108,29.612978999890807],[-98.33918700031883,29.61310000018148],[-98.339318999665,29.613215000071353],[-98.33938300013742,29.613309000128414],[-98.33941400009955,29.613441000077167],[-98.33948400041976,29.613523000230426],[-98.33963500003249,29.613637999637785],[-98.33960800026831,29.613690999707558],[-98.34006699985262,29.61409900028438],[-98.34065299965854,29.614744999772753],[-98.34104500019403,29.615252000302554],[-98.34132100037853,29.616075000153675],[-98.34166399961191,29.61638799982963],[-98.34180300042739,29.61651499999237],[-98.34233999982952,29.617192999721432],[-98.34278300041859,29.61737300012728],[-98.3428529998405,29.61741700017767],[-98.3430289995676,29.617499999829842],[-98.34346999960856,29.61759399979556],[-98.3436770001961,29.617621000159993],[-98.34384100022764,29.617691999666512],[-98.34407399985614,29.617852000031952],[-98.34437599997993,29.617984000278902],[-98.34465999966207,29.618006000173118],[-98.34472300030957,29.618000000202418],[-98.34485499965574,29.618000000202418],[-98.345000000319,29.61802800006247],[-98.34503700012893,29.61804500036418],[-98.34510700044912,29.618077000189377],[-98.3451209997945,29.618091999713435],[-98.3451629996273,29.61813800021837],[-98.34525200021407,29.618297000274072],[-98.345289000024,29.618538999656348],[-98.34540299982682,29.618759999891576],[-98.3454649997511,29.618825999832477],[-98.34561700008707,29.619132999652248],[-98.34561100023927,29.619331999765894],[-98.3456909997069,29.619491999870515],[-98.34567300016356,29.619742000111177],[-98.34565300007206,29.619787999862996],[-98.34560000036862,29.61991000015566],[-98.34562299993485,29.620004999801175],[-98.3455359998962,29.620040999684527],[-98.34544100035997,29.620184999870357],[-98.34527700032844,29.62049699969727],[-98.3450639998931,29.620733999813737],[-98.34489400001378,29.620954999921032],[-98.34475500009663,29.621052999647407],[-98.34411300021421,29.62124099989163],[-98.34376699970947,29.621328999719275],[-98.34360900042404,29.62145599990304],[-98.34348300002735,29.621526999831467],[-98.34316199963698,29.621610000003354],[-98.34294800027506,29.62172999973582],[-98.34271499974824,29.621949999655076],[-98.34269600037997,29.62202200036207],[-98.34263399955738,29.622353000227974],[-98.34258900024984,29.622593999682266],[-98.34257699965598,29.62272099983353],[-98.34238900023331,29.62323800027904],[-98.34228700012606,29.623485000384722],[-98.34223699989735,29.62358899963161],[-98.34214300018601,29.623705000376916],[-98.34210499965288,29.623766000122853],[-98.34207399969071,29.62385400008815],[-98.34207399969071,29.623897999651497],[-98.34209899980507,29.623936000359308],[-98.34216800030038,29.624007999647223],[-98.34224299974514,29.624144999701134],[-98.3423259995858,29.624376000236545],[-98.34234700040051,29.624998999986982],[-98.3423530002483,29.625076000092285],[-98.34227100023253,29.625560000075968],[-98.3418619999786,29.62621499989785],[-98.34162299960401,29.6264630000352],[-98.34133300007412,29.62685899999645],[-98.34119499998184,29.627145000388673],[-98.34110100027051,29.627288000280338],[-98.34100599983596,29.627419999880058],[-98.340861000071,29.62754100001193],[-98.34082400026108,29.627612999847184],[-98.34074200024531,29.62788200024055],[-98.34072899982651,29.62805799993212],[-98.34057800021378,29.62847099997542],[-98.34057200036601,29.628961000146894],[-98.34052799998507,29.62926299973473],[-98.34052799998507,29.62959899981009],[-98.34054100040387,29.62970899982831],[-98.34057200036601,29.629824000286828],[-98.34058499988647,29.629917999688224],[-98.34057200036601,29.629988999900583],[-98.34060400015306,29.63023700011778],[-98.34107000030838,29.63150199989944],[-98.34110799994322,29.63167800029407],[-98.34125299970817,29.632002999753134],[-98.34132899987614,29.632084999638437],[-98.34152999971761,29.63237699992566],[-98.34162500015215,29.632597000021477],[-98.34233700035477,29.633718999906872],[-98.34249399981529,29.633901000136785],[-98.34263299973247,29.63420299974977],[-98.3428529998405,29.634461999844532],[-98.34296699964331,29.634560999927885],[-98.3430229997198,29.634659999913925],[-98.34303600013861,29.634730999907056],[-98.34305200003212,29.634768000213594],[-98.34306700010073,29.634803000069002],[-98.34335099978287,29.63513800018881],[-98.3433950001638,29.635247999623843],[-98.34340100001158,29.63532000019695],[-98.34367200017324,29.635611000264557],[-98.34387399983959,29.635951999722018],[-98.34408800009984,29.636243999729572],[-98.34413199958244,29.636311000133336],[-98.3441630004429,29.636358000331708],[-98.3441779996132,29.636380000118024],[-98.34427700024573,29.636530000023367],[-98.34435300041372,29.63666700022582],[-98.34452300029301,29.63704100025707],[-98.3446489997914,29.637217000342368],[-98.34473099980717,29.637382000338135],[-98.34508999983237,29.637630000310658],[-98.34536199981893,29.638002000295486],[-98.3454930002385,29.638179999852593],[-98.34567599963829,29.638526000109092],[-98.34568800023217,29.63857599981771],[-98.34581399973055,29.638844999822627],[-98.3459019995941,29.638983000176115],[-98.34590900016511,29.63915399989354],[-98.34605999977784,29.63928600033971],[-98.34607200037173,29.63931300035647],[-98.3461419997936,29.639472999959978],[-98.34617399958066,29.63959399966698],[-98.34622999965715,29.6397969998619],[-98.34642600037405,29.640358000299308],[-98.34676600013267,29.641027999943926],[-98.34702899989843,29.641547999799982],[-98.347260999702,29.642006999719204],[-98.34726999992283,29.64204200018172],[-98.34734799974065,29.64235500038623],[-98.34741800006083,29.642634999654835],[-98.34738799992361,29.642923000030883],[-98.34745300022094,29.643296000114887],[-98.34746599974142,29.643477000080566],[-98.34756700002374,29.643911999840448],[-98.34771799963649,29.644412999636522],[-98.34770599994093,29.64475900033569],[-98.34761800007739,29.645017999825868],[-98.34759600033607,29.645050999788428],[-98.34738200007581,29.645366000235015],[-98.34702600042367,29.645893000307503],[-98.3469440004079,29.64606299989351],[-98.34680499959242,29.646172999886005],[-98.34623899987798,29.647015000389416],[-98.3460499997321,29.64731200001709],[-98.3459369997542,29.647559999734064],[-98.34537699988755,29.64823099994115],[-98.34482299986867,29.64898499983416],[-98.34446999969124,29.64941999999572],[-98.3437960000218,29.650449000195675],[-98.34340000018666,29.650992999626318],[-98.34315400013938,29.65155999966483],[-98.34270700025063,29.652523000167974],[-98.34261299964098,29.653182999680663],[-98.34273300018988,29.653442000135552],[-98.34286500043437,29.653622999813656],[-98.34288999965041,29.653656000077877],[-98.3432119998657,29.653887000063015],[-98.34336300037674,29.65408000004958],[-98.34353300025606,29.654201000155766],[-98.34370300013538,29.654343999880794],[-98.34431999990343,29.65465199997954],[-98.34467899992863,29.654816000265967],[-98.34479899957923,29.654909999757425],[-98.34510800027404,29.65505800012423],[-98.34588300022584,29.655327999821264],[-98.34634299963507,29.655448999988188],[-98.34672099992683,29.6556029996354],[-98.34738200007581,29.65581199961606],[-98.348105999974,29.655986999665643],[-98.34843999988486,29.656124999940634],[-98.34899399990373,29.656250999958598],[-98.35109799982621,29.65692199999279],[-98.351948999946,29.657108999640208],[-98.35246500033004,29.65724599994199],[-98.35347999958303,29.657620000026963],[-98.35385799987482,29.65776800031128],[-98.3545320004426,29.657944000070597],[-98.35490300016336,29.658070000152744],[-98.35536900031869,29.658168999660507],[-98.35662899979407,29.65864799993252],[-98.35681200009218,29.65880200014835],[-98.35711500004086,29.659109999872808],[-98.35740399974587,29.659362000081636],[-98.35752400029479,29.659521999824655],[-98.35763800009761,29.65975299961466],[-98.35765700036418,29.659891000189116],[-98.35773900037994,29.660077999783077],[-98.3580029999706,29.660511999651195],[-98.35844499983645,29.66098000015224],[-98.35854500029389,29.66117800036939],[-98.35880999970945,29.66163399990784],[-98.35935899970545,29.662399000253345],[-98.3595100002165,29.662701000245367],[-98.35962999986711,29.66287699996215],[-98.35978100037815,29.6629870003118],[-98.36023499993958,29.663872999920216],[-98.36031100010757,29.664065000339637],[-98.36037399985676,29.664175000170864],[-98.36058200026923,29.66485199996112],[-98.36080200037725,29.665225999873467],[-98.36097899992927,29.66539600036738],[-98.36130000031963,29.665633000195434],[-98.36262300044253,29.666210000330636],[-98.36280599984231,29.66631399994344],[-98.36299499998819,29.666386000152727],[-98.3631210003849,29.666456999625748],[-98.36351800004492,29.66664400028453],[-98.3637640000922,29.66673200024469],[-98.3645449998918,29.666599999885275],[-98.3650169998949,29.66639099967752],[-98.36621399962112,29.666016000285165],[-98.36639600009431,29.665987999716652],[-98.36676799963999,29.665883999766784],[-98.3675300000713,29.665625000114808],[-98.36793299957911,29.66549299986391],[-98.368121999725,29.66539399975714],[-98.36833000013748,29.665321999618307],[-98.36958899978795,29.66477699967147],[-98.36989199973667,29.66468900034269],[-98.37002999982892,29.664623000015073],[-98.3709939999266,29.664303000106933],[-98.3713589997996,29.664209000023423],[-98.37199599965913,29.66406999997977],[-98.3726190001733,29.66393400031272],[-98.37334600044453,29.663729999686907],[-98.37461000011788,29.663375999937866],[-98.37500000010522,29.663266999949496],[-98.37569999971394,29.663073999630335],[-98.37628600041819,29.662936000299524],[-98.37711700044649,29.662728000226338],[-98.3780680001254,29.662612999881187],[-98.37854699980119,29.66271700009042],[-98.37890599982639,29.662949000289807],[-98.37914500020099,29.66329000003568],[-98.37922100036897,29.663515000159848],[-98.37959799993752,29.665225999873467],[-98.37976699999193,29.66587599970612],[-98.37986800027426,29.66660799988837],[-98.3799619999856,29.666986999791984],[-98.3801949996141,29.667492999713087],[-98.38039600035387,29.668065999772804],[-98.38045200043035,29.668165000371953],[-98.38054100011882,29.6684340001358],[-98.38077299992241,29.669733000319823],[-98.3807789997702,29.670420000377867],[-98.38080399988455,29.671070000208026],[-98.38085400011327,29.671906000129415],[-98.38128099991053,29.67335299994831],[-98.38142300020075,29.673725999638535],[-98.38145099978983,29.673798999836666],[-98.3815329998056,29.67395300027315],[-98.3816459997835,29.67408500034811],[-98.38177800002798,29.674150999930358],[-98.38187299956422,29.674167000295576],[-98.38206199971012,29.67426099965818],[-98.38215600031975,29.67432100016853],[-98.3824190000855,29.67442900006037],[-98.38245199969745,29.674442999951143],[-98.3825660003986,29.6744600000946],[-98.38267699982835,29.6744770002352],[-98.38281800029367,29.67449799967038],[-98.38294399979205,29.67454699963612],[-98.38307600003652,29.67463499970587],[-98.38313899978573,29.67470099970758],[-98.38322099980148,29.67481700010235],[-98.38337800016032,29.67513099965179],[-98.38343500006174,29.6752239998571],[-98.38346100000099,29.675422000133572],[-98.3836509999718,29.67563799977763],[-98.38371100024624,29.67570600030666],[-98.38393600037715,29.675787999712718],[-98.38398200040791,29.675832999805742],[-98.38415200028722,29.67600000011353],[-98.38422799955688,29.676094000104055],[-98.38425299967125,29.67624199974497],[-98.38429600022725,29.67632500008101],[-98.3843410004331,29.676413000155645],[-98.38434700028088,29.676468000358323],[-98.3843410004331,29.676533999937377],[-98.3843410004331,29.676594999675387],[-98.38436599964915,29.67672600038232],[-98.38437200039523,29.67682600006233],[-98.38439800033451,29.67691900026082],[-98.38439699961128,29.67701300017267],[-98.3843909997635,29.677061999693315],[-98.3843280000143,29.677188999821066],[-98.38427899961049,29.67730200029764],[-98.38423000010502,29.67741400007145],[-98.38431399977061,29.67776900015364],[-98.38437900006794,29.67804000034229],[-98.38434599955765,29.67825000032308],[-98.3843210003416,29.67832199979187],[-98.38425199984631,29.678442999617594],[-98.38416399998277,29.678546999848113],[-98.38411299992916,29.678590999703115],[-98.38387399955454,29.678740000133395],[-98.38374800005616,29.67883900037056],[-98.38363400025335,29.67888799978169],[-98.38327100003019,29.67901899984237],[-98.38288600006572,29.679286999673003],[-98.38268400039937,29.679488999632277],[-98.38242900013124,29.679743999611734],[-98.38201200037972,29.680085000168063],[-98.38192600016599,29.680279000389522],[-98.38188799963285,29.68032899964565],[-98.38187599993728,29.680361999734288],[-98.38184999999801,29.680377999891586],[-98.38183800030245,29.680406000355816],[-98.38178100040103,29.680454999783738],[-98.38168000011869,29.680454999783738],[-98.38152299975985,29.680510000116605],[-98.38149799964552,29.680549000291865],[-98.38142800022361,29.68060900017165],[-98.38138399984268,29.680630999650354],[-98.38132699994128,29.68059300005112],[-98.38128299956034,29.680586999907664],[-98.38110699983325,29.680636999791126],[-98.38092400043347,29.680663999639798],[-98.38069099990665,29.680862000129483],[-98.3804830003925,29.680944000013145],[-98.38028800039883,29.680933000308652],[-98.38005499987202,29.68108699996431],[-98.37994100006921,29.681302000168387],[-98.37977100018989,29.681478000112975],[-98.3795689996252,29.681566000359958],[-98.37934900041549,29.68169199972807],[-98.37919700007953,29.68176399985357],[-98.37896399955271,29.68190100013415],[-98.3786870004416,29.681911999732733],[-98.37846599961033,29.681989000010827],[-98.37800000035332,29.682246999914724],[-98.37787399995663,29.68235199985841],[-98.37782999957571,29.682406999933857],[-98.37769499985649,29.682507000206698],[-98.3775400000458,29.682620999912555],[-98.37748599961911,29.68268300038286],[-98.37746399987782,29.682708999939326],[-98.3774200003952,29.682796999889113],[-98.37732499996065,29.682917999791822],[-98.37729999984629,29.683012000338053],[-98.37709800017991,29.683412999721646],[-98.3768649996531,29.68399600001618],[-98.37682700001827,29.68428800031973],[-98.37684600028483,29.684408999988438],[-98.37684000043706,29.68448599991466],[-98.376801000079,29.684975000045522],[-98.37662399962868,29.68555299973213],[-98.37652999991735,29.686064999694587],[-98.37638400032748,29.68660399998443],[-98.37631499983219,29.687054999678082],[-98.37634599979432,29.687583000364256],[-98.37636500006089,29.68775299974065],[-98.37643399965786,29.688133000015288],[-98.37647800003882,29.68820500020933],[-98.37651599967364,29.688298000026016],[-98.37657900032114,29.688380999772917],[-98.37661399958293,29.688494999840056],[-98.37662299980376,29.68871100026988],[-98.37664100024543,29.688810000051614],[-98.3767109996673,29.689040999683225],[-98.37699400042284,29.6895640001473],[-98.37739699993067,29.690202000371904],[-98.37744700015938,29.69040600035963],[-98.37758500025164,29.690663999728127],[-98.37771800032102,29.69085700015955],[-98.37786899993378,29.691231000114225],[-98.37813900027051,29.691731999940117],[-98.3782150004385,29.69191899963368],[-98.37825200024841,29.69207800021355],[-98.37839100016559,29.692238000189782],[-98.37904599956848,29.69319600010226],[-98.37924099956216,29.693344000315246],[-98.37977600021276,29.69396099990354],[-98.38014100008574,29.69452200032186],[-98.38031099996506,29.694819000147305],[-98.38039299998083,29.6950119996211],[-98.38050599995873,29.69516600033422],[-98.3807009999524,29.69574300031926],[-98.3808270003491,29.696282999809362],[-98.3808709998317,29.696827000268346],[-98.38078799999101,29.69807599978699],[-98.38073100008961,29.698174999705653],[-98.38066199959432,29.69845600003889],[-98.3806809998609,29.698764000034394],[-98.38066800034044,29.69895600015164],[-98.38052299967717,29.69940200036514],[-98.38052299967717,29.6995390000104],[-98.38060100039327,29.699904000374655],[-98.38063599965507,29.70006800021334],[-98.38063599965507,29.700128000144545],[-98.38069900030257,29.700397999781565],[-98.38077399974733,29.70058999989685],[-98.38087500002966,29.70080900032409],[-98.3809479998246,29.701359000146766],[-98.38096500044135,29.70148499966794],[-98.38092100006043,29.701912999846154],[-98.3808359996716,29.70207000033484],[-98.38074199996028,29.702300999911973],[-98.38069099990665,29.70249899990698],[-98.38065300027182,29.702598000148203],[-98.38055899966216,29.702989000092106],[-98.38054600014169,29.703109999870136],[-98.38048699969215,29.703464000163383],[-98.38037500043745,29.703719999703814],[-98.38016100017722,29.703929000332277],[-98.3798139998476,29.70409400015155],[-98.37960600033344,29.70422099967176],[-98.37947999993675,29.70427600026201],[-98.37931599990522,29.704369000028226],[-98.37900700010873,29.70448400020735],[-98.37838299976967,29.704809000137367],[-98.3782510004235,29.704912999611995],[-98.37775900032891,29.705227000328186],[-98.37748800016725,29.705436000161335],[-98.37710999987547,29.705666000285074],[-98.376977999631,29.705721000083976],[-98.37669700032191,29.705818999977307],[-98.37640000022101,29.70601200016431],[-98.37587399979122,29.70621499975061],[-98.37560900037568,29.70626599965518],[-98.37506799987729,29.706368999674186],[-98.374865000386,29.706362000001974],[-98.37459500004925,29.70627300011434],[-98.37400500004537,29.706168000198055],[-98.37354499973783,29.705937000151877],[-98.37327299975128,29.705772000239467],[-98.37309700002417,29.705623000095038],[-98.37306400041223,29.70555899992324],[-98.37298499987118,29.70558299999247],[-98.37214600034528,29.70531699988034],[-98.3716409998319,29.705156999667118],[-98.3712740003091,29.70500000010259],[-98.37101099964504,29.704959000230527],[-98.3708879996214,29.7049889999102],[-98.37084499996368,29.7050190003611],[-98.37065400016797,29.705006999869685],[-98.3704879995883,29.70499699997926],[-98.37039899989986,29.70499200003369],[-98.37000200023982,29.704904000014324],[-98.36978799997958,29.70495400028305],[-98.36966800032899,29.705036000014463],[-98.36960499968147,29.70510200033961],[-98.36934100009083,29.705195999640186],[-98.36919600032587,29.70523400007952],[-98.36908300034797,29.70524500024508],[-98.36895699995127,29.70533400026346],[-98.36863499973602,29.70546599969844],[-98.36808699956492,29.70564700014896],[-98.36792900027947,29.705674999814477],[-98.36774699980629,29.70568599993173],[-98.367424999591,29.705681000020462],[-98.36734299957523,29.70568599993173],[-98.36730900013838,29.705621000285394],[-98.3671280003884,29.705706999868497],[-98.3660649996582,29.705831000371706],[-98.36529399990435,29.70585500037586],[-98.36392099955273,29.70589899997854],[-98.36338699962535,29.70593500034843],[-98.36302599995034,29.706007999780148],[-98.3623270001665,29.70596999963368],[-98.36201800037003,29.705876999789478],[-98.36143300038901,29.705676999623055],[-98.36075299997344,29.70534299982262],[-98.36017800003819,29.70499300033496],[-98.3599260001431,29.704758999796482],[-98.35967500007294,29.704635999835002],[-98.35911400038138,29.704415000115695],[-98.35864200037828,29.704311000125422],[-98.3585899996014,29.704253999717427],[-98.35835000030022,29.70416000031547],[-98.3581300001922,29.704127000238916],[-98.358067000443,29.704155999857516],[-98.35773299963385,29.70402199963951],[-98.35749800035553,29.70397199968705],[-98.35721999962286,29.703911999711252],[-98.35642200010484,29.70390199971181],[-98.35627099959378,29.703896999711663],[-98.35587999978152,29.70383100015519],[-98.35538799968695,29.703859000327014],[-98.35455699965864,29.70386400032899],[-98.35443700000803,29.703908000023656],[-98.35439299962711,29.703936000174014],[-98.35435499999227,29.7040069996564],[-98.35416599984639,29.704084999700232],[-98.35410899994498,29.70410099998185],[-98.35403399960191,29.704084999700232],[-98.35389499968473,29.704089999690975],[-98.35378799955461,29.704117999790576],[-98.3536179996753,29.70414000036497],[-98.35352899998685,29.70416200015426],[-98.35342900042772,29.704250000043505],[-98.35320799959648,29.70430999981739],[-98.35308499957283,29.70437899998122],[-98.35300900030315,29.70438399995732],[-98.35288100025663,29.704393000381835],[-98.3527099996541,29.70443199987128],[-98.35265500030083,29.704486000039694],[-98.35252999972904,29.704515000334926],[-98.35219400016838,29.70459100015401],[-98.3519349997023,29.70469600015855],[-98.35164599999729,29.704778000100603],[-98.3512800002994,29.70486699975262],[-98.35097599962747,29.70503900013656],[-98.35090600020558,29.705060000208675],[-98.3503289997222,29.705235000378316],[-98.35006400030663,29.705334999781048],[-98.34938399989106,29.705637000322287],[-98.3491250003233,29.705730999902304],[-98.34897399981224,29.705812999779567],[-98.34861499978703,29.70593500034843],[-98.34770099991805,29.706479000032346],[-98.3474869996578,29.706573000384843],[-98.34727300029587,29.706776999900754],[-98.3468439999505,29.70696900030589],[-98.34676899960742,29.706985999629147],[-98.34671799955379,29.70696900030589],[-98.34664300010904,29.70700800035552],[-98.34659899972812,29.707046000109216],[-98.3463090001982,29.707100999932543],[-98.34612000005231,29.70716699968084],[-98.3460499997321,29.707200999817992],[-98.34595600002076,29.707205999653592],[-98.34589900011936,29.70722299971694],[-98.34586099958621,29.707272000113072],[-98.3458170001036,29.707293999996537],[-98.34572300039225,29.70728900016533],[-98.34536400036707,29.70716799996044],[-98.34523700014546,29.707178999914163],[-98.34501100018964,29.70728900016533],[-98.34492199960289,29.707304999936454],[-98.3448660004247,29.70728900016533],[-98.34478400040894,29.707239000278854],[-98.34468899997437,29.707239000278854],[-98.34436199973622,29.707415000049593],[-98.34420399955248,29.70754200005165],[-98.34386399979385,29.707696000280965],[-98.34337900027026,29.70801000009804],[-98.34315199959123,29.708125000008945],[-98.3428679999091,29.708384000174263],[-98.34172200023653,29.70922600025877],[-98.34134999979253,29.70964999997842],[-98.3411420002784,29.710155999700127],[-98.3403670003266,29.711795000186793],[-98.34022900023433,29.71215800002162],[-98.34015999973906,29.712560000338236],[-98.34015999973906,29.712664999812322],[-98.3402130003408,29.71271999967879],[-98.340163999937,29.712845999769947],[-98.34019999992202,29.71325700008268],[-98.34023900028006,29.713696000042827],[-98.34045000016725,29.714163000063223],[-98.34057700038888,29.714445999768564],[-98.34056999981786,29.71451300035672],[-98.34057599966565,29.714557000066538],[-98.34053200018303,29.714650999878454],[-98.34049100017515,29.714649000248613],[-98.34045299964201,29.714897000081887],[-98.3404590003881,29.71536399997679],[-98.34039499991569,29.715663000197203],[-98.3403609995805,29.715819000060357],[-98.3400719998755,29.716116000105004],[-98.33987699988182,29.716240999645702],[-98.33952999955218,29.71638900023001],[-98.33908900040954,29.716713999856523],[-98.33895700016505,29.716801999667986],[-98.33872399963823,29.717049999643713],[-98.33841499984176,29.71758300036806],[-98.33840300014619,29.717671000197903],[-98.3383770002069,29.7177480003758],[-98.33832699997821,29.717852999884855],[-98.3382009995815,29.71806700003773],[-98.33816299994668,29.71814399991186],[-98.33812500031185,29.71826000008688],[-98.33812500031185,29.71844700032218],[-98.33808799960362,29.71870000017785],[-98.33801200033393,29.718948000145183],[-98.33800599958784,29.71914600008187],[-98.33804400012099,29.71960200034169],[-98.3380309997022,29.720158000332898],[-98.33807500008312,29.720432999901533],[-98.33838499970454,29.721252999631414],[-98.33856100032995,29.721621000270122],[-98.33861800023135,29.721785999880943],[-98.33879399995845,29.72200600024026],[-98.33956300006247,29.72244600029228],[-98.34058499988647,29.72287000034697],[-98.34103199977524,29.72308399994461],[-98.34150499960323,29.723336999813515],[-98.34210999967573,29.72381000012998],[-98.3423749999896,29.72408000005825],[-98.3425070002341,29.72416199977127],[-98.34354099975367,29.72471700013943],[-98.34371099963298,29.72482699989715],[-98.34385000044847,29.724991999697647],[-98.34389999977887,29.725003000038786],[-98.3440639998104,29.725162999828726],[-98.34414599982615,29.7252070003308],[-98.34501000036474,29.726059999958146],[-98.34519299976454,29.726164000042292],[-98.34558399957677,29.726455000155145],[-98.34628300025892,29.726702999681713],[-98.34677500035352,29.726861999798103],[-98.34724200033374,29.72695599978766],[-98.34746200044177,29.726934000312518],[-98.34760700020672,29.72695599978766],[-98.34791000015544,29.726978000038084],[-98.3484080000978,29.727104000173615],[-98.3486409997263,29.72719200023643],[-98.34885499998654,29.727307000015923],[-98.34902499986586,29.727422999741457],[-98.34920800016396,29.72751100030453],[-98.3494919998461,29.72782399969617],[-98.34953600022702,29.727889999861976],[-98.34965000002984,29.728028999785426],[-98.34974200009135,29.728142000024697],[-98.34975700015997,29.728159999733467],[-98.34980599966545,29.728229999957183],[-98.34999700035948,29.728506000095816],[-98.35015399982,29.728676999699022],[-98.35020800024667,29.72874799962656],[-98.3503370001181,29.728919000377516],[-98.35042499998164,29.72912199966805],[-98.35057700031761,29.729364000053256],[-98.35098700039643,29.729925000048716],[-98.35121400017717,29.73034899970477],[-98.35132700015507,29.73052999975552],[-98.35147899959271,29.730673000103405],[-98.3516739995864,29.73083300021286],[-98.35192600037978,29.731156999828443],[-98.35206500029695,29.73130600029721],[-98.35226699996332,29.73170200015841],[-98.35240599988049,29.7318840001416],[-98.3524560001092,29.732159000338445],[-98.35239300036001,29.73266499969824],[-98.35231100034424,29.732918000371164],[-98.35225500026775,29.73317599972816],[-98.35221699973461,29.733258999827697],[-98.35215099961235,29.733379999783992],[-98.35221099988682,29.733730000144572],[-98.35211399980244,29.733964000234938],[-98.35214800013762,29.734050999729305],[-98.35220500003904,29.734150000057358],[-98.3525890001786,29.73436499978725],[-98.35314999987014,29.734479999925256],[-98.35357900021556,29.734479999925256],[-98.35433499990079,29.73438599996472],[-98.35483299984317,29.73430900007253],[-98.35581700003235,29.73407199997251],[-98.35617000020976,29.733807999715342],[-98.35624499965452,29.73365399976449],[-98.35642799995261,29.733433999981717],[-98.35664800006063,29.733070999870385],[-98.35668499987057,29.732974000082425],[-98.35672000003066,29.73288500038742],[-98.35673500009929,29.73284600025077],[-98.35675500019076,29.732794999809233],[-98.35682499961266,29.73261399994467],[-98.35683200018364,29.732602999657946],[-98.35688599971202,29.732509000278736],[-98.3569200000472,29.73245200028032],[-98.35693199974277,29.73243199972578],[-98.35723399986658,29.732118999888595],[-98.35798999955179,29.731365000243603],[-98.35819799996425,29.7311169997592],[-98.35832400036095,29.731006999876474],[-98.35839999963062,29.730819999643046],[-98.35838700011014,29.73026400021906],[-98.3593129996747,29.72918599963969],[-98.35938200016999,29.729036999922858],[-98.35956499956977,29.728878000132767],[-98.36148699991739,29.727187999916104],[-98.36163199968232,29.726994999873625],[-98.36185199979036,29.726824999827855],[-98.36239999996144,29.726273999773984],[-98.36270299991014,29.726059999958146],[-98.36289799990382,29.72586199961993],[-98.36348999955752,29.72529499971691],[-98.36371700023656,29.725075000326857],[-98.36436599979166,29.724331999647937],[-98.36502100009287,29.72375899977591],[-98.36546200013383,29.723434999674595],[-98.36567600039409,29.723346000099305],[-98.36620500029859,29.723027000052664],[-98.36694900028826,29.722543000116918],[-98.36717000022121,29.722383000050293],[-98.36750300030712,29.722196000127035],[-98.36798899965564,29.72185999962301],[-98.3681209999001,29.721789000282683],[-98.36832299956646,29.721721999870258],[-98.3684360004427,29.72162899979414],[-98.36982800016254,29.720692999665914],[-98.37038300000634,29.720621000134685],[-98.37120200033907,29.72057699996228],[-98.371964999697,29.720405999818365],[-98.37265199978526,29.720278999705435],[-98.3733449997213,29.720179999733197],[-98.37400000002252,29.720019999800183],[-98.37459300039944,29.719915000217526],[-98.37474400001219,29.719899000115472],[-98.37500199975504,29.71991000023467],[-98.37514099967221,29.719931000317054],[-98.3752100001675,29.71997499999248],[-98.37529899985594,29.720074000166925],[-98.37543100010043,29.720398000196816],[-98.37548700017693,29.720745000162083],[-98.37550600044351,29.720805000221073],[-98.37552499981177,29.72105299966809],[-98.3755120002913,29.721509999982175],[-98.37554300025342,29.72197199965596],[-98.37564399963746,29.722654000042485],[-98.37561799969818,29.72299000022859],[-98.37547899978102,29.723545000057445],[-98.37535900013042,29.723776000156853],[-98.37532099959726,29.72389200006363],[-98.37522699988594,29.724083999722335],[-98.3749990002803,29.724618999970094],[-98.37453899997277,29.725175000251237],[-98.37430600034426,29.725395000202187],[-98.37376400002096,29.725713999742357],[-98.37359999998942,29.725868000179606],[-98.37350000043031,29.726022000380564],[-98.37330500043664,29.726687999966863],[-98.3732040001543,29.727359000205347],[-98.373210999827,29.727688999789223],[-98.37315399992559,29.728322000087747],[-98.3731670003444,29.72843199979393],[-98.37323599994136,29.728603000303355],[-98.3732240002458,29.728761999749153],[-98.37323000009359,29.728845000380236],[-98.37317999986486,29.728861999899532],[-98.37329399966768,29.728944000385297],[-98.37324799963693,29.72918599963969],[-98.37333999969843,29.729303000372227],[-98.37333200020083,29.72944500007118],[-98.37341800041455,29.729779000032032],[-98.37345500022447,29.729925000048716],[-98.37343400030807,29.73002900002716],[-98.37354100043818,29.730134999999294],[-98.3735840000959,29.73040099987778],[-98.37360300036248,29.730428999659743],[-98.37369799989872,29.730499999907625],[-98.37370399974651,29.730549999909183],[-98.37372899986086,29.730594000389164],[-98.37379199961006,29.730664999740192],[-98.37394499977093,29.73082499986241],[-98.37408299986318,29.730969999874663],[-98.3742529997425,29.7310609997914],[-98.3747380001644,29.731507000144358],[-98.37499699973216,29.731683000269708],[-98.37590899995133,29.732071999983212],[-98.37631800020525,29.732309000128026],[-98.37696699976034,29.732618000048653],[-98.37734500005212,29.732732999849304],[-98.37819000032414,29.73308000006311],[-98.37902200017734,29.733344999914827],[-98.3796459996181,29.73358700025399],[-98.3803639996685,29.733780000096402],[-98.38094399962664,29.733977999629644],[-98.38104499990898,29.73403300029733],[-98.38128400028357,29.73413299987404],[-98.38142900004854,29.734155000110746],[-98.38287199982202,29.734880999754914],[-98.38311200002154,29.73503000015265],[-98.38316800009802,29.735102000265503],[-98.38358400002465,29.735140000304266],[-98.38435300012867,29.735141000305095],[-98.38450499956633,29.735124000289737],[-98.38494599960728,29.735036000164012],[-98.3851859998068,29.734909999849656],[-98.3857280001301,29.734678999642338],[-98.38628299997387,29.73427199972846],[-98.3865599999833,29.734117999709888],[-98.38695099979557,29.733941999956347],[-98.38755599986804,29.733865999736818],[-98.3882620002229,29.733942999969138],[-98.38834400023866,29.734009000009713],[-98.38846999973704,29.734097000256313],[-98.38877900043185,29.734382999939644],[-98.38904999969517,29.734669000367603],[-98.3892770003742,29.734877999744636],[-98.38953500011706,29.73514800031058],[-98.39013299961856,29.735962999951145],[-98.3903669999703,29.736165999808694],[-98.39064399997972,29.736374999966642],[-98.39097200004277,29.736480000266116],[-98.3913119998014,29.73643600002772],[-98.39211299969247,29.736386999828145],[-98.39363199963395,29.73648100025354],[-98.39431200004951,29.736707000285158],[-98.39503099992484,29.737102999885796],[-98.39532700020085,29.73714699983158],[-98.39649299996489,29.73724700020391],[-98.39704199996089,29.737378999793798],[-98.39712099960363,29.73734299978105],[-98.39741900042776,29.737464000271025],[-98.39747399978103,29.737473000069528],[-98.39833900014452,29.737614999904103],[-98.39879400042918,29.7378689997659],[-98.39917199982264,29.73811100011069],[-98.39948700036523,29.738457999660255],[-98.399569000381,29.738634000069883],[-98.39975199978079,29.73927800028321],[-98.3996890000316,29.739458999822784],[-98.39958699992435,29.73997600005696],[-98.39924700016572,29.740515000367502],[-98.39891900010267,29.7408510000171],[-98.39862200000174,29.741010000329386],[-98.39831999987796,29.74136199968244],[-98.39823799986218,29.741570999932456],[-98.39812999990716,29.74224800003925],[-98.3981619996942,29.742555999833236],[-98.39826200015163,29.74284200035481],[-98.39853999998597,29.743347999639365],[-98.39865899981167,29.74349699993782],[-98.39882299984319,29.743628999881153],[-98.39898699987472,29.743783000115446],[-98.39942799991569,29.744141000120806],[-98.39988800022324,29.744553999985786],[-98.40005800010253,29.744675000354906],[-98.40015900038489,29.744811999829537],[-98.40022200013408,29.744834000063584],[-98.40046800018136,29.745086999678655],[-98.40089599980354,29.74562100033432],[-98.40134400041552,29.746050000176734],[-98.40162800009763,29.746385999998644],[-98.40208699968196,29.746859000051874],[-98.40217600026872,29.747007999812585],[-98.40227599982785,29.747232999638708],[-98.40229500009443,29.747580000380857],[-98.40236399969139,29.747998000262182],[-98.40250299960856,29.74816900017224],[-98.40301399996973,29.74867499987141],[-98.40327199971259,29.7488240000529],[-98.40354899972202,29.74887900037794],[-98.4038709999373,29.749000000207037],[-98.40540300029755,29.74876400037283],[-98.40617200040158,29.74869199992944],[-98.40688399970588,29.74873700011511],[-98.40747100023503,29.748686999820926],[-98.4077859998793,29.748598999897677],[-98.40804899964505,29.74847099972966],[-98.40827200012612,29.748362999899427],[-98.40842299973886,29.748236000080244],[-98.40969700035626,29.747752000098963],[-98.410833999808,29.747425999738947],[-98.41091800037191,29.74740200031649],[-98.4110160002812,29.747373999813167],[-98.4111150000154,29.7473460000819],[-98.41208599978579,29.74692199974217],[-98.41264700037567,29.747010000357474],[-98.41300600040086,29.74719199986051],[-98.41330299960346,29.74721400035235],[-98.41416700014204,29.747104000184898],[-98.41434899971692,29.74707100018913],[-98.4152130002555,29.74683999991469],[-98.41534899979963,29.746792999888207],[-98.4160640003753,29.746548999662185],[-98.4161210002767,29.74649899983664],[-98.41621599981293,29.746279000152057],[-98.41627199988945,29.74619699979869],[-98.41640499995883,29.746080999945175],[-98.41652399978453,29.74602000029108],[-98.41683000010627,29.74596300017162],[-98.41702199972688,29.74578700014562],[-98.41814499983325,29.745347000288888],[-98.4187189999436,29.745075000078227],[-98.41898400025745,29.744937000279876],[-98.41919199977161,29.74478300025807],[-98.41930800012257,29.744684000286316],[-98.41997099992139,29.74412100033723],[-98.42003100019583,29.74407000016906],[-98.42019400040246,29.74393099985432],[-98.42054699968156,29.743655999954516],[-98.42067300007825,29.743528999632804],[-98.42076199976673,29.74338100008051],[-98.4210349995782,29.74292700010168],[-98.421380000258,29.741615000257987],[-98.42176500022248,29.74037699975353],[-98.42179600018461,29.739457999865046],[-98.4218029998573,29.738841999801185],[-98.42175099997877,29.73871900026347],[-98.4215130003274,29.73816000024799],[-98.42134300044808,29.737637000157132],[-98.42098400042288,29.736014000342085],[-98.42095799958528,29.735700999981113],[-98.42097100000409,29.7352170003386],[-98.4209650001563,29.734693999722612],[-98.42084499960738,29.73430400002681],[-98.42069999984243,29.734060999845664],[-98.42047999973441,29.73381399979979],[-98.4198300003544,29.73357700009038],[-98.41922500028188,29.733280000236746],[-98.4189170003103,29.733301999880474],[-98.41870899989785,29.73333999982106],[-98.41827399970468,29.733368000342804],[-98.4180779998861,29.733368000342804],[-98.41785100010536,29.733318000185665],[-98.41754899998158,29.733064999741487],[-98.41725899955334,29.73284000010842],[-98.41701900025215,29.732354999893776],[-98.41690000042647,29.73205800032251],[-98.41688700000769,29.73169499991244],[-98.41695700032787,29.731360000051197],[-98.41707000030578,29.730958000145204],[-98.41725299970557,29.730512999738764],[-98.41750499960065,29.730188000333385],[-98.41779500002887,29.729901999611375],[-98.4186269998821,29.72948900025574],[-98.41910599955789,29.729390000008372],[-98.41960400039858,29.72925299974915],[-98.41995699967768,29.72913200027574],[-98.42053699963581,29.728911999937374],[-98.42104799999697,29.728879000196027],[-98.42141399969488,29.72874700034209],[-98.42184899988806,29.72856600019507],[-98.42194299959938,29.72850500002883],[-98.42200899972163,29.728476999709912],[-98.42210199960805,29.728434999996974],[-98.42223499967744,29.72838300036519],[-98.42245399996054,29.72829599985587],[-98.42258600020503,29.72813699967161],[-98.42257899963403,29.728069000305798],[-98.42271599990136,29.728018999847905],[-98.42302600042109,29.727907000323107],[-98.4230840001474,29.7279280002923],[-98.42319100027753,29.727921999855816],[-98.42346200043917,29.727833999653196],[-98.42357600024201,29.727818000033565],[-98.42379600035002,29.72772999973973],[-98.42411799966698,29.72762000004398],[-98.42439800004946,29.727512000381367],[-98.42466500001315,29.72740900021207],[-98.42481700034912,29.727350000279547],[-98.42506300039642,29.727279000142794],[-98.42515200008486,29.727240000167207],[-98.42551699995785,29.727152000146553],[-98.42580099963997,29.727058999641915],[-98.4259079997701,29.72701499995191],[-98.42614700014471,29.726860999714795],[-98.4262669997953,29.726773000141797],[-98.42647500020777,29.72655799974357],[-98.42677800015646,29.726333000339263],[-98.42698599967062,29.72615700019006],[-98.42775499977465,29.725688999709867],[-98.4278939996918,29.725551999858048],[-98.42802000008851,29.72538600010017],[-98.42815800018079,29.72525499965095],[-98.42897199959233,29.7245719996718],[-98.42910999968458,29.72449000029381],[-98.42929899983048,29.72434099984443],[-98.42972200032808,29.723978000378754],[-98.42995499995659,29.723588000372846],[-98.4300050001853,29.72328499988019],[-98.42986700009304,29.722895000301687],[-98.42967799994716,29.722607999729796],[-98.42943799974765,29.722317000163084],[-98.42896599974453,29.721437000119465],[-98.42801400024072,29.720468000374087],[-98.42785600005699,29.720320000343005],[-98.42767399958379,29.720012000147925],[-98.42728899961932,29.7194499999652],[-98.42709399962565,29.719031999693176],[-98.42696800012727,29.718839999731397],[-98.42689899963199,29.71865300022825],[-98.42687299969272,29.71843800037724],[-98.42684199973058,29.717689999619108],[-98.42699999991433,29.717409000051912],[-98.42711899974002,29.717293999852266],[-98.42741599984093,29.717057000131152],[-98.42783199976753,29.71681000035634],[-98.42794499974543,29.716694000065967],[-98.4279699998598,29.716683000374463],[-98.42841099990076,29.716671999901624],[-98.42998099989586,29.71602899988347],[-98.43092599972698,29.715753999951783],[-98.43222399973553,29.71589099991548],[-98.43254000010302,29.71590800006876],[-98.43349800035293,29.71602899988347],[-98.43397000035603,29.716061999949478],[-98.43456299983464,29.71607299970903],[-98.4351360001201,29.71602899988347],[-98.43726000013406,29.715676999804728],[-98.43787799972704,29.71561600038588],[-98.43834399988236,29.7156270001943],[-98.43895499980262,29.715764999745076],[-98.4407830004389,29.71640900008134],[-98.44084100016524,29.716464000237178],[-98.44088600037107,29.716495999973596],[-98.44104700002954,29.716573999678328],[-98.44121699990886,29.716627000153256],[-98.44128700022905,29.71667300008647],[-98.44130599959732,29.716711000083247],[-98.44193699960908,29.717432000232073],[-98.44227700026603,29.717915999849648],[-98.44232900014455,29.717973000303815],[-98.44257299964372,29.718240999993398],[-98.44283200010982,29.718383999910554],[-98.44300799983691,29.718509999914207],[-98.4433669998621,29.71880699979853],[-98.4436070000616,29.719137000199606],[-98.44362600032818,29.71920299983755],[-98.44368999990229,29.719436000103702],[-98.44369499992516,29.719456000128094],[-98.44372599988729,29.719493999851498],[-98.44385200028398,29.71965000000221],[-98.44398500035338,29.7198140003593],[-98.44406700036915,29.72007799999066],[-98.44411699969955,29.720172000093687],[-98.44416799975318,29.720457999683077],[-98.44418700001975,29.721151000199196],[-98.4442120001341,29.721309999750847],[-98.444325000112,29.72148099991485],[-98.44440700012777,29.72165099965216],[-98.44450199966401,29.72178300025925],[-98.44462200021292,29.72207999982012],[-98.44470400022868,29.72246599971688],[-98.44466599969554,29.722690999990434],[-98.4446470003273,29.723093000253083],[-98.44464099958118,29.72425900027768],[-98.44462800006072,29.7244460002574],[-98.44460899979414,29.724556000312173],[-98.4446339999085,29.724837000152846],[-98.44464099958118,29.725336999964078],[-98.4446339999085,29.725446999822278],[-98.44459000042588,29.72572199972024],[-98.44458399967978,29.725931999886598],[-98.44458500040301,29.725970000278377],[-98.44459000042588,29.72603000033388],[-98.44459999957331,29.72610799965033],[-98.44460600031941,29.72614900024687],[-98.44458399967978,29.72627800013073],[-98.44454000019718,29.726377000328316],[-98.4445209999306,29.726541999920485],[-98.44448999996845,29.726691000222043],[-98.44440799995267,29.72696000011722],[-98.44435699989906,29.72705400001495],[-98.4443379996325,29.72716899995268],[-98.44428199955598,29.72735599997014],[-98.44399799987386,29.728011000053108],[-98.44381499957575,29.728307999903702],[-98.44366399996302,29.728692999961762],[-98.44357399955133,29.728743000083774],[-98.4434659995963,29.729271000038754],[-98.44316600002064,29.729927000154294],[-98.44291800032353,29.73047100009809],[-98.44276900036061,29.73110299996517],[-98.44275599994182,29.73155999975364],[-98.44275000009405,29.73168600037553],[-98.44271900013189,29.73187899997502],[-98.44268700034486,29.73217600007622],[-98.44268099959875,29.73228600023726],[-98.44269300019263,29.732561000112177],[-98.44273800039846,29.732682000130378],[-98.4427629996145,29.732786000371],[-98.44300199998912,29.733214999736507],[-98.44309700042366,29.73325399972969],[-98.44319100013502,29.733517999884814],[-98.4433109997856,29.733869999790866],[-98.44336199983923,29.73429899998085],[-98.4434020000222,29.734355999709823],[-98.44346899996935,29.73445299972153],[-98.44367099963571,29.73464600023785],[-98.44486200041244,29.73541100016313],[-98.44525900007248,29.735591999661036],[-98.44544800021836,29.735636000269665],[-98.44581999976403,29.735829000069824],[-98.44597799994779,29.735883999722645],[-98.4462740002238,29.735899999615945],[-98.44658899986807,29.7359330001679],[-98.44677800001396,29.735982999801674],[-98.44736499964478,29.735938000132414],[-98.44778099957139,29.735882999729206],[-98.44805199973305,29.73581700014162],[-98.44868199991988,29.73557499972211],[-98.44904099994508,29.73536600023725],[-98.44947600013828,29.73525600033349],[-98.44989200006488,29.73504700018394],[-98.45068600028326,29.734618000072846],[-98.4512029995939,29.734403000105214],[-98.45171399995506,29.734040000380205],[-98.45184600019954,29.733886000005462],[-98.45218699978308,29.733566999925795],[-98.45246100031777,29.733229000015804],[-98.45247899986114,29.733207000356074],[-98.45249499975465,29.73318699995205],[-98.45255800040215,29.733050000197697],[-98.45259600003699,29.7328740001304],[-98.45259500021207,29.73280199997844],[-98.45397799971111,29.73234999975072],[-98.45447300017874,29.732238000380395],[-98.45545399999489,29.732014999736496],[-98.45582399989074,29.731989999713903],[-98.45609300040256,29.731900999925976],[-98.45622700029686,29.73191599964158],[-98.45664300022348,29.731827999821885],[-98.45695200001997,29.731717999938713],[-98.45749400034326,29.73156399989963],[-98.45847699980922,29.73170700033382],[-98.45868500022168,29.731755999699253],[-98.45891799985019,29.731795000259655],[-98.45936599956384,29.731773000285393],[-98.45955499970974,29.731839000193595],[-98.45973200016006,29.732053000164594],[-98.45978800023656,29.732125000074134],[-98.45996499978857,29.732542999632848],[-98.4600590003982,29.7326250002302],[-98.46018599972149,29.732691000357953],[-98.46031200011818,29.732756999662204],[-98.46038099971516,29.732762999809513],[-98.46050100026407,29.73279599983346],[-98.46077200042573,29.732927999820458],[-98.46125899959914,29.733179999809714],[-98.4612789996906,29.73319000001295],[-98.46200099993898,29.733433999981717],[-98.46212700033567,29.733504999662923],[-98.4622910003672,29.7336479996704],[-98.46251800014792,29.7338679997639],[-98.46261299968415,29.733988999765597],[-98.46264399964632,29.734109999621413],[-98.46268800002724,29.73420399984058],[-98.46271999981428,29.734269999709447],[-98.46274499992865,29.73439100000635],[-98.46274499992865,29.734523000234628],[-98.46280799967784,29.734616000060726],[-98.46282699994441,29.734725999886333],[-98.46320100003823,29.735406000172343],[-98.46327999968095,29.73560800038095],[-98.46338400033633,29.73587299979451],[-98.46357099993408,29.736102000389785],[-98.46375400023219,29.736499000026214],[-98.46387100040805,29.736644999623127],[-98.46407600044746,29.73675099962463],[-98.46423299990796,29.736954000227396],[-98.4642970003804,29.73705300003035],[-98.46436599997737,29.73711900036471],[-98.4644599996887,29.737338999865496],[-98.46449800022184,29.737598000308004],[-98.4649590003543,29.738114999995453],[-98.46510999996703,29.738236000334037],[-98.46548200041103,29.738412000353218],[-98.4659739996073,29.738538000168344],[-98.4662830003021,29.738521999915847],[-98.46672400034306,29.738412000353218],[-98.46709599988874,29.738300999920607],[-98.46729099988241,29.738196999937866],[-98.46737899974596,29.73813600016782],[-98.46757499956455,29.738042999705357],[-98.46766300032641,29.738014999708593],[-98.46787699968834,29.737987999676413],[-98.46847099989017,29.737860999976586],[-98.46901800023636,29.737662000332417],[-98.46911899962038,29.73757500006992],[-98.47012100025121,29.73709600001674],[-98.47022199963524,29.737043000212278],[-98.47164699986538,29.736298000041195],[-98.47258599984872,29.735549999806615],[-98.47290700023909,29.735285000319827],[-98.47328499963255,29.73491099985279],[-98.47353099967985,29.734734999930502],[-98.4739719997208,29.734365999795827],[-98.4746400004408,29.73406399988037],[-98.47492400012294,29.733953000096246],[-98.47516900034532,29.73382099989788],[-98.47545300002746,29.733739000278167],[-98.47605200025215,29.733595999620373],[-98.47639200001079,29.733480000011642],[-98.4769910002355,29.733436000017345],[-98.47751400029223,29.73360099970138],[-98.47781100039316,29.733799000367995],[-98.47821999974875,29.73401900013026],[-98.47859200019275,29.734316000136076],[-98.4786740002085,29.734420000242757],[-98.47917299997579,29.734848999640644],[-98.47956999963581,29.735025000142876],[-98.47977800004827,29.7350800002365],[-98.48005500005772,29.73510700027144],[-98.4806729996507,29.735140000304266],[-98.48098800019328,29.735201000336374],[-98.48175700029729,29.735316000295967],[-98.48183299956698,29.73532100029119],[-98.48212899984298,29.735310000301286],[-98.48233100040764,29.73525500033379],[-98.48238800030906,29.73525500033379],[-98.48251999965522,29.735266000329712],[-98.48281599993123,29.735359000246966],[-98.48299900022934,29.735464000049934],[-98.48334599966067,29.7355019999515],[-98.48391300009831,29.735607000384825],[-98.48473300025597,29.73569999998592],[-98.48533199958236,29.735832000051705],[-98.48567800008709,29.7358150001534],[-98.4861430004175,29.735855999903155],[-98.48656099999393,29.73589199966959],[-98.48685100042216,29.73589699963615],[-98.48716000021864,29.73599599970234],[-98.48744999974855,29.735984999786478],[-98.48793500017045,29.73589699963615],[-98.48872299964275,29.735671000119527],[-98.48895600016955,29.735499999957064],[-98.48975000038791,29.735340000270885],[-98.49014100020018,29.735340000270885],[-98.49068299962518,29.735423000139956],[-98.49088500018985,29.73547800001536],[-98.49113700008492,29.735526999878953],[-98.4913329999035,29.735603999616213],[-98.49149699993505,29.73563700026557],[-98.49178700036326,29.735740999782614],[-98.49192000043266,29.735782000342667],[-98.49203900025834,29.735818000135655],[-98.4923539999026,29.73593400016083],[-98.49244199976616,29.73598899975604],[-98.49262500006427,29.73613200012247],[-98.49274499971486,29.736252999733278],[-98.49275800013365,29.73627300030596],[-98.4927959997685,29.736329999693254],[-98.49280800036237,29.73640099966473],[-98.4927959997685,29.736473000353516],[-98.4927890000958,29.73663199980653],[-98.4927959997685,29.7367150001665],[-98.492859000416,29.736862000212657],[-98.49289000037814,29.736934999773467],[-98.49295300012733,29.736990000379773],[-98.49302300044752,29.737034000375136],[-98.49329999955864,29.737138000003817],[-98.49356499987252,29.737215000064374],[-98.4938109999198,29.73731400038973],[-98.4942250001966,29.737460000360308],[-98.49463699992523,29.737605000142022],[-98.49529899989915,29.737862999924],[-98.49616300043773,29.738176999748852],[-98.49655400024997,29.738352999871502],[-98.49695699975778,29.738490000183166],[-98.49723600031537,29.738512000244256],[-98.49761899973169,29.738543000003],[-98.49764399984605,29.738544999936813],[-98.49826200033733,29.738539000135308],[-98.4986969996322,29.738543999969913],[-98.49880700013539,29.73856899991911],[-98.49883800009752,29.738575999685366],[-98.49898000038773,29.73860800017063],[-98.49899399973312,29.73858000033161],[-98.49901899984746,29.73852799971832],[-98.49922700025992,29.738494000052818],[-98.49964900003432,29.738511000277022],[-98.50000200021175,29.73842799984325],[-98.50080899995059,29.73826800014776],[-98.50115000043246,29.73824100018376],[-98.50252999955845,29.73831800017752],[-98.50336899998267,29.73849999985697],[-98.50397400005517,29.738643999729323],[-98.50443400036272,29.738797999819038],[-98.50499500005425,29.73905699961386],[-98.50549299999665,29.739359000096044],[-98.50584600017407,29.7394369999695],[-98.50618599993268,29.7396399998157],[-98.50643199997997,29.739734000312303],[-98.50682899964,29.739810999939884],[-98.5071879996652,29.73979499989042],[-98.50744700013131,29.73989400000904],[-98.50759799974404,29.739988000267573],[-98.50770499987416,29.740120000150018],[-98.50799500030239,29.740356000050408],[-98.50817699987726,29.740488000228417],[-98.5085679996895,29.74065899968662],[-98.50904100041583,29.740819000247537],[-98.50924300008221,29.740851999961],[-98.50949499997728,29.740934999948603],[-98.50962700022177,29.741171000271017],[-98.50972799960579,29.741258999693837],[-98.51052799967195,29.741495999971242],[-98.51113299974445,29.741650000361354],[-98.51183900009929,29.74188699971468],[-98.51220499979718,29.742095999650456],[-98.51261400005109,29.742355000287606],[-98.51288600003765,29.742426999821962],[-98.5135659995549,29.742752000131393],[-98.51420900016055,29.74281200028931],[-98.51449100019285,29.74285600007032],[-98.51473899988997,29.74289500021464],[-98.51533100044199,29.743038000093964],[-98.5156209999719,29.743099000002235],[-98.51582900038434,29.7430939996148],[-98.51597400014931,29.74306600024828],[-98.51606899968554,29.743032999703473],[-98.5162260000444,29.74308299969745],[-98.5165289999931,29.743318999644554],[-98.51680000015475,29.74351200025924],[-98.51710200027854,29.743644000182833],[-98.51736699969408,29.743809000232936],[-98.51794099980445,29.744140000209704],[-98.51857099999131,29.744393000016004],[-98.51908200035247,29.74455300007886],[-98.51945300007323,29.744640999653612],[-98.51987599967254,29.7447949998935],[-98.52024100044383,29.74490500025433],[-98.52105400003046,29.745050000190986],[-98.5212599998948,29.745086999678655],[-98.52144700039086,29.745120000327443],[-98.52178600032457,29.745180999749117],[-98.52283200043803,29.74523100023193],[-98.52314100023452,29.74526400005335],[-98.52337399986301,29.745241999913638],[-98.52382199957668,29.744988999909697],[-98.52392299985902,29.744949999799868],[-98.52405699975331,29.744893999755664],[-98.52426400034088,29.744807000307425],[-98.52437099957267,29.744741000352914],[-98.52445900033453,29.74470800035931],[-98.52456599956633,29.74464799977595],[-98.52498200039126,29.744367000049944],[-98.52523500011125,29.744252000329112],[-98.52529799986044,29.744213999842984],[-98.52539199957177,29.744136999696412],[-98.5254340003029,29.744086000316358],[-98.52547399958753,29.74403300030611],[-98.52549000037938,29.74401099989625],[-98.52553100038726,29.743976999749773],[-98.52562400027368,29.74392099994209],[-98.52563799961906,29.743905999681914],[-98.52577099968846,29.743839999914254],[-98.52582099991719,29.743801000137474],[-98.52590299993294,29.74372399967375],[-98.52601000006307,29.74358099999277],[-98.52608600023106,29.74341600034746],[-98.52608000038327,29.743146000200355],[-98.52587799981858,29.742458999858336],[-98.52575200032021,29.7421839998215],[-98.5255830002658,29.741319999904313],[-98.52543099992984,29.741012000214003],[-98.52538099970113,29.740785999743263],[-98.52545000019641,29.74062100017888],[-98.52586000027523,29.74036800021555],[-98.52610600032253,29.740335000342885],[-98.5264779998682,29.74035699999918],[-98.52678099981689,29.740445000136305],[-98.52698199965837,29.740594000068345],[-98.5272150001852,29.74072100020725],[-98.52740400033107,29.740919000078524],[-98.52763100011178,29.741099999776363],[-98.52778900029554,29.741308999792366],[-98.52795900017485,29.741584999825402],[-98.52809100041932,29.741870999996426],[-98.52819199980335,29.74222799987812],[-98.52817300043509,29.742478000045782],[-98.52826799997133,29.742819999683686],[-98.52827800001707,29.74285799991812],[-98.5282799996669,29.743498999772847],[-98.52828600041299,29.743658999702284],[-98.52845000044454,29.744092999697536],[-98.52857599994292,29.744236000208303],[-98.52900399956509,29.74453400028459],[-98.5299629996399,29.74476499963235],[-98.53027800018249,29.744940999892385],[-98.53069999995688,29.745139000010656],[-98.53133699981643,29.745469000378847],[-98.53199200011763,29.74592600022725],[-98.53296899973581,29.746378000108862],[-98.53361900001413,29.74659200025656],[-98.5337570001064,29.746647000246245],[-98.53387099990921,29.746735000322964],[-98.53395899977276,29.746790000234252],[-98.53402200042026,29.746912000128237],[-98.53407199975067,29.747011000239947],[-98.53410400043603,29.747224999816446],[-98.53407900032168,29.747473000248583],[-98.53400300015369,29.74772000019191],[-98.53392100013794,29.748204000327664],[-98.53383900012216,29.748599999764313],[-98.53385099981774,29.749024000026832],[-98.53368099993843,29.74999899993807],[-98.53365699964898,29.750214999856816],[-98.53365300034933,29.75025299962827],[-98.53362499986193,29.750504999759595],[-98.53365599982406,29.751110000110042],[-98.53371299972547,29.7516050000206],[-98.53374399968762,29.751836000234242],[-98.53392100013794,29.752187999796107],[-98.53398399988713,29.75226000006824],[-98.53401499984926,29.752352999823234],[-98.53444400019467,29.752638999694803],[-98.53504300041938,29.752980999767907],[-98.53512500043514,29.753014000157886],[-98.53525099993351,29.753046999757164],[-98.5353260002766,29.753058000141063],[-98.53576800014247,29.753024999765564],[-98.53594399986956,29.752970000155447],[-98.53657499988132,29.752842999933605],[-98.53685199989076,29.752744000121858],[-98.53701000007452,29.7526730000234],[-98.53784199992774,29.752348999726518],[-98.53798699969268,29.75228300005758],[-98.53844799982512,29.752122999852606],[-98.5389959999962,29.751903000031195],[-98.53957599995435,29.75188099978852],[-98.53974599983367,29.751854000370326],[-98.54017500017908,29.75177699985219],[-98.54059699995345,29.751727000294345],[-98.5408749997878,29.751743999834808],[-98.54137299973019,29.75174999962605],[-98.54216100010076,29.751837999902875],[-98.54249500001163,29.75179900011769],[-98.54286699955728,29.751854000370326],[-98.54371799967709,29.752052000094174],[-98.5440709998545,29.752173999823814],[-98.54459499973615,29.752460000206113],[-98.54521200040251,29.752695999918025],[-98.54573600028417,29.752954999689337],[-98.54617099957903,29.753071000167857],[-98.54676999980374,29.753263000127077],[-98.54701500002611,29.75340100016308],[-98.54712899982893,29.753500000105763],[-98.54720499999691,29.753538000191675],[-98.54730600027926,29.753615000136943],[-98.54786699997082,29.7543909998689],[-98.5478789996664,29.75450700024531],[-98.5478789996664,29.754738000010104],[-98.54785600010017,29.754857000177438],[-98.54781599991719,29.75505699981268],[-98.54770799996216,29.755450000078056],[-98.54764600003789,29.755673000081124],[-98.54748799985413,29.755931000164992],[-98.54726699992119,29.756372000148836],[-98.54713499967671,29.756586000018135],[-98.54692700016257,29.757048000349926],[-98.54691600029192,29.757084000306595],[-98.54691200009397,29.757096999811203],[-98.54688899962942,29.75716899967639],[-98.54688199995672,29.757301000334742],[-98.54693300001037,29.75797200008313],[-98.5470269997217,29.7583190003035],[-98.54717200038496,29.758780999664765],[-98.54737999989909,29.75921600024093],[-98.5475630001972,29.759528999722225],[-98.54772100038095,29.759755000052852],[-98.54778400013014,29.759815999927067],[-98.54806699998736,29.75999699982116],[-98.5483509996695,29.760124000335765],[-98.54893099962761,29.76034900035495],[-98.54934699955425,29.760437000100243],[-98.5499840003121,29.76054200015596],[-98.55048899992717,29.760712999721676],[-98.55104999961873,29.760690999853164],[-98.55272699974395,29.760272999874665],[-98.55301700017218,29.76019000030015],[-98.55330699970209,29.76005300000646],[-98.5534210004032,29.75997600032846],[-98.55369800041265,29.759815999927067],[-98.55430299958684,29.759441999717808],[-98.55464400006868,29.759149999635042],[-98.55473899960492,29.759056999948097],[-98.5549970002461,29.758633000013468],[-98.55512899959227,29.758286999870514],[-98.55523700044562,29.75797299985627],[-98.555362999944,29.75748900009781],[-98.55538800005836,29.757302000114564],[-98.55545099980755,29.757114999782345],[-98.5554199998454,29.75687300007311],[-98.55533799982962,29.756592000299445],[-98.55519300006469,29.756339000084534],[-98.55507300041408,29.756052999852418],[-98.55504099972872,29.75585500023348],[-98.55504099972872,29.75565700022331],[-98.55506400019325,29.75547099973927],[-98.55507900026187,29.75534900012323],[-98.5551169998967,29.755255000228296],[-98.55519300006469,29.755155999679463],[-98.55531299971527,29.75502999969026],[-98.5557789998706,29.75441400014921],[-98.55603099976568,29.75412200023416],[-98.55642900014894,29.75362199963275],[-98.55669199991468,29.753364999663347],[-98.55685099992333,29.753208999688304],[-98.55717899998639,29.75296100018802],[-98.55733700017014,29.752817999643757],[-98.55743699972925,29.752691999834994],[-98.55755100043038,29.752575999697708],[-98.55769000034756,29.75246100003424],[-98.55776700034045,29.75240900038046],[-98.55779099973157,29.752393000001618],[-98.5579260003491,29.752301999943093],[-98.5580169996874,29.752241000174752],[-98.55824400036641,29.752053999758505],[-98.55827100013062,29.75203599965835],[-98.55833999972758,29.751987999895327],[-98.55835899999416,29.75197499972813],[-98.55839599980408,29.751949000168484],[-98.55891300001304,29.75166899968407],[-98.55930399982527,29.75148199976062],[-98.55956199956813,29.75144899964613],[-98.5596589996525,29.751471999821607],[-98.55972300012493,29.75148699972971],[-98.56021799969426,29.751603000347327],[-98.56038199972576,29.751614000109846],[-98.56079199980461,29.751575000237434],[-98.56158600002298,29.7515310003832],[-98.5622980002256,29.751377000351305],[-98.56261399969479,29.75147599995326],[-98.56266999977127,29.7515310003832],[-98.56283399980282,29.751761999987394],[-98.56295400035174,29.752103000101524],[-98.56296699987219,29.75215300025173],[-98.56301700010093,29.752213000243025],[-98.56309900011667,29.75226300033837],[-98.5634589999668,29.75229600018488],[-98.56382399983977,29.752378000229072],[-98.56454899956286,29.752510000178248],[-98.56554500034594,29.7526590001189],[-98.56563999988217,29.7526590001189],[-98.56572799974572,29.75264799969115],[-98.56589900034825,29.752614999960578],[-98.56615700009111,29.75253200028286],[-98.56644699962102,29.752329000020474],[-98.56674299989703,29.752053999758505],[-98.56679999979843,29.751987999895327],[-98.56683800033159,29.75192199998869],[-98.56705900026454,29.751311000042364],[-98.56720400002949,29.751129000217887],[-98.567436999658,29.75089299993635],[-98.56757599957517,29.75060699976258],[-98.56774899982751,29.750300000372413],[-98.56779300020845,29.750220999739593],[-98.5679160002321,29.75000200027592],[-98.56813600034013,29.749666000094013],[-98.5683249995877,29.74944600033965],[-98.5684379995656,29.749226000102542],[-98.568394000083,29.749054999655634],[-98.56816099955618,29.748807000017198],[-98.56830600021945,29.7485430003317],[-98.56840699960345,29.748439000052077],[-98.56857099963499,29.748328999668857],[-98.56883500012397,29.748256999692984],[-98.56899900015547,29.74823500020998],[-98.56932100037076,29.748273999821965],[-98.5697680002595,29.748395000381205],[-98.56990700017668,29.74846599961006],[-98.5701470003762,29.748615000102173],[-98.57068899980118,29.749026999613985],[-98.57111099957558,29.7491319999249],[-98.57125000039105,29.749242000206966],[-98.57146399975298,29.749439999630564],[-98.57167200016545,29.749543999651753],[-98.57182100012837,29.74956999983517],[-98.57190499979396,29.749612999913708],[-98.57210700035864,29.74971500004441],[-98.5723309997663,29.749722999667995],[-98.57321600022127,29.74983800013286],[-98.57355900035296,29.750000999643408],[-98.57377000024015,29.750092000230946],[-98.57393099989864,29.750161000115767],[-98.57415199983156,29.750225999771594],[-98.57439700005396,29.750297999893185],[-98.57451400022983,29.750380999860806],[-98.57456699993327,29.750419000349208],[-98.57489400017141,29.750225999771594],[-98.57491900028577,29.75021099967478],[-98.57521600038669,29.750000999643408],[-98.57546800028176,29.74940699962378],[-98.57556500036615,29.749215999938485],[-98.57559399978015,29.749159000076233],[-98.57571599997888,29.74880799988176],[-98.57573900044343,29.74874100035597],[-98.57590099992682,29.748381999748005],[-98.57598899979037,29.74818800005757],[-98.57604700041499,29.74799100037373],[-98.57602200030064,29.747965999653694],[-98.57601599955454,29.747905000366572],[-98.57599700018629,29.747865999831156],[-98.5759910003385,29.747756000379123],[-98.57603499982112,29.74760200000756],[-98.57609799957031,29.747454000227744],[-98.57621100044653,29.747305000349986],[-98.57633100009713,29.74717799997049],[-98.57640700026512,29.74710699982945],[-98.576696999795,29.74691999997541],[-98.57691799972797,29.746832000061065],[-98.57697399980445,29.746787999684976],[-98.577061999668,29.74674400006947],[-98.57719499973739,29.74665600000065],[-98.57727699975315,29.746616999759258],[-98.57752299980045,29.746474000304513],[-98.5777019999006,29.74640500022193],[-98.57790699994003,29.746325999639538],[-98.57812200002516,29.74611600004957],[-98.57836100039977,29.745945999650846],[-98.57850600016472,29.74589600030448],[-98.57892899976402,29.74585200029759],[-98.57920599977345,29.74573699994006],[-98.57929399963699,29.745478000238926],[-98.57917399998641,29.745257999873917],[-98.57898499984051,29.74503300029532],[-98.5786889995645,29.74446600033469],[-98.57867000019624,29.744179999765283],[-98.57873299994544,29.743849999834563],[-98.5788080002885,29.743722999758553],[-98.57892799993911,29.74359700021814],[-98.57937599965275,29.74329400009948],[-98.57967799977656,29.743195000217504],[-98.5802019996582,29.743210999724443],[-98.58092700027962,29.743040999860142],[-98.58147499955238,29.74278200021484],[-98.58172700034578,29.7426230003722],[-98.5820110000279,29.742407999624845],[-98.58225700007519,29.7421880003238],[-98.58230700030391,29.742067000073497],[-98.58229399988512,29.741906999943833],[-98.58231999982438,29.74169799961409],[-98.58228800003732,29.741499999720947],[-98.5822439996564,29.741368000094994],[-98.58226299992297,29.741296999739813],[-98.58233200041828,29.74123600029529],[-98.58251499981806,29.741187000100933],[-98.5828489997289,29.741136999941528],[-98.58321500032511,29.741121000103686],[-98.58344799995362,29.74112000016247],[-98.5841099999275,29.741240999995448],[-98.58477199990143,29.741460999814137],[-98.5850809996979,29.741643000029658],[-98.58563600044,29.741995000280724],[-98.58602600042734,29.742121000274135],[-98.58629099984289,29.742230999668536],[-98.58654299973797,29.74235800007429],[-98.58668199965514,29.742450999655233],[-98.58676399967091,29.742544999856868],[-98.58684599968667,29.7426599999755],[-98.58685900010546,29.74269900019599],[-98.58689000006761,29.742781000290194],[-98.58688400021983,29.742890999740546],[-98.5868399998389,29.74300099985021],[-98.58673299970877,29.74317199970308],[-98.58676399967091,29.743420000020627],[-98.58678299993748,29.74376600000496],[-98.58696600023559,29.744272000086553],[-98.58699800002265,29.74452500033977],[-98.58704800025136,29.744629999905964],[-98.58714899963537,29.745118999646188],[-98.58727500003208,29.745498999649396],[-98.5873260000857,29.745724999637467],[-98.5873829999871,29.74587899977236],[-98.58749599996501,29.746418000331555],[-98.58763499988218,29.746731000002132],[-98.5879250003104,29.747126999797366],[-98.58849299967467,29.747595000091398],[-98.58873899972197,29.74768800027462],[-98.58900999988361,29.747738000287107],[-98.58926199977869,29.747727000099335],[-98.58952700009254,29.747732000255724],[-98.58987299969895,29.747627999914677],[-98.59074300008534,29.74739600026502],[-98.59119699964677,29.747263999821268],[-98.59141199973193,29.74721500023274],[-98.59177699960492,29.74695599966994],[-98.59198500001737,29.74685200008384],[-98.59228200011829,29.746681000267333],[-98.59243299973103,29.746575999729213],[-98.5925780003943,29.746344999874132],[-98.59272900000704,29.74617499986364],[-98.59284899965765,29.745977000231342],[-98.59294999993999,29.745855999873598],[-98.59304399965131,29.745778000313262],[-98.5931130001466,29.74567899976401],[-98.59337799956216,29.74572299984689],[-98.59430499984992,29.746173999972868],[-98.59557899956901,29.746751999930055],[-98.5969720000121,29.747361999706495],[-98.59722399990719,29.74752699987769],[-98.59758399975729,29.747807000232243],[-98.59784900007116,29.748060000144683],[-98.59812600008061,29.748247000212217],[-98.59845400014365,29.748494999676076],[-98.5988580003747,29.748824999917233],[-98.5990340001018,29.74891799973935],[-98.5992170003999,29.748995000113826],[-98.5993429998983,29.749017000210007],[-98.59938700027922,29.749056000297614],[-98.5993939999519,29.749132999786216],[-98.59939899997478,29.74914499968091],[-98.59947699979259,29.749319000332594],[-98.5994929996861,29.749354999945638],[-98.59952399964824,29.749413000334837],[-98.59961999990772,29.74951900009893],[-98.59994600032095,29.749709999986926],[-98.60040599973019,29.74997999961605],[-98.60068399956452,29.749977000057445],[-98.6011330000014,29.750039000275915],[-98.60183400033337,29.750000999643408],[-98.602426999812,29.74987500019331],[-98.6030129996179,29.749704000073567],[-98.60340400032847,29.749521999671284],[-98.60391399996642,29.74912099989002],[-98.6040470000358,29.74891099991512],[-98.60420400039465,29.748575999842956],[-98.60429800010597,29.74826199982295],[-98.60462600016903,29.747486000219766],[-98.60473900014694,29.747255000121488],[-98.60472699955304,29.747123000272055],[-98.60448700025185,29.746832000061065],[-98.60422799978576,29.746677999830094],[-98.60400100000506,29.746601000015854],[-98.60388800002714,29.746539999898236],[-98.60309999965654,29.746188999893757],[-98.60242500016217,29.745688000385208],[-98.60215400000051,29.745540000119924],[-98.601921000372,29.745451999774243],[-98.60169399969298,29.745287000087906],[-98.60129000036025,29.744874000122277],[-98.60118300023012,29.744681999694954],[-98.60088000028142,29.744224999636256],[-98.60026799963792,29.743521000294987],[-98.59999700037457,29.743030999859158],[-98.59999700037457,29.742811000364952],[-98.59997800010801,29.74263500026613],[-98.60005299955277,29.74221200021428],[-98.60026099996523,29.741573999742524],[-98.60046900037769,29.741265000112577],[-98.60065199977748,29.74107800028299],[-98.60127600011654,29.740538999878364],[-98.60156599964645,29.74040100007743],[-98.60218999998553,29.74025800033762],[-98.60237900013142,29.74025800033762],[-98.6026179996077,29.740191999728967],[-98.60338099986394,29.73993299974531],[-98.60372099962257,29.73992200026123],[-98.60393999990568,29.739947999819847],[-98.60426999961857,29.739988000267573],[-98.6044400003962,29.73996000003382],[-98.60483700005622,29.739988000267573],[-98.60559399956637,29.740064999700135],[-98.60609200040706,29.74007000023861],[-98.60645700028003,29.740042000027756],[-98.60674699980996,29.74017399983911],[-98.6070249996443,29.74031699969864],[-98.60712599992664,29.740372000010307],[-98.60716000026183,29.74038000037932],[-98.60747300025626,29.740454999615228],[-98.60794500025938,29.74044899992798],[-98.60882800016623,29.740383000225037],[-98.60987400027966,29.740205999814428],[-98.6102779996124,29.74009000005013],[-98.61080700041524,29.739998999744415],[-98.61085099989785,29.739991000125055],[-98.61159900008546,29.74006299979664],[-98.61170899969034,29.740073000093588],[-98.61192299995058,29.740078999803327],[-98.61222599989927,29.740002000381516],[-98.61233300002938,29.73984200007713],[-98.61241500004516,29.739380000007937],[-98.61245799970287,29.739032999748343],[-98.61252800002306,29.738720000228565],[-98.61264100000096,29.738439000271192],[-98.61266600011533,29.738340000276335],[-98.61272300001673,29.738236000334037],[-98.61279199961369,29.738174999807697],[-98.61287399962947,29.738141999993385],[-98.61294300012477,29.73813600016782],[-98.61307000034637,29.738141999993385],[-98.61317699957819,29.73811999985114],[-98.61326500034004,29.73807600033225],[-98.61339099983843,29.737932999617367],[-98.61347899970197,29.73785000026526],[-98.61362400036525,29.737757000317615],[-98.61396400012387,29.737636000181176],[-98.61408399977448,29.73760200021323],[-98.61419799957727,29.73759099969352],[-98.61434300024055,29.73760200021323],[-98.6145509997547,29.73765199979504],[-98.61474599974837,29.737734000116006],[-98.61492300019869,29.737789000284167],[-98.61502399958272,29.7378059998479],[-98.61514300030672,29.737838999772766],[-98.61540199987449,29.738025000209774],[-98.61596299956605,29.738509000342574],[-98.61624100029873,29.73870699990094],[-98.61653699967641,29.73883400008949],[-98.6167199999745,29.73888299987361],[-98.61687099958725,29.73894899978371],[-98.61699699998394,29.739021000203408],[-98.6170920004185,29.739098000378362],[-98.6172120000691,29.73925700034996],[-98.61733199971971,29.73945000020248],[-98.6173819999484,29.739641999727645],[-98.6173889996211,29.73993900024337],[-98.61732599987191,29.740088000147182],[-98.61724999970394,29.740191999728967],[-98.61710499993899,29.740345999781674],[-98.61701100022765,29.74041300023718],[-98.61695400032623,29.740578000143802],[-98.6169790004406,29.740753999952965],[-98.61699199996109,29.74114999995416],[-98.61691099977023,29.742157000131776],[-98.61686100043983,29.742591000388153],[-98.61692400018902,29.742916000166073],[-98.6170999999161,29.743125000297088],[-98.6175920000107,29.74357000012889],[-98.61782600036241,29.743850999748563],[-98.61805300014315,29.743961000365008],[-98.6184370002827,29.74403799986682],[-98.619232000326,29.744142000031907],[-98.6198239999797,29.74409700012367],[-98.62022800021074,29.744015000325668],[-98.62052399958843,29.743948999849838],[-98.62098999974376,29.743789000383146],[-98.62119800015621,29.743694999787703],[-98.62148799968614,29.743679000357925],[-98.6221320001167,29.74384899992056],[-98.62253499962449,29.743854000270414],[-98.62307100010001,29.74392000002879],[-98.62330399972852,29.74393099985432],[-98.62332800001798,29.743931999767508],[-98.62333899988863,29.743932999680684],[-98.62334999975927,29.74394099976556],[-98.62336999985077,29.743949999762847],[-98.62338800029242,29.743956000020546],[-98.62339800033817,29.74395899975927],[-98.62341199968357,29.74396300019077],[-98.62347199995801,29.74398000026786],[-98.62349299987441,29.743985999743778],[-98.62354099955498,29.744007000246707],[-98.6236190002711,29.744041000383007],[-98.6237389999217,29.74411799982337],[-98.6241959998562,29.744176000122483],[-98.62442699983487,29.74420499986944],[-98.62460900030807,29.74426599984777],[-98.62483600008879,29.74430400031419],[-98.62500000012032,29.74428800020161],[-98.6251049997023,29.74428800020161],[-98.62531999978745,29.744287000292037],[-98.6257099997748,29.744319999644176],[-98.62605100025665,29.74433200011493],[-98.62746899991579,29.744316000006894],[-98.62832699970826,29.744261000298437],[-98.62875600005367,29.744145999676117],[-98.62919700009463,29.743964000103592],[-98.62922999970661,29.743947000023795],[-98.62973299967184,29.743690000209895],[-98.62985200039583,29.743598000134597],[-98.63019299997939,29.74333799966899],[-98.63038299995017,29.74323300030983],[-98.63080499972456,29.743035000327673],[-98.6316440001488,29.742634000340004],[-98.63176700017245,29.742523999827753],[-98.63184599981517,29.742453000291047],[-98.63246699978119,29.742136000021393],[-98.63274100031587,29.741996000213224],[-98.63288000023306,29.74193600034699],[-98.63294899983002,29.741925000302608],[-98.63302199962494,29.74191300032378],[-98.63314499964861,29.741892000162306],[-98.63330200000745,29.74184300028843],[-98.63402099988275,29.7415619997217],[-98.63499099982823,29.741340000246545],[-98.63510600035427,29.74131500020815],[-98.6361139999346,29.741048999631637],[-98.63637900024844,29.74097999971581],[-98.63656800039433,29.740952999701914],[-98.63790499986261,29.74076600007049],[-98.63835199975136,29.74072200015245],[-98.63843399976713,29.740699999796167],[-98.63885100041696,29.740651000119854],[-98.6389889996109,29.740651000119854],[-98.63933000009276,29.740595999961194],[-98.63955000020079,29.740486000333355],[-98.63969499996576,29.74043699977253],[-98.6400360004476,29.740375999804886],[-98.64015600009819,29.74032699997027],[-98.64096899968484,29.740228000279092],[-98.64104400002792,29.740312999901693],[-98.64116399967851,29.740215000146947],[-98.64260499980219,29.740206999764766],[-98.64354499961043,29.74035699999918],[-98.64366000013648,29.740445000136305],[-98.64377399993928,29.740532000249125],[-98.64390000033599,29.740641999826522],[-98.64422800039904,29.74081199985783],[-98.64472200014346,29.74117799985565],[-98.64473600038716,29.741184000279222],[-98.64476499980114,29.741204999808964],[-98.64479099974042,29.741224000234013],[-98.64480199961108,29.741231999755076],[-98.6448519998398,29.741268999871544],[-98.64512899984922,29.741598999716416],[-98.64520900021517,29.741622999747847],[-98.6454019996607,29.74189300009582],[-98.64546000028534,29.741997000145698],[-98.64566500032474,29.742363999647267],[-98.64623100003918,29.743601999800514],[-98.64624399955964,29.74405400001922],[-98.64618699965825,29.744350999947482],[-98.6461189998862,29.744587000030076],[-98.64612999975685,29.744736000047293],[-98.6460979999698,29.745070999691098],[-98.64612399990908,29.745180999749117],[-98.64619300040435,29.745346000389862],[-98.64625600015354,29.745594000010115],[-98.64624299973475,29.74614400012432],[-98.64607899970322,29.746506999716814],[-98.64592100041779,29.746699999654705],[-98.64564900043122,29.74699100024889],[-98.64551600036184,29.747404000073633],[-98.64551600036184,29.74754699976183],[-98.64546600013311,29.747854999657438],[-98.64555099962362,29.747976999815297],[-98.6456750003705,29.748157000160727],[-98.64623600006206,29.748646999723572],[-98.64687899976938,29.74912099989002],[-98.64776000002641,29.749808999675405],[-98.64786700015652,29.749940999887908],[-98.64787100035448,29.7499669999683],[-98.64787499965414,29.750000999643408],[-98.64804500043175,29.750155000229352],[-98.64805700012732,29.750179999623555],[-98.6480770002188,29.750220999739593],[-98.64808800008947,29.750286999986244],[-98.64816400025744,29.75043000024166],[-98.64822000033395,29.750693999637292],[-98.64826499964147,29.750819999617764],[-98.64831499987018,29.750887000093805],[-98.64835300040333,29.750957999897526],[-98.64843200004606,29.75103699994954],[-98.64847899990171,29.75108500016788],[-98.64850999986383,29.751145000018578],[-98.64851400006182,29.751332999630225],[-98.64851700043485,29.751595999930608],[-98.64857299961304,29.75177799968706],[-98.64876199975892,29.752090999781004],[-98.64887700028498,29.75232300026388],[-98.64902200004991,29.752542999943437],[-98.64914800044663,29.752801000285373],[-98.64930499990716,29.753037999796632],[-98.64945600041821,29.753219000233884],[-98.64964499966577,29.753374000374404],[-98.64977799973515,29.753500000105763],[-98.65018100014129,29.7537200003215],[-98.65033900032503,29.75379700012695],[-98.65066700038808,29.753919000072397],[-98.65093799965143,29.75400200016132],[-98.65112699979731,29.75402399993849],[-98.65127800030837,29.75402399993849],[-98.65183899999995,29.753843000174943],[-98.6519910003359,29.753759999954354],[-98.65226800034533,29.75365599962791],[-98.65250099997384,29.753539999826415],[-98.65265099976168,29.753397000108194],[-98.65284400010552,29.753214000351175],[-98.65287300041783,29.753186999732275],[-98.65302499985548,29.75295099961665],[-98.6531319999856,29.752642999779955],[-98.65316999962043,29.75215300025173],[-98.65328400032156,29.751762999822493],[-98.65332799980419,29.75154299999084],[-98.65334700007075,29.751350000017432],[-98.6533219999564,29.751168000263814],[-98.65322700042016,29.750997999852647],[-98.65292500029638,29.75068399961967],[-98.6526599999825,29.75019499972501],[-98.65255200002747,29.749865000093997],[-98.65257799996674,29.749485000260417],[-98.65266599983029,29.749337000140702],[-98.65274199999827,29.749165999883136],[-98.65305099979474,29.7488309998832],[-98.65360599963854,29.748561000279206],[-98.6540469996795,29.748468000125918],[-98.6544619997812,29.74835199978024],[-98.65499599970858,29.748202999677186],[-98.65503099986867,29.748193000190973],[-98.65526199984735,29.748091999943277],[-98.65599900016433,29.74777399968792],[-98.6563990001974,29.747714000159448],[-98.65654999981015,29.747719000316497],[-98.65656300022894,29.74772199994264],[-98.65678400016189,29.747758000129153],[-98.65704699992762,29.74778499987058],[-98.6570670000191,29.747786999620022],[-98.65724399957111,29.74783599970894],[-98.65758400022806,29.74796300003484],[-98.6579750000403,29.74823799982074],[-98.65805100020829,29.74836399976842],[-98.65808200017042,29.748518999616824],[-98.65808200017042,29.748721999795507],[-98.65809300004108,29.748920000246187],[-98.6581499999425,29.74903599993463],[-98.65835800035495,29.7491619996593],[-98.65845899973895,29.749200999690547],[-98.65851499981547,29.749206999633994],[-98.6586510002579,29.749220000160225],[-98.65882600016009,29.749238999846366],[-98.65897699977283,29.749238999846366],[-98.65904600026812,29.749232999904827],[-98.65929999981302,29.74921099985604],[-98.65941799981378,29.749200999690547],[-98.65972699961027,29.74918999966324],[-98.66003600030507,29.749206999633994],[-98.66048999986651,29.74925599980875],[-98.66050900013309,29.74927299976831],[-98.66077400044696,29.749321999910865],[-98.66097600011332,29.749321999910865],[-98.66110800035781,29.749299999881682],[-98.66139200003994,29.749146000321975],[-98.66193400036323,29.748749999922357],[-98.66208499997597,29.74858000009023],[-98.66218600025832,29.748480999968034],[-98.66230599990891,29.74833800005216],[-98.6624950000548,29.74818399979464],[-98.66264700039075,29.747963999907824],[-98.6628110004223,29.747771000063327],[-98.66308800043171,29.747539999841823],[-98.66344099971083,29.746979000096314],[-98.66361800016116,29.746578000282714],[-98.66373799981174,29.746274999812954],[-98.66373799981174,29.746066000008078],[-98.66370000017692,29.745691999967768],[-98.66368099991035,29.745383999667006],[-98.663579999628,29.745267999652807],[-98.66354899966586,29.745179999848432],[-98.66339100038044,29.745131000021324],[-98.66170199966133,29.744299999896302],[-98.66056699985941,29.74372199984329],[-98.66045399988151,29.743572999879163],[-98.66013900023724,29.743320000343772],[-98.65995599993913,29.74311099983921],[-98.65977299964104,29.74279200024066],[-98.65972300031063,29.742598999800112],[-98.65970400004404,29.74232999972226],[-98.65970400004404,29.742136999952493],[-98.6597359998311,29.7420330000478],[-98.65988099959607,29.74191700005691],[-98.659924999977,29.741868000195236],[-98.66000100014497,29.741736000273693],[-98.6601080002751,29.74164799970951],[-98.66025300004006,29.741570999932456],[-98.66078199994456,29.741417000200972],[-98.66104700025843,29.741356000049514],[-98.66122399981045,29.741329000136847],[-98.66146300018505,29.741432999991652],[-98.66153299960692,29.741432999991652],[-98.66165200033095,29.741406000099673],[-98.66203700029538,29.741152999776826],[-98.66221300002249,29.741065000261028],[-98.66243399995544,29.741037000327978],[-98.66276799986628,29.741015000040786],[-98.66306499996719,29.741015000040786],[-98.66324099969428,29.741027000127154],[-98.66361300013828,29.741104000321855],[-98.66375799990324,29.741170000330296],[-98.6639029996682,29.741274000349982],[-98.66406699969973,29.741417000200972],[-98.66422400005857,29.741593000097602],[-98.66441999987713,29.74169799961409],[-98.66503099979741,29.741929000035267],[-98.6652330003621,29.741995000280724],[-98.66599599972002,29.742562000174356],[-98.66648100014191,29.74284300027886],[-98.66748299987444,29.743238999830453],[-98.66793099958811,29.743343000044266],[-98.66807000040359,29.74339900017475],[-98.6682460001307,29.743414999649147],[-98.66847899975919,29.743476000108075],[-98.66922299974887,29.74354699970048],[-98.66957599992628,29.743535999832822],[-98.67026399983945,29.74339299988372],[-98.67043399971877,29.74338199999917],[-98.67087499975973,29.743272000307464],[-98.67145499971785,29.743051999782107],[-98.67155600000021,29.742986000232328],[-98.67172000003173,29.742948000046397],[-98.67236299973906,29.742678000199113],[-98.67284200031317,29.74257899970898],[-98.67318299989672,29.742453000291047],[-98.67329000002682,29.742420000324437],[-98.67334000025555,29.742420000324437],[-98.67347900017272,29.742343000360226],[-98.67362399993769,29.74228199999206],[-98.67383200035013,29.742116999769213],[-98.67392600006147,29.742007000249806],[-98.67407199965133,29.741771000334836],[-98.67424800027675,29.741441000275977],[-98.67433000029251,29.74124800035521],[-98.67438100034613,29.74098999992133],[-98.67436799992734,29.74080300035896],[-98.6744559997909,29.740653999957505],[-98.67446900020968,29.740538999878364],[-98.67426699964501,29.74026300008653],[-98.67422300016239,29.74004299997972],[-98.67422900001016,29.73980099961679],[-98.67436200007957,29.7392289999121],[-98.67450099999674,29.738805000349316],[-98.67467099987604,29.73862399962944],[-98.67473299980033,29.738540000102258],[-98.67474000037134,29.73852999965244],[-98.674815999641,29.73841500025779],[-98.67489799965676,29.73824400009343],[-98.67521300019935,29.73805700009081],[-98.67532100015438,29.73784099972055],[-98.67534399972061,29.73782400016281],[-98.6753579999643,29.73780499987362],[-98.67537300003292,29.73778600036087],[-98.67553500041463,29.737611999975616],[-98.6756669997608,29.737507000081216],[-98.67576200019535,29.737413999815526],[-98.67591299980808,29.737353000349223],[-98.67621599975678,29.73733100003392],[-98.67657499978199,29.737270999716785],[-98.67685199979142,29.73734199980216],[-98.67719300027326,29.737469000159166],[-98.67748899965096,29.737523999692694],[-98.67828299986935,29.737700000181274],[-98.67879400023051,29.73768899967228],[-98.67963199993152,29.737821000240505],[-98.68045799993695,29.7379920003461],[-98.680609000448,29.738047000372845],[-98.68089300013013,29.738117999908905],[-98.68141000033908,29.7383049997978],[-98.68195199976405,29.738794999925855],[-98.68221000040523,29.7389709997441],[-98.68236199984288,29.73903700037629],[-98.68263899985233,29.739224000111705],[-98.68293500012834,29.73935099964557],[-98.68352199975917,29.739438999885415],[-98.68466900015497,29.73938399984208],[-98.68490199978346,29.739356000219654],[-98.68509099992934,29.73928500000003],[-98.68509099992934,29.73924799993153],[-98.68576700014697,29.73929500037457],[-98.68579599956095,29.739288999837914],[-98.68642099972493,29.73915699964179],[-98.68646599993079,29.73910899995281],[-98.68679999984163,29.739026000013993],[-98.68683599982663,29.739010999801547],[-98.68688299968231,29.738990999774778],[-98.68694499960658,29.738964999968143],[-98.68730600017992,29.738813000063274],[-98.68751700006712,29.738724000089043],[-98.68754899985416,29.738720000228565],[-98.68756700029583,29.738703000039802],[-98.68771100023586,29.73864199979748],[-98.6877260003045,29.738636000001826],[-98.6878819999401,29.73859299989567],[-98.68792100029815,29.738588000063558],[-98.6879539999101,29.738573999752226],[-98.68823500011753,29.73849699995493],[-98.68843199976101,29.73844300014288],[-98.68850399973103,29.738394000143842],[-98.688796999634,29.73819200008596],[-98.68882299957325,29.738173999837105],[-98.6889940001758,29.738013999736413],[-98.68944100006455,29.737728000265975],[-98.68964299973089,29.7375410000813],[-98.69041199983494,29.736771000098077],[-98.69046200006365,29.736666000103284],[-98.69091599962509,29.736165999808694],[-98.69131300018344,29.735746999751505],[-98.69140799971967,29.73559899963506],[-98.69150900000201,29.735499999957064],[-98.69179900043025,29.73532900028308],[-98.69211400007453,29.735258000332784],[-98.69248599962017,29.735236000338002],[-98.6927249999948,29.735208000337675],[-98.69287200030787,29.735247000336],[-98.69299600015644,29.735276000324916],[-98.69304800003498,29.735288000317915],[-98.69322299993715,29.735313000298653],[-98.6933309998922,29.73539000020026],[-98.6935700002668,29.735488999986813],[-98.69364600043478,29.73555499979024],[-98.69371500003176,29.73559899963506],[-98.69377199993315,29.735610000373285],[-98.69385399994891,29.735610000373285],[-98.69389199958376,29.735581999697306],[-98.69394199981247,29.73556899974294],[-98.69460700015942,29.735834000039524],[-98.69505300022325,29.736012000357864],[-98.69646699968443,29.73648200024101],[-98.69905100000594,29.73721400008427],[-98.69941000003114,29.737234999665255],[-98.69974800013995,29.73735900022168],[-98.69986199994277,29.737403000055117],[-98.69999400018723,29.737441000002164],[-98.70016999991434,29.73745199975835],[-98.70041599996163,29.737397000185343],[-98.70087000042138,29.737133000099124],[-98.70098400022421,29.736869000098043],[-98.70102100003412,29.73653900028952],[-98.7010400003007,29.73610400037221],[-98.70113499983694,29.735718999893756],[-98.70099000007198,29.735395000191765],[-98.70084500030703,29.735021000134896],[-98.70066200000893,29.734757000035227],[-98.70061799962798,29.73461400004862],[-98.70050399982519,29.734421000250777],[-98.70043500022821,29.734216999971796],[-98.70003299964698,29.733492000219496],[-98.69985199989702,29.732948000276057],[-98.69985199989702,29.732808000123054],[-98.69988799988202,29.732705999955428],[-98.69992300004213,29.73267399992739],[-98.69999900021013,29.732604999710205],[-98.70019300037887,29.732560000085673],[-98.70046199999238,29.73240399972283],[-98.70090100038352,29.732308000099017],[-98.70108999963111,29.73231400027318],[-98.70141299967129,29.732308000099017],[-98.70162399955848,29.732343000329987],[-98.7018920002454,29.732388000051916],[-98.7026949997863,29.732655000222774],[-98.70310900006308,29.73288300034081],[-98.70360199998258,29.733023000389124],[-98.7036959996939,29.733050000197697],[-98.70401200006141,29.733119000108722],[-98.70446200032319,29.733145999891445],[-98.70527099971189,29.73313599968388],[-98.70589400022605,29.733052000240974],[-98.70616299983956,29.732965999902706],[-98.70622499976383,29.73294700025342],[-98.70639499964315,29.732796999857612],[-98.70778899991116,29.732372000378458],[-98.70999999996376,29.731344000213788],[-98.71041000004257,29.73110800017044],[-98.71067600018137,29.730865000048134],[-98.71069200007489,29.730851000218937],[-98.71136300026961,29.730037999712714],[-98.71202100004558,29.729229999937857],[-98.71204000031216,29.729206000061282],[-98.71285200007387,29.728209000051205],[-98.71303899967161,29.727855999711043],[-98.71443499958944,29.72660800014944],[-98.71460500036709,29.7265039997453],[-98.7152759996635,29.72609299984652],[-98.715592000031,29.72582000037263],[-98.71595899955379,29.725663999671145],[-98.71625499982981,29.72553800006764],[-98.71723399999611,29.72527500007598],[-98.7174790002185,29.725261000246924],[-98.7176700000142,29.725306000024844],[-98.71787599987853,29.72546099962533],[-98.71808299956776,29.725615999766575],[-98.71809599998656,29.72562800013493],[-98.71822099966002,29.725742000052204],[-98.7189649996497,29.72623199991908],[-98.71901800025147,29.726217000133747],[-98.71907500015286,29.726342000356347],[-98.71969100009602,29.72676199999475],[-98.72037599963613,29.727377000054634],[-98.7205709996298,29.72760399961013],[-98.7209420002489,29.72803600028718],[-98.72181299956185,29.728895999709557],[-98.72248799995455,29.729356999644157],[-98.72289100036068,29.729411999725045],[-98.72290499970606,29.72945800003902],[-98.7230200002321,29.729564999890773],[-98.72323399959403,29.72961400030244],[-98.72363700000015,29.729564999890773],[-98.72395199964443,29.729453999809113],[-98.72432400008842,29.729228999878146],[-98.72457000013571,29.728992000258025],[-98.72473400016725,29.72875500007815],[-98.72488499977997,29.728392000198387],[-98.725104999888,29.72791899963744],[-98.72531999997317,29.727802999705222],[-98.72581799991555,29.72772600022091],[-98.72606300013793,29.72774800030252],[-98.72637899960709,29.72782499976994],[-98.72679500043202,29.727951999694465],[-98.72808099984668,29.728407999726482],[-98.72949900040413,29.728638000266763],[-98.7308290001997,29.729165999994215],[-98.73149100017363,29.72934799989751],[-98.7325249996932,29.72953399969759],[-98.7332000000859,29.72958899968147],[-98.73359699974593,29.729572000285355],[-98.73383000027275,29.72953899998106],[-98.73412599965044,29.729450999636487],[-98.73421400041231,29.729280999851497],[-98.73433400006292,29.728894999646464],[-98.73422699993279,29.72864800014266],[-98.73411300012997,29.72847200015363],[-98.73370899989894,29.727899999812358],[-98.73331899991157,29.727641000073234],[-98.73283900041088,29.727477000025182],[-98.73236700040778,29.72723499976917],[-98.73201400023035,29.727009000240884],[-98.73099200040635,29.72605799977542],[-98.73073999961295,29.725893000167517],[-98.73067699986376,29.72583799971787],[-98.7305320000988,29.725666999956946],[-98.73048100004517,29.72540300020549],[-98.72968600000188,29.724122000033812],[-98.72935899976373,29.723703999716854],[-98.7291379998308,29.72349499968562],[-98.7289610002788,29.723275000249973],[-98.72888599993571,29.723066000105437],[-98.72879700024725,29.722587000207533],[-98.72881599961552,29.722454999877836],[-98.72884099972988,29.722389000037914],[-98.72895399970778,29.72230600030764],[-98.73000099964615,29.72197000017189],[-98.730334999557,29.721899000129294],[-98.73042900016664,29.72187100030741],[-98.73242699978393,29.721611999829644],[-98.73311700024522,29.7215659998195],[-98.73349200016395,29.721541000313927],[-98.73374400005903,29.721524000334522],[-98.7342489996741,29.721364000203614],[-98.73476500005812,29.720940000027515],[-98.73517500013695,29.72045000006573],[-98.7352630000005,29.720290999931823],[-98.73531300022921,29.72010400001136],[-98.73535099986404,29.719834000308374],[-98.73538400037432,29.719704999942483],[-98.73540299974259,29.71963299970251],[-98.73545799999417,29.719423999775092],[-98.73546399984194,29.719398999735937],[-98.73554000000993,29.719266999894238],[-98.73561500035301,29.719206999696006],[-98.73564399976699,29.719158999823698],[-98.73568499977489,29.719090999835235],[-98.73570999988925,29.718959000368667],[-98.73570400004148,29.718863999746734],[-98.73569700036876,29.718767000267185],[-98.73570300021655,29.718584999896986],[-98.73582000039241,29.718446000155016],[-98.73582899971493,29.718434999875324],[-98.73584200013372,29.718419999704828],[-98.7362139996794,29.7180839998225],[-98.73655400033635,29.717753999860317],[-98.73724200024952,29.71714599982214],[-98.73727300021166,29.717118999634952],[-98.7377700003291,29.716746999697346],[-98.73816000031646,29.71657600005002],[-98.73838100024939,29.716543000152974],[-98.73855100012871,29.716559000009863],[-98.7387059999394,29.71662800033861],[-98.7387410000995,29.716644000181947],[-98.7391629998739,29.716834000076787],[-98.73964800029579,29.716950000205372],[-98.74032199996526,29.716965999997402],[-98.74053700005041,29.717070000143533],[-98.7407129997775,29.71708099979262],[-98.74105400025937,29.71704800006159],[-98.7425849998964,29.716848999704162],[-98.74298199955643,29.71675000024978],[-98.7433029999468,29.716590000310408],[-98.74343600001619,29.716452999740344],[-98.74358800035215,29.71637600012939],[-98.74377099975194,29.71635900005538],[-98.74401699979923,29.716474999952673],[-98.74431300007524,29.716798999897353],[-98.74443899957362,29.717157000243034],[-98.7444150001825,29.717490000357653],[-98.74438900024323,29.717872000051795],[-98.74442699987806,29.718109000189127],[-98.74465899968165,29.718427000096735],[-98.74511999981411,29.71871299997749],[-98.74558599996944,29.719031999693176],[-98.74671499992357,29.719707999626333],[-98.74679199991645,29.71973899973452],[-98.74690400006943,29.719784999801863],[-98.74757100006623,29.720214000144423],[-98.74776100003703,29.72037899972794],[-98.74797500029726,29.720489000339768],[-98.74805099956694,29.72055499986885],[-98.74842200018601,29.72061500004137],[-98.74850500002668,29.720631000029282],[-98.74978499959356,29.720883999840915],[-98.75023300020554,29.72101599989642],[-98.75035899970392,29.72101599989642],[-98.75076899978274,29.72087899990631],[-98.75093899966204,29.720779999745798],[-98.75119099955712,29.72059299995626],[-98.75137399985523,29.720378000360128],[-98.75154299990963,29.72025700032679],[-98.75176999969035,29.720241000279234],[-98.75189000023927,29.720257999695797],[-98.75195700018642,29.720278999705435],[-98.75211199999711,29.720329000119193],[-98.7523069999908,29.720461000124523],[-98.75245199975575,29.720599000050886],[-98.75269699997813,29.720884999983788],[-98.75291799991108,29.721093999989538],[-98.75306900042212,29.721198999899016],[-98.75312600032353,29.721225999768848],[-98.7533780002186,29.72127599971089],[-98.7538130004118,29.721286999679165],[-98.75420400022404,29.721308999612145],[-98.75435499983678,29.72133199967877],[-98.75452499971608,29.7213980002138],[-98.75485299977916,29.72155200025316],[-98.75534999989662,29.721723000004836],[-98.75575400012765,29.721712000084295],[-98.7559619996418,29.72169000023966],[-98.75618299957475,29.72170600005627],[-98.75638400031451,29.72176199978422],[-98.75654800034603,29.72179500030581],[-98.75662399961571,29.721832999923734],[-98.75674300033971,29.721916000045177],[-98.7570520001362,29.722025999752596],[-98.75715300041854,29.722025999752596],[-98.7572350004343,29.72201499986526],[-98.7573550000849,29.721987000075803],[-98.75742399968186,29.72198200019616],[-98.75747399991059,29.72196500029146],[-98.75762600024655,29.721959999630556],[-98.75785300002727,29.721916000045177],[-98.7580170000588,29.72185599987028],[-98.75819299978589,29.721801000328583],[-98.75825600043339,29.721789999636435],[-98.75829400006823,29.72176199978422],[-98.75846399994755,29.72155899964653],[-98.75849599973458,29.721503999942012],[-98.7585650002299,29.721454000113617],[-98.75869800029928,29.7214100003064],[-98.75891800040729,29.72142700030512],[-98.75902499963911,29.721466000199513],[-98.75913900034024,29.721553999745552],[-98.7592840001052,29.72173000016637],[-98.75937199996874,29.72188399969635],[-98.75945999983229,29.72214800012389],[-98.759510000061,29.722214000122307],[-98.75966099967373,29.72229099993553],[-98.75977500037487,29.722330000274326],[-98.7598690000862,29.722335000136642],[-98.75999600030782,29.722330000274326],[-98.76005200038432,29.722318999640184],[-98.76058200011373,29.722005000108506],[-98.76086599979587,29.72185099998411],[-98.7612559997832,29.72188499982926],[-98.76136999958602,29.721895000378126],[-98.76143900008131,29.72190099961478],[-98.76158899986912,29.721934000090666],[-98.76178600041092,29.721977999668145],[-98.76225199966794,29.72201100011872],[-98.76237399986668,29.721969000039827],[-98.76259899999758,29.72189099984665],[-98.7630650001529,29.7216270003033],[-98.76363300041547,29.721264000382373],[-98.76389100015834,29.72116499982148],[-98.76409899967248,29.721098999913377],[-98.76449700005573,29.720973000039237],[-98.76477400006517,29.720895999994962],[-98.7649249996779,29.72087899990631],[-98.76510799997601,29.72073099970114],[-98.76532899990896,29.720499999614148],[-98.76552399990263,29.720313000083127],[-98.76611700027955,29.719795999933606],[-98.76634400006027,29.719668999828972],[-98.76659599995536,29.71956500003517],[-98.76666499955232,29.71955399987811],[-98.7670500004151,29.719603999872938],[-98.76721400044663,29.719707999626333],[-98.76736500005937,29.71983499968162],[-98.76744000040246,29.720010999996287],[-98.76757900031961,29.72026399981046],[-98.7677550000467,29.72074799981487],[-98.76785600032906,29.720880000049302],[-98.7681269995924,29.72101200011006],[-98.76880100016018,29.721226999908374],[-98.76904100035968,29.721292999732306],[-98.76939399963878,29.72135900029298],[-98.76985399994633,29.721415000214552],[-98.77020700012375,29.721437000119465],[-98.77034500021601,29.721426000167586],[-98.77050900024754,29.721426000167586],[-98.77066700043127,29.721409000168705],[-98.77082499971672,29.72137600030034],[-98.7708430001584,29.721365000341756],[-98.77113299968828,29.72104100031297],[-98.77134799977345,29.720590000298923],[-98.77136399966697,29.72057699996228],[-98.77151799965276,29.720457999683077],[-98.77257700018501,29.720266000108612],[-98.77301800022597,29.72019400027107],[-98.7736049998568,29.72021599966348],[-98.77383199963754,29.72023799983121],[-98.7742030002566,29.72013899981854],[-98.77450000035753,29.71992500018253],[-98.77470100019899,29.719793000252373],[-98.77490899971313,29.719704999942483],[-98.77512399979828,29.71968899980695],[-98.77545199986135,29.719748999717055],[-98.77579300034319,29.71988099970502],[-98.7758360000009,29.719897999962722],[-98.77584500022174,29.72004300016222],[-98.77596400004742,29.72003300020896],[-98.77615900004109,29.71999100008249],[-98.77691700027447,29.720257999695797],[-98.77711599956778,29.72021199984524],[-98.77713400000943,29.72021699981306],[-98.77715300027602,29.72020300005857],[-98.77720599997946,29.720190999821646],[-98.77725000036038,29.720180999883144],[-98.77726000040612,29.720146000090608],[-98.77746200007249,29.720101999709975],[-98.77754999993604,29.720106999683278],[-98.77768300000542,29.720146000090608],[-98.77775800034851,29.720151000061723],[-98.77780199983113,29.72016800027369],[-98.77804200003062,29.720042000010885],[-98.77812400004639,29.720019999800183],[-98.7782500004431,29.720003000343315],[-98.77852599972931,29.72007000034302],[-98.77856500008737,29.720080000292594],[-98.77878199982236,29.720167000123617],[-98.77896099992249,29.71997700029646],[-98.7909509999709,29.707270999834517],[-98.79236699998022,29.705796000257727],[-98.79988200021995,29.697963999627405],[-98.80031200039026,29.69751699967678],[-98.80040100007874,29.697423999808926],[-98.80277100013998,29.69483500034423],[-98.80524699960814,29.69213199999994],[-98.8065520001877,29.69070900018535],[-98.80650299978389,29.685288999866373],[-98.80647299964664,29.68190899970042],[-98.80642800033912,29.676974000186718],[-98.80642400014116,29.676628000209163],[-98.80641499992034,29.67581699970563],[-98.80640700042274,29.675073000042524],[-98.80632100020902,29.66749700006949],[-98.80631799983595,29.667319999953946],[-98.80605900026819,29.653193000042126],[-98.80604800039754,29.65250999961126],[-98.80592500037389,29.64459000023079],[-98.80590299973426,29.643152000172968],[-98.80590399955918,29.642972999898387],[-98.8059050002824,29.642457000165347],[-98.80591699997797,29.638740999929134],[-98.80592799984862,29.633673000268637],[-98.80593399969639,29.633626999828547],[-98.80593500041964,29.63337200008033],[-98.80593500041964,29.633273000389888],[-98.80593600024453,29.632915999775356],[-98.80594100026741,29.63156699983255],[-98.80594200009233,29.63117099963747],[-98.80594299991724,29.630899999703047],[-98.80596300000873,29.625253999846763],[-98.8059610003589,29.61686200008829],[-98.80595700016094,29.616046999751045],[-98.80594899976502,29.613970999775866],[-98.80593200004658,29.609298000327954],[-98.80591799980289,29.605804000333716],[-98.80591399960493,29.60504699979321],[-98.80591299978,29.60495200010921],[-98.80588600001583,29.597582999667658],[-98.80586199972639,29.591632000360324],[-98.80587500014516,29.591344000240042],[-98.80587199977212,29.59132799999229],[-98.80583599978712,29.588591000092265],[-98.80584400018303,29.588578999774533],[-98.80584300035812,29.586787000105325],[-98.80583300031239,29.584192999768664],[-98.80582900011441,29.58307200009305],[-98.80585000003082,29.582029999777795],[-98.80585300040387,29.581857000086924],[-98.80585099985574,29.581542000330824],[-98.80584800038099,29.580936000326876],[-98.8058419996349,29.57988300002795],[-98.80581599969564,29.575194999774283],[-98.8057989999772,29.57214100036576],[-98.8057989999772,29.572119999901865],[-98.8057989999772,29.572047000227403],[-98.80578700028163,29.570569999854044],[-98.8057859995584,29.57037000033273],[-98.80577600041097,29.567630999924113],[-98.80577499968774,29.567426999627997],[-98.80576499964201,29.56591500012293],[-98.80576499964201,29.565884000278658],[-98.80576299999218,29.565631999906234],[-98.80576100034236,29.56533899997561],[-98.80575899979422,29.564819000027317],[-98.8057570001444,29.56431400023484],[-98.80575100029662,29.56273699972473],[-98.80574899974846,29.562295000195487],[-98.80574299990069,29.561198999888884],[-98.80572199998429,29.556583000114355],[-98.8057210001594,29.556325000249345],[-98.80571299976347,29.554353000085268],[-98.80569600004503,29.549924999641338],[-98.80568400034947,29.548013999845175],[-98.80568400034947,29.547976000234083],[-98.80568400034947,29.54784699994638],[-98.80568400034947,29.547819000146912],[-98.80568199980131,29.546799000042995],[-98.80568099997642,29.54664499984396],[-98.80566799955763,29.543539000215162],[-98.80565300038732,29.540013000024803],[-98.8056440001665,29.538044999701153],[-98.80563999996852,29.537372999738928],[-98.80563499994567,29.536130000311044],[-98.80563499994567,29.536062000160577],[-98.80563300029584,29.53561499987229],[-98.80562999992279,29.534919999720643],[-98.80560300015861,29.528495999920793],[-98.80560300015861,29.52839800020022],[-98.80557800004425,29.522711000054453],[-98.80556799999852,29.520261000267315],[-98.80550600007422,29.505161000261197],[-98.80550500024933,29.504921000286163],[-98.8055040004244,29.504788000035415],[-98.80548799963258,29.500990000120662],[-98.80548500015783,29.500264000173797],[-98.8054409997769,29.495031999818757],[-98.8053410002178,29.48302700038141],[-98.80533399964678,29.482176000253197],[-98.80531500027851,29.47971599984828],[-98.8053139995553,29.479630999976617],[-98.80530000020991,29.478181000386595],[-98.80529000016416,29.476958000187377],[-98.80528799961603,29.476730000165485],[-98.80528699979112,29.476653000344157],[-98.80528400031638,29.476268000359834],[-98.80528199976824,29.476044999923623],[-98.80527400027064,29.475047000233687],[-98.80527000007268,29.47473099981664],[-98.80526500004981,29.474385999949035],[-98.80526500004981,29.474358999617436],[-98.80526500004981,29.47425799993535],[-98.80526300039998,29.47381300014525],[-98.80524599978322,29.47176699999673],[-98.80523800028563,29.47087099995076],[-98.80523800028563,29.47083300030795],[-98.8052369995624,29.470771999699103],[-98.80518899988182,29.465044999948294],[-98.8051729999883,29.46305699994536],[-98.8051720001634,29.462952999667337],[-98.805151000247,29.458881000196637],[-98.80515000042207,29.458773999918336],[-98.80513700000328,29.456153000295693],[-98.80513299980532,29.455424999748697],[-98.80509199979745,29.44738399980185],[-98.80507500007901,29.44398299986466],[-98.80506599985817,29.442266999712384],[-98.80506500003328,29.442124999799784],[-98.80505199961448,29.439349999727337],[-98.80503599972096,29.435975000278134],[-98.80502200037556,29.433389000150953],[-98.80501800017761,29.43261799980635],[-98.80500200028408,29.429509000192443],[-98.80499499971306,29.42632600019689],[-98.80498499966733,29.422139000208706],[-98.8049820001926,29.42106300023248],[-98.80497600034481,29.417944999673388],[-98.80496499957584,29.41314000016314],[-98.80495700007823,29.409715999837193],[-98.80495500042841,29.408928000345295],[-98.80495299988027,29.408111000034758],[-98.80494799985739,29.405592000337293],[-98.8049470000325,29.405037999894674],[-98.80494399965944,29.403888999995775],[-98.80494000035979,29.40208999988051],[-98.80493799981166,29.40119900000337],[-98.80493500033693,29.399761999875146],[-98.80493299978879,29.398567999854905],[-98.80492199991814,29.39384099965958],[-98.80491600007036,29.391440000266247],[-98.80489000013108,29.379285000099618],[-98.80489000013108,29.37910199989301],[-98.80488099991024,29.375064999634333],[-98.8047930000467,29.37159699994702],[-98.80479100039688,29.371276999762888],[-98.80475200003882,29.365697000149613],[-98.80475200003882,29.365678999974257],[-98.8047510002139,29.36541100037921],[-98.8047439996429,29.363387000185135],[-98.80471900042684,29.35661000023495],[-98.80466500000018,29.34260900031657],[-98.80466199962714,29.34180199983271],[-98.8046590001524,29.34101399983668],[-98.80462200034249,29.331826000261938],[-98.80459800005303,29.32501200022384],[-98.80459700022813,29.32452600002761],[-98.80459600040321,29.324163000357373],[-98.80459399985507,29.3238859997852],[-98.80459399985507,29.323830000268043],[-98.80459100038033,29.32380500019393],[-98.80459399985507,29.32379100030645],[-98.80459300003015,29.323659999643347],[-98.80459200020525,29.323408999612802],[-98.80459200020525,29.32334399992237],[-98.80459200020525,29.323143999771517],[-98.80459100038033,29.32251899970971],[-98.80460700027386,29.321618999628914],[-98.80481599961293,29.315122999949555],[-98.80485400014607,29.313977000381332],[-98.80487800043552,29.313552000321614],[-98.8048979996287,29.313208999775185],[-98.8049260001161,29.312922999961287],[-98.80492399956796,29.312860000390298],[-98.80492199991814,29.312780999629975],[-98.80490400037478,29.312227000154778],[-98.80489400032904,29.31072399982906],[-98.80488699975803,29.309709000153063],[-98.80488000008535,29.308701999895135],[-98.80487500006247,29.306799999927257],[-98.80486800038977,29.30384699987085],[-98.80486599984164,29.303190999652994],[-98.8048709998645,29.30312800034168],[-98.80487199968941,29.30310699977917],[-98.80488299956006,29.303037000223245],[-98.80490299965156,29.302994999839985],[-98.80493000031406,29.302959999637935],[-98.80496200010111,29.302931999624274],[-98.80499200023833,29.3028919999273],[-98.80503700044417,29.30286199994835],[-98.8051029996681,29.302796000120424],[-98.80515700009478,29.30274199994462],[-98.80496999959871,29.302241999716287],[-98.80494799985739,29.302167999646787],[-98.80489900035191,29.301999000123253],[-98.80487800043552,29.301838000187193],[-98.80487699971229,29.30182699997791],[-98.80485699962081,29.301404000218835],[-98.80485199959794,29.300286999719933],[-98.80485099977301,29.29718599981184],[-98.80484699957506,29.29689000022226],[-98.80484599975016,29.29653300038041],[-98.80484300027541,29.295937000310115],[-98.8048349998795,29.29562399987518],[-98.8048499999481,29.29401599993452],[-98.8048340000546,29.291219000340302],[-98.80483599970441,29.290580000105113],[-98.8048349998795,29.29025099972335],[-98.8048349998795,29.290193000358254],[-98.80480899994024,29.282153999842578],[-98.80480899994024,29.28206999990231],[-98.80480800011532,29.282003000170928],[-98.80480499974226,29.281757000066992],[-98.80476600028253,29.278959000347243],[-98.80476499955928,29.278889999727003],[-98.80473100012243,29.274956000340016],[-98.80473399959715,29.273300000193334],[-98.80475500041186,29.27002499967502],[-98.8047570000617,29.269540000118848],[-98.80477100030541,29.266128000142597],[-98.80478100035114,29.26367300003078],[-98.80478300000095,29.262613000155923],[-98.80478399982587,29.262015999721807],[-98.80478399982587,29.261790999756528],[-98.80478100035114,29.261318000183156],[-98.80478100035114,29.26130400034803],[-98.80476899975726,29.259097000019874],[-98.80476700010745,29.258786999624043],[-98.80476600028253,29.25850500029829],[-98.80476299990947,29.257948000245936],[-98.80476600028253,29.25670500015456],[-98.80476799993235,29.255631000330002],[-98.80476999958216,29.254505999771716],[-98.80476899975726,29.254028999969265],[-98.80476200008457,29.251237999814098],[-98.80476200008457,29.2511479998083],[-98.80476299990947,29.250692999698984],[-98.80445699958773,29.250550999855186],[-98.80431900039378,29.25048800022018],[-98.80390799959173,29.250299000298487],[-98.80377100022268,29.250236999821006],[-98.80343800013675,29.250110000027636],[-98.80244200025203,29.249732000006063],[-98.802109999991,29.24960599968854],[-98.8015829997363,29.24942499975707],[-98.80000199987056,29.248881999608862],[-98.79947499961587,29.248702000075653],[-98.79358600034602,29.246683000361962],[-98.79294600011343,29.24646400038785],[-98.79213299962846,29.246184999634455],[-98.79202999969631,29.246150000351506],[-98.79156699991404,29.245990999696026],[-98.78818400024959,29.244829999844168],[-98.78817099983081,29.244824999881168],[-98.78572799997461,29.243986999802758],[-98.78036400041132,29.242147999954565],[-98.78014799960295,29.242083999672552],[-98.78002200010457,29.24204700020156],[-98.77976900038456,29.241959000304544],[-98.7790119999761,29.241697999915395],[-98.77885999964013,29.241644000373448],[-98.77870499982944,29.241590000019162],[-98.77808800006137,29.241379000016494],[-98.77737500003386,29.241134999734726],[-98.77726999955355,29.241099000106516],[-98.77716699962139,29.241063999867965],[-98.7769359996427,29.240983999837585],[-98.7767930004259,29.24093500007227],[-98.77662199982335,29.24087599997175],[-98.77611100036052,29.24070200003528],[-98.77594099958289,29.240645000181004],[-98.77561300041813,29.240531000377164],[-98.77492999962953,29.24029499962338],[-98.7724859999484,29.23945499967269],[-98.7724700000549,29.239449000028976],[-98.77176299987514,29.23920600005354],[-98.76962999964034,29.238473999950788],[-98.76891999998585,29.238229999798364],[-98.76723500036303,29.23765099976263],[-98.76218300007098,29.235917000311414],[-98.76116700009474,29.235568000288165],[-98.76049900027306,29.23533899997685],[-98.75030000015268,29.231838999776503],[-98.7468299995513,29.23075800034291],[-98.74681700003082,29.23075399997933],[-98.74669599965699,29.230717000332596],[-98.74210799987041,29.22914999994929],[-98.73514800037277,29.22677399980776],[-98.73496599989957,29.226710000105232],[-98.73189200003164,29.22566199997216],[-98.72763700033099,29.22420899992213],[-98.72741600039804,29.224114999828366],[-98.7255479995788,29.223495999741747],[-98.71910100009214,29.221293999638654],[-98.71271999982939,29.219114000212446],[-98.71136499991945,29.21865199991101],[-98.7112560001395,29.21861499981201],[-98.71120599991079,29.218597999973923],[-98.71110499962845,29.218562999883396],[-98.70947299970908,29.218005999610476],[-98.70638600032062,29.21695199961813],[-98.70418399959054,29.216199999624543],[-98.70219400036919,29.21552100006786],[-98.70077400016191,29.215036000093587],[-98.6998860002322,29.214731999829915],[-98.69968000036789,29.214662000131433],[-98.69879300026307,29.214358999989134],[-98.69849799981199,29.214258000265314],[-98.69814299998474,29.214135999635467],[-98.69707799960472,29.213772999800653],[-98.69672299977748,29.213651999831306],[-98.69651299971518,29.213580000053888],[-98.69588599990139,29.213365999763383],[-98.695676999664,29.2132950002424],[-98.69540600040068,29.213202000000308],[-98.69443399990706,29.21287000019273],[-98.69070499973789,29.211596999823715],[-98.68946299980585,29.21117300026603],[-98.68856499983039,29.210865999642905],[-98.68846000024841,29.210830000349876],[-98.6871709995624,29.210390000040462],[-98.68330400019927,29.20907000032233],[-98.68201500041155,29.208630000297095],[-98.68115400024605,29.20833600020035],[-98.67857199957434,29.20745400033828],[-98.67771200013205,29.207160000004357],[-98.67736999982529,29.2070429997889],[-98.67634600035144,29.206691999909264],[-98.67601599974024,29.206574999943676],[-98.67600300021978,29.206574999943676],[-98.66850399987355,29.204013999910355],[-98.66849300000288,29.204010000070603],[-98.66677499986979,29.20342400029633],[-98.66238399972671,29.201926000386397],[-98.66162100036878,29.20166599969267],[-98.65990300023569,29.201079999848986],[-98.65983700011346,29.201056999913945],[-98.65975099989973,29.201027999647554],[-98.65897799959774,29.20076300005088],[-98.65895000000864,29.200752999741958],[-98.65892400006938,29.200744999807803],[-98.65881600011434,29.200706999719944],[-98.65877500010647,29.20069300022061],[-98.6586930000907,29.20066499964773],[-98.65830399992826,29.200532999756863],[-98.65758599987788,29.200288000376244],[-98.6552290002354,29.199482999633073],[-98.6548559999665,29.199355999619442],[-98.65343800030737,29.198871999804823],[-98.64918600008146,29.197419999982536],[-98.64776900024725,29.196937000271557],[-98.64625799980337,29.19642099971773],[-98.64172500026838,29.194872999727984],[-98.64021399982452,29.19435799962417],[-98.63870699957862,29.19384100034449],[-98.63850999993512,29.193774000084733],[-98.63819699994066,29.193666999707883],[-98.63725799995733,29.193348999863872],[-98.6369459997878,29.193242999696704],[-98.6312430002908,29.19129600036785],[-98.63116999959755,29.191271999918357],[-98.63109799962751,29.19124700035902],[-98.62663600023765,29.189723999839412],[-98.62531800013764,29.189273000139796],[-98.62157600044799,29.18787599967464],[-98.62149799973187,29.187850000150288],[-98.62141900008916,29.187822999913344],[-98.61842499968883,29.186796999759444],[-98.61740700006277,29.186448000234385],[-98.61435599976102,29.185401999969926],[-98.6133389999599,29.18505400035304],[-98.61318900017206,29.18500199986718],[-98.6127420002833,29.184848999672305],[-98.61259300032039,29.184797999818105],[-98.61156200027555,29.184444999947328],[-98.60846999996592,29.183386000105564],[-98.60743999974599,29.183033000081817],[-98.60721600033831,29.18295600012856],[-98.60654699979341,29.18272599989352],[-98.60632400021065,29.18264999968202],[-98.60628200037785,29.182635000098003],[-98.60611499997327,29.182579000063086],[-98.60595199976666,29.182522999997563],[-98.60568499980296,29.182431000047746],[-98.6037780004223,29.181778999812018],[-98.60359299957605,29.181716000225293],[-98.60271100039242,29.18141499992307],[-98.60252499972128,29.181350000143098],[-98.60196800022769,29.18115799973211],[-98.60178300027975,29.181093999776717],[-98.6015260003618,29.181006000066983],[-98.60075600043285,29.180741999700594],[-98.60050000033982,29.180654999680556],[-98.60041699960084,29.18062599991896],[-98.6001680000788,29.180539999793304],[-98.60008500023812,29.18051199999226],[-98.59996399986431,29.180470000276255],[-98.59960300018929,29.18034700022484],[-98.59948299964037,29.180305999652052],[-98.5969999996012,29.179455000343484],[-98.59467999976864,29.178661000113916],[-98.59386100033423,29.178378999741135],[-98.59140500005923,29.17753300024735],[-98.5905869995514,29.177250999911884],[-98.58834899973462,29.17648099987724],[-98.5883320000162,29.17647499968315],[-98.58640600036894,29.175813999683474],[-98.58634799974429,29.17579399968949],[-98.58633799969856,29.175791000356757],[-98.58594299968834,29.175654999662925],[-98.58573000015133,29.175581999827514],[-98.5856370002649,29.17555000007668],[-98.58553500015766,29.1755150001907],[-98.58544300009616,29.17548299963466],[-98.58538600019475,29.175463000360526],[-98.58534799966161,29.1754489997682],[-98.58526800019396,29.175423000231884],[-98.58523499968369,29.17541099971964],[-98.5851359999495,29.175376999829364],[-98.58510300033753,29.17536600013927],[-98.58508999991874,29.175360999923203],[-98.58505399993372,29.175349000188056],[-98.58504200023816,29.175345000014588],[-98.58388800016967,29.174949000108654],[-98.5834119999686,29.1747870001702],[-98.58100099989946,29.173960999655005],[-98.58079199966207,29.173890000298456],[-98.58058099977488,29.173816999991853],[-98.57541700022814,29.172050000241054],[-98.57513199982279,29.17195199985494],[-98.574941999852,29.17188700035567],[-98.57475199988119,29.171822000030833],[-98.57444899993249,29.17171799973921],[-98.57414500015888,29.171614000126574],[-98.57392699970066,29.17153899960899],[-98.56684199963122,29.169124999717443],[-98.56684199963122,29.16909900014785],[-98.56525800029074,29.16857000011338],[-98.55932300009184,29.166538000074176],[-98.55734800004079,29.165860999796863],[-98.55723599988781,29.165823000120533],[-98.55614700011662,29.165449999640497],[-98.55606500010086,29.16542199964442],[-98.55289199960038,29.164335000085146],[-98.54760800040305,29.162526000273164],[-98.54749600025005,29.162488000146926],[-98.54745500024218,29.16247299996934],[-98.54733200021852,29.162430999931225],[-98.54729200003555,29.162416999914694],[-98.54708699999614,29.162346999803365],[-98.54647299970281,29.16213800013956],[-98.54626900038663,29.162069000010796],[-98.54592299988191,29.161949999782074],[-98.54488500016437,29.161592999837314],[-98.54453899965965,29.16147500001991],[-98.54449000015416,29.161462000051674],[-98.54099100013876,29.160260000282552],[-98.53359899992266,29.15772800012579],[-98.53077000027707,29.156760000022054],[-98.52999600015018,29.156494999823558],[-98.5276749995944,29.155699999832322],[-98.52690200019073,29.155435000036725],[-98.52678500001488,29.15539499994901],[-98.52643799968524,29.155278000308968],[-98.52632200023258,29.15523899961483],[-98.52625799976019,29.15521600038535],[-98.52606600013955,29.155149000008254],[-98.52600300039036,29.155127000214446],[-98.52596400003232,29.1551140002271],[-98.52584900040459,29.155075000255216],[-98.52581099987144,29.15506299971773],[-98.52578800030523,29.155055000143157],[-98.52577599971133,29.155052000204492],[-98.52572200018297,29.155032000087967],[-98.52570100026657,29.15502399972647],[-98.52568500037306,29.1550190000886],[-98.52563799961906,29.155004000389017],[-98.52562300044876,29.155000000207288],[-98.52559400013645,29.15499000014445],[-98.52550999957255,29.154961000192046],[-98.52548199998347,29.154952000367512],[-98.52530899973111,29.154899000077073],[-98.52479200042048,29.154739999826262],[-98.52461999999302,29.154687999671086],[-98.5245399996271,29.15464999978242],[-98.52444599991574,29.154607000221766],[-98.52429600012793,29.154547000385147],[-98.52421499993706,29.154515000353292],[-98.52417700030223,29.154501000042064],[-98.52406299960111,29.15446100037506],[-98.52402599979118,29.15444800030342],[-98.52400700042291,29.154441000143464],[-98.52399999985191,29.154428000069295],[-98.52397599956245,29.154426999822146],[-98.52389199989688,29.154403000163416],[-98.5238650001327,29.154394999752913],[-98.52370799977386,29.154340999711597],[-98.52323699959568,29.15417900020183],[-98.52308000013514,29.154126000297023],[-98.52304099977708,29.154111999932717],[-98.52292699997426,29.154070999863627],[-98.52288900033945,29.154057999742626],[-98.52123800015347,29.153496000059487],[-98.5211970001456,29.15348299986573],[-98.51879199992423,29.15265699974945],[-98.51873500002283,29.15263800021575],[-98.51867599957328,29.152617000148872],[-98.51703199995833,29.15205400015643],[-98.51688299999543,29.152002999696677],[-98.51670700026834,29.151942999907945],[-98.51655800030541,29.151890999905845],[-98.51611100041666,29.15173799977705],[-98.51596300027866,29.151688000218837],[-98.51551700021483,29.15153499978766],[-98.51418099967313,29.151076999760214],[-98.51373600033253,29.150925000269353],[-98.51368399955568,29.150906999912156],[-98.5135299995699,29.15085399988817],[-98.51347900041459,29.150836999800664],[-98.51317200026791,29.150731999936248],[-98.51225199965283,29.15041699969898],[-98.5119460002294,29.15031200018982],[-98.51111100000314,29.15003599978009],[-98.50860600022266,29.149207000080214],[-98.5077709999964,29.148932000140636],[-98.50752800032215,29.14884699965379],[-98.50680000022601,29.14859200012488],[-98.50655800037667,29.148507999661522],[-98.50645799991925,29.148472999971183],[-98.5061590001685,29.14836800004416],[-98.5060600004343,29.148333000306177],[-98.50588999965667,29.14827499977267],[-98.50476999992335,29.14788500009613],[-98.50474599963393,29.147876999962552],[-98.50455200036347,29.147810999817334],[-98.50378400008437,29.14754299990972],[-98.50148000014534,29.14673899991517],[-98.50071299969115,29.146471999889595],[-98.5006540001399,29.1464510001314],[-98.50047900023773,29.14638999991287],[-98.50042099961308,29.14636999967897],[-98.50029599993962,29.14632699979064],[-98.499844000028,29.146175999875894],[-98.49811500002424,29.145600999816192],[-98.49753900026407,29.14541000035061],[-98.49611499985883,29.14491900025516],[-98.49584700007023,29.14482700034062],[-98.49555900019014,29.144728000306415],[-98.4941690001201,29.144230000019125],[-98.49411800006646,29.144212000058122],[-98.49396499990559,29.144158999718623],[-98.49391499967689,29.144142000092398],[-98.48426600027574,29.14082099970526],[-98.48404100014483,29.140744000259428],[-98.483771999633,29.140651000148722],[-98.48198099970496,29.140035000378337],[-98.47573199968672,29.13788699969539],[-98.47365000040385,29.137170999953465],[-98.47192300004991,29.13657599993712],[-98.4658189997966,29.134475999950403],[-98.45606499991514,29.131122000367153],[-98.44864299956183,29.12856899982139],[-98.44851200004057,29.12852400011829],[-98.44154800034497,29.126127000234444],[-98.44145600028345,29.126091999984645],[-98.44080699983003,29.125869000041316],[-98.43938300032313,29.125380999998395],[-98.43886000026639,29.125202999689357],[-98.43821099981297,29.124981999670457],[-98.43559899990237,29.124085000349407],[-98.43374799969986,29.123406999904095],[-98.43129800017097,29.122507000082017],[-98.430997999697,29.12239699986879],[-98.43092599972698,29.122371000243497],[-98.43084899973408,29.12234199971803],[-98.42740800034332,29.12120100010165],[-98.42623900020621,29.120812000286847],[-98.41827600025282,29.118081000314596],[-98.41414899970039,29.116738999732757],[-98.41406000001193,29.11670999997368],[-98.41397200014836,29.11667799993238],[-98.4129889997841,29.11632700022404],[-98.41291500016426,29.116300000015784],[-98.41286300028574,29.11628199987298],[-98.41273600006411,29.116237000287],[-98.41266499991902,29.116210999889468],[-98.41069599971574,29.11550499986286],[-98.40733599961752,29.114435000219878],[-98.40713300012624,29.11466899975325],[-98.4070450002627,29.114766999849166],[-98.40700000005685,29.11481799995017],[-98.3983790003275,29.124363999876874],[-98.3975850001091,29.12524400029043],[-98.39505799968902,29.128306000109514],[-98.38535400003629,29.140067000212785],[-98.38499900020904,29.140499999739067],[-98.38496099967588,29.140546999672104],[-98.3843990001594,29.141232000346736],[-98.38403699976118,29.141673000289373],[-98.38183999995228,29.14435199984643],[-98.38144599976697,29.144831999689963],[-98.37986800027426,29.14674399995605],[-98.37584000035434,29.1516340003234],[-98.37529100035835,29.152300999932454],[-98.3726540003334,29.155499999753822],[-98.37102800026179,29.15747500032861],[-98.36758899962254,29.16159000008957],[-98.36689099966364,29.16242499970024],[-98.364178000369,29.165672999981027],[-98.36232899981633,29.16788499975778],[-98.36225099999852,29.167978999644355],[-98.36171299987319,29.168622000298363],[-98.36119599966423,29.16923999984661],[-98.36045900024558,29.170120999631372],[-98.35518400037076,29.176433999916174],[-98.35441400044182,29.17735500008687],[-98.35328299993955,29.17870799983924],[-98.35166600008878,29.180643999771974],[-98.34516099997748,29.188420000095217],[-98.34281900040361,29.19122299989801],[-98.34189299994077,29.192315000287163],[-98.34178400016083,29.192445000025753],[-98.34108299982886,29.193277999808405],[-98.33988399955452,29.19469200029085],[-98.33965099992602,29.19496699998552],[-98.33797499962571,29.19694700016851],[-98.33789500015807,29.197042999756817],[-98.33024299965098,29.206214000253368],[-98.33019699962023,29.206269000186236],[-98.32768000014418,29.20928700009723],[-98.32724300030118,29.209811000195685],[-98.32719600044551,29.209867999963997]]]},"properties":{"GEOID":"48029","BASENAME":"Bexar","STATE":"48","COUNTY":"029","AREALAND":"3212765009","NAME":"Bexar"}},{"type":"Feature","geometry":{"type":"Polygon","coordinates":[[[-99.60332300019805,29.742888999893445],[-99.60331900000008,29.740521999997938],[-99.60331900000008,29.7403400000879],[-99.60331900000008,29.740275000262866],[-99.60331800017518,29.74025800033762],[-99.60331399997723,29.74024300030951],[-99.60331800017518,29.740212000296218],[-99.6033059995813,29.733241000253667],[-99.60329600043386,29.727402999744545],[-99.60325100022803,29.700984000097765],[-99.60324799985497,29.699266999688966],[-99.60324100018228,29.695275999695767],[-99.60324100018228,29.695183999713013],[-99.60324000035736,29.69486099987837],[-99.60323399961128,29.690621000139508],[-99.60323199996145,29.690106999857523],[-99.60323000031163,29.689591999613473],[-99.60323000031163,29.68931800032178],[-99.60322899958841,29.688509000113207],[-99.60321900044097,29.683123999994105],[-99.60321900044097,29.682850000238474],[-99.60321799971774,29.6817459996319],[-99.60321799971774,29.68162000033148],[-99.60321799971774,29.681494999847466],[-99.60321500024303,29.680408999652517],[-99.60320900039522,29.677152000279772],[-99.60320900039522,29.677106999996585],[-99.60319000012866,29.66516600018154],[-99.60318099990782,29.660198999702512],[-99.6031800000829,29.659369999879637],[-99.60316900021226,29.65256200026656],[-99.60316199964126,29.647911000209493],[-99.60315400014365,29.64343700023263],[-99.60315199959551,29.64340600000773],[-99.60315099977059,29.643393999968474],[-99.60314400009791,29.643292000357853],[-99.60310999976271,29.64280700033633],[-99.6031080001129,29.64278099983454],[-99.60307899980057,29.634404000215792],[-99.60307799997565,29.634185000387745],[-99.60308100034872,29.63388599984284],[-99.60308100034872,29.633858999932716],[-99.60308200017361,29.63372700018131],[-99.60308299999853,29.633569999949998],[-99.60310300009002,29.630836999855873],[-99.6031299998542,29.62718100006384],[-99.59559600024619,29.627213999624608],[-99.59538100016104,29.627214999918685],[-99.59335900025431,29.62722499973606],[-99.59332499991915,29.627226000030088],[-99.59330400000273,29.627226000030088],[-99.59328200026142,29.627226000030088],[-99.59326499964466,29.627226000030088],[-99.59324399972827,29.627226000030088],[-99.59319699987262,29.627226000030088],[-99.58292999998018,29.627272000269816],[-99.58281799982718,29.627272000269816],[-99.57446300023662,29.62731200029141],[-99.55605400029063,29.627395000383263],[-99.54636099961024,29.627437999670125],[-99.54627799976957,29.627437999670125],[-99.54551000038876,29.62744300034871],[-99.54543199967266,29.62744300034871],[-99.53460599973846,29.62749699969683],[-99.53444900027796,29.627497999988147],[-99.53086300022393,29.62751299967168],[-99.53083499973651,29.62751299967168],[-99.53075100007094,29.62751299967168],[-99.5225610003368,29.62754899999615],[-99.52245699968141,29.62754899999615],[-99.50033299980997,29.627647000337134],[-99.49494999998011,29.62767100026268],[-99.4904640003008,29.62769099980584],[-99.48743599956528,29.62768400012238],[-99.47760100039129,29.627660000199928],[-99.4769899995727,29.627657999620485],[-99.47628300029128,29.627657000111622],[-99.46965299960819,29.627639999869746],[-99.46153900004205,29.627617999736202],[-99.46099599989383,29.627617999736202],[-99.45163199999972,29.627593999798027],[-99.44513000026147,29.627577999836102],[-99.44407999995005,29.627574999745356],[-99.43742000002807,29.62755899978037],[-99.437276000088,29.62755899978037],[-99.43708899959194,29.62755899978037],[-99.43671000037358,29.627558000270515],[-99.43641499992248,29.62755699997978],[-99.4363759995644,29.62755699997978],[-99.43633399973162,29.62755699997978],[-99.43630000029476,29.62755699997978],[-99.43627900037836,29.62755699997978],[-99.43626799960938,29.627555999689037],[-99.43625699973873,29.627555999689037],[-99.43583400013944,29.627555000179168],[-99.43568900037448,29.627555000179168],[-99.43086700023618,29.627542000302817],[-99.42949999973236,29.627539999721034],[-99.42948700021188,29.627539999721034],[-99.42941000021898,29.627539999721034],[-99.42451500028577,29.627526000332587],[-99.42353600011944,29.627526000332587],[-99.42350199978425,29.627526000332587],[-99.4193230002516,29.62751299967168],[-99.41926600035019,29.62751299967168],[-99.4118170002327,29.627513999962833],[-99.40827899985923,29.62751599976427],[-99.40637400012838,29.627507999777432],[-99.40494700024841,29.627537999920065],[-99.39370600021255,29.62748699990652],[-99.38691599969589,29.627456999748695],[-99.37883300009189,29.62742499977867],[-99.37760600022847,29.627418000076723],[-99.37532099965769,29.627405000182712],[-99.3595789998739,29.627341000199596],[-99.3534960004353,29.62721800002022],[-99.35281199982178,29.627203999806152],[-99.33457100010529,29.626833000062526],[-99.33439899967783,29.626841000102964],[-99.33378600010774,29.626875000072616],[-99.33357299967241,29.626876000370128],[-99.33354900028127,29.626868999849165],[-99.33352499999182,29.62687199996093],[-99.33349900005256,29.626875000072616],[-99.33257099993986,29.62687199996093],[-99.3319600000196,29.626870000146717],[-99.32728299964627,29.626844999732562],[-99.31738599964967,29.626792999850696],[-99.31350300039304,29.62677199983074],[-99.30983899962288,29.6266850003708],[-99.30921299963398,29.62666999978318],[-99.30851800004814,29.626653999674453],[-99.30406300033096,29.626549000167],[-99.30350000009125,29.62653499985997],[-99.29032300036239,29.62622499981442],[-99.28930200036328,29.6262010003253],[-99.28773400001802,29.626168999956406],[-99.28590700010496,29.62613100009077],[-99.28531399972802,29.6261190003357],[-99.28524299958292,29.62611699972565],[-99.27408399956282,29.625843000108993],[-99.27387600004867,29.62583800013182],[-99.26342699968305,29.62571499967929],[-99.26269500028725,29.62570400018381],[-99.26139999975345,29.62568799992168],[-99.2604800000367,29.625676999642423],[-99.25031699990134,29.625558000235724],[-99.23582299989737,29.625643000049376],[-99.22884900015602,29.62568400024622],[-99.22585999977855,29.62570200034642],[-99.22552699969262,29.6256970003623],[-99.2210200000969,29.62563400038489],[-99.21878399992994,29.625603000145993],[-99.2184359997754,29.625598000156966],[-99.21067399966344,29.625490000176985],[-99.2104460000578,29.625487000024062],[-99.20993700024479,29.625480000187466],[-99.2016660003198,29.62536399992386],[-99.20151499980875,29.625362000079726],[-99.20135300032535,29.625360000235528],[-99.19944299967331,29.625370000236966],[-99.19562499981568,29.6254430003737],[-99.19366499983323,29.625482000029272],[-99.19227999978607,29.625435000222197],[-99.19151200040527,29.62522599965181],[-99.19091800020344,29.62522599965181],[-99.19051099959935,29.62522599965181],[-99.18097500017612,29.625079000257454],[-99.18093599981805,29.625077999942107],[-99.17855800025917,29.625042000296443],[-99.17747199996273,29.62502599992923],[-99.17672200012531,29.625015000358534],[-99.17602400016636,29.625010999875457],[-99.17518899994012,29.624992000116507],[-99.17509299968064,29.62499099980029],[-99.17363099964058,29.62496899986922],[-99.17311400032993,29.624960999680138],[-99.17278200006893,29.62495599965919],[-99.16604799962876,29.62490800007068],[-99.16312600009677,29.624869999729444],[-99.1442099999876,29.624624999754136],[-99.1398530001797,29.62456899978767],[-99.13384500018587,29.624490999754652],[-99.12924200033069,29.624388999740496],[-99.12840100025664,29.624378000100325],[-99.12645499961958,29.624352000306995],[-99.12634099981679,29.624349999661856],[-99.12531300014498,29.624320999673714],[-99.1203589997622,29.62427400010598],[-99.10738500042294,29.624151999630463],[-99.1069810001919,29.6241490002186],[-99.10692099991743,29.624147999894014],[-99.10654900037177,29.624144999701134],[-99.10637000027161,29.62414400015741],[-99.10425100028051,29.62412700010367],[-99.10373400007157,29.624123000366243],[-99.10328299998487,29.62411899984768],[-99.08531000005698,29.623974000271875],[-99.08067799988949,29.623936999905087],[-99.07304399982405,29.623859000163716],[-99.07296500018133,29.623855999962224],[-99.07207200022874,29.623826999831856],[-99.07191999989278,29.62382199975469],[-99.07172700044725,29.623819999879945],[-99.06681200042254,29.62377300007852],[-99.06670399956919,29.623771999750257],[-99.06459299997401,29.623752999757663],[-99.06456399966169,29.623752999757663],[-99.04111199964449,29.62354300005303],[-99.04048999985353,29.62353699963114],[-99.03771100043669,29.623536000081398],[-99.03625500024441,29.623536000081398],[-99.03618900012216,29.623536000081398],[-99.03568699998182,29.623532000320495],[-99.03346599988348,29.62351399983263],[-99.03326900023998,29.623511999951766],[-99.03173199985683,29.623499999884775],[-99.01816299959252,29.623397999648347],[-99.01802000037569,29.62339599976518],[-99.01549299995558,29.62335599975066],[-99.01505100008971,29.623348999765973],[-99.00535199956154,29.623266000245604],[-99.00365799971789,29.623252000263296],[-99.00133500041059,29.623233000172664],[-99.00094399970004,29.623229999952535],[-99.00060099956836,29.6232269997323],[-99.00030900038864,29.623224000292854],[-98.99369999962194,29.623522000136596],[-98.99365699996423,29.623522000136596],[-98.99289500043122,29.623515999713455],[-98.98912699990397,29.623487999816422],[-98.98903700039062,29.623487000266135],[-98.9862980002584,29.62346699988847],[-98.98546300003214,29.62345600014763],[-98.98378699973183,29.62344999972056],[-98.98240400023279,29.622417999816783],[-98.9821299996981,29.62216699962324],[-98.98113999966114,29.62126499978122],[-98.98053999961151,29.620296999959383],[-98.97980900004063,29.618579000021086],[-98.9794769997796,29.617885000305126],[-98.97908900034041,29.617385000142928],[-98.97875100023161,29.6170020001106],[-98.97753900043679,29.615628000216166],[-98.97678200002834,29.614546999612767],[-98.97612599990222,29.6132640001951],[-98.97581999958045,29.611964999969505],[-98.97576100002924,29.61091200018981],[-98.97569699955682,29.609778000022075],[-98.97600700007652,29.607921999890365],[-98.97652799958513,29.604894999631],[-98.97734299971991,29.601940999863523],[-98.97865499997214,29.59881700013495],[-98.97950899956666,29.59724299984725],[-98.97952600018341,29.59721700008486],[-98.97954200007695,29.597192999937775],[-98.97968500019206,29.59698400017298],[-98.97986000009426,29.596727000246048],[-98.98121800037725,29.59474799974931],[-98.98167699996156,29.594240000168114],[-98.98270700018149,29.593100999951314],[-98.98405000039588,29.5917190003896],[-98.98485899978455,29.59093599976908],[-98.98600700000526,29.58894899980097],[-98.9860659995565,29.588779999830543],[-98.98639000031993,29.587856000261986],[-98.98671300036011,29.586931000131603],[-98.98703300002725,29.585526999702875],[-98.98706800018735,29.584663000066087],[-98.98695600003435,29.583961000187873],[-98.98676199986558,29.583371999762278],[-98.98632800039563,29.582541999722064],[-98.98577400037676,29.581928999736878],[-98.98433599972785,29.580953999822484],[-98.98296300027454,29.580317000093736],[-98.98274300016651,29.58027900013376],[-98.98111200007205,29.579996000330958],[-98.9803839999759,29.57968200022029],[-98.97982199956111,29.579182999694403],[-98.97912899962506,29.57813399985795],[-98.9788709998822,29.577610000151324],[-98.97885099979074,29.576948000128073],[-98.97902499986799,29.576051999843443],[-98.97927299956511,29.575454999932237],[-98.97961300022206,29.5750020002547],[-98.97998899996568,29.57444500028495],[-98.98053200011391,29.573855999803275],[-98.98120300030864,29.573281999730078],[-98.98171799996943,29.573007000249838],[-98.98318099983443,29.572433000037893],[-98.98320400029895,29.572421000142946],[-98.98371499976182,29.57216600027977],[-98.98434900014662,29.57169699967413],[-98.98482699999752,29.571197000239337],[-98.98576500015595,29.5701060000455],[-98.98585499966931,29.569298999984373],[-98.98588599963145,29.56850400008672],[-98.98594400025608,29.567048000201556],[-98.98520199991623,29.564078999872805],[-98.98344000030052,29.561337000255335],[-98.98288399973352,29.56062700010818],[-98.9828269998321,29.560553999940023],[-98.98133600037802,29.558651999722905],[-98.97934200006041,29.555402000023566],[-98.97904300030966,29.555123999624108],[-98.97706499988556,29.55328100001335],[-98.97514799956083,29.552233999667997],[-98.97417199976756,29.551940999950673],[-98.97335300033313,29.551694999969357],[-98.97138300030495,29.551842000030188],[-98.96994800002906,29.552512999676036],[-98.96854100024058,29.55386199978583],[-98.96838200023194,29.55426400020163],[-98.96777999963417,29.555791000035065],[-98.96675100013746,29.55713200004239],[-98.96627300028658,29.557689000168814],[-98.96472800040583,29.558900999747387],[-98.9625009995614,29.559878999835753],[-98.96062400031792,29.560236000390276],[-98.96025100004903,29.560236000390276],[-98.95785300039867,29.560237999963046],[-98.956011000417,29.559876000075263],[-98.95395799964983,29.559400999888876],[-98.9516460002132,29.558765000343584],[-98.95067000041995,29.558547999938924],[-98.94969399972838,29.558332000045507],[-98.9495830002986,29.55830699983268],[-98.94740999988083,29.55795300009323],[-98.94532900042287,29.557931000386365],[-98.94356100006107,29.557980000011113],[-98.94233699967236,29.55819099967061],[-98.94107600037206,29.558497999613977],[-98.94014700043448,29.558974999736815],[-98.93939199967583,29.55934700002404],[-98.93838099972248,29.560041000053307],[-98.93762599986218,29.56067800033354],[-98.93721400013351,29.56107199962852],[-98.93671600019113,29.561550000264013],[-98.93547400025909,29.562399000028904],[-98.93372599998878,29.563150000057867],[-98.93166399989907,29.56354700030178],[-98.92991399997891,29.563427000105257],[-98.9282929999302,29.562789999969766],[-98.92716099960303,29.56225000016677],[-98.92687699992089,29.56254999997959],[-98.92659300023875,29.562849999682875],[-98.92015800044764,29.56965700014419],[-98.91372399958315,29.57646399961564],[-98.9132979996108,29.576914999740715],[-98.91287199963845,29.577366000194736],[-98.9125360000778,29.577719999862012],[-98.91241700025209,29.577848000283634],[-98.91086499980035,29.5794889999039],[-98.91020799984932,29.580182999800975],[-98.90958500023348,29.580840999810704],[-98.90955000007338,29.580878000367775],[-98.90947200025558,29.580960999625457],[-98.90891200038892,29.581553999922882],[-98.90848499969334,29.582012999654236],[-98.90809200023126,29.582438000321986],[-98.9079890002991,29.582549000196146],[-98.90448199988778,29.586285999714576],[-98.9031599995898,29.587680999810917],[-98.90252000025552,29.588348999918836],[-98.90138899975325,29.58953400015682],[-98.90130199971462,29.589625999862765],[-98.90129400021699,29.589633999731312],[-98.90102700025332,29.58991400019995],[-98.9006949999923,29.590263000203976],[-98.89705200003685,29.59408800012217],[-98.89648899979716,29.594679000160866],[-98.8880859996277,29.60363499965959],[-98.88755300042354,29.604202999696263],[-98.88584899963581,29.606020000192835],[-98.88349399964316,29.60852999965673],[-98.88198300009763,29.61013100031897],[-98.8818140000432,29.61030899991582],[-98.87530599955886,29.617206000152002],[-98.87380699970888,29.61891699977481],[-98.87378300031774,29.618943999784815],[-98.87169199991573,29.62124499974347],[-98.87122099973755,29.621763999868318],[-98.86786599966219,29.62522599965181],[-98.86270999961303,29.630718000297346],[-98.86258099974162,29.630833999862173],[-98.86229600023458,29.631091000300284],[-98.86100599972364,29.63225499989252],[-98.86043300033653,29.632865000142036],[-98.85985199965516,29.633484999797286],[-98.85551699958857,29.638112999911474],[-98.85504200011074,29.63861999997794],[-98.85388200019446,29.639859000182135],[-98.85211100035791,29.641750999959395],[-98.85025400030763,29.643733000136297],[-98.84735699999167,29.646824999644927],[-98.84670099986556,29.647525999720838],[-98.84665400000989,29.64757599964446],[-98.84660799997914,29.64762600032395],[-98.84655799975043,29.647678000379674],[-98.84650900024494,29.64773099971819],[-98.84525600044225,29.649069000097956],[-98.84388800011352,29.65052899976822],[-98.83901499992159,29.6557320003396],[-98.83891899966213,29.655834999845137],[-98.83866500011722,29.65610599980654],[-98.83681399991472,29.658082000003624],[-98.83625900007095,29.65867400023896],[-98.8357279996183,29.659240999936237],[-98.83520799993462,29.659795999915772],[-98.8346849998779,29.660353999851136],[-98.83452500004431,29.660525999917922],[-98.83418100008774,29.660892999803487],[-98.83306600037731,29.66208300008723],[-98.83173700040662,29.663502000242705],[-98.83055400002581,29.664764999838503],[-98.83050799999506,29.664813999862943],[-98.82969600023333,29.665679999973147],[-98.82873200013563,29.666708000263167],[-98.82871299986905,29.666728999759453],[-98.82862300035569,29.66682600031222],[-98.82853999961671,29.66691500001289],[-98.82513600003585,29.670548000172236],[-98.82507999995936,29.670611000145374],[-98.82206499964262,29.67403100023196],[-98.82038599986758,29.67565499971906],[-98.82017599980529,29.675882999712012],[-98.8179789999964,29.678272000318014],[-98.81399499955909,29.68260400036854],[-98.81210999991974,29.684646000272],[-98.81102000032365,29.685826999923638],[-98.80988799999648,29.68707100033081],[-98.8082939997119,29.68880700022517],[-98.80686000015926,29.6903729996667],[-98.8065520001877,29.69070900018535],[-98.80524699960814,29.69213199999994],[-98.80277100013998,29.69483500034423],[-98.80040100007874,29.697423999808926],[-98.80031200039026,29.69751699967678],[-98.79988200021995,29.697963999627405],[-98.79236699998022,29.705796000257727],[-98.7909509999709,29.707270999834517],[-98.77896099992249,29.71997700029646],[-98.77878199982236,29.720167000123617],[-98.78101700016438,29.720889999918096],[-98.78472299986902,29.722536000012084],[-98.78492399971047,29.722625999651168],[-98.78779099988921,29.72389799996102],[-98.78809200018809,29.724032000176084],[-98.7914160003013,29.725508000287363],[-98.79389299959436,29.72660700006355],[-98.79400999977024,29.726658999835617],[-98.79438999971183,29.72682800007899],[-98.79796099969725,29.72841300006606],[-98.8051939999047,29.731625999801977],[-98.8056729995805,29.73183800015984],[-98.81843500010598,29.73750600010396],[-98.81939900020369,29.737934000370338],[-98.82820700042909,29.741846000090355],[-98.83114300020478,29.7431489999633],[-98.83115700044847,29.743155000268988],[-98.83515600005607,29.74497599961481],[-98.83692799971755,29.74575600028633],[-98.83865699972131,29.746517000151115],[-98.83915800003673,29.74673700009341],[-98.84311599963642,29.74848199983579],[-98.84351200036987,29.74865600007838],[-98.84424799996363,29.748978999969978],[-98.84438000020809,29.749036999796907],[-98.84611000003676,29.7498349997901],[-98.8469500002859,29.750222000369916],[-98.8499000003053,29.751532000220585],[-98.85266000035392,29.752757000189376],[-98.85916600029013,29.755650999886043],[-98.85932100010083,29.75572099963918],[-98.86037200023716,29.75618200026812],[-98.86078800016377,29.75636699964349],[-98.86719199999271,29.759210999877528],[-98.86748800026872,29.759341999646374],[-98.86990299963752,29.760415000171133],[-98.8708790003291,29.760837000095233],[-98.87530599955886,29.76275200027224],[-98.8842550002496,29.766730000381312],[-98.88426799977006,29.766735000369476],[-98.88449399972588,29.766830999782137],[-98.8856579998401,29.767347999991948],[-98.89582099997547,29.77186700027603],[-98.90216100023032,29.774678000041327],[-98.90324800035167,29.77516099981103],[-98.90449299975845,29.775714000190113],[-98.9059470003009,29.776359999939544],[-98.9063630002275,29.77654500026253],[-98.90653599958156,29.77662199968087],[-98.9177249997389,29.7813979998785],[-98.92252299958773,29.783539000388615],[-98.92962000025106,29.786704999884474],[-98.93095300041969,29.78730099993109],[-98.93140399960808,29.787501000281665],[-98.93185499969479,29.787701999709107],[-98.93204399984067,29.787787000384967],[-98.93223399981147,29.787872000209077],[-98.93225100042822,29.787878999650268],[-98.93468400023868,29.788963999884526],[-98.93476899972917,29.78900199977155],[-98.935326999946,29.789252000186647],[-98.9370230003378,29.79000900009585],[-98.93862900031793,29.790724999842],[-98.93889499955839,29.790844000136314],[-98.94326200031031,29.792793000300733],[-98.9470480003809,29.79448299983855],[-98.94753499955432,29.794699999916034],[-98.94841900018437,29.795095000138847],[-98.95091800011706,29.796209999775392],[-98.9528859995971,29.797088000273988],[-98.95558999956923,29.798295000132494],[-98.95987399958217,29.800205999870325],[-98.96008199999464,29.8002990003212],[-98.9608119997406,29.8006250001126],[-98.96147500043773,29.800920999806465],[-98.96158099984461,29.800968000161852],[-98.96263700000382,29.80143999962057],[-98.96272400004246,29.801479000344887],[-98.9702459999549,29.804834999691778],[-98.97042099985708,29.80491300003701],[-98.97226299983875,29.80573500021687],[-98.97269700020702,29.805927999843107],[-98.9772930003895,29.80797900007617],[-98.97736500035951,29.808011000218556],[-98.97878899986644,29.808646999950774],[-98.98428300002439,29.811098000066494],[-98.9896559998085,29.813495000238216],[-98.99022300024616,29.813748000233556],[-98.99132399971289,29.814239000002846],[-98.99346899964327,29.815196999778053],[-98.99393499979857,29.815405000316108],[-98.99403299970788,29.81544900016457],[-98.99641399963978,29.81651099988092],[-98.99978100030901,29.818012999770538],[-99.00059700026871,29.818377999867142],[-99.00492099956631,29.820304999776216],[-99.00967599975746,29.822427000283586],[-99.0126149999062,29.823738999864283],[-99.01474899996593,29.824692000354116],[-99.0149310004391,29.824772999673353],[-99.01810800023924,29.826191000059264],[-99.01993000012942,29.827004000338015],[-99.02009599981076,29.827078000306248],[-99.02264400014727,29.828215999994043],[-99.02850099963005,29.83082800036994],[-99.02876900031697,29.830948000311285],[-99.03151900031983,29.83217499995461],[-99.03162700027487,29.832223000236517],[-99.03409400042051,29.833323000376488],[-99.03599499995342,29.83417100001012],[-99.03998400041355,29.835950999993837],[-99.04007099955389,29.835989999724674],[-99.04278499957174,29.83719999995369],[-99.04489199986727,29.83813999997205],[-99.04516300002892,29.838261000232073],[-99.04767399965718,29.839381000363264],[-99.04999600003786,29.84042100031621],[-99.05284499977495,29.84169699983515],[-99.05521499983621,29.84275799987638],[-99.0568540003266,29.843491999877923],[-99.06209400004131,29.845838999902366],[-99.07049499966264,29.84955400030222],[-99.07490900027024,29.85150600024723],[-99.08209800009676,29.85471400036045],[-99.08225100025763,29.854782000210758],[-99.08776700015689,29.857243000327077],[-99.09507900000703,29.860485000240686],[-99.10169799992114,29.863418999921574],[-99.10670599983227,29.86564000030603],[-99.10674699984017,29.865658000225025],[-99.10717399963742,29.865842000249682],[-99.10855700003478,29.866437999828822],[-99.111368000137,29.86765000002198],[-99.11267500036637,29.86821299992996],[-99.11609400001585,29.869687000099447],[-99.11772699976012,29.870390999971598],[-99.1205629999767,29.871614000251714],[-99.12383100001344,29.873022999948418],[-99.12447899974363,29.873302000271483],[-99.12594699963147,29.873934999827753],[-99.12758799977168,29.874618999912414],[-99.12783299999407,29.874721000356757],[-99.1287789996501,29.875114999627222],[-99.12894199985672,29.875183000375838],[-99.12906099968241,29.875231999615025],[-99.13165000002678,29.876311999672513],[-99.13226000012216,29.876565999618837],[-99.13233100026727,29.87659600009109],[-99.13240200041237,29.87662599977544],[-99.13246099996361,29.876650000139573],[-99.13252000041317,29.8766749998636],[-99.13269100011738,29.87674599998035],[-99.13296099955579,29.876859999963372],[-99.13330399968748,29.877005999669393],[-99.13343699975685,29.877055999711587],[-99.13536400012734,29.877859999846134],[-99.13920999957406,29.8794630003385],[-99.1418879996069,29.88057899966347],[-99.14196700014794,29.880612000022914],[-99.14401800036696,29.881465999696683],[-99.14456800018787,29.881696999928618],[-99.1448650002888,29.881820999855968],[-99.1490689999358,29.883586999710108],[-99.14920100018028,29.883643000016768],[-99.14936600003672,29.883711999697752],[-99.14953099989317,29.883781000109817],[-99.14980399970463,29.88389800005602],[-99.15182599961138,29.884746000022478],[-99.15384900024132,29.885593999786195],[-99.15568399965197,29.88636499961836],[-99.15761199984735,29.887173999662497],[-99.1584529999214,29.887526999677025],[-99.15995900034238,29.888159000035884],[-99.16101200012855,29.888601000385446],[-99.16180100032405,29.88893300034582],[-99.16247800036658,29.889216999866118],[-99.16385400019291,29.889794999725442],[-99.16427299959425,29.88996600024866],[-99.1675699999433,29.891355000051817],[-99.17196699993416,29.893200999920722],[-99.17269099983234,29.893505000038473],[-99.17485800040231,29.894414000379626],[-99.17698800026407,29.895063000008985],[-99.17815800022609,29.895182999830308],[-99.17908399979063,29.89525899979814],[-99.17946399973223,29.89529299992896],[-99.18260500044566,29.89558099983866],[-99.18268200043856,29.895588000302045],[-99.18275400040858,29.895600999714954],[-99.18280200008915,29.8955989998054],[-99.18281700015777,29.895599999760176],[-99.18283100040148,29.895593000076424],[-99.18286999986121,29.89560500031276],[-99.18299299988486,29.895615999814233],[-99.19001799967984,29.896243999712407],[-99.19704199964991,29.89687300026779],[-99.19720400003163,29.896886000291897],[-99.20227600041517,29.897342000003572],[-99.20254099983073,29.89736500011651],[-99.20706000002032,29.897770000287046],[-99.20955399993014,29.89799299989555],[-99.21184500034867,29.898198000289746],[-99.21302600018134,29.898303999686153],[-99.21420799983895,29.898408999821996],[-99.22387300003192,29.899275000245723],[-99.23512900013641,29.900282999619627],[-99.24247399959853,29.90093999995223],[-99.24660399962569,29.901310000088788],[-99.24668599964146,29.901317000149703],[-99.2479989997186,29.901433999759835],[-99.24817799981875,29.901449999655906],[-99.24830300039055,29.901461000069652],[-99.24959700020112,29.90157599972111],[-99.24987000001259,29.901601000203357],[-99.25037600035087,29.901646000121108],[-99.25073100017812,29.90167799984259],[-99.25122300027272,29.90172199983217],[-99.25894000017882,29.902413000058367],[-99.25910900023322,29.902427999910987],[-99.26115799990411,29.90261099995544],[-99.26133899965409,29.902628000325493],[-99.26152000030237,29.902644000029827],[-99.26167400028817,29.902657999963715],[-99.26182800027394,29.90267100001178],[-99.26806700024645,29.90322999969531],[-99.26846800010445,29.903265999977023],[-99.27032099995678,29.9034309999335],[-99.27083099959471,29.903476999679164],[-99.27224300030437,29.90360300029575],[-99.2768079996264,29.904012000290546],[-99.27698199970368,29.90402699990236],[-99.27799799967991,29.904117999731504],[-99.27838099999457,29.904152999823346],[-99.27863999956233,29.90417599992149],[-99.2788980002035,29.904199000014362],[-99.27964999969078,29.904214000376747],[-99.2799819999518,29.904220000365374],[-99.28096799979082,29.90423900019703],[-99.28141200020482,29.9042479997882],[-99.28143800014408,29.9042479997882],[-99.28302700040575,29.904279000363697],[-99.28319700028507,29.904281999966727],[-99.28350100005868,29.90428799995119],[-99.28504900031247,29.904317999868233],[-99.28869499974266,29.904388999765718],[-99.28903799987432,29.904396000388957],[-99.28976599997047,29.90441000007667],[-99.28995400029146,29.904412999675753],[-99.29015799960763,29.904416999919768],[-99.29388099992902,29.904488999612266],[-99.30472600012978,29.90470800030383],[-99.31137500018112,29.90484299967959],[-99.31143999958013,29.904844000320324],[-99.31204300000279,29.90485100013294],[-99.32242399969805,29.904968000265153],[-99.32441100034298,29.904991000175183],[-99.32941400023124,29.905047000136985],[-99.32950200009479,29.905047999996942],[-99.32976900005848,29.905051000355556],[-99.33796600036361,29.905143999745995],[-99.35016599957599,29.905270999669387],[-99.35027699990407,29.905272000305807],[-99.35037300016353,29.905273000163564],[-99.35046900042302,29.90527400002127],[-99.35176700043154,29.90528800036424],[-99.3519399997856,29.905290000079372],[-99.35208999957342,29.905291999794404],[-99.36058900000235,29.905372000044725],[-99.37357699958531,29.90549600011105],[-99.37491599960174,29.905508999788786],[-99.37516599984698,29.905511000278153],[-99.3865020003174,29.90561900016875],[-99.39914199974585,29.905740000368585],[-99.3992229999367,29.905741000221646],[-99.40697099980495,29.905815000219203],[-99.41286800036902,29.905870999717788],[-99.41397800005659,29.905880999791783],[-99.4242440001241,29.90597899999682],[-99.42830600037921,29.906019000243482],[-99.43417999958042,29.906072999928085],[-99.43884400043329,29.90611800016198],[-99.43906500036623,29.90611999986046],[-99.4448869996889,29.906175000117617],[-99.4561360001207,29.906283000067052],[-99.4638739999432,29.906355999815162],[-99.4649290002775,29.906365999840453],[-99.47108100021137,29.906425000125246],[-99.47441199999727,29.906456999869082],[-99.49522000031686,29.90665500029452],[-99.49527100037048,29.90665500029452],[-99.49898299992289,29.90669100011719],[-99.50836199988562,29.90678100000635],[-99.5338819998403,29.90702399961234],[-99.53454499963912,29.90703000021041],[-99.54146700040025,29.907095999756727],[-99.5415979999215,29.90709700037483],[-99.54459499979656,29.90712600038549],[-99.5479830003822,29.907157999904207],[-99.54816599978199,29.907160000360445],[-99.54830800007221,29.90716100019926],[-99.54860799964787,29.907163999715458],[-99.56885199990282,29.9073570003304],[-99.574736999873,29.90741299974083],[-99.59517699994655,29.907606999707607],[-99.59524600044182,29.907608000320565],[-99.59618600025007,29.907617000386033],[-99.60086199990018,29.907661999922485],[-99.60255900011688,29.90767800037569],[-99.60277599985187,29.907679000209235],[-99.60280299961605,29.899243999670734],[-99.60279000009557,29.8947679996394],[-99.60277400020205,29.88967200038371],[-99.60276900017918,29.888100999869263],[-99.60276699963103,29.88770200033276],[-99.60273099964603,29.875217000343287],[-99.60264199995757,29.87286899996071],[-99.60263899958451,29.872787999922387],[-99.60265000035349,29.869476999974495],[-99.60271800012555,29.84864000035041],[-99.60271200027778,29.848623999772098],[-99.60271899995045,29.84831900033427],[-99.60277300037714,29.83156000034211],[-99.60279400029353,29.825212999697012],[-99.60285799986764,29.805301999991197],[-99.60287299993625,29.801085999845498],[-99.60287399976116,29.80081599999421],[-99.60288800000487,29.79635800002644],[-99.60292099961683,29.786450999829984],[-99.60294900010423,29.77785499983017],[-99.60294999992915,29.777676000166217],[-99.60296800037082,29.772308000297645],[-99.60298300043941,29.767713999795934],[-99.6029969997848,29.763685999938108],[-99.6029969997848,29.763666999871315],[-99.60300400035581,29.761435999694754],[-99.60302299972408,29.75597200026828],[-99.60304199999064,29.75022300022036],[-99.60332300019805,29.742888999893445]]]},"properties":{"GEOID":"48019","BASENAME":"Bandera","STATE":"48","COUNTY":"019","AREALAND":"2048663943","NAME":"Bandera"}},{"type":"Feature","geometry":{"type":"Polygon","coordinates":[[[-98.64624399955964,29.74405400001922],[-98.64623100003918,29.743601999800514],[-98.64566500032474,29.742363999647267],[-98.64546000028534,29.741997000145698],[-98.6454019996607,29.74189300009582],[-98.64520900021517,29.741622999747847],[-98.64512899984922,29.741598999716416],[-98.6448519998398,29.741268999871544],[-98.64480199961108,29.741231999755076],[-98.64479099974042,29.741224000234013],[-98.64476499980114,29.741204999808964],[-98.64473600038716,29.741184000279222],[-98.64472200014346,29.74117799985565],[-98.64422800039904,29.74081199985783],[-98.64390000033599,29.740641999826522],[-98.64377399993928,29.740532000249125],[-98.64366000013648,29.740445000136305],[-98.64354499961043,29.74035699999918],[-98.64260499980219,29.740206999764766],[-98.64116399967851,29.740215000146947],[-98.64104400002792,29.740312999901693],[-98.64096899968484,29.740228000279092],[-98.64015600009819,29.74032699997027],[-98.6400360004476,29.740375999804886],[-98.63969499996576,29.74043699977253],[-98.63955000020079,29.740486000333355],[-98.63933000009276,29.740595999961194],[-98.6389889996109,29.740651000119854],[-98.63885100041696,29.740651000119854],[-98.63843399976713,29.740699999796167],[-98.63835199975136,29.74072200015245],[-98.63790499986261,29.74076600007049],[-98.63656800039433,29.740952999701914],[-98.63637900024844,29.74097999971581],[-98.6361139999346,29.741048999631637],[-98.63510600035427,29.74131500020815],[-98.63499099982823,29.741340000246545],[-98.63402099988275,29.7415619997217],[-98.63330200000745,29.74184300028843],[-98.63314499964861,29.741892000162306],[-98.63302199962494,29.74191300032378],[-98.63294899983002,29.741925000302608],[-98.63288000023306,29.74193600034699],[-98.63274100031587,29.741996000213224],[-98.63246699978119,29.742136000021393],[-98.63184599981517,29.742453000291047],[-98.63176700017245,29.742523999827753],[-98.6316440001488,29.742634000340004],[-98.63080499972456,29.743035000327673],[-98.63038299995017,29.74323300030983],[-98.63019299997939,29.74333799966899],[-98.62985200039583,29.743598000134597],[-98.62973299967184,29.743690000209895],[-98.62922999970661,29.743947000023795],[-98.62919700009463,29.743964000103592],[-98.62875600005367,29.744145999676117],[-98.62832699970826,29.744261000298437],[-98.62746899991579,29.744316000006894],[-98.62605100025665,29.74433200011493],[-98.6257099997748,29.744319999644176],[-98.62531999978745,29.744287000292037],[-98.6251049997023,29.74428800020161],[-98.62500000012032,29.74428800020161],[-98.62483600008879,29.74430400031419],[-98.62460900030807,29.74426599984777],[-98.62442699983487,29.74420499986944],[-98.6241959998562,29.744176000122483],[-98.6237389999217,29.74411799982337],[-98.6236190002711,29.744041000383007],[-98.62354099955498,29.744007000246707],[-98.62349299987441,29.743985999743778],[-98.62347199995801,29.74398000026786],[-98.62341199968357,29.74396300019077],[-98.62339800033817,29.74395899975927],[-98.62338800029242,29.743956000020546],[-98.62336999985077,29.743949999762847],[-98.62334999975927,29.74394099976556],[-98.62333899988863,29.743932999680684],[-98.62332800001798,29.743931999767508],[-98.62330399972852,29.74393099985432],[-98.62307100010001,29.74392000002879],[-98.62253499962449,29.743854000270414],[-98.6221320001167,29.74384899992056],[-98.62148799968614,29.743679000357925],[-98.62119800015621,29.743694999787703],[-98.62098999974376,29.743789000383146],[-98.62052399958843,29.743948999849838],[-98.62022800021074,29.744015000325668],[-98.6198239999797,29.74409700012367],[-98.619232000326,29.744142000031907],[-98.6184370002827,29.74403799986682],[-98.61805300014315,29.743961000365008],[-98.61782600036241,29.743850999748563],[-98.6175920000107,29.74357000012889],[-98.6170999999161,29.743125000297088],[-98.61692400018902,29.742916000166073],[-98.61686100043983,29.742591000388153],[-98.61691099977023,29.742157000131776],[-98.61699199996109,29.74114999995416],[-98.6169790004406,29.740753999952965],[-98.61695400032623,29.740578000143802],[-98.61701100022765,29.74041300023718],[-98.61710499993899,29.740345999781674],[-98.61724999970394,29.740191999728967],[-98.61732599987191,29.740088000147182],[-98.6173889996211,29.73993900024337],[-98.6173819999484,29.739641999727645],[-98.61733199971971,29.73945000020248],[-98.6172120000691,29.73925700034996],[-98.6170920004185,29.739098000378362],[-98.61699699998394,29.739021000203408],[-98.61687099958725,29.73894899978371],[-98.6167199999745,29.73888299987361],[-98.61653699967641,29.73883400008949],[-98.61624100029873,29.73870699990094],[-98.61596299956605,29.738509000342574],[-98.61540199987449,29.738025000209774],[-98.61514300030672,29.737838999772766],[-98.61502399958272,29.7378059998479],[-98.61492300019869,29.737789000284167],[-98.61474599974837,29.737734000116006],[-98.6145509997547,29.73765199979504],[-98.61434300024055,29.73760200021323],[-98.61419799957727,29.73759099969352],[-98.61408399977448,29.73760200021323],[-98.61396400012387,29.737636000181176],[-98.61362400036525,29.737757000317615],[-98.61347899970197,29.73785000026526],[-98.61339099983843,29.737932999617367],[-98.61326500034004,29.73807600033225],[-98.61317699957819,29.73811999985114],[-98.61307000034637,29.738141999993385],[-98.61294300012477,29.73813600016782],[-98.61287399962947,29.738141999993385],[-98.61279199961369,29.738174999807697],[-98.61272300001673,29.738236000334037],[-98.61266600011533,29.738340000276335],[-98.61264100000096,29.738439000271192],[-98.61252800002306,29.738720000228565],[-98.61245799970287,29.739032999748343],[-98.61241500004516,29.739380000007937],[-98.61233300002938,29.73984200007713],[-98.61222599989927,29.740002000381516],[-98.61192299995058,29.740078999803327],[-98.61170899969034,29.740073000093588],[-98.61159900008546,29.74006299979664],[-98.61085099989785,29.739991000125055],[-98.61080700041524,29.739998999744415],[-98.6102779996124,29.74009000005013],[-98.60987400027966,29.740205999814428],[-98.60882800016623,29.740383000225037],[-98.60794500025938,29.74044899992798],[-98.60747300025626,29.740454999615228],[-98.60716000026183,29.74038000037932],[-98.60712599992664,29.740372000010307],[-98.6070249996443,29.74031699969864],[-98.60674699980996,29.74017399983911],[-98.60645700028003,29.740042000027756],[-98.60609200040706,29.74007000023861],[-98.60559399956637,29.740064999700135],[-98.60483700005622,29.739988000267573],[-98.6044400003962,29.73996000003382],[-98.60426999961857,29.739988000267573],[-98.60393999990568,29.739947999819847],[-98.60372099962257,29.73992200026123],[-98.60338099986394,29.73993299974531],[-98.6026179996077,29.740191999728967],[-98.60237900013142,29.74025800033762],[-98.60218999998553,29.74025800033762],[-98.60156599964645,29.74040100007743],[-98.60127600011654,29.740538999878364],[-98.60065199977748,29.74107800028299],[-98.60046900037769,29.741265000112577],[-98.60026099996523,29.741573999742524],[-98.60005299955277,29.74221200021428],[-98.59997800010801,29.74263500026613],[-98.59999700037457,29.742811000364952],[-98.59999700037457,29.743030999859158],[-98.60026799963792,29.743521000294987],[-98.60088000028142,29.744224999636256],[-98.60118300023012,29.744681999694954],[-98.60129000036025,29.744874000122277],[-98.60169399969298,29.745287000087906],[-98.601921000372,29.745451999774243],[-98.60215400000051,29.745540000119924],[-98.60242500016217,29.745688000385208],[-98.60309999965654,29.746188999893757],[-98.60388800002714,29.746539999898236],[-98.60400100000506,29.746601000015854],[-98.60422799978576,29.746677999830094],[-98.60448700025185,29.746832000061065],[-98.60472699955304,29.747123000272055],[-98.60473900014694,29.747255000121488],[-98.60462600016903,29.747486000219766],[-98.60429800010597,29.74826199982295],[-98.60420400039465,29.748575999842956],[-98.6040470000358,29.74891099991512],[-98.60391399996642,29.74912099989002],[-98.60340400032847,29.749521999671284],[-98.6030129996179,29.749704000073567],[-98.602426999812,29.74987500019331],[-98.60183400033337,29.750000999643408],[-98.6011330000014,29.750039000275915],[-98.60068399956452,29.749977000057445],[-98.60040599973019,29.74997999961605],[-98.59994600032095,29.749709999986926],[-98.59961999990772,29.74951900009893],[-98.59952399964824,29.749413000334837],[-98.5994929996861,29.749354999945638],[-98.59947699979259,29.749319000332594],[-98.59939899997478,29.74914499968091],[-98.5993939999519,29.749132999786216],[-98.59938700027922,29.749056000297614],[-98.5993429998983,29.749017000210007],[-98.5992170003999,29.748995000113826],[-98.5990340001018,29.74891799973935],[-98.5988580003747,29.748824999917233],[-98.59845400014365,29.748494999676076],[-98.59812600008061,29.748247000212217],[-98.59784900007116,29.748060000144683],[-98.59758399975729,29.747807000232243],[-98.59722399990719,29.74752699987769],[-98.5969720000121,29.747361999706495],[-98.59557899956901,29.746751999930055],[-98.59430499984992,29.746173999972868],[-98.59337799956216,29.74572299984689],[-98.5931130001466,29.74567899976401],[-98.59304399965131,29.745778000313262],[-98.59294999993999,29.745855999873598],[-98.59284899965765,29.745977000231342],[-98.59272900000704,29.74617499986364],[-98.5925780003943,29.746344999874132],[-98.59243299973103,29.746575999729213],[-98.59228200011829,29.746681000267333],[-98.59198500001737,29.74685200008384],[-98.59177699960492,29.74695599966994],[-98.59141199973193,29.74721500023274],[-98.59119699964677,29.747263999821268],[-98.59074300008534,29.74739600026502],[-98.58987299969895,29.747627999914677],[-98.58952700009254,29.747732000255724],[-98.58926199977869,29.747727000099335],[-98.58900999988361,29.747738000287107],[-98.58873899972197,29.74768800027462],[-98.58849299967467,29.747595000091398],[-98.5879250003104,29.747126999797366],[-98.58763499988218,29.746731000002132],[-98.58749599996501,29.746418000331555],[-98.5873829999871,29.74587899977236],[-98.5873260000857,29.745724999637467],[-98.58727500003208,29.745498999649396],[-98.58714899963537,29.745118999646188],[-98.58704800025136,29.744629999905964],[-98.58699800002265,29.74452500033977],[-98.58696600023559,29.744272000086553],[-98.58678299993748,29.74376600000496],[-98.58676399967091,29.743420000020627],[-98.58673299970877,29.74317199970308],[-98.5868399998389,29.74300099985021],[-98.58688400021983,29.742890999740546],[-98.58689000006761,29.742781000290194],[-98.58685900010546,29.74269900019599],[-98.58684599968667,29.7426599999755],[-98.58676399967091,29.742544999856868],[-98.58668199965514,29.742450999655233],[-98.58654299973797,29.74235800007429],[-98.58629099984289,29.742230999668536],[-98.58602600042734,29.742121000274135],[-98.58563600044,29.741995000280724],[-98.5850809996979,29.741643000029658],[-98.58477199990143,29.741460999814137],[-98.5841099999275,29.741240999995448],[-98.58344799995362,29.74112000016247],[-98.58321500032511,29.741121000103686],[-98.5828489997289,29.741136999941528],[-98.58251499981806,29.741187000100933],[-98.58233200041828,29.74123600029529],[-98.58226299992297,29.741296999739813],[-98.5822439996564,29.741368000094994],[-98.58228800003732,29.741499999720947],[-98.58231999982438,29.74169799961409],[-98.58229399988512,29.741906999943833],[-98.58230700030391,29.742067000073497],[-98.58225700007519,29.7421880003238],[-98.5820110000279,29.742407999624845],[-98.58172700034578,29.7426230003722],[-98.58147499955238,29.74278200021484],[-98.58092700027962,29.743040999860142],[-98.5802019996582,29.743210999724443],[-98.57967799977656,29.743195000217504],[-98.57937599965275,29.74329400009948],[-98.57892799993911,29.74359700021814],[-98.5788080002885,29.743722999758553],[-98.57873299994544,29.743849999834563],[-98.57867000019624,29.744179999765283],[-98.5786889995645,29.74446600033469],[-98.57898499984051,29.74503300029532],[-98.57917399998641,29.745257999873917],[-98.57929399963699,29.745478000238926],[-98.57920599977345,29.74573699994006],[-98.57892899976402,29.74585200029759],[-98.57850600016472,29.74589600030448],[-98.57836100039977,29.745945999650846],[-98.57812200002516,29.74611600004957],[-98.57790699994003,29.746325999639538],[-98.5777019999006,29.74640500022193],[-98.57752299980045,29.746474000304513],[-98.57727699975315,29.746616999759258],[-98.57719499973739,29.74665600000065],[-98.577061999668,29.74674400006947],[-98.57697399980445,29.746787999684976],[-98.57691799972797,29.746832000061065],[-98.576696999795,29.74691999997541],[-98.57640700026512,29.74710699982945],[-98.57633100009713,29.74717799997049],[-98.57621100044653,29.747305000349986],[-98.57609799957031,29.747454000227744],[-98.57603499982112,29.74760200000756],[-98.5759910003385,29.747756000379123],[-98.57599700018629,29.747865999831156],[-98.57601599955454,29.747905000366572],[-98.57602200030064,29.747965999653694],[-98.57604700041499,29.74799100037373],[-98.57598899979037,29.74818800005757],[-98.57590099992682,29.748381999748005],[-98.57573900044343,29.74874100035597],[-98.57571599997888,29.74880799988176],[-98.57559399978015,29.749159000076233],[-98.57556500036615,29.749215999938485],[-98.57546800028176,29.74940699962378],[-98.57521600038669,29.750000999643408],[-98.57491900028577,29.75021099967478],[-98.57489400017141,29.750225999771594],[-98.57456699993327,29.750419000349208],[-98.57451400022983,29.750380999860806],[-98.57439700005396,29.750297999893185],[-98.57415199983156,29.750225999771594],[-98.57393099989864,29.750161000115767],[-98.57377000024015,29.750092000230946],[-98.57355900035296,29.750000999643408],[-98.57321600022127,29.74983800013286],[-98.5723309997663,29.749722999667995],[-98.57210700035864,29.74971500004441],[-98.57190499979396,29.749612999913708],[-98.57182100012837,29.74956999983517],[-98.57167200016545,29.749543999651753],[-98.57146399975298,29.749439999630564],[-98.57125000039105,29.749242000206966],[-98.57111099957558,29.7491319999249],[-98.57068899980118,29.749026999613985],[-98.5701470003762,29.748615000102173],[-98.56990700017668,29.74846599961006],[-98.5697680002595,29.748395000381205],[-98.56932100037076,29.748273999821965],[-98.56899900015547,29.74823500020998],[-98.56883500012397,29.748256999692984],[-98.56857099963499,29.748328999668857],[-98.56840699960345,29.748439000052077],[-98.56830600021945,29.7485430003317],[-98.56816099955618,29.748807000017198],[-98.568394000083,29.749054999655634],[-98.5684379995656,29.749226000102542],[-98.5683249995877,29.74944600033965],[-98.56813600034013,29.749666000094013],[-98.5679160002321,29.75000200027592],[-98.56779300020845,29.750220999739593],[-98.56774899982751,29.750300000372413],[-98.56757599957517,29.75060699976258],[-98.567436999658,29.75089299993635],[-98.56720400002949,29.751129000217887],[-98.56705900026454,29.751311000042364],[-98.56683800033159,29.75192199998869],[-98.56679999979843,29.751987999895327],[-98.56674299989703,29.752053999758505],[-98.56644699962102,29.752329000020474],[-98.56615700009111,29.75253200028286],[-98.56589900034825,29.752614999960578],[-98.56572799974572,29.75264799969115],[-98.56563999988217,29.7526590001189],[-98.56554500034594,29.7526590001189],[-98.56454899956286,29.752510000178248],[-98.56382399983977,29.752378000229072],[-98.5634589999668,29.75229600018488],[-98.56309900011667,29.75226300033837],[-98.56301700010093,29.752213000243025],[-98.56296699987219,29.75215300025173],[-98.56295400035174,29.752103000101524],[-98.56283399980282,29.751761999987394],[-98.56266999977127,29.7515310003832],[-98.56261399969479,29.75147599995326],[-98.5622980002256,29.751377000351305],[-98.56158600002298,29.7515310003832],[-98.56079199980461,29.751575000237434],[-98.56038199972576,29.751614000109846],[-98.56021799969426,29.751603000347327],[-98.55972300012493,29.75148699972971],[-98.5596589996525,29.751471999821607],[-98.55956199956813,29.75144899964613],[-98.55930399982527,29.75148199976062],[-98.55891300001304,29.75166899968407],[-98.55839599980408,29.751949000168484],[-98.55835899999416,29.75197499972813],[-98.55833999972758,29.751987999895327],[-98.55827100013062,29.75203599965835],[-98.55824400036641,29.752053999758505],[-98.5580169996874,29.752241000174752],[-98.5579260003491,29.752301999943093],[-98.55779099973157,29.752393000001618],[-98.55776700034045,29.75240900038046],[-98.55769000034756,29.75246100003424],[-98.55755100043038,29.752575999697708],[-98.55743699972925,29.752691999834994],[-98.55733700017014,29.752817999643757],[-98.55717899998639,29.75296100018802],[-98.55685099992333,29.753208999688304],[-98.55669199991468,29.753364999663347],[-98.55642900014894,29.75362199963275],[-98.55603099976568,29.75412200023416],[-98.5557789998706,29.75441400014921],[-98.55531299971527,29.75502999969026],[-98.55519300006469,29.755155999679463],[-98.5551169998967,29.755255000228296],[-98.55507900026187,29.75534900012323],[-98.55506400019325,29.75547099973927],[-98.55504099972872,29.75565700022331],[-98.55504099972872,29.75585500023348],[-98.55507300041408,29.756052999852418],[-98.55519300006469,29.756339000084534],[-98.55533799982962,29.756592000299445],[-98.5554199998454,29.75687300007311],[-98.55545099980755,29.757114999782345],[-98.55538800005836,29.757302000114564],[-98.555362999944,29.75748900009781],[-98.55523700044562,29.75797299985627],[-98.55512899959227,29.758286999870514],[-98.5549970002461,29.758633000013468],[-98.55473899960492,29.759056999948097],[-98.55464400006868,29.759149999635042],[-98.55430299958684,29.759441999717808],[-98.55369800041265,29.759815999927067],[-98.5534210004032,29.75997600032846],[-98.55330699970209,29.76005300000646],[-98.55301700017218,29.76019000030015],[-98.55272699974395,29.760272999874665],[-98.55104999961873,29.760690999853164],[-98.55048899992717,29.760712999721676],[-98.5499840003121,29.76054200015596],[-98.54934699955425,29.760437000100243],[-98.54893099962761,29.76034900035495],[-98.5483509996695,29.760124000335765],[-98.54806699998736,29.75999699982116],[-98.54778400013014,29.759815999927067],[-98.54772100038095,29.759755000052852],[-98.5475630001972,29.759528999722225],[-98.54737999989909,29.75921600024093],[-98.54717200038496,29.758780999664765],[-98.5470269997217,29.7583190003035],[-98.54693300001037,29.75797200008313],[-98.54688199995672,29.757301000334742],[-98.54688899962942,29.75716899967639],[-98.54691200009397,29.757096999811203],[-98.54691600029192,29.757084000306595],[-98.54692700016257,29.757048000349926],[-98.54713499967671,29.756586000018135],[-98.54726699992119,29.756372000148836],[-98.54748799985413,29.755931000164992],[-98.54764600003789,29.755673000081124],[-98.54770799996216,29.755450000078056],[-98.54781599991719,29.75505699981268],[-98.54785600010017,29.754857000177438],[-98.5478789996664,29.754738000010104],[-98.5478789996664,29.75450700024531],[-98.54786699997082,29.7543909998689],[-98.54730600027926,29.753615000136943],[-98.54720499999691,29.753538000191675],[-98.54712899982893,29.753500000105763],[-98.54701500002611,29.75340100016308],[-98.54676999980374,29.753263000127077],[-98.54617099957903,29.753071000167857],[-98.54573600028417,29.752954999689337],[-98.54521200040251,29.752695999918025],[-98.54459499973615,29.752460000206113],[-98.5440709998545,29.752173999823814],[-98.54371799967709,29.752052000094174],[-98.54286699955728,29.751854000370326],[-98.54249500001163,29.75179900011769],[-98.54216100010076,29.751837999902875],[-98.54137299973019,29.75174999962605],[-98.5408749997878,29.751743999834808],[-98.54059699995345,29.751727000294345],[-98.54017500017908,29.75177699985219],[-98.53974599983367,29.751854000370326],[-98.53957599995435,29.75188099978852],[-98.5389959999962,29.751903000031195],[-98.53844799982512,29.752122999852606],[-98.53798699969268,29.75228300005758],[-98.53784199992774,29.752348999726518],[-98.53701000007452,29.7526730000234],[-98.53685199989076,29.752744000121858],[-98.53657499988132,29.752842999933605],[-98.53594399986956,29.752970000155447],[-98.53576800014247,29.753024999765564],[-98.5353260002766,29.753058000141063],[-98.53525099993351,29.753046999757164],[-98.53512500043514,29.753014000157886],[-98.53504300041938,29.752980999767907],[-98.53444400019467,29.752638999694803],[-98.53401499984926,29.752352999823234],[-98.53398399988713,29.75226000006824],[-98.53392100013794,29.752187999796107],[-98.53374399968762,29.751836000234242],[-98.53371299972547,29.7516050000206],[-98.53365599982406,29.751110000110042],[-98.53362499986193,29.750504999759595],[-98.53365300034933,29.75025299962827],[-98.53365699964898,29.750214999856816],[-98.53368099993843,29.74999899993807],[-98.53385099981774,29.749024000026832],[-98.53383900012216,29.748599999764313],[-98.53392100013794,29.748204000327664],[-98.53400300015369,29.74772000019191],[-98.53407900032168,29.747473000248583],[-98.53410400043603,29.747224999816446],[-98.53407199975067,29.747011000239947],[-98.53402200042026,29.746912000128237],[-98.53395899977276,29.746790000234252],[-98.53387099990921,29.746735000322964],[-98.5337570001064,29.746647000246245],[-98.53361900001413,29.74659200025656],[-98.53296899973581,29.746378000108862],[-98.53199200011763,29.74592600022725],[-98.53133699981643,29.745469000378847],[-98.53069999995688,29.745139000010656],[-98.53027800018249,29.744940999892385],[-98.5299629996399,29.74476499963235],[-98.52900399956509,29.74453400028459],[-98.52857599994292,29.744236000208303],[-98.52845000044454,29.744092999697536],[-98.52828600041299,29.743658999702284],[-98.5282799996669,29.743498999772847],[-98.52827800001707,29.74285799991812],[-98.52826799997133,29.742819999683686],[-98.52817300043509,29.742478000045782],[-98.52819199980335,29.74222799987812],[-98.52809100041932,29.741870999996426],[-98.52795900017485,29.741584999825402],[-98.52778900029554,29.741308999792366],[-98.52763100011178,29.741099999776363],[-98.52740400033107,29.740919000078524],[-98.5272150001852,29.74072100020725],[-98.52698199965837,29.740594000068345],[-98.52678099981689,29.740445000136305],[-98.5264779998682,29.74035699999918],[-98.52610600032253,29.740335000342885],[-98.52586000027523,29.74036800021555],[-98.52545000019641,29.74062100017888],[-98.52538099970113,29.740785999743263],[-98.52543099992984,29.741012000214003],[-98.5255830002658,29.741319999904313],[-98.52575200032021,29.7421839998215],[-98.52587799981858,29.742458999858336],[-98.52608000038327,29.743146000200355],[-98.52608600023106,29.74341600034746],[-98.52601000006307,29.74358099999277],[-98.52590299993294,29.74372399967375],[-98.52582099991719,29.743801000137474],[-98.52577099968846,29.743839999914254],[-98.52563799961906,29.743905999681914],[-98.52562400027368,29.74392099994209],[-98.52553100038726,29.743976999749773],[-98.52549000037938,29.74401099989625],[-98.52547399958753,29.74403300030611],[-98.5254340003029,29.744086000316358],[-98.52539199957177,29.744136999696412],[-98.52529799986044,29.744213999842984],[-98.52523500011125,29.744252000329112],[-98.52498200039126,29.744367000049944],[-98.52456599956633,29.74464799977595],[-98.52445900033453,29.74470800035931],[-98.52437099957267,29.744741000352914],[-98.52426400034088,29.744807000307425],[-98.52405699975331,29.744893999755664],[-98.52392299985902,29.744949999799868],[-98.52382199957668,29.744988999909697],[-98.52337399986301,29.745241999913638],[-98.52314100023452,29.74526400005335],[-98.52283200043803,29.74523100023193],[-98.52178600032457,29.745180999749117],[-98.52144700039086,29.745120000327443],[-98.5212599998948,29.745086999678655],[-98.52105400003046,29.745050000190986],[-98.52024100044383,29.74490500025433],[-98.51987599967254,29.7447949998935],[-98.51945300007323,29.744640999653612],[-98.51908200035247,29.74455300007886],[-98.51857099999131,29.744393000016004],[-98.51794099980445,29.744140000209704],[-98.51736699969408,29.743809000232936],[-98.51710200027854,29.743644000182833],[-98.51680000015475,29.74351200025924],[-98.5165289999931,29.743318999644554],[-98.5162260000444,29.74308299969745],[-98.51606899968554,29.743032999703473],[-98.51597400014931,29.74306600024828],[-98.51582900038434,29.7430939996148],[-98.5156209999719,29.743099000002235],[-98.51533100044199,29.743038000093964],[-98.51473899988997,29.74289500021464],[-98.51449100019285,29.74285600007032],[-98.51420900016055,29.74281200028931],[-98.5135659995549,29.742752000131393],[-98.51288600003765,29.742426999821962],[-98.51261400005109,29.742355000287606],[-98.51220499979718,29.742095999650456],[-98.51183900009929,29.74188699971468],[-98.51113299974445,29.741650000361354],[-98.51052799967195,29.741495999971242],[-98.50972799960579,29.741258999693837],[-98.50962700022177,29.741171000271017],[-98.50949499997728,29.740934999948603],[-98.50924300008221,29.740851999961],[-98.50904100041583,29.740819000247537],[-98.5085679996895,29.74065899968662],[-98.50817699987726,29.740488000228417],[-98.50799500030239,29.740356000050408],[-98.50770499987416,29.740120000150018],[-98.50759799974404,29.739988000267573],[-98.50744700013131,29.73989400000904],[-98.5071879996652,29.73979499989042],[-98.50682899964,29.739810999939884],[-98.50643199997997,29.739734000312303],[-98.50618599993268,29.7396399998157],[-98.50584600017407,29.7394369999695],[-98.50549299999665,29.739359000096044],[-98.50499500005425,29.73905699961386],[-98.50443400036272,29.738797999819038],[-98.50397400005517,29.738643999729323],[-98.50336899998267,29.73849999985697],[-98.50252999955845,29.73831800017752],[-98.50115000043246,29.73824100018376],[-98.50080899995059,29.73826800014776],[-98.50000200021175,29.73842799984325],[-98.49964900003432,29.738511000277022],[-98.49922700025992,29.738494000052818],[-98.49901899984746,29.73852799971832],[-98.49899399973312,29.73858000033161],[-98.49898000038773,29.73860800017063],[-98.49883800009752,29.738575999685366],[-98.49880700013539,29.73856899991911],[-98.4986969996322,29.738543999969913],[-98.49826200033733,29.738539000135308],[-98.49764399984605,29.738544999936813],[-98.49761899973169,29.738543000003],[-98.49723600031537,29.738512000244256],[-98.49695699975778,29.738490000183166],[-98.49655400024997,29.738352999871502],[-98.49616300043773,29.738176999748852],[-98.49529899989915,29.737862999924],[-98.49463699992523,29.737605000142022],[-98.4942250001966,29.737460000360308],[-98.4938109999198,29.73731400038973],[-98.49356499987252,29.737215000064374],[-98.49329999955864,29.737138000003817],[-98.49302300044752,29.737034000375136],[-98.49295300012733,29.736990000379773],[-98.49289000037814,29.736934999773467],[-98.492859000416,29.736862000212657],[-98.4927959997685,29.7367150001665],[-98.4927890000958,29.73663199980653],[-98.4927959997685,29.736473000353516],[-98.49280800036237,29.73640099966473],[-98.4927959997685,29.736329999693254],[-98.49275800013365,29.73627300030596],[-98.49274499971486,29.736252999733278],[-98.49262500006427,29.73613200012247],[-98.49244199976616,29.73598899975604],[-98.4923539999026,29.73593400016083],[-98.49203900025834,29.735818000135655],[-98.49192000043266,29.735782000342667],[-98.49178700036326,29.735740999782614],[-98.49149699993505,29.73563700026557],[-98.4913329999035,29.735603999616213],[-98.49113700008492,29.735526999878953],[-98.49088500018985,29.73547800001536],[-98.49068299962518,29.735423000139956],[-98.49014100020018,29.735340000270885],[-98.48975000038791,29.735340000270885],[-98.48895600016955,29.735499999957064],[-98.48872299964275,29.735671000119527],[-98.48793500017045,29.73589699963615],[-98.48744999974855,29.735984999786478],[-98.48716000021864,29.73599599970234],[-98.48685100042216,29.73589699963615],[-98.48656099999393,29.73589199966959],[-98.4861430004175,29.735855999903155],[-98.48567800008709,29.7358150001534],[-98.48533199958236,29.735832000051705],[-98.48473300025597,29.73569999998592],[-98.48391300009831,29.735607000384825],[-98.48334599966067,29.7355019999515],[-98.48299900022934,29.735464000049934],[-98.48281599993123,29.735359000246966],[-98.48251999965522,29.735266000329712],[-98.48238800030906,29.73525500033379],[-98.48233100040764,29.73525500033379],[-98.48212899984298,29.735310000301286],[-98.48183299956698,29.73532100029119],[-98.48175700029729,29.735316000295967],[-98.48098800019328,29.735201000336374],[-98.4806729996507,29.735140000304266],[-98.48005500005772,29.73510700027144],[-98.47977800004827,29.7350800002365],[-98.47956999963581,29.735025000142876],[-98.47917299997579,29.734848999640644],[-98.4786740002085,29.734420000242757],[-98.47859200019275,29.734316000136076],[-98.47821999974875,29.73401900013026],[-98.47781100039316,29.733799000367995],[-98.47751400029223,29.73360099970138],[-98.4769910002355,29.733436000017345],[-98.47639200001079,29.733480000011642],[-98.47605200025215,29.733595999620373],[-98.47545300002746,29.733739000278167],[-98.47516900034532,29.73382099989788],[-98.47492400012294,29.733953000096246],[-98.4746400004408,29.73406399988037],[-98.4739719997208,29.734365999795827],[-98.47353099967985,29.734734999930502],[-98.47328499963255,29.73491099985279],[-98.47290700023909,29.735285000319827],[-98.47258599984872,29.735549999806615],[-98.47164699986538,29.736298000041195],[-98.47022199963524,29.737043000212278],[-98.47012100025121,29.73709600001674],[-98.46911899962038,29.73757500006992],[-98.46901800023636,29.737662000332417],[-98.46847099989017,29.737860999976586],[-98.46787699968834,29.737987999676413],[-98.46766300032641,29.738014999708593],[-98.46757499956455,29.738042999705357],[-98.46737899974596,29.73813600016782],[-98.46729099988241,29.738196999937866],[-98.46709599988874,29.738300999920607],[-98.46672400034306,29.738412000353218],[-98.4662830003021,29.738521999915847],[-98.4659739996073,29.738538000168344],[-98.46548200041103,29.738412000353218],[-98.46510999996703,29.738236000334037],[-98.4649590003543,29.738114999995453],[-98.46449800022184,29.737598000308004],[-98.4644599996887,29.737338999865496],[-98.46436599997737,29.73711900036471],[-98.4642970003804,29.73705300003035],[-98.46423299990796,29.736954000227396],[-98.46407600044746,29.73675099962463],[-98.46387100040805,29.736644999623127],[-98.46375400023219,29.736499000026214],[-98.46357099993408,29.736102000389785],[-98.46338400033633,29.73587299979451],[-98.46327999968095,29.73560800038095],[-98.46320100003823,29.735406000172343],[-98.46282699994441,29.734725999886333],[-98.46280799967784,29.734616000060726],[-98.46274499992865,29.734523000234628],[-98.46274499992865,29.73439100000635],[-98.46271999981428,29.734269999709447],[-98.46268800002724,29.73420399984058],[-98.46264399964632,29.734109999621413],[-98.46261299968415,29.733988999765597],[-98.46251800014792,29.7338679997639],[-98.4622910003672,29.7336479996704],[-98.46212700033567,29.733504999662923],[-98.46200099993898,29.733433999981717],[-98.4612789996906,29.73319000001295],[-98.46125899959914,29.733179999809714],[-98.46077200042573,29.732927999820458],[-98.46050100026407,29.73279599983346],[-98.46038099971516,29.732762999809513],[-98.46031200011818,29.732756999662204],[-98.46018599972149,29.732691000357953],[-98.4600590003982,29.7326250002302],[-98.45996499978857,29.732542999632848],[-98.45978800023656,29.732125000074134],[-98.45973200016006,29.732053000164594],[-98.45955499970974,29.731839000193595],[-98.45936599956384,29.731773000285393],[-98.45891799985019,29.731795000259655],[-98.45868500022168,29.731755999699253],[-98.45847699980922,29.73170700033382],[-98.45749400034326,29.73156399989963],[-98.45695200001997,29.731717999938713],[-98.45664300022348,29.731827999821885],[-98.45622700029686,29.73191599964158],[-98.45609300040256,29.731900999925976],[-98.45582399989074,29.731989999713903],[-98.45545399999489,29.732014999736496],[-98.45447300017874,29.732238000380395],[-98.45397799971111,29.73234999975072],[-98.45259500021207,29.73280199997844],[-98.45259600003699,29.7328740001304],[-98.45255800040215,29.733050000197697],[-98.45249499975465,29.73318699995205],[-98.45247899986114,29.733207000356074],[-98.45246100031777,29.733229000015804],[-98.45218699978308,29.733566999925795],[-98.45184600019954,29.733886000005462],[-98.45171399995506,29.734040000380205],[-98.4512029995939,29.734403000105214],[-98.45068600028326,29.734618000072846],[-98.44989200006488,29.73504700018394],[-98.44947600013828,29.73525600033349],[-98.44904099994508,29.73536600023725],[-98.44868199991988,29.73557499972211],[-98.44805199973305,29.73581700014162],[-98.44778099957139,29.735882999729206],[-98.44736499964478,29.735938000132414],[-98.44677800001396,29.735982999801674],[-98.44658899986807,29.7359330001679],[-98.4462740002238,29.735899999615945],[-98.44597799994779,29.735883999722645],[-98.44581999976403,29.735829000069824],[-98.44544800021836,29.735636000269665],[-98.44525900007248,29.735591999661036],[-98.44486200041244,29.73541100016313],[-98.44367099963571,29.73464600023785],[-98.44346899996935,29.73445299972153],[-98.4434020000222,29.734355999709823],[-98.44336199983923,29.73429899998085],[-98.4433109997856,29.733869999790866],[-98.44319100013502,29.733517999884814],[-98.44309700042366,29.73325399972969],[-98.44300199998912,29.733214999736507],[-98.4427629996145,29.732786000371],[-98.44273800039846,29.732682000130378],[-98.44269300019263,29.732561000112177],[-98.44268099959875,29.73228600023726],[-98.44268700034486,29.73217600007622],[-98.44271900013189,29.73187899997502],[-98.44275000009405,29.73168600037553],[-98.44275599994182,29.73155999975364],[-98.44276900036061,29.73110299996517],[-98.44291800032353,29.73047100009809],[-98.44316600002064,29.729927000154294],[-98.4434659995963,29.729271000038754],[-98.44357399955133,29.728743000083774],[-98.44366399996302,29.728692999961762],[-98.44381499957575,29.728307999903702],[-98.44399799987386,29.728011000053108],[-98.44428199955598,29.72735599997014],[-98.4443379996325,29.72716899995268],[-98.44435699989906,29.72705400001495],[-98.44440799995267,29.72696000011722],[-98.44448999996845,29.726691000222043],[-98.4445209999306,29.726541999920485],[-98.44454000019718,29.726377000328316],[-98.44458399967978,29.72627800013073],[-98.44460600031941,29.72614900024687],[-98.44459999957331,29.72610799965033],[-98.44459000042588,29.72603000033388],[-98.44458500040301,29.725970000278377],[-98.44458399967978,29.725931999886598],[-98.44459000042588,29.72572199972024],[-98.4446339999085,29.725446999822278],[-98.44464099958118,29.725336999964078],[-98.4446339999085,29.724837000152846],[-98.44460899979414,29.724556000312173],[-98.44462800006072,29.7244460002574],[-98.44464099958118,29.72425900027768],[-98.4446470003273,29.723093000253083],[-98.44466599969554,29.722690999990434],[-98.44470400022868,29.72246599971688],[-98.44462200021292,29.72207999982012],[-98.44450199966401,29.72178300025925],[-98.44440700012777,29.72165099965216],[-98.444325000112,29.72148099991485],[-98.4442120001341,29.721309999750847],[-98.44418700001975,29.721151000199196],[-98.44416799975318,29.720457999683077],[-98.44411699969955,29.720172000093687],[-98.44406700036915,29.72007799999066],[-98.44398500035338,29.7198140003593],[-98.44385200028398,29.71965000000221],[-98.44372599988729,29.719493999851498],[-98.44369499992516,29.719456000128094],[-98.44368999990229,29.719436000103702],[-98.44362600032818,29.71920299983755],[-98.4436070000616,29.719137000199606],[-98.4433669998621,29.71880699979853],[-98.44300799983691,29.718509999914207],[-98.44283200010982,29.718383999910554],[-98.44257299964372,29.718240999993398],[-98.44232900014455,29.717973000303815],[-98.44227700026603,29.717915999849648],[-98.44193699960908,29.717432000232073],[-98.44130599959732,29.716711000083247],[-98.44128700022905,29.71667300008647],[-98.44121699990886,29.716627000153256],[-98.44104700002954,29.716573999678328],[-98.44088600037107,29.716495999973596],[-98.44084100016524,29.716464000237178],[-98.4407830004389,29.71640900008134],[-98.43895499980262,29.715764999745076],[-98.43834399988236,29.7156270001943],[-98.43787799972704,29.71561600038588],[-98.43726000013406,29.715676999804728],[-98.4351360001201,29.71602899988347],[-98.43456299983464,29.71607299970903],[-98.43397000035603,29.716061999949478],[-98.43349800035293,29.71602899988347],[-98.43254000010302,29.71590800006876],[-98.43222399973553,29.71589099991548],[-98.43092599972698,29.715753999951783],[-98.42998099989586,29.71602899988347],[-98.42841099990076,29.716671999901624],[-98.4279699998598,29.716683000374463],[-98.42794499974543,29.716694000065967],[-98.42783199976753,29.71681000035634],[-98.42741599984093,29.717057000131152],[-98.42711899974002,29.717293999852266],[-98.42699999991433,29.717409000051912],[-98.42684199973058,29.717689999619108],[-98.42687299969272,29.71843800037724],[-98.42689899963199,29.71865300022825],[-98.42696800012727,29.718839999731397],[-98.42709399962565,29.719031999693176],[-98.42728899961932,29.7194499999652],[-98.42767399958379,29.720012000147925],[-98.42785600005699,29.720320000343005],[-98.42801400024072,29.720468000374087],[-98.42896599974453,29.721437000119465],[-98.42943799974765,29.722317000163084],[-98.42967799994716,29.722607999729796],[-98.42986700009304,29.722895000301687],[-98.4300050001853,29.72328499988019],[-98.42995499995659,29.723588000372846],[-98.42972200032808,29.723978000378754],[-98.42929899983048,29.72434099984443],[-98.42910999968458,29.72449000029381],[-98.42897199959233,29.7245719996718],[-98.42815800018079,29.72525499965095],[-98.42802000008851,29.72538600010017],[-98.4278939996918,29.725551999858048],[-98.42775499977465,29.725688999709867],[-98.42698599967062,29.72615700019006],[-98.42677800015646,29.726333000339263],[-98.42647500020777,29.72655799974357],[-98.4262669997953,29.726773000141797],[-98.42614700014471,29.726860999714795],[-98.4259079997701,29.72701499995191],[-98.42580099963997,29.727058999641915],[-98.42551699995785,29.727152000146553],[-98.42515200008486,29.727240000167207],[-98.42506300039642,29.727279000142794],[-98.42481700034912,29.727350000279547],[-98.42466500001315,29.72740900021207],[-98.42439800004946,29.727512000381367],[-98.42411799966698,29.72762000004398],[-98.42379600035002,29.72772999973973],[-98.42357600024201,29.727818000033565],[-98.42346200043917,29.727833999653196],[-98.42319100027753,29.727921999855816],[-98.4230840001474,29.7279280002923],[-98.42302600042109,29.727907000323107],[-98.42271599990136,29.728018999847905],[-98.42257899963403,29.728069000305798],[-98.42258600020503,29.72813699967161],[-98.42245399996054,29.72829599985587],[-98.42223499967744,29.72838300036519],[-98.42210199960805,29.728434999996974],[-98.42200899972163,29.728476999709912],[-98.42194299959938,29.72850500002883],[-98.42184899988806,29.72856600019507],[-98.42141399969488,29.72874700034209],[-98.42104799999697,29.728879000196027],[-98.42053699963581,29.728911999937374],[-98.41995699967768,29.72913200027574],[-98.41960400039858,29.72925299974915],[-98.41910599955789,29.729390000008372],[-98.4186269998821,29.72948900025574],[-98.41779500002887,29.729901999611375],[-98.41750499960065,29.730188000333385],[-98.41725299970557,29.730512999738764],[-98.41707000030578,29.730958000145204],[-98.41695700032787,29.731360000051197],[-98.41688700000769,29.73169499991244],[-98.41690000042647,29.73205800032251],[-98.41701900025215,29.732354999893776],[-98.41725899955334,29.73284000010842],[-98.41754899998158,29.733064999741487],[-98.41785100010536,29.733318000185665],[-98.4180779998861,29.733368000342804],[-98.41827399970468,29.733368000342804],[-98.41870899989785,29.73333999982106],[-98.4189170003103,29.733301999880474],[-98.41922500028188,29.733280000236746],[-98.4198300003544,29.73357700009038],[-98.42047999973441,29.73381399979979],[-98.42069999984243,29.734060999845664],[-98.42084499960738,29.73430400002681],[-98.4209650001563,29.734693999722612],[-98.42097100000409,29.7352170003386],[-98.42095799958528,29.735700999981113],[-98.42098400042288,29.736014000342085],[-98.42134300044808,29.737637000157132],[-98.4215130003274,29.73816000024799],[-98.42175099997877,29.73871900026347],[-98.4218029998573,29.738841999801185],[-98.42179600018461,29.739457999865046],[-98.42176500022248,29.74037699975353],[-98.421380000258,29.741615000257987],[-98.4210349995782,29.74292700010168],[-98.42076199976673,29.74338100008051],[-98.42067300007825,29.743528999632804],[-98.42054699968156,29.743655999954516],[-98.42019400040246,29.74393099985432],[-98.42003100019583,29.74407000016906],[-98.41997099992139,29.74412100033723],[-98.41930800012257,29.744684000286316],[-98.41919199977161,29.74478300025807],[-98.41898400025745,29.744937000279876],[-98.4187189999436,29.745075000078227],[-98.41814499983325,29.745347000288888],[-98.41702199972688,29.74578700014562],[-98.41683000010627,29.74596300017162],[-98.41652399978453,29.74602000029108],[-98.41640499995883,29.746080999945175],[-98.41627199988945,29.74619699979869],[-98.41621599981293,29.746279000152057],[-98.4161210002767,29.74649899983664],[-98.4160640003753,29.746548999662185],[-98.41534899979963,29.746792999888207],[-98.4152130002555,29.74683999991469],[-98.41434899971692,29.74707100018913],[-98.41416700014204,29.747104000184898],[-98.41330299960346,29.74721400035235],[-98.41300600040086,29.74719199986051],[-98.41264700037567,29.747010000357474],[-98.41208599978579,29.74692199974217],[-98.4111150000154,29.7473460000819],[-98.4110160002812,29.747373999813167],[-98.41091800037191,29.74740200031649],[-98.410833999808,29.747425999738947],[-98.40969700035626,29.747752000098963],[-98.40842299973886,29.748236000080244],[-98.40827200012612,29.748362999899427],[-98.40804899964505,29.74847099972966],[-98.4077859998793,29.748598999897677],[-98.40747100023503,29.748686999820926],[-98.40688399970588,29.74873700011511],[-98.40617200040158,29.74869199992944],[-98.40540300029755,29.74876400037283],[-98.4038709999373,29.749000000207037],[-98.40354899972202,29.74887900037794],[-98.40327199971259,29.7488240000529],[-98.40301399996973,29.74867499987141],[-98.40250299960856,29.74816900017224],[-98.40236399969139,29.747998000262182],[-98.40229500009443,29.747580000380857],[-98.40227599982785,29.747232999638708],[-98.40217600026872,29.747007999812585],[-98.40208699968196,29.746859000051874],[-98.40162800009763,29.746385999998644],[-98.40134400041552,29.746050000176734],[-98.40089599980354,29.74562100033432],[-98.40046800018136,29.745086999678655],[-98.40022200013408,29.744834000063584],[-98.40015900038489,29.744811999829537],[-98.40005800010253,29.744675000354906],[-98.39988800022324,29.744553999985786],[-98.39942799991569,29.744141000120806],[-98.39898699987472,29.743783000115446],[-98.39882299984319,29.743628999881153],[-98.39865899981167,29.74349699993782],[-98.39853999998597,29.743347999639365],[-98.39826200015163,29.74284200035481],[-98.3981619996942,29.742555999833236],[-98.39812999990716,29.74224800003925],[-98.39823799986218,29.741570999932456],[-98.39831999987796,29.74136199968244],[-98.39862200000174,29.741010000329386],[-98.39891900010267,29.7408510000171],[-98.39924700016572,29.740515000367502],[-98.39958699992435,29.73997600005696],[-98.3996890000316,29.739458999822784],[-98.39975199978079,29.73927800028321],[-98.399569000381,29.738634000069883],[-98.39948700036523,29.738457999660255],[-98.39917199982264,29.73811100011069],[-98.39879400042918,29.7378689997659],[-98.39833900014452,29.737614999904103],[-98.39747399978103,29.737473000069528],[-98.39741900042776,29.737464000271025],[-98.39712099960363,29.73734299978105],[-98.39704199996089,29.737378999793798],[-98.39649299996489,29.73724700020391],[-98.39532700020085,29.73714699983158],[-98.39503099992484,29.737102999885796],[-98.39431200004951,29.736707000285158],[-98.39363199963395,29.73648100025354],[-98.39211299969247,29.736386999828145],[-98.3913119998014,29.73643600002772],[-98.39097200004277,29.736480000266116],[-98.39064399997972,29.736374999966642],[-98.3903669999703,29.736165999808694],[-98.39013299961856,29.735962999951145],[-98.38953500011706,29.73514800031058],[-98.3892770003742,29.734877999744636],[-98.38904999969517,29.734669000367603],[-98.38877900043185,29.734382999939644],[-98.38846999973704,29.734097000256313],[-98.38834400023866,29.734009000009713],[-98.3882620002229,29.733942999969138],[-98.38755599986804,29.733865999736818],[-98.38695099979557,29.733941999956347],[-98.3865599999833,29.734117999709888],[-98.38628299997387,29.73427199972846],[-98.3857280001301,29.734678999642338],[-98.3851859998068,29.734909999849656],[-98.38494599960728,29.735036000164012],[-98.38450499956633,29.735124000289737],[-98.38435300012867,29.735141000305095],[-98.38358400002465,29.735140000304266],[-98.38316800009802,29.735102000265503],[-98.38311200002154,29.73503000015265],[-98.38287199982202,29.734880999754914],[-98.38142900004854,29.734155000110746],[-98.38128400028357,29.73413299987404],[-98.38104499990898,29.73403300029733],[-98.38094399962664,29.733977999629644],[-98.3803639996685,29.733780000096402],[-98.3796459996181,29.73358700025399],[-98.37902200017734,29.733344999914827],[-98.37819000032414,29.73308000006311],[-98.37734500005212,29.732732999849304],[-98.37696699976034,29.732618000048653],[-98.37631800020525,29.732309000128026],[-98.37590899995133,29.732071999983212],[-98.37499699973216,29.731683000269708],[-98.3747380001644,29.731507000144358],[-98.3742529997425,29.7310609997914],[-98.37408299986318,29.730969999874663],[-98.37394499977093,29.73082499986241],[-98.37379199961006,29.730664999740192],[-98.37372899986086,29.730594000389164],[-98.37370399974651,29.730549999909183],[-98.37369799989872,29.730499999907625],[-98.37360300036248,29.730428999659743],[-98.3735840000959,29.73040099987778],[-98.37354100043818,29.730134999999294],[-98.37343400030807,29.73002900002716],[-98.37345500022447,29.729925000048716],[-98.37341800041455,29.729779000032032],[-98.37333200020083,29.72944500007118],[-98.37333999969843,29.729303000372227],[-98.37324799963693,29.72918599963969],[-98.37329399966768,29.728944000385297],[-98.37317999986486,29.728861999899532],[-98.37323000009359,29.728845000380236],[-98.3732240002458,29.728761999749153],[-98.37323599994136,29.728603000303355],[-98.3731670003444,29.72843199979393],[-98.37315399992559,29.728322000087747],[-98.373210999827,29.727688999789223],[-98.3732040001543,29.727359000205347],[-98.37330500043664,29.726687999966863],[-98.37350000043031,29.726022000380564],[-98.37359999998942,29.725868000179606],[-98.37376400002096,29.725713999742357],[-98.37430600034426,29.725395000202187],[-98.37453899997277,29.725175000251237],[-98.3749990002803,29.724618999970094],[-98.37522699988594,29.724083999722335],[-98.37532099959726,29.72389200006363],[-98.37535900013042,29.723776000156853],[-98.37547899978102,29.723545000057445],[-98.37561799969818,29.72299000022859],[-98.37564399963746,29.722654000042485],[-98.37554300025342,29.72197199965596],[-98.3755120002913,29.721509999982175],[-98.37552499981177,29.72105299966809],[-98.37550600044351,29.720805000221073],[-98.37548700017693,29.720745000162083],[-98.37543100010043,29.720398000196816],[-98.37529899985594,29.720074000166925],[-98.3752100001675,29.71997499999248],[-98.37514099967221,29.719931000317054],[-98.37500199975504,29.71991000023467],[-98.37474400001219,29.719899000115472],[-98.37459300039944,29.719915000217526],[-98.37400000002252,29.720019999800183],[-98.3733449997213,29.720179999733197],[-98.37265199978526,29.720278999705435],[-98.371964999697,29.720405999818365],[-98.37120200033907,29.72057699996228],[-98.37038300000634,29.720621000134685],[-98.36982800016254,29.720692999665914],[-98.3684360004427,29.72162899979414],[-98.36832299956646,29.721721999870258],[-98.3681209999001,29.721789000282683],[-98.36798899965564,29.72185999962301],[-98.36750300030712,29.722196000127035],[-98.36717000022121,29.722383000050293],[-98.36694900028826,29.722543000116918],[-98.36620500029859,29.723027000052664],[-98.36567600039409,29.723346000099305],[-98.36546200013383,29.723434999674595],[-98.36502100009287,29.72375899977591],[-98.36436599979166,29.724331999647937],[-98.36371700023656,29.725075000326857],[-98.36348999955752,29.72529499971691],[-98.36289799990382,29.72586199961993],[-98.36270299991014,29.726059999958146],[-98.36239999996144,29.726273999773984],[-98.36185199979036,29.726824999827855],[-98.36163199968232,29.726994999873625],[-98.36148699991739,29.727187999916104],[-98.35956499956977,29.728878000132767],[-98.35938200016999,29.729036999922858],[-98.3593129996747,29.72918599963969],[-98.35838700011014,29.73026400021906],[-98.35839999963062,29.730819999643046],[-98.35832400036095,29.731006999876474],[-98.35819799996425,29.7311169997592],[-98.35798999955179,29.731365000243603],[-98.35723399986658,29.732118999888595],[-98.35693199974277,29.73243199972578],[-98.3569200000472,29.73245200028032],[-98.35688599971202,29.732509000278736],[-98.35683200018364,29.732602999657946],[-98.35682499961266,29.73261399994467],[-98.35675500019076,29.732794999809233],[-98.35673500009929,29.73284600025077],[-98.35672000003066,29.73288500038742],[-98.35668499987057,29.732974000082425],[-98.35664800006063,29.733070999870385],[-98.35642799995261,29.733433999981717],[-98.35624499965452,29.73365399976449],[-98.35617000020976,29.733807999715342],[-98.35581700003235,29.73407199997251],[-98.35483299984317,29.73430900007253],[-98.35433499990079,29.73438599996472],[-98.35357900021556,29.734479999925256],[-98.35314999987014,29.734479999925256],[-98.3525890001786,29.73436499978725],[-98.35220500003904,29.734150000057358],[-98.35214800013762,29.734050999729305],[-98.35211399980244,29.733964000234938],[-98.35221099988682,29.733730000144572],[-98.35215099961235,29.733379999783992],[-98.35221699973461,29.733258999827697],[-98.35225500026775,29.73317599972816],[-98.35231100034424,29.732918000371164],[-98.35239300036001,29.73266499969824],[-98.3524560001092,29.732159000338445],[-98.35240599988049,29.7318840001416],[-98.35226699996332,29.73170200015841],[-98.35206500029695,29.73130600029721],[-98.35192600037978,29.731156999828443],[-98.3516739995864,29.73083300021286],[-98.35147899959271,29.730673000103405],[-98.35132700015507,29.73052999975552],[-98.35121400017717,29.73034899970477],[-98.35098700039643,29.729925000048716],[-98.35057700031761,29.729364000053256],[-98.35042499998164,29.72912199966805],[-98.3503370001181,29.728919000377516],[-98.35020800024667,29.72874799962656],[-98.35015399982,29.728676999699022],[-98.34999700035948,29.728506000095816],[-98.34980599966545,29.728229999957183],[-98.34975700015997,29.728159999733467],[-98.34974200009135,29.728142000024697],[-98.34965000002984,29.728028999785426],[-98.34953600022702,29.727889999861976],[-98.3494919998461,29.72782399969617],[-98.34920800016396,29.72751100030453],[-98.34902499986586,29.727422999741457],[-98.34885499998654,29.727307000015923],[-98.3486409997263,29.72719200023643],[-98.3484080000978,29.727104000173615],[-98.34791000015544,29.726978000038084],[-98.34760700020672,29.72695599978766],[-98.34746200044177,29.726934000312518],[-98.34724200033374,29.72695599978766],[-98.34677500035352,29.726861999798103],[-98.34628300025892,29.726702999681713],[-98.34558399957677,29.726455000155145],[-98.34519299976454,29.726164000042292],[-98.34501000036474,29.726059999958146],[-98.34414599982615,29.7252070003308],[-98.3440639998104,29.725162999828726],[-98.34389999977887,29.725003000038786],[-98.34385000044847,29.724991999697647],[-98.34371099963298,29.72482699989715],[-98.34354099975367,29.72471700013943],[-98.3425070002341,29.72416199977127],[-98.3423749999896,29.72408000005825],[-98.34210999967573,29.72381000012998],[-98.34150499960323,29.723336999813515],[-98.34103199977524,29.72308399994461],[-98.34058499988647,29.72287000034697],[-98.33956300006247,29.72244600029228],[-98.33879399995845,29.72200600024026],[-98.33861800023135,29.721785999880943],[-98.33856100032995,29.721621000270122],[-98.33838499970454,29.721252999631414],[-98.33807500008312,29.720432999901533],[-98.3380309997022,29.720158000332898],[-98.33804400012099,29.71960200034169],[-98.33800599958784,29.71914600008187],[-98.33801200033393,29.718948000145183],[-98.33808799960362,29.71870000017785],[-98.33812500031185,29.71844700032218],[-98.33812500031185,29.71826000008688],[-98.33816299994668,29.71814399991186],[-98.3382009995815,29.71806700003773],[-98.33832699997821,29.717852999884855],[-98.3383770002069,29.7177480003758],[-98.33840300014619,29.717671000197903],[-98.33841499984176,29.71758300036806],[-98.33872399963823,29.717049999643713],[-98.33895700016505,29.716801999667986],[-98.33908900040954,29.716713999856523],[-98.33952999955218,29.71638900023001],[-98.33987699988182,29.716240999645702],[-98.3400719998755,29.716116000105004],[-98.3403609995805,29.715819000060357],[-98.34039499991569,29.715663000197203],[-98.3404590003881,29.71536399997679],[-98.34045299964201,29.714897000081887],[-98.34049100017515,29.714649000248613],[-98.34053200018303,29.714650999878454],[-98.34057599966565,29.714557000066538],[-98.34056999981786,29.71451300035672],[-98.34057700038888,29.714445999768564],[-98.34045000016725,29.714163000063223],[-98.34023900028006,29.713696000042827],[-98.34019999992202,29.71325700008268],[-98.340163999937,29.712845999769947],[-98.3402130003408,29.71271999967879],[-98.34015999973906,29.712664999812322],[-98.34015999973906,29.712560000338236],[-98.34022900023433,29.71215800002162],[-98.3403670003266,29.711795000186793],[-98.3411420002784,29.710155999700127],[-98.34134999979253,29.70964999997842],[-98.34172200023653,29.70922600025877],[-98.3428679999091,29.708384000174263],[-98.34315199959123,29.708125000008945],[-98.34337900027026,29.70801000009804],[-98.34386399979385,29.707696000280965],[-98.34420399955248,29.70754200005165],[-98.34436199973622,29.707415000049593],[-98.34468899997437,29.707239000278854],[-98.34478400040894,29.707239000278854],[-98.3448660004247,29.70728900016533],[-98.34492199960289,29.707304999936454],[-98.34501100018964,29.70728900016533],[-98.34523700014546,29.707178999914163],[-98.34536400036707,29.70716799996044],[-98.34572300039225,29.70728900016533],[-98.3458170001036,29.707293999996537],[-98.34586099958621,29.707272000113072],[-98.34589900011936,29.70722299971694],[-98.34595600002076,29.707205999653592],[-98.3460499997321,29.707200999817992],[-98.34612000005231,29.70716699968084],[-98.3463090001982,29.707100999932543],[-98.34659899972812,29.707046000109216],[-98.34664300010904,29.70700800035552],[-98.34671799955379,29.70696900030589],[-98.34676899960742,29.706985999629147],[-98.3468439999505,29.70696900030589],[-98.34727300029587,29.706776999900754],[-98.3474869996578,29.706573000384843],[-98.34770099991805,29.706479000032346],[-98.34861499978703,29.70593500034843],[-98.34897399981224,29.705812999779567],[-98.3491250003233,29.705730999902304],[-98.34938399989106,29.705637000322287],[-98.35006400030663,29.705334999781048],[-98.3503289997222,29.705235000378316],[-98.35090600020558,29.705060000208675],[-98.35097599962747,29.70503900013656],[-98.3512800002994,29.70486699975262],[-98.35164599999729,29.704778000100603],[-98.3519349997023,29.70469600015855],[-98.35219400016838,29.70459100015401],[-98.35252999972904,29.704515000334926],[-98.35265500030083,29.704486000039694],[-98.3527099996541,29.70443199987128],[-98.35288100025663,29.704393000381835],[-98.35300900030315,29.70438399995732],[-98.35308499957283,29.70437899998122],[-98.35320799959648,29.70430999981739],[-98.35342900042772,29.704250000043505],[-98.35352899998685,29.70416200015426],[-98.3536179996753,29.70414000036497],[-98.35378799955461,29.704117999790576],[-98.35389499968473,29.704089999690975],[-98.35403399960191,29.704084999700232],[-98.35410899994498,29.70410099998185],[-98.35416599984639,29.704084999700232],[-98.35435499999227,29.7040069996564],[-98.35439299962711,29.703936000174014],[-98.35443700000803,29.703908000023656],[-98.35455699965864,29.70386400032899],[-98.35538799968695,29.703859000327014],[-98.35587999978152,29.70383100015519],[-98.35627099959378,29.703896999711663],[-98.35642200010484,29.70390199971181],[-98.35721999962286,29.703911999711252],[-98.35749800035553,29.70397199968705],[-98.35773299963385,29.70402199963951],[-98.358067000443,29.704155999857516],[-98.3581300001922,29.704127000238916],[-98.35835000030022,29.70416000031547],[-98.3585899996014,29.704253999717427],[-98.35864200037828,29.704311000125422],[-98.35911400038138,29.704415000115695],[-98.35967500007294,29.704635999835002],[-98.3599260001431,29.704758999796482],[-98.36017800003819,29.70499300033496],[-98.36075299997344,29.70534299982262],[-98.36143300038901,29.705676999623055],[-98.36201800037003,29.705876999789478],[-98.3623270001665,29.70596999963368],[-98.36302599995034,29.706007999780148],[-98.36338699962535,29.70593500034843],[-98.36392099955273,29.70589899997854],[-98.36529399990435,29.70585500037586],[-98.3660649996582,29.705831000371706],[-98.3671280003884,29.705706999868497],[-98.36730900013838,29.705621000285394],[-98.36734299957523,29.70568599993173],[-98.367424999591,29.705681000020462],[-98.36774699980629,29.70568599993173],[-98.36792900027947,29.705674999814477],[-98.36808699956492,29.70564700014896],[-98.36863499973602,29.70546599969844],[-98.36895699995127,29.70533400026346],[-98.36908300034797,29.70524500024508],[-98.36919600032587,29.70523400007952],[-98.36934100009083,29.705195999640186],[-98.36960499968147,29.70510200033961],[-98.36966800032899,29.705036000014463],[-98.36978799997958,29.70495400028305],[-98.37000200023982,29.704904000014324],[-98.37039899989986,29.70499200003369],[-98.3704879995883,29.70499699997926],[-98.37065400016797,29.705006999869685],[-98.37084499996368,29.7050190003611],[-98.3708879996214,29.7049889999102],[-98.37101099964504,29.704959000230527],[-98.3712740003091,29.70500000010259],[-98.3716409998319,29.705156999667118],[-98.37214600034528,29.70531699988034],[-98.37298499987118,29.70558299999247],[-98.37306400041223,29.70555899992324],[-98.37309700002417,29.705623000095038],[-98.37327299975128,29.705772000239467],[-98.37354499973783,29.705937000151877],[-98.37400500004537,29.706168000198055],[-98.37459500004925,29.70627300011434],[-98.374865000386,29.706362000001974],[-98.37506799987729,29.706368999674186],[-98.37560900037568,29.70626599965518],[-98.37587399979122,29.70621499975061],[-98.37640000022101,29.70601200016431],[-98.37669700032191,29.705818999977307],[-98.376977999631,29.705721000083976],[-98.37710999987547,29.705666000285074],[-98.37748800016725,29.705436000161335],[-98.37775900032891,29.705227000328186],[-98.3782510004235,29.704912999611995],[-98.37838299976967,29.704809000137367],[-98.37900700010873,29.70448400020735],[-98.37931599990522,29.704369000028226],[-98.37947999993675,29.70427600026201],[-98.37960600033344,29.70422099967176],[-98.3798139998476,29.70409400015155],[-98.38016100017722,29.703929000332277],[-98.38037500043745,29.703719999703814],[-98.38048699969215,29.703464000163383],[-98.38054600014169,29.703109999870136],[-98.38055899966216,29.702989000092106],[-98.38065300027182,29.702598000148203],[-98.38069099990665,29.70249899990698],[-98.38074199996028,29.702300999911973],[-98.3808359996716,29.70207000033484],[-98.38092100006043,29.701912999846154],[-98.38096500044135,29.70148499966794],[-98.3809479998246,29.701359000146766],[-98.38087500002966,29.70080900032409],[-98.38077399974733,29.70058999989685],[-98.38069900030257,29.700397999781565],[-98.38063599965507,29.700128000144545],[-98.38063599965507,29.70006800021334],[-98.38060100039327,29.699904000374655],[-98.38052299967717,29.6995390000104],[-98.38052299967717,29.69940200036514],[-98.38066800034044,29.69895600015164],[-98.3806809998609,29.698764000034394],[-98.38066199959432,29.69845600003889],[-98.38073100008961,29.698174999705653],[-98.38078799999101,29.69807599978699],[-98.3808709998317,29.696827000268346],[-98.3808270003491,29.696282999809362],[-98.3807009999524,29.69574300031926],[-98.38050599995873,29.69516600033422],[-98.38039299998083,29.6950119996211],[-98.38031099996506,29.694819000147305],[-98.38014100008574,29.69452200032186],[-98.37977600021276,29.69396099990354],[-98.37924099956216,29.693344000315246],[-98.37904599956848,29.69319600010226],[-98.37839100016559,29.692238000189782],[-98.37825200024841,29.69207800021355],[-98.3782150004385,29.69191899963368],[-98.37813900027051,29.691731999940117],[-98.37786899993378,29.691231000114225],[-98.37771800032102,29.69085700015955],[-98.37758500025164,29.690663999728127],[-98.37744700015938,29.69040600035963],[-98.37739699993067,29.690202000371904],[-98.37699400042284,29.6895640001473],[-98.3767109996673,29.689040999683225],[-98.37664100024543,29.688810000051614],[-98.37662299980376,29.68871100026988],[-98.37661399958293,29.688494999840056],[-98.37657900032114,29.688380999772917],[-98.37651599967364,29.688298000026016],[-98.37647800003882,29.68820500020933],[-98.37643399965786,29.688133000015288],[-98.37636500006089,29.68775299974065],[-98.37634599979432,29.687583000364256],[-98.37631499983219,29.687054999678082],[-98.37638400032748,29.68660399998443],[-98.37652999991735,29.686064999694587],[-98.37662399962868,29.68555299973213],[-98.376801000079,29.684975000045522],[-98.37684000043706,29.68448599991466],[-98.37684600028483,29.684408999988438],[-98.37682700001827,29.68428800031973],[-98.3768649996531,29.68399600001618],[-98.37709800017991,29.683412999721646],[-98.37729999984629,29.683012000338053],[-98.37732499996065,29.682917999791822],[-98.3774200003952,29.682796999889113],[-98.37746399987782,29.682708999939326],[-98.37748599961911,29.68268300038286],[-98.3775400000458,29.682620999912555],[-98.37769499985649,29.682507000206698],[-98.37782999957571,29.682406999933857],[-98.37787399995663,29.68235199985841],[-98.37800000035332,29.682246999914724],[-98.37846599961033,29.681989000010827],[-98.3786870004416,29.681911999732733],[-98.37896399955271,29.68190100013415],[-98.37919700007953,29.68176399985357],[-98.37934900041549,29.68169199972807],[-98.3795689996252,29.681566000359958],[-98.37977100018989,29.681478000112975],[-98.37994100006921,29.681302000168387],[-98.38005499987202,29.68108699996431],[-98.38028800039883,29.680933000308652],[-98.3804830003925,29.680944000013145],[-98.38069099990665,29.680862000129483],[-98.38092400043347,29.680663999639798],[-98.38110699983325,29.680636999791126],[-98.38128299956034,29.680586999907664],[-98.38132699994128,29.68059300005112],[-98.38138399984268,29.680630999650354],[-98.38142800022361,29.68060900017165],[-98.38149799964552,29.680549000291865],[-98.38152299975985,29.680510000116605],[-98.38168000011869,29.680454999783738],[-98.38178100040103,29.680454999783738],[-98.38183800030245,29.680406000355816],[-98.38184999999801,29.680377999891586],[-98.38187599993728,29.680361999734288],[-98.38188799963285,29.68032899964565],[-98.38192600016599,29.680279000389522],[-98.38201200037972,29.680085000168063],[-98.38242900013124,29.679743999611734],[-98.38268400039937,29.679488999632277],[-98.38288600006572,29.679286999673003],[-98.38327100003019,29.67901899984237],[-98.38363400025335,29.67888799978169],[-98.38374800005616,29.67883900037056],[-98.38387399955454,29.678740000133395],[-98.38411299992916,29.678590999703115],[-98.38416399998277,29.678546999848113],[-98.38425199984631,29.678442999617594],[-98.3843210003416,29.67832199979187],[-98.38434599955765,29.67825000032308],[-98.38437900006794,29.67804000034229],[-98.38431399977061,29.67776900015364],[-98.38423000010502,29.67741400007145],[-98.38427899961049,29.67730200029764],[-98.3843280000143,29.677188999821066],[-98.3843909997635,29.677061999693315],[-98.38439699961128,29.67701300017267],[-98.38439800033451,29.67691900026082],[-98.38437200039523,29.67682600006233],[-98.38436599964915,29.67672600038232],[-98.3843410004331,29.676594999675387],[-98.3843410004331,29.676533999937377],[-98.38434700028088,29.676468000358323],[-98.3843410004331,29.676413000155645],[-98.38429600022725,29.67632500008101],[-98.38425299967125,29.67624199974497],[-98.38422799955688,29.676094000104055],[-98.38415200028722,29.67600000011353],[-98.38398200040791,29.675832999805742],[-98.38393600037715,29.675787999712718],[-98.38371100024624,29.67570600030666],[-98.3836509999718,29.67563799977763],[-98.38346100000099,29.675422000133572],[-98.38343500006174,29.6752239998571],[-98.38337800016032,29.67513099965179],[-98.38322099980148,29.67481700010235],[-98.38313899978573,29.67470099970758],[-98.38307600003652,29.67463499970587],[-98.38294399979205,29.67454699963612],[-98.38281800029367,29.67449799967038],[-98.38267699982835,29.6744770002352],[-98.3825660003986,29.6744600000946],[-98.38245199969745,29.674442999951143],[-98.3824190000855,29.67442900006037],[-98.38215600031975,29.67432100016853],[-98.38206199971012,29.67426099965818],[-98.38187299956422,29.674167000295576],[-98.38177800002798,29.674150999930358],[-98.3816459997835,29.67408500034811],[-98.3815329998056,29.67395300027315],[-98.38145099978983,29.673798999836666],[-98.38142300020075,29.673725999638535],[-98.38128099991053,29.67335299994831],[-98.38085400011327,29.671906000129415],[-98.38080399988455,29.671070000208026],[-98.3807789997702,29.670420000377867],[-98.38077299992241,29.669733000319823],[-98.38054100011882,29.6684340001358],[-98.38045200043035,29.668165000371953],[-98.38039600035387,29.668065999772804],[-98.3801949996141,29.667492999713087],[-98.3799619999856,29.666986999791984],[-98.37986800027426,29.66660799988837],[-98.37976699999193,29.66587599970612],[-98.37959799993752,29.665225999873467],[-98.37922100036897,29.663515000159848],[-98.37914500020099,29.66329000003568],[-98.37890599982639,29.662949000289807],[-98.37854699980119,29.66271700009042],[-98.3780680001254,29.662612999881187],[-98.37711700044649,29.662728000226338],[-98.37628600041819,29.662936000299524],[-98.37569999971394,29.663073999630335],[-98.37500000010522,29.663266999949496],[-98.37461000011788,29.663375999937866],[-98.37334600044453,29.663729999686907],[-98.3726190001733,29.66393400031272],[-98.37199599965913,29.66406999997977],[-98.3713589997996,29.664209000023423],[-98.3709939999266,29.664303000106933],[-98.37002999982892,29.664623000015073],[-98.36989199973667,29.66468900034269],[-98.36958899978795,29.66477699967147],[-98.36833000013748,29.665321999618307],[-98.368121999725,29.66539399975714],[-98.36793299957911,29.66549299986391],[-98.3675300000713,29.665625000114808],[-98.36676799963999,29.665883999766784],[-98.36639600009431,29.665987999716652],[-98.36621399962112,29.666016000285165],[-98.3650169998949,29.66639099967752],[-98.3645449998918,29.666599999885275],[-98.3637640000922,29.66673200024469],[-98.36351800004492,29.66664400028453],[-98.3631210003849,29.666456999625748],[-98.36299499998819,29.666386000152727],[-98.36280599984231,29.66631399994344],[-98.36262300044253,29.666210000330636],[-98.36130000031963,29.665633000195434],[-98.36097899992927,29.66539600036738],[-98.36080200037725,29.665225999873467],[-98.36058200026923,29.66485199996112],[-98.36037399985676,29.664175000170864],[-98.36031100010757,29.664065000339637],[-98.36023499993958,29.663872999920216],[-98.35978100037815,29.6629870003118],[-98.35962999986711,29.66287699996215],[-98.3595100002165,29.662701000245367],[-98.35935899970545,29.662399000253345],[-98.35880999970945,29.66163399990784],[-98.35854500029389,29.66117800036939],[-98.35844499983645,29.66098000015224],[-98.3580029999706,29.660511999651195],[-98.35773900037994,29.660077999783077],[-98.35765700036418,29.659891000189116],[-98.35763800009761,29.65975299961466],[-98.35752400029479,29.659521999824655],[-98.35740399974587,29.659362000081636],[-98.35711500004086,29.659109999872808],[-98.35681200009218,29.65880200014835],[-98.35662899979407,29.65864799993252],[-98.35536900031869,29.658168999660507],[-98.35490300016336,29.658070000152744],[-98.3545320004426,29.657944000070597],[-98.35385799987482,29.65776800031128],[-98.35347999958303,29.657620000026963],[-98.35246500033004,29.65724599994199],[-98.351948999946,29.657108999640208],[-98.35109799982621,29.65692199999279],[-98.34899399990373,29.656250999958598],[-98.34843999988486,29.656124999940634],[-98.348105999974,29.655986999665643],[-98.34738200007581,29.65581199961606],[-98.34672099992683,29.6556029996354],[-98.34634299963507,29.655448999988188],[-98.34588300022584,29.655327999821264],[-98.34510800027404,29.65505800012423],[-98.34479899957923,29.654909999757425],[-98.34467899992863,29.654816000265967],[-98.34431999990343,29.65465199997954],[-98.34370300013538,29.654343999880794],[-98.34353300025606,29.654201000155766],[-98.34336300037674,29.65408000004958],[-98.3432119998657,29.653887000063015],[-98.34288999965041,29.653656000077877],[-98.34286500043437,29.653622999813656],[-98.34273300018988,29.653442000135552],[-98.34261299964098,29.653182999680663],[-98.34270700025063,29.652523000167974],[-98.34315400013938,29.65155999966483],[-98.34340000018666,29.650992999626318],[-98.3437960000218,29.650449000195675],[-98.34446999969124,29.64941999999572],[-98.34482299986867,29.64898499983416],[-98.34537699988755,29.64823099994115],[-98.3459369997542,29.647559999734064],[-98.3460499997321,29.64731200001709],[-98.34623899987798,29.647015000389416],[-98.34680499959242,29.646172999886005],[-98.3469440004079,29.64606299989351],[-98.34702600042367,29.645893000307503],[-98.34738200007581,29.645366000235015],[-98.34759600033607,29.645050999788428],[-98.34761800007739,29.645017999825868],[-98.34770599994093,29.64475900033569],[-98.34771799963649,29.644412999636522],[-98.34756700002374,29.643911999840448],[-98.34746599974142,29.643477000080566],[-98.34745300022094,29.643296000114887],[-98.34738799992361,29.642923000030883],[-98.34741800006083,29.642634999654835],[-98.34734799974065,29.64235500038623],[-98.34726999992283,29.64204200018172],[-98.347260999702,29.642006999719204],[-98.34702899989843,29.641547999799982],[-98.34676600013267,29.641027999943926],[-98.34642600037405,29.640358000299308],[-98.34622999965715,29.6397969998619],[-98.34617399958066,29.63959399966698],[-98.3461419997936,29.639472999959978],[-98.34607200037173,29.63931300035647],[-98.34605999977784,29.63928600033971],[-98.34590900016511,29.63915399989354],[-98.3459019995941,29.638983000176115],[-98.34581399973055,29.638844999822627],[-98.34568800023217,29.63857599981771],[-98.34567599963829,29.638526000109092],[-98.3454930002385,29.638179999852593],[-98.34536199981893,29.638002000295486],[-98.34508999983237,29.637630000310658],[-98.34473099980717,29.637382000338135],[-98.3446489997914,29.637217000342368],[-98.34452300029301,29.63704100025707],[-98.34435300041372,29.63666700022582],[-98.34427700024573,29.636530000023367],[-98.3441779996132,29.636380000118024],[-98.3441630004429,29.636358000331708],[-98.34413199958244,29.636311000133336],[-98.34408800009984,29.636243999729572],[-98.34387399983959,29.635951999722018],[-98.34367200017324,29.635611000264557],[-98.34340100001158,29.63532000019695],[-98.3433950001638,29.635247999623843],[-98.34335099978287,29.63513800018881],[-98.34306700010073,29.634803000069002],[-98.34305200003212,29.634768000213594],[-98.34303600013861,29.634730999907056],[-98.3430229997198,29.634659999913925],[-98.34296699964331,29.634560999927885],[-98.3428529998405,29.634461999844532],[-98.34263299973247,29.63420299974977],[-98.34249399981529,29.633901000136785],[-98.34233700035477,29.633718999906872],[-98.34162500015215,29.632597000021477],[-98.34152999971761,29.63237699992566],[-98.34132899987614,29.632084999638437],[-98.34125299970817,29.632002999753134],[-98.34110799994322,29.63167800029407],[-98.34107000030838,29.63150199989944],[-98.34060400015306,29.63023700011778],[-98.34057200036601,29.629988999900583],[-98.34058499988647,29.629917999688224],[-98.34057200036601,29.629824000286828],[-98.34054100040387,29.62970899982831],[-98.34052799998507,29.62959899981009],[-98.34052799998507,29.62926299973473],[-98.34057200036601,29.628961000146894],[-98.34057800021378,29.62847099997542],[-98.34072899982651,29.62805799993212],[-98.34074200024531,29.62788200024055],[-98.34082400026108,29.627612999847184],[-98.340861000071,29.62754100001193],[-98.34100599983596,29.627419999880058],[-98.34110100027051,29.627288000280338],[-98.34119499998184,29.627145000388673],[-98.34133300007412,29.62685899999645],[-98.34162299960401,29.6264630000352],[-98.3418619999786,29.62621499989785],[-98.34227100023253,29.625560000075968],[-98.3423530002483,29.625076000092285],[-98.34234700040051,29.624998999986982],[-98.3423259995858,29.624376000236545],[-98.34224299974514,29.624144999701134],[-98.34216800030038,29.624007999647223],[-98.34209899980507,29.623936000359308],[-98.34207399969071,29.623897999651497],[-98.34207399969071,29.62385400008815],[-98.34210499965288,29.623766000122853],[-98.34214300018601,29.623705000376916],[-98.34223699989735,29.62358899963161],[-98.34228700012606,29.623485000384722],[-98.34238900023331,29.62323800027904],[-98.34257699965598,29.62272099983353],[-98.34258900024984,29.622593999682266],[-98.34263399955738,29.622353000227974],[-98.34269600037997,29.62202200036207],[-98.34271499974824,29.621949999655076],[-98.34294800027506,29.62172999973582],[-98.34316199963698,29.621610000003354],[-98.34348300002735,29.621526999831467],[-98.34360900042404,29.62145599990304],[-98.34376699970947,29.621328999719275],[-98.34411300021421,29.62124099989163],[-98.34475500009663,29.621052999647407],[-98.34489400001378,29.620954999921032],[-98.3450639998931,29.620733999813737],[-98.34527700032844,29.62049699969727],[-98.34544100035997,29.620184999870357],[-98.3455359998962,29.620040999684527],[-98.34562299993485,29.620004999801175],[-98.34560000036862,29.61991000015566],[-98.34565300007206,29.619787999862996],[-98.34567300016356,29.619742000111177],[-98.3456909997069,29.619491999870515],[-98.34561100023927,29.619331999765894],[-98.34561700008707,29.619132999652248],[-98.3454649997511,29.618825999832477],[-98.34540299982682,29.618759999891576],[-98.345289000024,29.618538999656348],[-98.34525200021407,29.618297000274072],[-98.3451629996273,29.61813800021837],[-98.3451209997945,29.618091999713435],[-98.34510700044912,29.618077000189377],[-98.34503700012893,29.61804500036418],[-98.345000000319,29.61802800006247],[-98.34485499965574,29.618000000202418],[-98.34472300030957,29.618000000202418],[-98.34465999966207,29.618006000173118],[-98.34437599997993,29.617984000278902],[-98.34407399985614,29.617852000031952],[-98.34384100022764,29.617691999666512],[-98.3436770001961,29.617621000159993],[-98.34346999960856,29.61759399979556],[-98.3430289995676,29.617499999829842],[-98.3428529998405,29.61741700017767],[-98.34278300041859,29.61737300012728],[-98.34233999982952,29.617192999721432],[-98.34180300042739,29.61651499999237],[-98.34166399961191,29.61638799982963],[-98.34132100037853,29.616075000153675],[-98.34104500019403,29.615252000302554],[-98.34065299965854,29.614744999772753],[-98.34006699985262,29.61409900028438],[-98.33960800026831,29.613690999707558],[-98.33963500003249,29.613637999637785],[-98.33948400041976,29.613523000230426],[-98.33941400009955,29.613441000077167],[-98.33938300013742,29.613309000128414],[-98.339318999665,29.613215000071353],[-98.33918700031883,29.61310000018148],[-98.3389670002108,29.612978999890807],[-98.33842599971241,29.612583000054006],[-98.338292999643,29.612418000053378],[-98.33822400004604,29.612362000332574],[-98.33800300011312,29.612263999965343],[-98.33780800011945,29.612213999693463],[-98.33775799989071,29.6122369997279],[-98.33769500014154,29.61221599979853],[-98.33760200025512,29.61220100018104],[-98.33751299966833,29.612171000158316],[-98.33744300024647,29.612148000108824],[-98.33739300001773,29.61212799982387],[-98.33732900044363,29.612081999700013],[-98.33714100012267,29.611994000389323],[-98.33676200000598,29.611790999618574],[-98.33654899957065,29.611653999952335],[-98.33614600006284,29.61148800032394],[-98.33532799955502,29.611301000302173],[-98.33484300003143,29.611346000330744],[-98.33457799971755,29.61131300025969],[-98.33430800027912,29.611361999746006],[-98.33358400038094,29.61133999996366],[-98.33338799966404,29.61131300025969],[-98.33317400030212,29.611268999887862],[-98.33291599966094,29.611185999790795],[-98.33278400031477,29.611125999913362],[-98.33263899965151,29.611092999770285],[-98.33219099993785,29.610955999936493],[-98.33185200000413,29.610926999999087],[-98.33152499976599,29.610873000362755],[-98.33071200017935,29.61086200002832],[-98.33034599958314,29.61083500019639],[-98.32974899990657,29.61070700022932],[-98.32950399968416,29.610647000066795],[-98.3293210002844,29.61063099975711],[-98.32918300019213,29.610603000185243],[-98.32896899993189,29.61058800032775],[-98.3287360003034,29.61053700032691],[-98.32856499970084,29.610426999685988],[-98.3284209997608,29.610301000125016],[-98.32834499959282,29.610053000045568],[-98.32834499959282,29.60995499977673],[-98.32854700015751,29.60947000013612],[-98.328603000234,29.60929999970984],[-98.32860900008177,29.60909100004258],[-98.32854700015751,29.608771999838485],[-98.32852100021823,29.60852300020437],[-98.32853399973871,29.608451999706702],[-98.32862800034835,29.608347999679513],[-98.3286590003105,29.60828799967509],[-98.32865099991457,29.608232999704782],[-98.32864699971661,29.60821000031893],[-98.32847500018748,29.6080030001428],[-98.32833000042253,29.607444000151073],[-98.32806199973561,29.606418999974114],[-98.32799300013863,29.606251000094222],[-98.32795299995566,29.606152000312818],[-98.32787599996274,29.605963000318354],[-98.32784800037368,29.605904999906002],[-98.32781700041153,29.60581900012194],[-98.32765500002982,29.60568299987782],[-98.32751399956452,29.605565000022708],[-98.32728199976093,29.6053710002786],[-98.32726199966945,29.60536099985491],[-98.32716700013319,29.605273000145186],[-98.32706400020102,29.605188000334884],[-98.32694100017738,29.60508799977714],[-98.32686199963636,29.60501900023273],[-98.32681899997864,29.604984999919118],[-98.32662800018294,29.60482299996747],[-98.3265000001364,29.604693999660725],[-98.3263300002571,29.604523000035112],[-98.32629199972395,29.604393000386],[-98.3262239999519,29.604171000153233],[-98.3261899996167,29.60405099982393],[-98.32615399963169,29.60394699994374],[-98.32611400034705,29.603915000319482],[-98.32608800040778,29.603883999648705],[-98.32607900018695,29.603867000083053],[-98.32604800022482,29.603820000350122],[-98.32602499976028,29.603785999632237],[-98.3259710002319,29.603726999783653],[-98.32592600002607,29.60368200025982],[-98.32591299960728,29.60367099992189],[-98.325858000254,29.60364399972638],[-98.32581300004816,29.60360699970706],[-98.3257810002611,29.603578999746695],[-98.32575799979658,29.60355399980349],[-98.32574199990306,29.60353799993028],[-98.32572799965934,29.603522999802756],[-98.32565800023747,29.60348299971218],[-98.32556899965068,29.603428999994314],[-98.32555100010734,29.6034179996288],[-98.32547300028953,29.603370999686522],[-98.32538799990071,29.60332900003543],[-98.3252890001665,29.60329299965104],[-98.32510099984555,29.603220999624764],[-98.3249710001492,29.603169000051132],[-98.32491599989761,29.603146000291225],[-98.32481299996545,29.60310900008919],[-98.32472900029987,29.603078999704326],[-98.32468599974385,29.60306100025018],[-98.32457100011612,29.603026000304336],[-98.32451199966658,29.603004000265194],[-98.32446099961295,29.602985000263043],[-98.32441899978015,29.602970999807013],[-98.3243300000917,29.602944999959078],[-98.32429999995448,29.602935000075867],[-98.32421399974075,29.602903999884862],[-98.32416600006017,29.60288799990851],[-98.32408700041745,29.602871999929697],[-98.32398899960985,29.602840999719298],[-98.3238310003244,29.602802999650017],[-98.32377799972267,29.602791000241755],[-98.323738000438,29.602775000247494],[-98.32368400001131,29.60275199961671],[-98.3236470002014,29.602740999958414],[-98.32357100003341,29.60272400020008],[-98.32353599987331,29.602715999807415],[-98.32350099971322,29.60271100024509],[-98.323478000147,29.602708000195182],[-98.3234220000705,29.602695999994594],[-98.32326800008471,29.602648999715843],[-98.32292900015099,29.60256000022489],[-98.32284200011237,29.602548000006706],[-98.32281600017309,29.602548000006706],[-98.32246600036872,29.602473000172665],[-98.32201000025914,29.602376000106734],[-98.32161500024894,29.602291000197784],[-98.32147200013381,29.602261000350598],[-98.32136199963062,29.602236999841562],[-98.320725999596,29.60215400012012],[-98.31996800026094,29.602053999677945],[-98.31945500024995,29.601997999668257],[-98.31932800002835,29.601990999762478],[-98.31921699970026,29.60198699992772],[-98.31906000023974,29.60198300009274],[-98.31888199996452,29.60198300009274],[-98.31872100030603,29.601987999691158],[-98.31865099998582,29.601990999762478],[-98.31839499989277,29.602007999644368],[-98.31833499961834,29.60202200023416],[-98.3182390002572,29.60202200023416],[-98.31805900033213,29.60204600001322],[-98.31782900017836,29.602085999892733],[-98.31761499991812,29.60212299968902],[-98.31742199957426,29.602157999948258],[-98.31711199995287,29.602226999888163],[-98.31681599967686,29.6022919999582],[-98.31672100014062,29.60231299961134],[-98.31656799997974,29.60234799980464],[-98.31650400040564,29.60236200034722],[-98.31644699960593,29.60237399980647],[-98.31602099963357,29.60246900035702],[-98.31595500040964,29.60248399986025],[-98.31521200024488,29.60266099992208],[-98.31506199955875,29.602696999751007],[-98.31502800012187,29.602705000145196],[-98.31460100032461,29.602708000195182],[-98.31438000039168,29.602698000288488],[-98.31416799978125,29.602673999883457],[-98.31412799959827,29.602669000319057],[-98.31410800040511,29.602663999973387],[-98.31402300001629,29.602641999855315],[-98.31387700042644,29.602512000124587],[-98.31377000029632,29.6024449998975],[-98.313600000417,29.602406999678983],[-98.31354000014254,29.60233499980124],[-98.31349400011177,29.602278999947515],[-98.31347999986808,29.60226299987202],[-98.31329200044541,29.60223600008061],[-98.31290099973485,29.602181999695002],[-98.3127130003122,29.60211100019991],[-98.31246200024202,29.60198300009274],[-98.31222200004252,29.60180199977987],[-98.31203299989663,29.601543000096317],[-98.31187499971288,29.60124100023756],[-98.31182600020738,29.60106499979931],[-98.31192099974363,29.600784000042896],[-98.311693000138,29.600327000120668],[-98.31150499981702,29.599782999660416],[-98.31142799982413,29.599507999746983],[-98.31137199974764,29.599177999642272],[-98.31116400023349,29.59871599971262],[-98.31102000029344,29.598572000103296],[-98.31083699999535,29.598332000037274],[-98.31083299979738,29.59817800030602],[-98.31083100014757,29.598082999619077],[-98.31099500017909,29.597537999745786],[-98.31097000006473,29.59715299967994],[-98.3108760003534,29.59621799987443],[-98.31091399998823,29.596090999921508],[-98.31091300016331,29.596049000363223],[-98.3109120003384,29.596027000364433],[-98.31087499963017,29.595936999893304],[-98.31089999974454,29.59562399999905],[-98.31101400044565,29.595116999973914],[-98.31102000029344,29.594826000144298],[-98.31094999997325,29.594560000091786],[-98.31094499995037,29.594539000386668],[-98.3109409997524,29.594522999864484],[-98.31092800023194,29.59447300016907],[-98.30541099960946,29.596536000137586],[-98.30532799976878,29.596566999942574],[-98.30498899983507,29.59669400007731],[-98.302252000251,29.597717000288295],[-98.30223499963427,29.59772299990389],[-98.30201500042453,29.59780500034261],[-98.30194000008146,29.597833000343737],[-98.30190599974628,29.59784600014638],[-98.30187200030942,29.597858999947327],[-98.3016260002621,29.59795099987268],[-98.29843000019542,29.599213000142445],[-98.29801000007085,29.599378999671313],[-98.29769899972624,29.599502000237557],[-98.29745500022707,29.59959800015622],[-98.29690500040616,29.599817000165686],[-98.29637800015146,29.599925000316247],[-98.29626500017356,29.599974999652485],[-98.29621099974689,29.599999999701858],[-98.29619900005132,29.60000599996275],[-98.29618099960966,29.6000139997893],[-98.29615399984549,29.600024999745035],[-98.29614299997483,29.60002899965766],[-98.29611100018776,29.60004100017558],[-98.29602800034709,29.60006300008001],[-98.29595499965386,29.600103999747027],[-98.29594600033133,29.60011000000167],[-98.29586099994253,29.600145000178472],[-98.29585099989677,29.60014900008629],[-98.2957959996452,29.600171999748593],[-98.29438600038198,29.60075299997177],[-98.29001799980512,29.602399000042247],[-98.2898899997586,29.602427000330188],[-98.28829399982423,29.6030659997951],[-98.28820299958764,29.60310200026053],[-98.2867840001036,29.603670000175093],[-98.28663900033864,29.603728000310905],[-98.28657900006418,29.60375199968402],[-98.28641000000978,29.603820000350122],[-98.28633999968957,29.603848000243516],[-98.28555499969202,29.604162000133492],[-98.28544199971411,29.60420700022419],[-98.28246099973258,29.605398000011714],[-98.28236899967108,29.605435000154937],[-98.28233400040929,29.60544900026888],[-98.28223499977678,29.60549000008938],[-98.28110099979978,29.605943000368466],[-98.2805540003519,29.606167000049297],[-98.28035400033538,29.606250000373],[-98.28032500002304,29.606262000150714],[-98.28003200012009,29.60638299991181],[-98.2790610003497,29.606786000244373],[-98.27905100030397,29.60678999988884],[-98.27903200003739,29.606797999958232],[-98.27901000029607,29.606806999742716],[-98.27899000020459,29.606814999810812],[-98.27895500004449,29.606830000229685],[-98.2788639998079,29.606868000343496],[-98.27876199970063,29.606910000082756],[-98.27874300033238,29.606918000142684],[-98.27872599971562,29.606924999706404],[-98.27869999977636,29.606935999689412],[-98.27846499959972,29.60703399976859],[-98.27380499984314,29.60905200029211],[-98.26808899992734,29.61152699991303],[-98.26758900033515,29.61172699987181],[-98.26238999973,29.613756000197213],[-98.26199800009285,29.613908999922625],[-98.2619479998641,29.613928000209178],[-98.26159499968671,29.614062000196796],[-98.26140200024118,29.614134999934407],[-98.26094000028381,29.61430799972201],[-98.26088500003222,29.614328999996548],[-98.26085300024516,29.614341000374548],[-98.26062700028936,29.61442600027804],[-98.26037000037141,29.61452200004611],[-98.26008900016402,29.614627000371073],[-98.2600730002705,29.61461999978012],[-98.25971000004733,29.61476199984722],[-98.2550829999027,29.61656800011135],[-98.25484400042642,29.6166629997833],[-98.25481000009123,29.616676999900022],[-98.25471499965667,29.61671500020698],[-98.25304400027754,29.61737700013269],[-98.25065699959954,29.618301000242752],[-98.25062300016266,29.61831399974944],[-98.24840600026228,29.619172999781178],[-98.2475919999524,29.61948900031994],[-98.24594199959137,29.620126000247502],[-98.24392999973038,29.62090399969902],[-98.24344100000884,29.621092999795195],[-98.24317300022024,29.621196000376003],[-98.2425289997897,29.621444999942625],[-98.23952199986887,29.622541000389628],[-98.2381929998982,29.623023999720086],[-98.23813000014901,29.623049999856022],[-98.23753400029736,29.62329799997467],[-98.23698799977608,29.623525999897954],[-98.23668400000247,29.623626999675054],[-98.23580100009563,29.623921000143262],[-98.23518799962721,29.62412599977888],[-98.2345380002472,29.62436100008606],[-98.23324299971338,29.624830000300083],[-98.23004900019482,29.625988000118635],[-98.22833100006173,29.62661200035312],[-98.22785599968556,29.626786999622347],[-98.22767499993562,29.62685400006976],[-98.22723499971954,29.627015999755308],[-98.22716899959731,29.62703999983118],[-98.22712500011471,29.627055999878607],[-98.22703600042624,29.62708900026114],[-98.2267660000895,29.627189000076633],[-98.2267240002567,29.627203999806152],[-98.22582899975599,29.627534999828136],[-98.22581899971023,29.627539000211],[-98.22572699964873,29.627572999945038],[-98.22546399988299,29.62767100026268],[-98.22260000007734,29.628728999693458],[-98.22241000010652,29.62879899968464],[-98.22147100012319,29.629145999647616],[-98.22141000002382,29.629168999722197],[-98.22134800009954,29.629191999791534],[-98.22128399962712,29.629216000129837],[-98.22121900022812,29.629239999681598],[-98.22024599990958,29.629600000080554],[-98.22015300002317,29.629633999899944],[-98.22010299979445,29.629652000075225],[-98.2200850002511,29.629658999622013],[-98.21964300038522,29.629821999750348],[-98.21963199961625,29.62982300001859],[-98.21958800013364,29.629826000042392],[-98.21760399986177,29.630558000059114],[-98.21759100034127,29.63056299980198],[-98.21754199993747,29.63058099981131],[-98.21752199984599,29.630588000074347],[-98.21649900019706,29.630965000024606],[-98.21647300025779,29.630975000250555],[-98.21597600014034,29.63115800022774],[-98.2158189997815,29.63121600016394],[-98.21556699988643,29.63131599978699],[-98.2154749998249,29.63134900033578],[-98.21498899957811,29.63152500021689],[-98.21488099962308,29.631563999860592],[-98.21373300030068,29.63198000032567],[-98.21359100001045,29.632031999872556],[-98.21328800006177,29.63214299982165],[-98.21288700020376,29.63229100008407],[-98.21088500038852,29.63302700031196],[-98.21074599957304,29.633079000099183],[-98.21025500020167,29.633260999923916],[-98.20489199956499,29.635248999838204],[-98.20475600002085,29.635298999612175],[-98.20430599975907,29.635374000007396],[-98.20335300043034,29.635730000288845],[-98.20248499969381,29.636054999946985],[-98.2022319999738,29.63614999998535],[-98.20221299970723,29.636156999861335],[-98.202118000171,29.636192000014855],[-98.20209399988155,29.636201999721823],[-98.20194800029168,29.636258999672382],[-98.20129600036353,29.636546000125],[-98.20058599981073,29.63684000036906],[-98.19960400016969,29.637246999935797],[-98.1995909997509,29.637252000127425],[-98.19808100003026,29.637868000131895],[-98.19762999994354,29.63812800035666],[-98.19629299957694,29.638675999941142],[-98.19597899975759,29.63880599987517],[-98.19571699981678,29.63891300023548],[-98.19513600003373,29.63915200032311],[-98.19330499992272,29.6399069996735],[-98.19323600032574,29.639910000177743],[-98.19303100028633,29.639995000373162],[-98.19177500011058,29.64052299983314],[-98.191283000016,29.64073099973565],[-98.18976999992229,29.64136700027042],[-98.18826500022452,29.642000000249872],[-98.18495799982976,29.64338799994831],[-98.18461100039843,29.643532999684833],[-98.18442499972728,29.64360999967534],[-98.1843979999631,29.643621000338403],[-98.1837719999742,29.64387800015669],[-98.18297399955786,29.644205999658386],[-98.18150099964714,29.644810000191544],[-98.18089499974973,29.64505899994334],[-98.18012300017098,29.645374999697932],[-98.18000000014733,29.64542499990914],[-98.17670000032356,29.64677999984754],[-98.17658700034566,29.64682599974429],[-98.17388300037355,29.6479470002691],[-98.17382300009909,29.64797100004149],[-98.17375000030417,29.648000000246714],[-98.17354699991456,29.648081000291192],[-98.17318799988938,29.648227000380164],[-98.17318100021667,29.648265999801318],[-98.1715080002894,29.648918000056764],[-98.17148700037302,29.648925999904357],[-98.17025899978637,29.649436999683918],[-98.1691209996114,29.649909999729985],[-98.16879599992139,29.650045000329033],[-98.1676140002638,29.650537000268464],[-98.16668199995316,29.65092400028754],[-98.15968599957218,29.653834000062613],[-98.159630000394,29.653856999963104],[-98.1546590002928,29.655923999901404],[-98.151568999633,29.65721000008591],[-98.1483879996349,29.658538000303153],[-98.143381000447,29.660630999904903],[-98.14307199975221,29.66075999962738],[-98.1422769997089,29.661092000149477],[-98.1422409997239,29.66110700029297],[-98.1422270003785,29.661113000037517],[-98.14212500027125,29.6611559997574],[-98.14204999992819,29.66118699997972],[-98.13640599998241,29.663544999722053],[-98.13588899977347,29.663761999827692],[-98.13554900001485,29.663904000085918],[-98.13388799978316,29.664600000233666],[-98.1321599996043,29.66533899974248],[-98.1321300003654,29.665352000202823],[-98.13210400042612,29.665363000050604],[-98.13206400024315,29.665380000167833],[-98.13054600012659,29.666028999877483],[-98.12955899956435,29.666451000199917],[-98.12938600021032,29.66652500011843],[-98.12791300029959,29.667156999651453],[-98.1276460003359,29.667271000369627],[-98.12671499985017,29.66760999972899],[-98.12541299964367,29.668151000387763],[-98.12532200030539,29.66818900000579],[-98.1251749999923,29.66825100000905],[-98.12425100007758,29.66864300000121],[-98.12422599996322,29.66865400026967],[-98.12413999974949,29.668690999815592],[-98.12360300034737,29.668918999987163],[-98.12336700034581,29.669018999625447],[-98.12260200043976,29.669339000141502],[-98.12158599956521,29.669771000120704],[-98.12128599998955,29.66989800009052],[-98.1211060000645,29.669974000333713],[-98.12036799992262,29.6702859996624],[-98.12013699994392,29.67038399977215],[-98.11939100030446,29.670698999756855],[-98.1193739996877,29.67070600035237],[-98.11860200010894,29.67104399998325],[-98.11809099974776,29.671267000221555],[-98.11776799970757,29.671407000321505],[-98.11730300027548,29.67160899972085],[-98.11723399978021,29.67163899999115],[-98.11683499957203,29.671816000311114],[-98.11665600037018,29.671895000216658],[-98.11576400024252,29.672282999889283],[-98.11539299962344,29.672443999999956],[-98.11506000043583,29.672589000019585],[-98.11475300028917,29.672722000165972],[-98.11453599965586,29.67281500025775],[-98.1139740001394,29.673060999884395],[-98.11341900029561,29.673303000344994],[-98.11333200025697,29.673341000357993],[-98.11249600020581,29.67370300037772],[-98.1118479995773,29.673986000113008],[-98.11136399987862,29.67419699980281],[-98.11127799966489,29.674235000258427],[-98.11044499998677,29.67460600015257],[-98.1101510002589,29.674737000328882],[-98.11012699996945,29.674747999930773],[-98.10991699990717,29.67484499977392],[-98.10864999986077,29.67543100003043],[-98.10727200038461,29.6760679996173],[-98.10609300020177,29.676606999657878],[-98.10594400023884,29.67667500031208],[-98.10581100016945,29.67673100017358],[-98.10505499958589,29.677044999989764],[-98.10494699963087,29.677090000300645],[-98.10392300015704,29.677558000154765],[-98.10379099991255,29.6776180002587],[-98.10300000006723,29.677945000039646],[-98.10037899993578,29.679028000197725],[-98.09768900020738,29.680223000162872],[-98.0955850002849,29.681125000157277],[-98.09555900034563,29.681137000379493],[-98.09342399956269,29.682132999784724],[-98.09331599960765,29.682184999955904],[-98.0925499998767,29.682541000105104],[-98.09130299992178,29.68312199973654],[-98.09105199985162,29.683204000117957],[-98.09103099993521,29.683210999842903],[-98.09092700017813,29.683245000283584],[-98.09068500032879,29.68332500031119],[-98.0906579996663,29.68333200002765],[-98.09052899979487,29.683364999910875],[-98.09039999992345,29.68339799978325],[-98.08994100033914,29.6834790002045],[-98.0892769998171,29.68393100038376],[-98.07978499987648,29.691324999909007],[-98.0790069995516,29.691929000045626],[-98.07894800000038,29.691976000017707],[-98.07888699990103,29.69202500004822],[-98.07788500016848,29.692724999993178],[-98.07717999963856,29.69327300031939],[-98.07707699970639,29.693355999858998],[-98.07640600040997,29.693876999671446],[-98.07594899957718,29.69423099972801],[-98.07590900029253,29.69426199989842],[-98.07560600034383,29.694497000325388],[-98.07538799988562,29.694666000086766],[-98.07532599996134,29.694713999962556],[-98.07531300044086,29.694724000096333],[-98.07530500004493,29.694730999799233],[-98.07529300034938,29.69474000030832],[-98.07392599984554,29.695802999712267],[-98.07353800040634,29.69610399965112],[-98.07351800031488,29.696119999643393],[-98.07328300013822,29.696302000156194],[-98.07305800000732,29.696478000364227],[-98.07262799983702,29.69681100038866],[-98.07230899999479,29.697058999797587],[-98.07184600021252,29.697419999862994],[-98.07105600019209,29.69803500020989],[-98.07028600026315,29.698634000323732],[-98.0699160003673,29.698920999982867],[-98.06978499994773,29.699023999731274],[-98.06943400031844,29.699297000288365],[-98.06911299992808,29.699546000158147],[-98.06750600012306,29.700795999766907],[-98.06192999994936,29.705128999857177],[-98.06129100043998,29.70562699971433],[-98.06125000043211,29.705658000269295],[-98.06056499999366,29.706190000323367],[-98.05988299992828,29.70671899982811],[-98.0591809997714,29.707266000002164],[-98.05908399968703,29.70734200008017],[-98.05888299984558,29.707498000388576],[-98.05874099955535,29.707594999832985],[-98.05854300008696,29.7077270001973],[-98.05852600036852,29.707738000089737],[-98.05851700014769,29.70774499966604],[-98.05828399962088,29.70792599991021],[-98.05808399960432,29.708123999738962],[-98.05770500038595,29.708417999899304],[-98.05737499977477,29.708674000075668],[-98.05734200016279,29.70869999992907],[-98.05718399997905,29.70882399985746],[-98.05540700029471,29.710192000104364],[-98.0533150000678,29.71180200026051],[-98.05226099955841,29.712612999811608],[-98.05196500018072,29.71283999999209],[-98.04782699975765,29.71602499989839],[-98.04750100024272,29.716276000019697],[-98.04466900022409,29.71845500009924],[-98.04465900017834,29.718462999875587],[-98.04464599975955,29.718474000152213],[-98.04460899994962,29.71850499986134],[-98.04398100031092,29.71902600028509],[-98.03692300000566,29.72441500004292],[-98.03638499988031,29.7248259997935],[-98.02985399982975,29.72987799989556],[-98.02981399964678,29.729908999982435],[-98.02970700041497,29.72999199966467],[-98.02967599955451,29.730016000133233],[-98.0295750001705,29.730094000251466],[-98.02947399988815,29.730171000258743],[-98.02938500019971,29.730239999809754],[-98.02635399998944,29.732573999676315],[-98.02615499979781,29.73272699970019],[-98.02229799958211,29.735684000060676],[-98.02174600011138,29.736108000337012],[-98.02170900030146,29.736136000086162],[-98.02161200021708,29.7362120001458],[-98.0211970001154,29.73653600032883],[-98.01872300029704,29.738393000175442],[-98.01866800004548,29.738433999651395],[-98.01861299979389,29.73847599985816],[-98.0185850002048,29.73849699995493],[-98.01852599975524,29.738541000069212],[-98.01843899971662,29.73860600023806],[-98.01818500017171,29.73879599989026],[-98.01817099992799,29.738807000277852],[-98.01788399987282,29.739022000165548],[-98.01634900003783,29.740135000196577],[-98.01481500002774,29.74124800035521],[-98.01426600003175,29.74164000022165],[-98.01424799959008,29.741653000169055],[-98.01423500006959,29.741662000371655],[-98.01195500042002,29.74328899972171],[-98.01068300035075,29.74407100008086],[-98.00917100008196,29.745073000274637],[-98.00690999980065,29.746804000178507],[-98.00244400021282,29.75022300022036],[-98.00110600002131,29.751051000080572],[-98.00108799957965,29.751061999903662],[-98.00106400018852,29.751076999873124],[-98.00100300008916,29.751115999939294],[-98.00028300038893,29.75171400009323],[-97.99927099971235,29.752443999835453],[-98.0000070002044,29.754729000201422],[-98.00007699962627,29.754945999869452],[-98.00012799967992,29.755112999639053],[-98.0001390004489,29.755146999908312],[-98.00028300038893,29.755585999848716],[-98.0017100002689,29.760222000125445],[-98.00179899995737,29.760511999928482],[-98.00452700021891,29.76886200015287],[-98.00574599968641,29.772594999763697],[-98.00575499990725,29.772623999865043],[-98.00618199970451,29.773946999699504],[-98.00618900027551,29.773970000169157],[-98.0061950001233,29.773988000227966],[-98.00620699981887,29.774024999948672],[-98.00650800011773,29.774958000169033],[-98.00654300027786,29.775064999804975],[-98.00655199960036,29.775091999986564],[-98.0070679999844,29.77667400002413],[-98.00716199969573,29.77695900028652],[-98.00716599989369,29.776970999967876],[-98.00717400028961,29.77699599968927],[-98.00730700035899,29.77740499995286],[-98.00744499955294,29.77782799961382],[-98.00766999968383,29.778516999910455],[-98.00768200027773,29.778552999949525],[-98.00768999977534,29.778578000055678],[-98.00769899999617,29.778605999636973],[-98.00815900030369,29.78001600011584],[-98.00825399983994,29.780292999921244],[-98.0085259998265,29.781083000251417],[-98.00857699988012,29.78124000002857],[-98.00865700024607,29.781482999669976],[-98.00876100000313,29.781822000138348],[-98.00877299969872,29.781860999932377],[-98.00891400016403,29.782324000183984],[-98.00911300035567,29.78293299985624],[-98.00993099996516,29.78544300007393],[-98.01005200033899,29.78581300033743],[-98.01046999991541,29.787093000202802],[-98.01081800006996,29.788159999755216],[-98.01292899966515,29.794626000150874],[-98.01294299990883,29.794735000186254],[-98.01294399973376,29.794753999815473],[-98.01295299995459,29.794765999702573],[-98.01495300012,29.800763999719738],[-98.01496999983843,29.80081900036898],[-98.01500099980056,29.80091800021425],[-98.0150309999378,29.80101400037214],[-98.0150440003566,29.80105700019382],[-98.01505000020438,29.80107500005924],[-98.01509299986208,29.80121100023729],[-98.01510899975561,29.801263000279352],[-98.0151220001744,29.80130200029321],[-98.01512800002219,29.801321000234545],[-98.01517999990072,29.80148500027514],[-98.01519699961916,29.80153700017484],[-98.01651899991714,29.8056240003197],[-98.01684399960715,29.806620000215347],[-98.0175650000306,29.80888399981295],[-98.01756800040364,29.808894000255226],[-98.01757199970329,29.808903999917085],[-98.01757500007633,29.808914000357362],[-98.01757900027431,29.80892700014872],[-98.01758599994699,29.808947000244252],[-98.01759400034291,29.808972999816763],[-98.01793699957628,29.810015999878797],[-98.01815199966143,29.81067099983485],[-98.01824700009598,29.810960000034065],[-98.01826100033969,29.81100000018731],[-98.01865700017481,29.812175000181753],[-98.01868200028917,29.812253000258558],[-98.01873099979466,29.812403000175248],[-98.0198959997338,29.815974000034018],[-98.02008499987969,29.816550000184165],[-98.02155799979042,29.821065999763487],[-98.02550299986964,29.833156000160912],[-98.02693999979536,29.83755999976237],[-98.0294980001776,29.845390000102036],[-98.02988999981476,29.846600999881883],[-98.03041700006945,29.848215000090676],[-98.03052300037466,29.84853900016292],[-98.03064300002526,29.848625000197877],[-98.03065700026896,29.848634999780373],[-98.03067700036044,29.848649000284993],[-98.03189400017814,29.849516999689207],[-98.0319979999352,29.849591999759312],[-98.03857699966633,29.85431400011999],[-98.04475299988968,29.858709999785198],[-98.05755899989778,29.86782799964725],[-98.05880000000491,29.868712999677935],[-98.06656600031481,29.87425499985907],[-98.06705400021146,29.87460300038311],[-98.06797099955516,29.875217999723553],[-98.07114700042868,29.877458000199585],[-98.07144899965417,29.877671000283872],[-98.07153099966993,29.877729000286532],[-98.07253199957755,29.87843499973658],[-98.07356699982034,29.87916500017879],[-98.07834100027807,29.882532000363295],[-98.08099400019654,29.884403000179095],[-98.08410900007239,29.886600000363515],[-98.09011000039354,29.890832000051862],[-98.09308800000203,29.892932999775482],[-98.09551900016265,29.89464800009719],[-98.09745300020585,29.896011999749682],[-98.10586200022307,29.90194400004982],[-98.11037600038978,29.905127999664497],[-98.1181219997099,29.91059199995665],[-98.12127000009602,29.912844000252367],[-98.12130500025611,29.91286799968253],[-98.12527899974937,29.915554999952015],[-98.12539799957506,29.915640000071036],[-98.12551800012396,29.91572500011749],[-98.12607299996776,29.91611999979367],[-98.13518400014186,29.92261300020331],[-98.13569499960472,29.92297700038604],[-98.13654700044773,29.92358399970026],[-98.14082999973745,29.92663600008482],[-98.14235899972466,29.927725000321715],[-98.14315399976795,29.928291000013388],[-98.14607200000032,29.930371999991124],[-98.14944100031937,29.932772000212616],[-98.14953099983275,29.932835999882904],[-98.14955400029727,29.932852999764034],[-98.14974400026809,29.932987999907947],[-98.14976299963632,29.933002000246844],[-98.15099899972058,29.933897999934228],[-98.15158700007464,29.934317999954004],[-98.15160799999106,29.934332999671682],[-98.15644900039592,29.937781000161404],[-98.16018299968964,29.940439999621773],[-98.16020399960604,29.940454999973323],[-98.16173699979122,29.94154700003247],[-98.16504599983581,29.943904000263856],[-98.16792399988519,29.945953999802896],[-98.16850600039147,29.946368999960512],[-98.16871399990562,29.946517000216787],[-98.17142999957329,29.94845400014834],[-98.1773370001831,29.952651999960278],[-98.17952899996912,29.954209999911274],[-98.17957300035006,29.954240999715985],[-98.1798160000243,29.95441400038222],[-98.18706500012527,29.959571999680715],[-98.18814399985071,29.960341000190787],[-98.19121000022106,29.96252599992493],[-98.19163700001832,29.962830000054044],[-98.19172300023205,29.962890999668407],[-98.19179699985189,29.962944000349115],[-98.19242200001587,29.96337899990505],[-98.19316299963249,29.96390699963119],[-98.19323899980049,29.96396099981649],[-98.19335199977837,29.964041999650327],[-98.19337600006781,29.964058999645495],[-98.194352999686,29.964749999826388],[-98.19487800029087,29.96511299989305],[-98.19489900020726,29.965127000379336],[-98.1949440004131,29.965157999892593],[-98.19495299973562,29.9651640000985],[-98.19660800011953,29.9663100001018],[-98.19663200040898,29.96631400019274],[-98.19673799981587,29.966404999883732],[-98.19688000010609,29.96649700029051],[-98.19696299994676,29.966550999846717],[-98.19715100026774,29.96667399993691],[-98.19725599984973,29.966748999784294],[-98.19732199997198,29.966795999856945],[-98.19735700013207,29.966821000300467],[-98.19751699996566,29.966941000007285],[-98.19760800020224,29.96699400008453],[-98.19776800003581,29.967087999975885],[-98.19789799973215,29.967187999862073],[-98.1980349999995,29.967263000099766],[-98.19828699989458,29.967457000130253],[-98.19839499984961,29.967524000080925],[-98.1984700001927,29.967581999897167],[-98.19848100006332,29.967588999966605],[-98.19853700013984,29.96762300029697],[-98.19857899997264,29.96766099987421],[-98.1986269996532,29.967704000258895],[-98.19870199999627,29.967771000042973],[-98.19895300006644,29.967995000038563],[-98.19903199970915,29.96806599964685],[-98.20314099981992,29.970990000291405],[-98.20325799999578,29.971072999792856],[-98.21011100026162,29.9759449996894],[-98.21568800026026,29.979928000081678],[-98.21739499962437,29.981147000320917],[-98.22105099999861,29.983757999645334],[-98.22274700039043,29.98496900010105],[-98.22426100030903,29.986049000363785],[-98.22646300014078,29.987621000009185],[-98.2322569998744,29.991749999992013],[-98.2332710002008,29.992472999814584],[-98.2332999996148,29.992494000205266],[-98.23432399998696,29.993241000321525],[-98.234840000371,29.993609000047236],[-98.23567800007197,29.994209000260124],[-98.23614099985426,29.994539999853597],[-98.23673099985812,29.99495800016534],[-98.23674199972879,29.994969000354537],[-98.24407000037078,30.000196999668034],[-98.24555400015215,30.001234000118977],[-98.24600299969073,30.001557999614256],[-98.24630499981453,30.001773999986636],[-98.25133299981714,30.005359000095694],[-98.25280599972787,30.00630000023301],[-98.25287799969789,30.006345999860457],[-98.25389799987208,30.007114999977972],[-98.25438400011889,30.007537000208348],[-98.25452200021115,30.007634999824386],[-98.25495099965822,30.00794199993963],[-98.25501699978048,30.00798899996465],[-98.2566520000729,30.009145000340123],[-98.26125900012603,30.01240300033592],[-98.27301200034799,30.02067799991023],[-98.28959100000786,30.032348999867207],[-98.29103799997931,30.03336800022732],[-98.29140700005024,30.033614000331],[-98.29141899974583,30.033621999755056],[-98.29741699969392,30.03786499972312],[-98.29747500031854,30.037905999866407],[-98.29755200031144,30.037960000237945],[-98.29759999999203,30.037993999794327],[-98.29807199999513,30.03754500018394],[-98.2980910002617,30.037540999852663],[-98.29809999958421,30.037528999635498],[-98.29810899980505,30.037519000360675],[-98.29811800002588,30.0375049999745],[-98.29817199955424,30.03745799994102],[-98.29819699966859,30.037436999736833],[-98.29820699971434,30.037428999843083],[-98.29827000036184,30.037377000128824],[-98.29829999960076,30.037349000091996],[-98.29834999982947,30.037300999899244],[-98.29840400025616,30.037260000283254],[-98.29845299976164,30.037222000130896],[-98.29960199980725,30.03623900008859],[-98.30011999984112,30.035797000228527],[-98.30058000014864,30.035395000252],[-98.30196199982278,30.03419100010362],[-98.30242299995523,30.033789999954582],[-98.30267499985031,30.033569000253316],[-98.30343399990859,30.03290599974814],[-98.30355199990937,30.03280399969549],[-98.30368400015384,30.03268200001314],[-98.30369699967433,30.03266999998529],[-98.3038430001625,30.032551999893162],[-98.30385999988093,30.03253700022728],[-98.30387999997244,30.032518000025032],[-98.30391799960725,30.03248300001141],[-98.30393799969875,30.03246399979886],[-98.3039560001404,30.03244699985117],[-98.30400299999607,30.032406999917054],[-98.30472799971915,30.031778999690165],[-98.30507400022388,30.031477000202603],[-98.30519999972226,30.031366999851596],[-98.30602599972771,30.030649000358892],[-98.30603599977344,30.030635999932365],[-98.3060829996291,30.030593000363975],[-98.3068850002434,30.02990200036398],[-98.30725299959113,30.0295809998362],[-98.30835999980394,30.028620000138613],[-98.3087299996998,30.02830000030169],[-98.30881699973844,30.028221999757076],[-98.30908000040249,30.027989999668947],[-98.30916800026603,30.027912999838193],[-98.31558399979056,30.02232999963597],[-98.32402899979282,30.014980000036996],[-98.32493299961605,30.014194000250306],[-98.32666300034305,30.01267000035608],[-98.3266890002823,30.01264800001159],[-98.3310400002424,30.008926000119583],[-98.33267899983449,30.007501000325124],[-98.33643200029309,30.00423799983084],[-98.33759600040734,30.003226999920997],[-98.33923599982431,30.00180299962268],[-98.34119300033203,30.000212000336198],[-98.34212999976724,29.999421999921932],[-98.34229999964654,29.99927800020279],[-98.34410300016845,29.99775699979497],[-98.34545999972822,29.996580000255683],[-98.34620399971789,29.995933999828168],[-98.3484359996869,29.993998000037248],[-98.3491810003998,29.99335299967213],[-98.35059999988384,29.992123999932414],[-98.35485700013261,29.988439000053855],[-98.35627700033989,29.987210999981457],[-98.35657799974044,29.98695000037236],[-98.35837899971422,29.98539100035263],[-98.35940899993415,29.98449900031688],[-98.35945400014,29.98446000033749],[-98.35950000017077,29.984419999724285],[-98.35955799989708,29.984369999907617],[-98.35961800017152,29.984318000382867],[-98.3690220002486,29.976170999779107],[-98.37226199979791,29.97336499969565],[-98.37398400012898,29.971866000009125],[-98.37529399983309,29.970726000141116],[-98.38048400021741,29.966279000169664],[-98.3840519998298,29.963225000299644],[-98.3844400001673,29.962890999668407],[-98.38446500028166,29.962870000022246],[-98.3844750003274,29.962861000283766],[-98.38472999969721,29.962640999850173],[-98.38500599988174,29.962405000272778],[-98.38540199971685,29.96206500038448],[-98.38587999956773,29.96165700007288],[-98.38752699955573,29.960246000060202],[-98.38960100023931,29.9584699996242],[-98.3901999995657,29.957960000179174],[-98.39057399965952,29.957638000299116],[-98.39075000028492,29.957486999916384],[-98.39076000033066,29.957477999690504],[-98.39077100020133,29.957468000130334],[-98.39079299994263,29.957449000340606],[-98.3908110003843,29.957434000217333],[-98.39088500000415,29.95737000002911],[-98.39115000031802,29.957142999868267],[-98.39136500040317,29.95695900033129],[-98.39165900013104,29.95670700014217],[-98.3920010004378,29.956413999755263],[-98.39203200039994,29.956387999684537],[-98.39211900043858,29.956312999801643],[-98.3929510002918,29.955600000361628],[-98.39421900016312,29.954513999788702],[-98.39432799994306,29.954419000315994],[-98.39567700000522,29.953252000075356],[-98.39573399990661,29.95320200013918],[-98.39622299962816,29.95278799985741],[-98.39669299998145,29.95238999967976],[-98.3967110004231,29.952375000349818],[-98.39678300039313,29.952316000057724],[-98.39723299975661,29.95193100016808],[-98.3978439996769,29.95140500022002],[-98.39829099956563,29.951022999667753],[-98.39892099975249,29.95048199997105],[-98.3991900002643,29.950251999875917],[-98.39959600014518,29.949898000158605],[-98.39994799959938,29.94959999976711],[-98.39997600008678,29.94957899964838],[-98.40000500039909,29.949554000316656],[-98.40002499959226,29.949534999792906],[-98.40013599992035,29.949443000032193],[-98.4001970000197,29.949389999936873],[-98.40068999993922,29.94896900030554],[-98.40136799980664,29.948381000135445],[-98.40150199970094,29.948262000020858],[-98.40182999976399,29.947983999649605],[-98.40194399956683,29.947897000272558],[-98.40198700012284,29.94786700025495],[-98.40200499966619,29.94785100003436],[-98.40284900011326,29.947107000164262],[-98.40304199955881,29.946950999824598],[-98.40305300032779,29.94693500023495],[-98.40317299997838,29.946835000211735],[-98.4038500000209,29.946252999668815],[-98.40426099992462,29.945905000317072],[-98.4043649996817,29.945816999670768],[-98.40438300012336,29.945800999898687],[-98.40447900038285,29.945718999761624],[-98.40450399959889,29.945698000380084],[-98.40461699957679,29.94560399972126],[-98.40469299974477,29.94554099993383],[-98.40473200010283,29.94550900029832],[-98.40474299997348,29.945499999766533],[-98.40477399993561,29.94547500018782],[-98.40504199972422,29.945252999730087],[-98.40621300040948,29.944284999895643],[-98.40623099995283,29.94426899987712],[-98.40624600002143,29.944257000056176],[-98.40669499956,29.94386799988611],[-98.40696700044488,29.94363300036487],[-98.40763500026657,29.943065000246293],[-98.40838799957874,29.942401999942522],[-98.41013500002418,29.94092299968728],[-98.41034000006358,29.940752000241687],[-98.41089499990737,29.94026900012431],[-98.41163800007212,29.939621999857383],[-98.41366199962866,29.93786400014527],[-98.41401800017913,29.937556999812365],[-98.41509000023186,29.93663199962917],[-98.41746500031599,29.93458699963402],[-98.42110599972331,29.931449999617165],[-98.42116400034793,29.93139999961978],[-98.42122299989916,29.931349000001386],[-98.42130599973984,29.931275000294885],[-98.43022500029333,29.92359200020521],[-98.43165399982311,29.922361000195522],[-98.44359600019095,29.912150999611697],[-98.44557299989184,29.91046000000254],[-98.44603999987207,29.91006200024999],[-98.45068600028326,29.90611200028773],[-98.45491500004464,29.90251599998707],[-98.46186600021977,29.896610000374913],[-98.46187999956516,29.89659499964652],[-98.46457000019187,29.894274000272613],[-98.46463499959088,29.89421799970745],[-98.46823200041388,29.891115999613483],[-98.46840099956998,29.890970000318365],[-98.46941599972129,29.890094000056703],[-98.47322600008133,29.88685699993452],[-98.47347499960334,29.88664600008995],[-98.47454500000624,29.88573899989164],[-98.48061499992436,29.88055300003347],[-98.48578199984416,29.876146999998706],[-98.4858410002937,29.876096000129227],[-98.48590099966985,29.876046000384644],[-98.48597699983785,29.87597999974868],[-98.48605399983073,29.875915000000283],[-98.48656900038986,29.875473000275843],[-98.48687099961533,29.875217000343287],[-98.49784800006056,29.86602299995977],[-98.4979989996733,29.86589599988768],[-98.50029699976452,29.863971999950426],[-98.50029699976452,29.864295000027248],[-98.5006829995539,29.86397600025925],[-98.50736900031349,29.85845800021723],[-98.509545000206,29.856662999659157],[-98.51023800014204,29.85609099998724],[-98.51311100016855,29.85372199975203],[-98.51660599998598,29.85083800010868],[-98.5249070000482,29.84399099988879],[-98.52997199986075,29.839812999740467],[-98.53590000038695,29.83492200021672],[-98.53717499993094,29.833873999985155],[-98.53930800016576,29.832126999649695],[-98.54218799986495,29.829769000309092],[-98.54481400001926,29.827618999936494],[-98.5475830002887,29.82535100031849],[-98.54843900043136,29.824651000336942],[-98.54844899957878,29.824642999685317],[-98.5504200003302,29.82302699989083],[-98.55379700014686,29.820260999726717],[-98.55433199989915,29.819821999660736],[-98.55976499995771,29.815384999953423],[-98.56130399999068,29.814076999815292],[-98.56305999975862,29.812583000089997],[-98.56357000029487,29.81213799975434],[-98.5636840000977,29.812035000051253],[-98.56378500038002,29.811975000046626],[-98.5642699999036,29.811565999978484],[-98.5653479998041,29.810682000124693],[-98.56613199997675,29.810038999854743],[-98.56614700004538,29.810022000076373],[-98.57085500038085,29.806319999956994],[-98.5708879999928,29.806293999694798],[-98.57544700036537,29.80257500007288],[-98.57863800040919,29.79997200011363],[-98.57890799984762,29.799757000047972],[-98.57948799980576,29.799280999883017],[-98.581533000177,29.79761400002352],[-98.58304100024785,29.79638700026067],[-98.58320399955615,29.796253000102677],[-98.58379600010817,29.795771000145045],[-98.58393800039838,29.795655000002643],[-98.58493799958276,29.794841000328436],[-98.58549800034774,29.794386000240927],[-98.58669400024901,29.79341099965747],[-98.58744400008648,29.792801000382415],[-98.5907060002754,29.790144000271074],[-98.59136499987626,29.789618999692873],[-98.59301799971205,29.788302999747184],[-98.59477799967793,29.786904000382304],[-98.5947969999445,29.78688900031937],[-98.59788599988109,29.784429999639137],[-98.59879700027534,29.783699999837413],[-98.59883699955999,29.783667999715764],[-98.60053799997466,29.782264999823024],[-98.60075100041,29.782091000247526],[-98.60394599975348,29.779459000309622],[-98.60799700013791,29.77619000016328],[-98.60801999970414,29.77617199972059],[-98.60992000031042,29.774640000175253],[-98.61382799968143,29.771486999658364],[-98.61385500034392,29.771466000234675],[-98.6150639997657,29.770491000201837],[-98.6152279997972,29.77035899976549],[-98.61543200001172,29.770193999755133],[-98.61702200009829,29.768911000075047],[-98.61911400032521,29.767221000056395],[-98.62016899976119,29.76636999979725],[-98.62209199993372,29.764793999774085],[-98.62250799986032,29.764461999667585],[-98.62324099997933,29.763860000299687],[-98.62331700014732,29.763798999768138],[-98.62332899984287,29.763789000278248],[-98.62530399989393,29.7621739997781],[-98.62612800024954,29.761509000079418],[-98.62955799976966,29.758762000227584],[-98.63251000033719,29.75640200005603],[-98.63252000038295,29.7563940001856],[-98.63517699960107,29.754267000097997],[-98.63556999996146,29.75394999974721],[-98.63604100013964,29.753569999801382],[-98.63687999966557,29.7528979996134],[-98.63794300039577,29.752046000321],[-98.63842200007157,29.751662999887973],[-98.63918000030493,29.751056000071227],[-98.63969900016372,29.750641000000545],[-98.64022399987026,29.750220999739593],[-98.64078799993487,29.749747000094626],[-98.64104400002792,29.74953000009013],[-98.64204499993552,29.748698999769005],[-98.64223800027936,29.748539000083017],[-98.6425289996342,29.748296000076305],[-98.64284199962864,29.748035000221847],[-98.64301300023118,29.747891999669825],[-98.64311500033843,29.74780600035769],[-98.64341400008917,29.747556000215337],[-98.64470299987688,29.746486999625226],[-98.64527000031455,29.74602000029108],[-98.64569000043912,29.745676999972467],[-98.64570100030976,29.745660000183108],[-98.6460350002206,29.74530200014154],[-98.64612399990908,29.745180999749117],[-98.6460979999698,29.745070999691098],[-98.64612999975685,29.744736000047293],[-98.6461189998862,29.744587000030076],[-98.64618699965825,29.744350999947482],[-98.64624399955964,29.74405400001922]]]},"properties":{"GEOID":"48091","BASENAME":"Comal","STATE":"48","COUNTY":"091","AREALAND":"1449196585","NAME":"Comal"}}]}